page_id,image_path,section_id,section_name,source_type,content_type,is_index,confidence,secondary_types,needs_review
-001,raw/Getrag265:5_Rebuild_ShiftBMW/001.jpg,,,unknown,procedure,False,0.9,"[""specification""]",False
-002,raw/Getrag265:5_Rebuild_ShiftBMW/002.jpg,,,unknown,procedure,False,0.9,"[""specification""]",False
-003,raw/Getrag265:5_Rebuild_ShiftBMW/003.jpg,,,unknown,procedure,False,0.9,"[""specification""]",False
-004,raw/Getrag265:5_Rebuild_ShiftBMW/004.jpg,,,unknown,specification,False,0.9,"[""procedure""]",False
-005,raw/Getrag265:5_Rebuild_ShiftBMW/005.jpg,,,unknown,procedure,False,0.9,"[""specification""]",False
-006,raw/Getrag265:5_Rebuild_ShiftBMW/006.jpg,,,unknown,procedure,False,0.95,"[""specification""]",False
-007,raw/Getrag265:5_Rebuild_ShiftBMW/007.jpg,,,unknown,procedure,False,0.9,"[""specification""]",False
-008,raw/Getrag265:5_Rebuild_ShiftBMW/008.jpg,,,unknown,diagram,False,0.9,"[""specification""]",False
-009,raw/Getrag265:5_Rebuild_ShiftBMW/009.jpg,,,unknown,procedure,False,0.9,"[""specification""]",False
-010,raw/Getrag265:5_Rebuild_ShiftBMW/010.jpg,,,unknown,procedure,False,0.9,"[""specification""]",False
-011,raw/Getrag265:5_Rebuild_ShiftBMW/011.jpg,,,unknown,diagram,False,0.9,"[""specification""]",False
-012,raw/Getrag265:5_Rebuild_ShiftBMW/012.jpg,,,unknown,procedure,False,0.9,"[""specification""]",False
-013,raw/Getrag265:5_Rebuild_ShiftBMW/013.jpg,,,unknown,procedure,False,0.9,"[""specification""]",False
-014,raw/Getrag265:5_Rebuild_ShiftBMW/014.jpg,,,unknown,procedure,False,0.9,"[""specification""]",False
-015,raw/Getrag265:5_Rebuild_ShiftBMW/015.jpg,,,unknown,procedure,False,0.9,"[""specification""]",False
-016,raw/Getrag265:5_Rebuild_ShiftBMW/016.jpg,,,unknown,specification,False,0.8,"[""diagram""]",False
-017,raw/Getrag265:5_Rebuild_ShiftBMW/017.jpg,,,unknown,procedure,False,0.9,"[""specification""]",False
-018,raw/Getrag265:5_Rebuild_ShiftBMW/018.jpg,,,unknown,specification,False,0.9,"[""diagram""]",False
-019,raw/Getrag265:5_Rebuild_ShiftBMW/019.jpg,,,unknown,specification,False,0.85,"[""diagram""]",False
-020,raw/Getrag265:5_Rebuild_ShiftBMW/020.jpg,,,unknown,text,False,0.8,"[""diagram"", ""specification""]",False
-021,raw/Getrag265:5_Rebuild_ShiftBMW/021.jpg,,,unknown,specification,False,0.9,"[""procedure""]",False
-022,raw/Getrag265:5_Rebuild_ShiftBMW/022.jpg,,,unknown,procedure,False,0.9,"[""specification""]",False
-023,raw/Getrag265:5_Rebuild_ShiftBMW/023.jpg,,,unknown,procedure,False,0.9,"[""specification""]",False
-024,raw/Getrag265:5_Rebuild_ShiftBMW/024.jpg,,,unknown,specification,False,0.8,"[""diagram""]",False
-025,raw/Getrag265:5_Rebuild_ShiftBMW/025.jpg,,,unknown,text,False,0.9,[],False
-m,raw/m.png,,,unknown,diagram,False,0.9,[],False
00-00-index-a_maintena,raw/00 - Maintenance/00-00-index-a.jpg,00,Maintenance,service_manual,index,True,0.95,[],False
00-00-intro-01_maintena,raw/00 - Maintenance/00-00-intro-01.jpg,00,Maintenance,service_manual,text,False,0.9,"[""index""]",False
00-00-intro-02_maintena,raw/00 - Maintenance/00-00-intro-02.jpg,00,Maintenance,service_manual,procedure,False,0.9,"[""specification""]",False
00-00-intro-03_maintena,raw/00 - Maintenance/00-00-intro-03.jpg,00,Maintenance,service_manual,procedure,False,0.9,"[""specification""]",False
00-00-intro-04_maintena,raw/00 - Maintenance/00-00-intro-04.jpg,00,Maintenance,service_manual,text,False,0.9,[],False
00-01_maintena,raw/00 - Maintenance/00-01.jpg,00,Maintenance,service_manual,procedure,False,0.9,"[""specification""]",False
00-01_torque-s,raw/00 - Torque Specs/00-01.jpg,00,Torque Specs,service_manual,specification,False,0.9,"[""procedure""]",False
00-02_maintena,raw/00 - Maintenance/00-02.jpg,00,Maintenance,service_manual,procedure,False,0.9,"[""specification""]",False
00-02_torque-s,raw/00 - Torque Specs/00-02.jpg,00,Torque Specs,service_manual,specification,False,0.9,[],False
00-03_maintena,raw/00 - Maintenance/00-03.jpg,00,Maintenance,service_manual,procedure,False,0.9,"[""specification""]",False
00-03_torque-s,raw/00 - Torque Specs/00-03.jpg,00,Torque Specs,service_manual,specification,False,0.9,[],False
00-04_maintena,raw/00 - Maintenance/00-04.jpg,00,Maintenance,service_manual,procedure,False,0.95,"[""specification""]",False
00-04_torque-s,raw/00 - Torque Specs/00-04.jpg,00,Torque Specs,service_manual,specification,False,0.95,[],False
00-05_maintena,raw/00 - Maintenance/00-05.jpg,00,Maintenance,service_manual,procedure,False,0.9,"[""specification""]",False
00-05_torque-s,raw/00 - Torque Specs/00-05.jpg,00,Torque Specs,service_manual,specification,False,0.9,[],False
00-06_maintena,raw/00 - Maintenance/00-06.jpg,00,Maintenance,service_manual,procedure,False,0.95,"[""specification""]",False
00-06_torque-s,raw/00 - Torque Specs/00-06.jpg,00,Torque Specs,service_manual,specification,False,0.9,[],False
00-07_maintena,raw/00 - Maintenance/00-07.jpg,00,Maintenance,service_manual,procedure,False,0.9,"[""specification""]",False
00-07_torque-s,raw/00 - Torque Specs/00-07.jpg,00,Torque Specs,service_manual,specification,False,0.95,[],False
00-08_maintena,raw/00 - Maintenance/00-08.jpg,00,Maintenance,service_manual,procedure,False,0.9,"[""specification""]",False
00-08_torque-s,raw/00 - Torque Specs/00-08.jpg,00,Torque Specs,service_manual,specification,False,0.9,[],False
00-09_maintena,raw/00 - Maintenance/00-09.jpg,00,Maintenance,service_manual,procedure,False,0.9,"[""specification""]",False
00-09_torque-s,raw/00 - Torque Specs/00-09.jpg,00,Torque Specs,service_manual,specification,False,0.95,[],False
00-10_maintena,raw/00 - Maintenance/00-10.jpg,00,Maintenance,service_manual,procedure,False,0.9,"[""specification""]",False
00-11_maintena,raw/00 - Maintenance/00-11.jpg,00,Maintenance,service_manual,procedure,False,0.9,"[""specification""]",False
00-12_maintena,raw/00 - Maintenance/00-12.jpg,00,Maintenance,service_manual,procedure,False,0.9,"[""specification""]",False
00-13_maintena,raw/00 - Maintenance/00-13.jpg,00,Maintenance,service_manual,procedure,False,0.9,"[""specification""]",False
00-14_maintena,raw/00 - Maintenance/00-14.jpg,00,Maintenance,service_manual,specification,False,0.85,"[""procedure""]",False
00-15_maintena,raw/00 - Maintenance/00-15.jpg,00,Maintenance,service_manual,procedure,False,0.9,"[""specification""]",False
00-16_maintena,raw/00 - Maintenance/00-16.jpg,00,Maintenance,service_manual,procedure,False,0.9,"[""specification""]",False
00-17_maintena,raw/00 - Maintenance/00-17.jpg,00,Maintenance,service_manual,procedure,False,0.95,"[""specification""]",False
00-18_maintena,raw/00 - Maintenance/00-18.jpg,00,Maintenance,service_manual,procedure,False,0.9,"[""specification""]",False
00-torque-specs-001,raw/00 - Torque Specs/BMW_Torque_Specs/001.jpg,00,Torque Specs,service_manual,specification,False,0.9,[],False
00-torque-specs-002,raw/00 - Torque Specs/BMW_Torque_Specs/002.jpg,00,Torque Specs,service_manual,specification,False,0.9,"[""text""]",False
00-torque-specs-003,raw/00 - Torque Specs/BMW_Torque_Specs/003.jpg,00,Torque Specs,service_manual,specification,False,0.95,[],False
00-torque-specs-004,raw/00 - Torque Specs/BMW_Torque_Specs/004.jpg,00,Torque Specs,service_manual,specification,False,0.9,[],False
00-torque-specs-005,raw/00 - Torque Specs/BMW_Torque_Specs/005.jpg,00,Torque Specs,service_manual,specification,False,0.9,[],False
00-torque-specs-006,raw/00 - Torque Specs/BMW_Torque_Specs/006.jpg,00,Torque Specs,service_manual,specification,False,0.9,[],False
00-torque-specs-007,raw/00 - Torque Specs/BMW_Torque_Specs/007.jpg,00,Torque Specs,service_manual,specification,False,0.9,[],False
00-torque-specs-008,raw/00 - Torque Specs/BMW_Torque_Specs/008.jpg,00,Torque Specs,service_manual,specification,False,0.9,[],False
00-torque-specs-009,raw/00 - Torque Specs/BMW_Torque_Specs/009.jpg,00,Torque Specs,service_manual,specification,False,0.9,"[""procedure""]",False
00-torque-specs-010,raw/00 - Torque Specs/BMW_Torque_Specs/010.jpg,00,Torque Specs,service_manual,specification,False,0.9,[],False
00-torque-specs-011,raw/00 - Torque Specs/BMW_Torque_Specs/011.jpg,00,Torque Specs,service_manual,specification,False,0.95,"[""procedure""]",False
00-torque-specs-012,raw/00 - Torque Specs/BMW_Torque_Specs/012.jpg,00,Torque Specs,service_manual,specification,False,0.9,"[""procedure""]",False
00-torque-specs-013,raw/00 - Torque Specs/BMW_Torque_Specs/013.jpg,00,Torque Specs,service_manual,specification,False,0.9,"[""procedure""]",False
00-torque-specs-014,raw/00 - Torque Specs/BMW_Torque_Specs/014.jpg,00,Torque Specs,service_manual,specification,False,0.9,"[""procedure""]",False
00-torque-specs-015,raw/00 - Torque Specs/BMW_Torque_Specs/015.jpg,00,Torque Specs,service_manual,specification,False,0.9,"[""procedure""]",False
00-torque-specs-016,raw/00 - Torque Specs/BMW_Torque_Specs/016.jpg,00,Torque Specs,service_manual,specification,False,0.9,"[""procedure""]",False
00-torque-specs-017,raw/00 - Torque Specs/BMW_Torque_Specs/017.jpg,00,Torque Specs,service_manual,specification,False,0.9,"[""text""]",False
00-torque-specs-018,raw/00 - Torque Specs/BMW_Torque_Specs/018.jpg,00,Torque Specs,service_manual,specification,False,0.9,"[""procedure""]",False
00-torque-specs-019,raw/00 - Torque Specs/BMW_Torque_Specs/019.jpg,00,Torque Specs,service_manual,specification,False,0.9,"[""procedure""]",False
00-torque-specs-020,raw/00 - Torque Specs/BMW_Torque_Specs/020.jpg,00,Torque Specs,service_manual,specification,False,0.9,"[""procedure""]",False
00-torque-specs-021,raw/00 - Torque Specs/BMW_Torque_Specs/021.jpg,00,Torque Specs,service_manual,specification,False,0.9,"[""text""]",False
00-torque-specs-022,raw/00 - Torque Specs/BMW_Torque_Specs/022.jpg,00,Torque Specs,service_manual,specification,False,0.9,[],False
00-torque-specs-023,raw/00 - Torque Specs/BMW_Torque_Specs/023.jpg,00,Torque Specs,service_manual,specification,False,0.9,"[""procedure""]",False
00-torque-specs-024,raw/00 - Torque Specs/BMW_Torque_Specs/024.jpg,00,Torque Specs,service_manual,specification,False,0.9,"[""procedure""]",False
00-torque-specs-025,raw/00 - Torque Specs/BMW_Torque_Specs/025.jpg,00,Torque Specs,service_manual,specification,False,0.9,"[""procedure""]",False
00-torque-specs-026,raw/00 - Torque Specs/BMW_Torque_Specs/026.jpg,00,Torque Specs,service_manual,specification,False,0.95,[],False
00-torque-specs-027,raw/00 - Torque Specs/BMW_Torque_Specs/027.jpg,00,Torque Specs,service_manual,specification,False,0.95,"[""procedure""]",False
00-torque-specs-028,raw/00 - Torque Specs/BMW_Torque_Specs/028.jpg,00,Torque Specs,service_manual,specification,False,0.9,"[""procedure""]",False
00-torque-specs-029,raw/00 - Torque Specs/BMW_Torque_Specs/029.jpg,00,Torque Specs,service_manual,specification,False,0.9,[],False
00-torque-specs-030,raw/00 - Torque Specs/BMW_Torque_Specs/030.jpg,00,Torque Specs,service_manual,specification,False,0.9,"[""procedure""]",False
00-torque-specs-031,raw/00 - Torque Specs/BMW_Torque_Specs/031.jpg,00,Torque Specs,service_manual,specification,False,0.9,"[""procedure""]",False
00-torque-specs-032,raw/00 - Torque Specs/BMW_Torque_Specs/032.jpg,00,Torque Specs,service_manual,specification,False,0.95,[],False
00-torque-specs-033,raw/00 - Torque Specs/BMW_Torque_Specs/033.jpg,00,Torque Specs,service_manual,specification,False,0.9,[],False
00-torque-specs-034,raw/00 - Torque Specs/BMW_Torque_Specs/034.jpg,00,Torque Specs,service_manual,specification,False,0.9,"[""diagram""]",False
00-torque-specs-035,raw/00 - Torque Specs/BMW_Torque_Specs/035.jpg,00,Torque Specs,service_manual,specification,False,0.9,"[""procedure""]",False
00-torque-specs-036,raw/00 - Torque Specs/BMW_Torque_Specs/036.jpg,00,Torque Specs,service_manual,specification,False,0.9,[],False
00-torque-specs-037,raw/00 - Torque Specs/BMW_Torque_Specs/037.jpg,00,Torque Specs,service_manual,specification,False,0.9,"[""procedure""]",False
00-torque-specs-038,raw/00 - Torque Specs/BMW_Torque_Specs/038.jpg,00,Torque Specs,service_manual,specification,False,0.9,"[""text""]",False
00-torque-specs-039,raw/00 - Torque Specs/BMW_Torque_Specs/039.jpg,00,Torque Specs,service_manual,specification,False,0.9,"[""procedure""]",False
00-torque-specs-040,raw/00 - Torque Specs/BMW_Torque_Specs/040.jpg,00,Torque Specs,service_manual,specification,False,0.9,[],False
00-torque-specs-041,raw/00 - Torque Specs/BMW_Torque_Specs/041.jpg,00,Torque Specs,service_manual,specification,False,0.9,[],False
00-torque-specs-042,raw/00 - Torque Specs/BMW_Torque_Specs/042.jpg,00,Torque Specs,service_manual,specification,False,0.9,"[""procedure""]",False
00-torque-specs-043,raw/00 - Torque Specs/BMW_Torque_Specs/043.jpg,00,Torque Specs,service_manual,specification,False,0.9,[],False
00-torque-specs-044,raw/00 - Torque Specs/BMW_Torque_Specs/044.jpg,00,Torque Specs,service_manual,specification,False,0.9,[],False
00-torque-specs-045,raw/00 - Torque Specs/BMW_Torque_Specs/045.jpg,00,Torque Specs,service_manual,specification,False,0.9,"[""procedure""]",False
00-torque-specs-046,raw/00 - Torque Specs/BMW_Torque_Specs/046.jpg,00,Torque Specs,service_manual,specification,False,0.9,"[""procedure""]",False
00-torque-specs-047,raw/00 - Torque Specs/BMW_Torque_Specs/047.jpg,00,Torque Specs,service_manual,specification,False,0.9,"[""procedure""]",False
00-torque-specs-048,raw/00 - Torque Specs/BMW_Torque_Specs/048.jpg,00,Torque Specs,service_manual,specification,False,0.9,[],False
00-torque-specs-049,raw/00 - Torque Specs/BMW_Torque_Specs/049.jpg,00,Torque Specs,service_manual,specification,False,0.9,[],False
00-torque-specs-050,raw/00 - Torque Specs/BMW_Torque_Specs/050.jpg,00,Torque Specs,service_manual,specification,False,0.9,"[""procedure""]",False
00-torque-specs-051,raw/00 - Torque Specs/BMW_Torque_Specs/051.jpg,00,Torque Specs,service_manual,specification,False,0.9,[],False
00-torque-specs-052,raw/00 - Torque Specs/BMW_Torque_Specs/052.jpg,00,Torque Specs,service_manual,specification,False,0.9,[],False
00-torque-specs-053,raw/00 - Torque Specs/BMW_Torque_Specs/053.jpg,00,Torque Specs,service_manual,specification,False,0.9,"[""pinout""]",False
00-torque-specs-054,raw/00 - Torque Specs/BMW_Torque_Specs/054.jpg,00,Torque Specs,service_manual,specification,False,0.95,"[""wiring"", ""pinout""]",False
00-torque-specs-055,raw/00 - Torque Specs/BMW_Torque_Specs/055.jpg,00,Torque Specs,service_manual,specification,False,0.9,[],False
00-torque-specs-056,raw/00 - Torque Specs/BMW_Torque_Specs/056.jpg,00,Torque Specs,service_manual,specification,False,0.9,[],False
00-torque-specs-057,raw/00 - Torque Specs/BMW_Torque_Specs/057.jpg,00,Torque Specs,service_manual,specification,False,0.9,[],False
00-torque-specs-058,raw/00 - Torque Specs/BMW_Torque_Specs/058.jpg,00,Torque Specs,service_manual,specification,False,0.95,[],False
00-torque-specs-059,raw/00 - Torque Specs/BMW_Torque_Specs/059.jpg,00,Torque Specs,service_manual,specification,False,0.9,[],False
00-torque-specs-060,raw/00 - Torque Specs/BMW_Torque_Specs/060.jpg,00,Torque Specs,service_manual,specification,False,0.9,"[""wiring""]",False
00-torque-specs-061,raw/00 - Torque Specs/BMW_Torque_Specs/061.jpg,00,Torque Specs,service_manual,specification,False,0.9,[],False
00-torque-specs-062,raw/00 - Torque Specs/BMW_Torque_Specs/062.jpg,00,Torque Specs,service_manual,specification,False,0.9,"[""wiring""]",False
00-torque-specs-063,raw/00 - Torque Specs/BMW_Torque_Specs/063.jpg,00,Torque Specs,service_manual,specification,False,0.8,"[""wiring"", ""pinout""]",False
00-torque-specs-064,raw/00 - Torque Specs/BMW_Torque_Specs/064.jpg,00,Torque Specs,service_manual,specification,False,0.9,[],False
00-torque-specs-065,raw/00 - Torque Specs/BMW_Torque_Specs/065.jpg,00,Torque Specs,service_manual,specification,False,0.9,"[""wiring""]",False
00-torque-specs-066,raw/00 - Torque Specs/BMW_Torque_Specs/066.jpg,00,Torque Specs,service_manual,specification,False,0.9,[],False
00-torque-specs-067,raw/00 - Torque Specs/BMW_Torque_Specs/067.jpg,00,Torque Specs,service_manual,specification,False,0.9,[],False
00-torque-specs-068,raw/00 - Torque Specs/BMW_Torque_Specs/068.jpg,00,Torque Specs,service_manual,specification,False,0.9,"[""procedure""]",False
00-torque-specs-069,raw/00 - Torque Specs/BMW_Torque_Specs/069.jpg,00,Torque Specs,service_manual,specification,False,0.9,"[""text""]",False
00-torque-specs-070,raw/00 - Torque Specs/BMW_Torque_Specs/070.jpg,00,Torque Specs,service_manual,specification,False,0.9,[],False
00-torque-specs-071,raw/00 - Torque Specs/BMW_Torque_Specs/071.jpg,00,Torque Specs,service_manual,specification,False,0.9,"[""diagram""]",False
00-torque-specs-072,raw/00 - Torque Specs/BMW_Torque_Specs/072.jpg,00,Torque Specs,service_manual,specification,False,0.9,"[""procedure""]",False
00-torque-specs-073,raw/00 - Torque Specs/BMW_Torque_Specs/073.jpg,00,Torque Specs,service_manual,specification,False,0.9,"[""procedure""]",False
00-torque-specs-074,raw/00 - Torque Specs/BMW_Torque_Specs/074.jpg,00,Torque Specs,service_manual,specification,False,0.9,"[""wiring""]",False
00-torque-specs-075,raw/00 - Torque Specs/BMW_Torque_Specs/075.jpg,00,Torque Specs,service_manual,specification,False,0.9,[],False
00-torque-specs-076,raw/00 - Torque Specs/BMW_Torque_Specs/076.jpg,00,Torque Specs,service_manual,specification,False,0.95,[],False
00-torque-specs-077,raw/00 - Torque Specs/BMW_Torque_Specs/077.jpg,00,Torque Specs,service_manual,specification,False,0.9,[],False
00-torque-specs-078,raw/00 - Torque Specs/BMW_Torque_Specs/078.jpg,00,Torque Specs,service_manual,specification,False,0.8,"[""procedure""]",False
00-torque-specs-079,raw/00 - Torque Specs/BMW_Torque_Specs/079.jpg,00,Torque Specs,service_manual,specification,False,0.9,"[""text""]",False
00-torque-specs-080,raw/00 - Torque Specs/BMW_Torque_Specs/080.jpg,00,Torque Specs,service_manual,specification,False,0.95,[],False
00-torque-specs-081,raw/00 - Torque Specs/BMW_Torque_Specs/081.jpg,00,Torque Specs,service_manual,specification,False,0.9,"[""index""]",False
00-torque-specs-082,raw/00 - Torque Specs/BMW_Torque_Specs/082.jpg,00,Torque Specs,service_manual,specification,False,0.9,"[""procedure""]",False
00-torque-specs-083,raw/00 - Torque Specs/BMW_Torque_Specs/083.jpg,00,Torque Specs,service_manual,specification,False,0.8,[],False
00-torque-specs-084,raw/00 - Torque Specs/BMW_Torque_Specs/084.jpg,00,Torque Specs,service_manual,specification,False,0.9,"[""procedure""]",False
00-torque-specs-085,raw/00 - Torque Specs/BMW_Torque_Specs/085.jpg,00,Torque Specs,service_manual,specification,False,0.9,[],False
00-torque-specs-086,raw/00 - Torque Specs/BMW_Torque_Specs/086.jpg,00,Torque Specs,service_manual,specification,False,0.9,"[""procedure""]",False
00-torque-specs-087,raw/00 - Torque Specs/BMW_Torque_Specs/087.jpg,00,Torque Specs,service_manual,specification,False,0.9,"[""procedure""]",False
00-torque-specs-088,raw/00 - Torque Specs/BMW_Torque_Specs/088.jpg,00,Torque Specs,service_manual,specification,False,0.9,"[""text""]",False
00-torque-specs-089,raw/00 - Torque Specs/BMW_Torque_Specs/089.jpg,00,Torque Specs,service_manual,specification,False,0.9,"[""procedure""]",False
00-torque-specs-090,raw/00 - Torque Specs/BMW_Torque_Specs/090.jpg,00,Torque Specs,service_manual,specification,False,0.85,"[""procedure""]",False
00-torque-specs-091,raw/00 - Torque Specs/BMW_Torque_Specs/091.jpg,00,Torque Specs,service_manual,specification,False,0.9,"[""procedure""]",False
00-torque-specs-092,raw/00 - Torque Specs/BMW_Torque_Specs/092.jpg,00,Torque Specs,service_manual,specification,False,0.9,"[""procedure""]",False
00-torque-specs-093,raw/00 - Torque Specs/BMW_Torque_Specs/093.jpg,00,Torque Specs,service_manual,specification,False,0.9,[],False
00-torque-specs-094,raw/00 - Torque Specs/BMW_Torque_Specs/094.jpg,00,Torque Specs,service_manual,specification,False,0.95,[],False
00-torque-specs-095,raw/00 - Torque Specs/BMW_Torque_Specs/095.jpg,00,Torque Specs,service_manual,specification,False,0.9,"[""procedure""]",False
00-torque-specs-096,raw/00 - Torque Specs/BMW_Torque_Specs/096.jpg,00,Torque Specs,service_manual,specification,False,0.95,"[""procedure""]",False
00-torque-specs-097,raw/00 - Torque Specs/BMW_Torque_Specs/097.jpg,00,Torque Specs,service_manual,specification,False,0.9,"[""procedure""]",False
00-torque-specs-098,raw/00 - Torque Specs/BMW_Torque_Specs/098.jpg,00,Torque Specs,service_manual,specification,False,0.9,"[""procedure""]",False
00-torque-specs-099,raw/00 - Torque Specs/BMW_Torque_Specs/099.jpg,00,Torque Specs,service_manual,specification,False,0.9,"[""procedure""]",False
00-torque-specs-100,raw/00 - Torque Specs/BMW_Torque_Specs/100.jpg,00,Torque Specs,service_manual,specification,False,0.9,"[""procedure""]",False
00-torque-specs-101,raw/00 - Torque Specs/BMW_Torque_Specs/101.jpg,00,Torque Specs,service_manual,specification,False,0.9,[],False
00-torque-specs-102,raw/00 - Torque Specs/BMW_Torque_Specs/102.jpg,00,Torque Specs,service_manual,specification,False,0.95,[],False
00-torque-specs-103,raw/00 - Torque Specs/BMW_Torque_Specs/103.jpg,00,Torque Specs,service_manual,specification,False,0.95,[],False
00-torque-specs-104,raw/00 - Torque Specs/BMW_Torque_Specs/104.jpg,00,Torque Specs,service_manual,specification,False,0.9,"[""procedure""]",False
00-torque-specs-105,raw/00 - Torque Specs/BMW_Torque_Specs/105.jpg,00,Torque Specs,service_manual,specification,False,0.9,"[""text""]",False
00-torque-specs-106,raw/00 - Torque Specs/BMW_Torque_Specs/106.jpg,00,Torque Specs,service_manual,specification,False,0.9,"[""procedure""]",False
00-torque-specs-107,raw/00 - Torque Specs/BMW_Torque_Specs/107.jpg,00,Torque Specs,service_manual,specification,False,0.9,[],False
00-torque-specs-108,raw/00 - Torque Specs/BMW_Torque_Specs/108.jpg,00,Torque Specs,service_manual,specification,False,0.95,[],False
00-torque-specs-109,raw/00 - Torque Specs/BMW_Torque_Specs/109.jpg,00,Torque Specs,service_manual,specification,False,0.9,[],False
00-torque-specs-11-01,raw/00 - Torque Specs/11-01.jpg,00,Torque Specs,service_manual,specification,False,0.9,"[""procedure""]",False
00-torque-specs-11-02,raw/00 - Torque Specs/11-02.jpg,00,Torque Specs,service_manual,specification,False,0.9,"[""procedure""]",False
00-torque-specs-11-04,raw/00 - Torque Specs/11-04.jpg,00,Torque Specs,service_manual,specification,False,0.9,"[""procedure""]",False
00-torque-specs-11-05,raw/00 - Torque Specs/11-05.jpg,00,Torque Specs,service_manual,specification,False,0.9,"[""procedure""]",False
00-torque-specs-11-06,raw/00 - Torque Specs/11-06.jpg,00,Torque Specs,service_manual,specification,False,0.95,"[""procedure""]",False
00-torque-specs-11-07,raw/00 - Torque Specs/11-07.jpg,00,Torque Specs,service_manual,specification,False,0.9,[],False
00-torque-specs-11-08,raw/00 - Torque Specs/11-08.jpg,00,Torque Specs,service_manual,specification,False,0.9,"[""procedure""]",False
00-torque-specs-11-09,raw/00 - Torque Specs/11-09.jpg,00,Torque Specs,service_manual,specification,False,0.9,"[""procedure""]",False
00-torque-specs-11-10,raw/00 - Torque Specs/11-10.jpg,00,Torque Specs,service_manual,specification,False,0.95,"[""procedure""]",False
00-torque-specs-11-11,raw/00 - Torque Specs/11-11.jpg,00,Torque Specs,service_manual,specification,False,0.95,[],False
00-torque-specs-11-12,raw/00 - Torque Specs/11-12.jpg,00,Torque Specs,service_manual,specification,False,0.95,[],False
00-torque-specs-11-13,raw/00 - Torque Specs/11-13.jpg,00,Torque Specs,service_manual,specification,False,0.9,[],False
00-torque-specs-11-14,raw/00 - Torque Specs/11-14.jpg,00,Torque Specs,service_manual,specification,False,0.9,"[""procedure""]",False
00-torque-specs-11-15,raw/00 - Torque Specs/11-15.jpg,00,Torque Specs,service_manual,specification,False,0.9,"[""procedure""]",False
00-torque-specs-11-16,raw/00 - Torque Specs/11-16.jpg,00,Torque Specs,service_manual,specification,False,0.9,"[""procedure""]",False
00-torque-specs-11-17,raw/00 - Torque Specs/11-17.jpg,00,Torque Specs,service_manual,specification,False,0.95,[],False
00-torque-specs-11-18,raw/00 - Torque Specs/11-18.jpg,00,Torque Specs,service_manual,specification,False,0.9,[],False
00-torque-specs-11-19,raw/00 - Torque Specs/11-19.jpg,00,Torque Specs,service_manual,specification,False,0.9,"[""procedure""]",False
00-torque-specs-11-20,raw/00 - Torque Specs/11-20.jpg,00,Torque Specs,service_manual,specification,False,0.9,"[""procedure""]",False
00-torque-specs-11-21,raw/00 - Torque Specs/11-21.jpg,00,Torque Specs,service_manual,specification,False,0.95,"[""procedure""]",False
00-torque-specs-11-22,raw/00 - Torque Specs/11-22.jpg,00,Torque Specs,service_manual,specification,False,0.9,"[""procedure""]",False
00-torque-specs-11-23,raw/00 - Torque Specs/11-23.jpg,00,Torque Specs,service_manual,specification,False,0.95,[],False
00-torque-specs-11-24,raw/00 - Torque Specs/11-24.jpg,00,Torque Specs,service_manual,specification,False,0.95,[],False
00-torque-specs-11-25,raw/00 - Torque Specs/11-25.jpg,00,Torque Specs,service_manual,specification,False,0.95,"[""procedure""]",False
00-torque-specs-11-26,raw/00 - Torque Specs/11-26.jpg,00,Torque Specs,service_manual,specification,False,0.95,[],False
00-torque-specs-11-27,raw/00 - Torque Specs/11-27.jpg,00,Torque Specs,service_manual,specification,False,0.9,[],False
00-torque-specs-11-28,raw/00 - Torque Specs/11-28.jpg,00,Torque Specs,service_manual,specification,False,0.95,"[""procedure""]",False
00-torque-specs-11-29,raw/00 - Torque Specs/11-29.jpg,00,Torque Specs,service_manual,specification,False,0.9,"[""procedure""]",False
00-torque-specs-11-30,raw/00 - Torque Specs/11-30.jpg,00,Torque Specs,service_manual,specification,False,0.9,[],False
00-torque-specs-11-31,raw/00 - Torque Specs/11-31.jpg,00,Torque Specs,service_manual,specification,False,0.9,[],False
00-torque-specs-11-32,raw/00 - Torque Specs/11-32.jpg,00,Torque Specs,service_manual,specification,False,0.9,[],False
00-torque-specs-11-33,raw/00 - Torque Specs/11-33.jpg,00,Torque Specs,service_manual,specification,False,0.9,[],False
00-torque-specs-11-34,raw/00 - Torque Specs/11-34.jpg,00,Torque Specs,service_manual,specification,False,0.9,[],False
00-torque-specs-11-35,raw/00 - Torque Specs/11-35.jpg,00,Torque Specs,service_manual,specification,False,0.9,"[""procedure""]",False
00-torque-specs-11-36,raw/00 - Torque Specs/11-36.jpg,00,Torque Specs,service_manual,specification,False,0.9,[],False
00-torque-specs-11-37,raw/00 - Torque Specs/11-37.jpg,00,Torque Specs,service_manual,specification,False,0.9,[],False
00-torque-specs-11-38,raw/00 - Torque Specs/11-38.jpg,00,Torque Specs,service_manual,specification,False,0.9,[],False
00-torque-specs-11-39,raw/00 - Torque Specs/11-39.jpg,00,Torque Specs,service_manual,specification,False,0.9,[],False
00-torque-specs-11-40,raw/00 - Torque Specs/11-40.jpg,00,Torque Specs,service_manual,specification,False,0.9,[],False
00-torque-specs-110,raw/00 - Torque Specs/BMW_Torque_Specs/110.jpg,00,Torque Specs,service_manual,specification,False,0.9,"[""procedure""]",False
00-torque-specs-111,raw/00 - Torque Specs/BMW_Torque_Specs/111.jpg,00,Torque Specs,service_manual,specification,False,0.9,"[""procedure""]",False
00-torque-specs-112,raw/00 - Torque Specs/BMW_Torque_Specs/112.jpg,00,Torque Specs,service_manual,specification,False,0.9,"[""procedure""]",False
00-torque-specs-113,raw/00 - Torque Specs/BMW_Torque_Specs/113.jpg,00,Torque Specs,service_manual,specification,False,0.9,"[""procedure""]",False
00-torque-specs-114,raw/00 - Torque Specs/BMW_Torque_Specs/114.jpg,00,Torque Specs,service_manual,specification,False,0.9,"[""procedure""]",False
00-torque-specs-115,raw/00 - Torque Specs/BMW_Torque_Specs/115.jpg,00,Torque Specs,service_manual,specification,False,0.9,"[""wiring""]",False
00-torque-specs-116,raw/00 - Torque Specs/BMW_Torque_Specs/116.jpg,00,Torque Specs,service_manual,specification,False,0.9,"[""procedure""]",False
00-torque-specs-117,raw/00 - Torque Specs/BMW_Torque_Specs/117.jpg,00,Torque Specs,service_manual,specification,False,0.85,"[""procedure""]",False
00-torque-specs-118,raw/00 - Torque Specs/BMW_Torque_Specs/118.jpg,00,Torque Specs,service_manual,specification,False,0.95,"[""procedure""]",False
00-torque-specs-119,raw/00 - Torque Specs/BMW_Torque_Specs/119.jpg,00,Torque Specs,service_manual,specification,False,0.9,"[""procedure""]",False
00-torque-specs-12-01,raw/00 - Torque Specs/12-01.jpg,00,Torque Specs,service_manual,specification,False,0.9,"[""wiring""]",False
00-torque-specs-12-02,raw/00 - Torque Specs/12-02.jpg,00,Torque Specs,service_manual,specification,False,0.9,[],False
00-torque-specs-12-03,raw/00 - Torque Specs/12-03.jpg,00,Torque Specs,service_manual,specification,False,0.9,"[""pinout""]",False
00-torque-specs-12-04,raw/00 - Torque Specs/12-04.jpg,00,Torque Specs,service_manual,specification,False,0.9,"[""wiring""]",False
00-torque-specs-12-05,raw/00 - Torque Specs/12-05.jpg,00,Torque Specs,service_manual,specification,False,0.95,"[""wiring""]",False
00-torque-specs-12-06,raw/00 - Torque Specs/12-06.jpg,00,Torque Specs,service_manual,specification,False,0.9,[],False
00-torque-specs-12-07,raw/00 - Torque Specs/12-07.jpg,00,Torque Specs,service_manual,specification,False,0.9,"[""procedure""]",False
00-torque-specs-12-08,raw/00 - Torque Specs/12-08.jpg,00,Torque Specs,service_manual,specification,False,0.95,[],False
00-torque-specs-12-09,raw/00 - Torque Specs/12-09.jpg,00,Torque Specs,service_manual,specification,False,0.95,[],False
00-torque-specs-12-10,raw/00 - Torque Specs/12-10.jpg,00,Torque Specs,service_manual,specification,False,0.9,[],False
00-torque-specs-12-11,raw/00 - Torque Specs/12-11.jpg,00,Torque Specs,service_manual,specification,False,0.95,[],False
00-torque-specs-12-12,raw/00 - Torque Specs/12-12.jpg,00,Torque Specs,service_manual,specification,False,0.9,[],False
00-torque-specs-12-13,raw/00 - Torque Specs/12-13.jpg,00,Torque Specs,service_manual,specification,False,0.9,[],False
00-torque-specs-12-14,raw/00 - Torque Specs/12-14.jpg,00,Torque Specs,service_manual,specification,False,0.9,[],False
00-torque-specs-12-15,raw/00 - Torque Specs/12-15.jpg,00,Torque Specs,service_manual,specification,False,0.95,[],False
00-torque-specs-12-16,raw/00 - Torque Specs/12-16.jpg,00,Torque Specs,service_manual,specification,False,0.9,[],False
00-torque-specs-12-17,raw/00 - Torque Specs/12-17.jpg,00,Torque Specs,service_manual,specification,False,0.9,"[""procedure""]",False
00-torque-specs-120,raw/00 - Torque Specs/BMW_Torque_Specs/120.jpg,00,Torque Specs,service_manual,specification,False,0.9,"[""procedure""]",False
00-torque-specs-121,raw/00 - Torque Specs/BMW_Torque_Specs/121.jpg,00,Torque Specs,service_manual,specification,False,0.9,"[""procedure""]",False
00-torque-specs-122,raw/00 - Torque Specs/BMW_Torque_Specs/122.jpg,00,Torque Specs,service_manual,specification,False,0.9,"[""procedure""]",False
00-torque-specs-123,raw/00 - Torque Specs/BMW_Torque_Specs/123.jpg,00,Torque Specs,service_manual,specification,False,0.9,[],False
00-torque-specs-124,raw/00 - Torque Specs/BMW_Torque_Specs/124.jpg,00,Torque Specs,service_manual,specification,False,0.9,"[""procedure""]",False
00-torque-specs-125,raw/00 - Torque Specs/BMW_Torque_Specs/125.jpg,00,Torque Specs,service_manual,specification,False,0.9,"[""procedure""]",False
00-torque-specs-126,raw/00 - Torque Specs/BMW_Torque_Specs/126.jpg,00,Torque Specs,service_manual,specification,False,0.9,[],False
00-torque-specs-127,raw/00 - Torque Specs/BMW_Torque_Specs/127.jpg,00,Torque Specs,service_manual,specification,False,0.9,"[""wiring"", ""pinout""]",False
00-torque-specs-128,raw/00 - Torque Specs/BMW_Torque_Specs/128.jpg,00,Torque Specs,service_manual,specification,False,0.9,"[""text""]",False
00-torque-specs-129,raw/00 - Torque Specs/BMW_Torque_Specs/129.jpg,00,Torque Specs,service_manual,specification,False,0.9,"[""wiring""]",False
00-torque-specs-13-01,raw/00 - Torque Specs/13-01.jpg,00,Torque Specs,service_manual,specification,False,0.9,"[""procedure""]",False
00-torque-specs-13-02,raw/00 - Torque Specs/13-02.jpg,00,Torque Specs,service_manual,specification,False,0.9,[],False
00-torque-specs-13-03,raw/00 - Torque Specs/13-03.jpg,00,Torque Specs,service_manual,specification,False,0.95,"[""procedure""]",False
00-torque-specs-13-04,raw/00 - Torque Specs/13-04.jpg,00,Torque Specs,service_manual,specification,False,0.9,"[""procedure""]",False
00-torque-specs-13-05,raw/00 - Torque Specs/13-05.jpg,00,Torque Specs,service_manual,specification,False,0.9,"[""procedure""]",False
00-torque-specs-13-06,raw/00 - Torque Specs/13-06.jpg,00,Torque Specs,service_manual,specification,False,0.9,"[""procedure""]",False
00-torque-specs-13-07,raw/00 - Torque Specs/13-07.jpg,00,Torque Specs,service_manual,specification,False,0.8,"[""procedure""]",False
00-torque-specs-13-08,raw/00 - Torque Specs/13-08.jpg,00,Torque Specs,service_manual,specification,False,0.9,"[""text""]",False
00-torque-specs-13-09,raw/00 - Torque Specs/13-09.jpg,00,Torque Specs,service_manual,specification,False,0.9,"[""diagram""]",False
00-torque-specs-13-10,raw/00 - Torque Specs/13-10.jpg,00,Torque Specs,service_manual,specification,False,0.95,[],False
00-torque-specs-13-11,raw/00 - Torque Specs/13-11.jpg,00,Torque Specs,service_manual,specification,False,0.9,[],False
00-torque-specs-13-12,raw/00 - Torque Specs/13-12.jpg,00,Torque Specs,service_manual,specification,False,0.9,[],False
00-torque-specs-13-13,raw/00 - Torque Specs/13-13.jpg,00,Torque Specs,service_manual,specification,False,0.9,[],False
00-torque-specs-130,raw/00 - Torque Specs/BMW_Torque_Specs/130.jpg,00,Torque Specs,service_manual,specification,False,0.9,"[""procedure""]",False
00-torque-specs-131,raw/00 - Torque Specs/BMW_Torque_Specs/131.jpg,00,Torque Specs,service_manual,specification,False,0.9,"[""procedure""]",False
00-torque-specs-132,raw/00 - Torque Specs/BMW_Torque_Specs/132.jpg,00,Torque Specs,service_manual,specification,False,0.85,"[""index""]",False
00-torque-specs-133,raw/00 - Torque Specs/BMW_Torque_Specs/133.jpg,00,Torque Specs,service_manual,specification,False,0.9,[],False
00-torque-specs-134,raw/00 - Torque Specs/BMW_Torque_Specs/134.jpg,00,Torque Specs,service_manual,specification,False,0.9,"[""procedure""]",False
00-torque-specs-135,raw/00 - Torque Specs/BMW_Torque_Specs/135.jpg,00,Torque Specs,service_manual,specification,False,0.9,"[""procedure""]",False
00-torque-specs-136,raw/00 - Torque Specs/BMW_Torque_Specs/136.jpg,00,Torque Specs,service_manual,specification,False,0.95,[],False
00-torque-specs-16-01,raw/00 - Torque Specs/16-01.jpg,00,Torque Specs,service_manual,specification,False,0.9,"[""procedure""]",False
00-torque-specs-16-02,raw/00 - Torque Specs/16-02.jpg,00,Torque Specs,service_manual,specification,False,0.9,"[""procedure""]",False
00-torque-specs-16-03,raw/00 - Torque Specs/16-03.jpg,00,Torque Specs,service_manual,specification,False,0.9,[],False
00-torque-specs-16-04,raw/00 - Torque Specs/16-04.jpg,00,Torque Specs,service_manual,specification,False,0.9,"[""procedure""]",False
00-torque-specs-17-01,raw/00 - Torque Specs/17-01.jpg,00,Torque Specs,service_manual,specification,False,0.9,[],False
00-torque-specs-17-02,raw/00 - Torque Specs/17-02.jpg,00,Torque Specs,service_manual,specification,False,0.95,"[""procedure""]",False
00-torque-specs-17-03,raw/00 - Torque Specs/17-03.jpg,00,Torque Specs,service_manual,specification,False,0.9,"[""procedure""]",False
00-torque-specs-17-04,raw/00 - Torque Specs/17-04.jpg,00,Torque Specs,service_manual,specification,False,0.9,[],False
00-torque-specs-17-05,raw/00 - Torque Specs/17-05.jpg,00,Torque Specs,service_manual,specification,False,0.95,[],False
00-torque-specs-18-01,raw/00 - Torque Specs/18-01.jpg,00,Torque Specs,service_manual,specification,False,0.85,"[""procedure""]",False
00-torque-specs-21-01,raw/00 - Torque Specs/21-01.jpg,00,Torque Specs,service_manual,specification,False,0.95,[],False
00-torque-specs-21-02,raw/00 - Torque Specs/21-02.jpg,00,Torque Specs,service_manual,specification,False,0.95,[],False
00-torque-specs-21-03,raw/00 - Torque Specs/21-03.jpg,00,Torque Specs,service_manual,specification,False,0.9,"[""procedure""]",False
00-torque-specs-23-01,raw/00 - Torque Specs/23-01.jpg,00,Torque Specs,service_manual,specification,False,0.9,[],False
00-torque-specs-23-02,raw/00 - Torque Specs/23-02.jpg,00,Torque Specs,service_manual,specification,False,0.9,[],False
00-torque-specs-23-03,raw/00 - Torque Specs/23-03.jpg,00,Torque Specs,service_manual,specification,False,0.9,"[""procedure""]",False
00-torque-specs-23-04,raw/00 - Torque Specs/23-04.jpg,00,Torque Specs,service_manual,specification,False,0.9,"[""procedure""]",False
00-torque-specs-23-05,raw/00 - Torque Specs/23-05.jpg,00,Torque Specs,service_manual,specification,False,0.9,"[""procedure""]",False
00-torque-specs-23-06,raw/00 - Torque Specs/23-06.jpg,00,Torque Specs,service_manual,specification,False,0.9,"[""procedure""]",False
00-torque-specs-23-07,raw/00 - Torque Specs/23-07.jpg,00,Torque Specs,service_manual,specification,False,0.9,"[""procedure""]",False
00-torque-specs-23-08,raw/00 - Torque Specs/23-08.jpg,00,Torque Specs,service_manual,specification,False,0.9,"[""procedure""]",False
00-torque-specs-23-09,raw/00 - Torque Specs/23-09.jpg,00,Torque Specs,service_manual,specification,False,0.9,"[""procedure""]",False
00-torque-specs-24-01,raw/00 - Torque Specs/24-01.jpg,00,Torque Specs,service_manual,specification,False,0.9,"[""procedure""]",False
00-torque-specs-24-02,raw/00 - Torque Specs/24-02.jpg,00,Torque Specs,service_manual,specification,False,0.9,"[""procedure""]",False
00-torque-specs-24-03,raw/00 - Torque Specs/24-03.jpg,00,Torque Specs,service_manual,specification,False,0.9,[],False
00-torque-specs-24-04,raw/00 - Torque Specs/24-04.jpg,00,Torque Specs,service_manual,specification,False,0.95,[],False
00-torque-specs-24-05,raw/00 - Torque Specs/24-05.jpg,00,Torque Specs,service_manual,specification,False,0.9,"[""procedure""]",False
00-torque-specs-24-06,raw/00 - Torque Specs/24-06.jpg,00,Torque Specs,service_manual,specification,False,0.9,[],False
00-torque-specs-24-07,raw/00 - Torque Specs/24-07.jpg,00,Torque Specs,service_manual,specification,False,0.9,"[""procedure""]",False
00-torque-specs-24-08,raw/00 - Torque Specs/24-08.jpg,00,Torque Specs,service_manual,specification,False,0.9,"[""procedure""]",False
00-torque-specs-24-09,raw/00 - Torque Specs/24-09.jpg,00,Torque Specs,service_manual,specification,False,0.9,[],False
00-torque-specs-24-10,raw/00 - Torque Specs/24-10.jpg,00,Torque Specs,service_manual,specification,False,0.9,"[""procedure""]",False
00-torque-specs-24-11,raw/00 - Torque Specs/24-11.jpg,00,Torque Specs,service_manual,specification,False,0.9,[],False
00-torque-specs-24-12,raw/00 - Torque Specs/24-12.jpg,00,Torque Specs,service_manual,specification,False,0.9,"[""procedure""]",False
00-torque-specs-24-13,raw/00 - Torque Specs/24-13.jpg,00,Torque Specs,service_manual,specification,False,0.9,[],False
00-torque-specs-24-14,raw/00 - Torque Specs/24-14.jpg,00,Torque Specs,service_manual,specification,False,0.95,[],False
00-torque-specs-24-15,raw/00 - Torque Specs/24-15.jpg,00,Torque Specs,service_manual,specification,False,0.9,[],False
00-torque-specs-24-16,raw/00 - Torque Specs/24-16.jpg,00,Torque Specs,service_manual,specification,False,0.9,"[""procedure""]",False
00-torque-specs-24-17,raw/00 - Torque Specs/24-17.jpg,00,Torque Specs,service_manual,specification,False,0.95,[],False
00-torque-specs-25-01,raw/00 - Torque Specs/25-01.jpg,00,Torque Specs,service_manual,specification,False,0.9,"[""procedure""]",False
00-torque-specs-25-02,raw/00 - Torque Specs/25-02.jpg,00,Torque Specs,service_manual,specification,False,0.9,"[""procedure""]",False
00-torque-specs-26-01,raw/00 - Torque Specs/26-01.jpg,00,Torque Specs,service_manual,specification,False,0.9,[],False
00-torque-specs-26-02,raw/00 - Torque Specs/26-02.jpg,00,Torque Specs,service_manual,specification,False,0.9,"[""procedure""]",False
00-torque-specs-27-01,raw/00 - Torque Specs/27-01.jpg,00,Torque Specs,service_manual,specification,False,0.9,[],False
00-torque-specs-27-02,raw/00 - Torque Specs/27-02.jpg,00,Torque Specs,service_manual,specification,False,0.9,"[""procedure""]",False
00-torque-specs-61-01,raw/00 - Torque Specs/61-01.jpg,00,Torque Specs,service_manual,specification,False,0.95,"[""wiring""]",False
00-torque-specs-61-02,raw/00 - Torque Specs/61-02.jpg,00,Torque Specs,service_manual,specification,False,0.9,"[""index""]",False
00-torque-specs-61-03,raw/00 - Torque Specs/61-03.jpg,00,Torque Specs,service_manual,specification,False,0.85,"[""text""]",False
00-torque-specs-61-04,raw/00 - Torque Specs/61-04.jpg,00,Torque Specs,service_manual,specification,False,0.85,"[""wiring""]",False
00-torque-specs-61-05,raw/00 - Torque Specs/61-05.jpg,00,Torque Specs,service_manual,specification,False,0.9,"[""procedure""]",False
00-torque-specs-61-06,raw/00 - Torque Specs/61-06.jpg,00,Torque Specs,service_manual,specification,False,0.9,"[""procedure""]",False
00-torque-specs-61-07,raw/00 - Torque Specs/61-07.jpg,00,Torque Specs,service_manual,specification,False,0.9,[],False
00-torque-specs-62-01,raw/00 - Torque Specs/62-01.jpg,00,Torque Specs,service_manual,specification,False,0.9,[],False
00-torque-specs-71-01,raw/00 - Torque Specs/71-01.jpg,00,Torque Specs,service_manual,specification,False,0.9,"[""procedure""]",False
00-torque-specs-72-01,raw/00 - Torque Specs/72-01.jpg,00,Torque Specs,service_manual,specification,False,0.9,"[""procedure""]",False
00-torque-specs-72-02,raw/00 - Torque Specs/72-02.jpg,00,Torque Specs,service_manual,specification,False,0.95,[],False
11-00-index-a_engine,raw/11 - Engine/11-00-index-a.jpg,11,Engine,service_manual,index,True,0.95,[],False
11-00-index-b_engine,raw/11 - Engine/11-00-index-b.jpg,11,Engine,service_manual,index,True,0.95,[],False
11-00-index-c_engine,raw/11 - Engine/11-00-index-c.jpg,11,Engine,service_manual,index,True,0.95,[],False
11-100_engine,raw/11 - Engine/11-100.jpg,11,Engine,service_manual,diagram,False,0.9,"[""specification""]",False
11-101_engine,raw/11 - Engine/11-101.jpg,11,Engine,service_manual,procedure,False,0.9,"[""specification""]",False
11-102_engine,raw/11 - Engine/11-102.jpg,11,Engine,service_manual,procedure,False,0.92,"[""specification""]",False
11-103_engine,raw/11 - Engine/11-103.jpg,11,Engine,service_manual,procedure,False,0.95,"[""specification""]",False
11-104_engine,raw/11 - Engine/11-104.jpg,11,Engine,service_manual,procedure,False,0.9,"[""specification""]",False
11-105_engine,raw/11 - Engine/11-105.jpg,11,Engine,service_manual,procedure,False,0.9,"[""specification""]",False
11-106_engine,raw/11 - Engine/11-106.jpg,11,Engine,service_manual,procedure,False,0.95,"[""specification""]",False
11-107_engine,raw/11 - Engine/11-107.jpg,11,Engine,service_manual,procedure,False,0.95,"[""specification""]",False
11-108_engine,raw/11 - Engine/11-108.jpg,11,Engine,service_manual,procedure,False,0.9,"[""specification""]",False
11-109_engine,raw/11 - Engine/11-109.jpg,11,Engine,service_manual,procedure,False,0.9,"[""specification""]",False
11-50_engine,raw/11 - Engine/11-50.jpg,11,Engine,service_manual,diagram,False,0.92,"[""specification""]",False
11-51_engine,raw/11 - Engine/11-51.jpg,11,Engine,service_manual,procedure,False,0.95,"[""specification""]",False
11-52_engine,raw/11 - Engine/11-52.jpg,11,Engine,service_manual,procedure,False,0.9,"[""specification""]",False
11-52a_engine,raw/11 - Engine/11-52a.jpg,11,Engine,service_manual,procedure,False,0.9,"[""specification""]",False
11-52b_engine,raw/11 - Engine/11-52b.jpg,11,Engine,service_manual,procedure,False,0.9,"[""specification""]",False
11-53_engine,raw/11 - Engine/11-53.jpg,11,Engine,service_manual,procedure,False,0.9,"[""specification""]",False
11-53a_engine,raw/11 - Engine/11-53a.jpg,11,Engine,service_manual,procedure,False,0.95,"[""specification""]",False
11-53b_engine,raw/11 - Engine/11-53b.jpg,11,Engine,service_manual,procedure,False,0.95,"[""specification""]",False
11-53c_engine,raw/11 - Engine/11-53c.jpg,11,Engine,service_manual,procedure,False,0.95,"[""specification""]",False
11-54_engine,raw/11 - Engine/11-54.jpg,11,Engine,service_manual,procedure,False,0.9,"[""specification""]",False
11-55_engine,raw/11 - Engine/11-55.jpg,11,Engine,service_manual,procedure,False,0.95,"[""specification""]",False
11-55a_engine,raw/11 - Engine/11-55a.jpg,11,Engine,service_manual,procedure,False,0.9,"[""specification""]",False
11-56_engine,raw/11 - Engine/11-56.jpg,11,Engine,service_manual,procedure,False,0.9,"[""specification""]",False
11-57_engine,raw/11 - Engine/11-57.jpg,11,Engine,service_manual,procedure,False,0.9,"[""specification""]",False
11-58_engine,raw/11 - Engine/11-58.jpg,11,Engine,service_manual,procedure,False,0.9,"[""specification""]",False
11-60_engine,raw/11 - Engine/11-60.jpg,11,Engine,service_manual,procedure,False,0.95,"[""specification""]",False
11-61_engine,raw/11 - Engine/11-61.jpg,11,Engine,service_manual,procedure,False,0.9,"[""specification""]",False
11-61a_engine,raw/11 - Engine/11-61a.jpg,11,Engine,service_manual,procedure,False,0.9,"[""specification""]",False
11-61b_engine,raw/11 - Engine/11-61b.jpg,11,Engine,service_manual,procedure,False,0.95,"[""specification""]",False
11-62_engine,raw/11 - Engine/11-62.jpg,11,Engine,service_manual,procedure,False,0.95,"[""specification""]",False
11-63_engine,raw/11 - Engine/11-63.jpg,11,Engine,service_manual,procedure,False,0.95,"[""specification""]",False
11-64_engine,raw/11 - Engine/11-64.jpg,11,Engine,service_manual,procedure,False,0.9,"[""specification""]",False
11-65_engine,raw/11 - Engine/11-65.jpg,11,Engine,service_manual,procedure,False,0.9,"[""specification""]",False
11-66_engine,raw/11 - Engine/11-66.jpg,11,Engine,service_manual,procedure,False,0.95,"[""specification""]",False
11-67_engine,raw/11 - Engine/11-67.jpg,11,Engine,service_manual,procedure,False,0.9,"[""specification""]",False
11-68_engine,raw/11 - Engine/11-68.jpg,11,Engine,service_manual,procedure,False,0.9,"[""specification""]",False
11-69_engine,raw/11 - Engine/11-69.jpg,11,Engine,service_manual,procedure,False,0.9,"[""specification""]",False
11-70_engine,raw/11 - Engine/11-70.jpg,11,Engine,service_manual,procedure,False,0.95,"[""diagram""]",False
11-71_engine,raw/11 - Engine/11-71.jpg,11,Engine,service_manual,procedure,False,0.95,"[""specification""]",False
11-72_engine,raw/11 - Engine/11-72.jpg,11,Engine,service_manual,procedure,False,0.9,"[""specification""]",False
11-73_engine,raw/11 - Engine/11-73.jpg,11,Engine,service_manual,procedure,False,0.9,"[""specification""]",False
11-74_engine,raw/11 - Engine/11-74.jpg,11,Engine,service_manual,procedure,False,0.9,"[""specification""]",False
11-75_engine,raw/11 - Engine/11-75.jpg,11,Engine,service_manual,procedure,False,0.9,"[""specification""]",False
11-76_engine,raw/11 - Engine/11-76.jpg,11,Engine,service_manual,procedure,False,0.9,"[""specification""]",False
11-77_engine,raw/11 - Engine/11-77.jpg,11,Engine,service_manual,procedure,False,0.95,"[""specification""]",False
11-78_engine,raw/11 - Engine/11-78.jpg,11,Engine,service_manual,procedure,False,0.9,"[""specification""]",False
11-78b_engine,raw/11 - Engine/11-78b.jpg,11,Engine,service_manual,procedure,False,0.9,"[""specification""]",False
11-79_engine,raw/11 - Engine/11-79.jpg,11,Engine,service_manual,procedure,False,0.9,"[""specification""]",False
12-00-index-a_engine-e,raw/12 - Engine Electrical Equipment/12-00-index-a.jpg,12,Engine Electrical Equipment,service_manual,index,True,0.95,[],False
12-00-index-b_engine-e,raw/12 - Engine Electrical Equipment/12-00-index-b.jpg,12,Engine Electrical Equipment,service_manual,index,True,0.95,[],False
12-00-index-c_engine-e,raw/12 - Engine Electrical Equipment/12-00-index-c.jpg,12,Engine Electrical Equipment,service_manual,index,True,0.95,[],False
12-00-index-d_engine-e,raw/12 - Engine Electrical Equipment/12-00-index-d.jpg,12,Engine Electrical Equipment,service_manual,index,True,0.95,[],False
12-00-index-e_engine-e,raw/12 - Engine Electrical Equipment/12-00-index-e.jpg,12,Engine Electrical Equipment,service_manual,index,True,0.95,[],False
12-00_engine-e,raw/12 - Engine Electrical Equipment/12-00.jpg,12,Engine Electrical Equipment,service_manual,procedure,False,0.9,"[""specification""]",False
12-01_engine-e,raw/12 - Engine Electrical Equipment/12-01.jpg,12,Engine Electrical Equipment,service_manual,diagram,False,0.9,"[""specification"", ""wiring""]",False
12-01a_engine-e,raw/12 - Engine Electrical Equipment/12-01a.jpg,12,Engine Electrical Equipment,service_manual,procedure,False,0.9,"[""specification""]",False
12-02_engine-e,raw/12 - Engine Electrical Equipment/12-02.jpg,12,Engine Electrical Equipment,service_manual,procedure,False,0.9,"[""specification""]",False
12-03_engine-e,raw/12 - Engine Electrical Equipment/12-03.jpg,12,Engine Electrical Equipment,service_manual,procedure,False,0.9,"[""specification""]",False
12-04_engine-e,raw/12 - Engine Electrical Equipment/12-04.jpg,12,Engine Electrical Equipment,service_manual,procedure,False,0.9,"[""specification""]",False
12-05_engine-e,raw/12 - Engine Electrical Equipment/12-05.jpg,12,Engine Electrical Equipment,service_manual,procedure,False,0.9,"[""specification""]",False
12-06_engine-e,raw/12 - Engine Electrical Equipment/12-06.jpg,12,Engine Electrical Equipment,service_manual,procedure,False,0.9,"[""specification""]",False
12-07_engine-e,raw/12 - Engine Electrical Equipment/12-07.jpg,12,Engine Electrical Equipment,service_manual,procedure,False,0.9,"[""specification""]",False
12-08_engine-e,raw/12 - Engine Electrical Equipment/12-08.jpg,12,Engine Electrical Equipment,service_manual,diagram,False,0.9,"[""specification"", ""wiring""]",False
12-09_engine-e,raw/12 - Engine Electrical Equipment/12-09.jpg,12,Engine Electrical Equipment,service_manual,procedure,False,0.9,"[""specification"", ""diagram""]",False
12-100_engine-e,raw/12 - Engine Electrical Equipment/12-100.jpg,12,Engine Electrical Equipment,service_manual,procedure,False,0.9,"[""specification""]",False
12-101_engine-e,raw/12 - Engine Electrical Equipment/12-101.jpg,12,Engine Electrical Equipment,service_manual,diagram,False,0.8,"[""specification"", ""wiring"", ""pinout""]",False
12-102_engine-e,raw/12 - Engine Electrical Equipment/12-102.jpg,12,Engine Electrical Equipment,service_manual,diagram,False,0.85,"[""specification""]",False
12-103_engine-e,raw/12 - Engine Electrical Equipment/12-103.jpg,12,Engine Electrical Equipment,service_manual,wiring,False,0.9,"[""specification"", ""pinout""]",False
12-104_engine-e,raw/12 - Engine Electrical Equipment/12-104.jpg,12,Engine Electrical Equipment,service_manual,specification,False,0.9,"[""pinout""]",False
12-105_engine-e,raw/12 - Engine Electrical Equipment/12-105.jpg,12,Engine Electrical Equipment,service_manual,diagram,False,0.9,"[""specification"", ""wiring""]",False
12-106_engine-e,raw/12 - Engine Electrical Equipment/12-106.jpg,12,Engine Electrical Equipment,service_manual,diagram,False,0.85,"[""wiring"", ""pinout""]",False
12-107_1_engine-e,raw/12 - Engine Electrical Equipment/12-107_1.jpg,12,Engine Electrical Equipment,service_manual,specification,False,0.95,"[""wiring""]",False
12-107_2_engine-e,raw/12 - Engine Electrical Equipment/12-107_2.jpg,12,Engine Electrical Equipment,service_manual,specification,False,0.9,"[""wiring""]",False
12-107_3_engine-e,raw/12 - Engine Electrical Equipment/12-107_3.jpg,12,Engine Electrical Equipment,service_manual,specification,False,0.9,"[""wiring"", ""pinout""]",False
12-107_4_engine-e,raw/12 - Engine Electrical Equipment/12-107_4.jpg,12,Engine Electrical Equipment,service_manual,wiring,False,0.9,"[""text""]",False
12-107_engine-e,raw/12 - Engine Electrical Equipment/12-107.jpg,12,Engine Electrical Equipment,service_manual,wiring,False,0.9,"[""specification""]",False
12-107a_engine-e,raw/12 - Engine Electrical Equipment/12-107a.jpg,12,Engine Electrical Equipment,service_manual,wiring,False,0.95,"[""pinout"", ""fuse_chart""]",False
12-108_1_engine-e,raw/12 - Engine Electrical Equipment/12-108_1.jpg,12,Engine Electrical Equipment,service_manual,text,False,0.9,[],False
12-108_engine-e,raw/12 - Engine Electrical Equipment/12-108.jpg,12,Engine Electrical Equipment,service_manual,troubleshooting,False,0.9,"[""procedure""]",False
12-10_engine-e,raw/12 - Engine Electrical Equipment/12-10.jpg,12,Engine Electrical Equipment,service_manual,troubleshooting,False,0.9,"[""procedure""]",False
12-110_engine-e,raw/12 - Engine Electrical Equipment/12-110.jpg,12,Engine Electrical Equipment,service_manual,troubleshooting,False,0.95,"[""specification""]",False
12-111_engine-e,raw/12 - Engine Electrical Equipment/12-111.jpg,12,Engine Electrical Equipment,service_manual,procedure,False,0.9,"[""troubleshooting"", ""specification""]",False
12-112_2_engine-e,raw/12 - Engine Electrical Equipment/12-112_2.jpg,12,Engine Electrical Equipment,service_manual,troubleshooting,False,0.95,"[""specification""]",False
12-112_3_engine-e,raw/12 - Engine Electrical Equipment/12-112_3.jpg,12,Engine Electrical Equipment,service_manual,procedure,False,0.9,"[""troubleshooting"", ""specification""]",False
12-112_engine-e,raw/12 - Engine Electrical Equipment/12-112.jpg,12,Engine Electrical Equipment,service_manual,procedure,False,0.9,"[""specification""]",False
12-113_engine-e,raw/12 - Engine Electrical Equipment/12-113.jpg,12,Engine Electrical Equipment,service_manual,procedure,False,0.9,"[""specification""]",False
12-114_1_engine-e,raw/12 - Engine Electrical Equipment/12-114_1.jpg,12,Engine Electrical Equipment,service_manual,procedure,False,0.92,"[""specification""]",False
12-114_engine-e,raw/12 - Engine Electrical Equipment/12-114.jpg,12,Engine Electrical Equipment,service_manual,procedure,False,0.9,"[""specification""]",False
12-115_engine-e,raw/12 - Engine Electrical Equipment/12-115.jpg,12,Engine Electrical Equipment,service_manual,procedure,False,0.9,"[""specification""]",False
12-130_engine-e,raw/12 - Engine Electrical Equipment/12-130.jpg,12,Engine Electrical Equipment,service_manual,procedure,False,0.9,"[""specification""]",False
12-131_engine-e,raw/12 - Engine Electrical Equipment/12-131.jpg,12,Engine Electrical Equipment,service_manual,procedure,False,0.9,"[""specification""]",False
12-132_1_engine-e,raw/12 - Engine Electrical Equipment/12-132_1.jpg,12,Engine Electrical Equipment,service_manual,procedure,False,0.92,"[""specification""]",False
12-132_2_engine-e,raw/12 - Engine Electrical Equipment/12-132_2.jpg,12,Engine Electrical Equipment,service_manual,procedure,False,0.9,"[""specification""]",False
12-132_engine-e,raw/12 - Engine Electrical Equipment/12-132.jpg,12,Engine Electrical Equipment,service_manual,procedure,False,0.95,"[""specification""]",False
12-133_engine-e,raw/12 - Engine Electrical Equipment/12-133.jpg,12,Engine Electrical Equipment,service_manual,procedure,False,0.9,"[""specification""]",False
12-134_engine-e,raw/12 - Engine Electrical Equipment/12-134.jpg,12,Engine Electrical Equipment,service_manual,procedure,False,0.9,"[""specification""]",False
12-135_engine-e,raw/12 - Engine Electrical Equipment/12-135.jpg,12,Engine Electrical Equipment,service_manual,procedure,False,0.9,"[""specification"", ""diagram""]",False
12-140_engine-e,raw/12 - Engine Electrical Equipment/12-140.jpg,12,Engine Electrical Equipment,service_manual,troubleshooting,False,0.95,"[""procedure""]",False
12-141_engine-e,raw/12 - Engine Electrical Equipment/12-141.jpg,12,Engine Electrical Equipment,service_manual,procedure,False,0.9,"[""specification"", ""troubleshooting"", ""diagram""]",False
12-142_1_engine-e,raw/12 - Engine Electrical Equipment/12-142_1.jpg,12,Engine Electrical Equipment,service_manual,procedure,False,0.9,"[""specification""]",False
12-142_2_engine-e,raw/12 - Engine Electrical Equipment/12-142_2.jpg,12,Engine Electrical Equipment,service_manual,procedure,False,0.9,"[""specification""]",False
12-142_3_engine-e,raw/12 - Engine Electrical Equipment/12-142_3.jpg,12,Engine Electrical Equipment,service_manual,procedure,False,0.9,"[""specification""]",False
12-142_engine-e,raw/12 - Engine Electrical Equipment/12-142.jpg,12,Engine Electrical Equipment,service_manual,procedure,False,0.9,"[""specification""]",False
12-143_1_engine-e,raw/12 - Engine Electrical Equipment/12-143_1.jpg,12,Engine Electrical Equipment,service_manual,procedure,False,0.9,"[""specification""]",False
12-143_2_engine-e,raw/12 - Engine Electrical Equipment/12-143_2.jpg,12,Engine Electrical Equipment,service_manual,procedure,False,0.9,"[""specification""]",False
12-143_engine-e,raw/12 - Engine Electrical Equipment/12-143.jpg,12,Engine Electrical Equipment,service_manual,procedure,False,0.9,"[""specification"", ""troubleshooting"", ""wiring""]",False
12-150_engine-e,raw/12 - Engine Electrical Equipment/12-150.jpg,12,Engine Electrical Equipment,service_manual,troubleshooting,False,0.9,"[""procedure""]",False
12-151_engine-e,raw/12 - Engine Electrical Equipment/12-151.jpg,12,Engine Electrical Equipment,service_manual,procedure,False,0.9,"[""specification""]",False
12-152_engine-e,raw/12 - Engine Electrical Equipment/12-152.jpg,12,Engine Electrical Equipment,service_manual,procedure,False,0.9,"[""specification""]",False
12-153_engine-e,raw/12 - Engine Electrical Equipment/12-153.jpg,12,Engine Electrical Equipment,service_manual,procedure,False,0.95,"[""specification""]",False
12-154_1_engine-e,raw/12 - Engine Electrical Equipment/12-154_1.jpg,12,Engine Electrical Equipment,service_manual,procedure,False,0.9,"[""specification""]",False
12-154_engine-e,raw/12 - Engine Electrical Equipment/12-154.jpg,12,Engine Electrical Equipment,service_manual,procedure,False,0.9,"[""specification""]",False
12-155_engine-e,raw/12 - Engine Electrical Equipment/12-155.jpg,12,Engine Electrical Equipment,service_manual,procedure,False,0.9,"[""specification""]",False
12-160_engine-e,raw/12 - Engine Electrical Equipment/12-160.jpg,12,Engine Electrical Equipment,service_manual,specification,False,0.9,"[""wiring"", ""pinout""]",False
12-200_engine-e,raw/12 - Engine Electrical Equipment/12-200.jpg,12,Engine Electrical Equipment,service_manual,troubleshooting,False,0.9,"[""procedure""]",False
12-20_engine-e,raw/12 - Engine Electrical Equipment/12-20.jpg,12,Engine Electrical Equipment,service_manual,troubleshooting,False,0.95,"[""procedure""]",False
12-21_engine-e,raw/12 - Engine Electrical Equipment/12-21.jpg,12,Engine Electrical Equipment,service_manual,procedure,False,0.9,"[""specification""]",False
12-22_engine-e,raw/12 - Engine Electrical Equipment/12-22.jpg,12,Engine Electrical Equipment,service_manual,procedure,False,0.9,"[""specification""]",False
12-23_engine-e,raw/12 - Engine Electrical Equipment/12-23.jpg,12,Engine Electrical Equipment,service_manual,troubleshooting,False,0.9,"[""procedure"", ""specification""]",False
12-24_engine-e,raw/12 - Engine Electrical Equipment/12-24.jpg,12,Engine Electrical Equipment,service_manual,procedure,False,0.9,"[""troubleshooting""]",False
12-40_engine-e,raw/12 - Engine Electrical Equipment/12-40.jpg,12,Engine Electrical Equipment,service_manual,troubleshooting,False,0.95,"[""procedure"", ""specification""]",False
12-41_engine-e,raw/12 - Engine Electrical Equipment/12-41.jpg,12,Engine Electrical Equipment,service_manual,procedure,False,0.9,"[""specification"", ""troubleshooting"", ""diagram""]",False
12-42_engine-e,raw/12 - Engine Electrical Equipment/12-42.jpg,12,Engine Electrical Equipment,service_manual,procedure,False,0.95,"[""specification""]",False
12-43_engine-e,raw/12 - Engine Electrical Equipment/12-43.jpg,12,Engine Electrical Equipment,service_manual,procedure,False,0.95,"[""specification""]",False
12-44_engine-e,raw/12 - Engine Electrical Equipment/12-44.jpg,12,Engine Electrical Equipment,service_manual,procedure,False,0.9,"[""specification""]",False
12-45_engine-e,raw/12 - Engine Electrical Equipment/12-45.jpg,12,Engine Electrical Equipment,service_manual,procedure,False,0.9,"[""specification""]",False
12-46_engine-e,raw/12 - Engine Electrical Equipment/12-46.jpg,12,Engine Electrical Equipment,service_manual,procedure,False,0.9,"[""specification""]",False
12-50_engine-e,raw/12 - Engine Electrical Equipment/12-50.jpg,12,Engine Electrical Equipment,service_manual,troubleshooting,False,0.9,"[""procedure""]",False
12-51_engine-e,raw/12 - Engine Electrical Equipment/12-51.jpg,12,Engine Electrical Equipment,service_manual,procedure,False,0.9,"[""specification""]",False
12-52_engine-e,raw/12 - Engine Electrical Equipment/12-52.jpg,12,Engine Electrical Equipment,service_manual,procedure,False,0.92,"[""specification""]",False
12-53_engine-e,raw/12 - Engine Electrical Equipment/12-53.jpg,12,Engine Electrical Equipment,service_manual,procedure,False,0.9,"[""specification""]",False
13-00-index-a_fuel-sys,raw/13 - Fuel System/13-00-index-a.jpg,13,Fuel System,service_manual,index,True,0.95,[],False
13-613_fuel-sys,raw/13 - Fuel System/13-613.jpg,13,Fuel System,service_manual,procedure,False,0.95,"[""specification""]",False
13-620_fuel-sys,raw/13 - Fuel System/13-620.jpg,13,Fuel System,service_manual,procedure,False,0.9,"[""specification""]",False
13-621_fuel-sys,raw/13 - Fuel System/13-621.jpg,13,Fuel System,service_manual,procedure,False,0.9,"[""specification""]",False
13-622_fuel-sys,raw/13 - Fuel System/13-622.jpg,13,Fuel System,service_manual,procedure,False,0.92,"[""specification""]",False
13-626_fuel-sys,raw/13 - Fuel System/13-626.jpg,13,Fuel System,service_manual,procedure,False,0.9,"[""specification""]",False
13-627_fuel-sys,raw/13 - Fuel System/13-627.jpg,13,Fuel System,service_manual,procedure,False,0.9,"[""specification""]",False
13-629_fuel-sys,raw/13 - Fuel System/13-629.jpg,13,Fuel System,service_manual,procedure,False,0.9,"[""specification""]",False
13-630_fuel-sys,raw/13 - Fuel System/13-630.jpg,13,Fuel System,service_manual,procedure,False,0.9,"[""specification""]",False
13-631_fuel-sys,raw/13 - Fuel System/13-631.jpg,13,Fuel System,service_manual,procedure,False,0.9,"[""specification""]",False
13-632_fuel-sys,raw/13 - Fuel System/13-632.jpg,13,Fuel System,service_manual,procedure,False,0.95,"[""specification""]",False
13-640_fuel-sys,raw/13 - Fuel System/13-640.jpg,13,Fuel System,service_manual,procedure,False,0.9,"[""specification""]",False
13-641_fuel-sys,raw/13 - Fuel System/13-641.jpg,13,Fuel System,service_manual,procedure,False,0.95,"[""specification""]",False
13-642_fuel-sys,raw/13 - Fuel System/13-642.jpg,13,Fuel System,service_manual,procedure,False,0.95,"[""specification""]",False
13-643_fuel-sys,raw/13 - Fuel System/13-643.jpg,13,Fuel System,service_manual,procedure,False,0.9,"[""specification""]",False
13-700_fuel-sys,raw/13 - Fuel System/13-700.jpg,13,Fuel System,service_manual,procedure,False,0.9,"[""specification""]",False
13-700a_fuel-sys,raw/13 - Fuel System/13-700a.jpg,13,Fuel System,service_manual,procedure,False,0.9,"[""specification"", ""troubleshooting""]",False
13-701_fuel-sys,raw/13 - Fuel System/13-701.jpg,13,Fuel System,service_manual,procedure,False,0.9,"[""specification"", ""troubleshooting""]",False
13-702_fuel-sys,raw/13 - Fuel System/13-702.jpg,13,Fuel System,service_manual,procedure,False,0.9,"[""specification""]",False
13-703_fuel-sys,raw/13 - Fuel System/13-703.jpg,13,Fuel System,service_manual,procedure,False,0.9,"[""specification""]",False
13-710_fuel-sys,raw/13 - Fuel System/13-710.jpg,13,Fuel System,service_manual,procedure,False,0.95,"[""specification""]",False
13-713_fuel-sys,raw/13 - Fuel System/13-713.jpg,13,Fuel System,service_manual,procedure,False,0.9,"[""specification""]",False
13-720_fuel-sys,raw/13 - Fuel System/13-720.jpg,13,Fuel System,service_manual,procedure,False,0.9,"[""specification""]",False
13-730_fuel-sys,raw/13 - Fuel System/13-730.jpg,13,Fuel System,service_manual,procedure,False,0.9,"[""specification""]",False
13-731_fuel-sys,raw/13 - Fuel System/13-731.jpg,13,Fuel System,service_manual,procedure,False,0.9,"[""specification""]",False
13-732_fuel-sys,raw/13 - Fuel System/13-732.jpg,13,Fuel System,service_manual,procedure,False,0.9,"[""specification""]",False
13-750_fuel-sys,raw/13 - Fuel System/13-750.jpg,13,Fuel System,service_manual,specification,False,0.9,"[""wiring""]",False
13-760_fuel-sys,raw/13 - Fuel System/13-760.jpg,13,Fuel System,service_manual,procedure,False,0.9,"[""specification""]",False
13-762_fuel-sys,raw/13 - Fuel System/13-762.jpg,13,Fuel System,service_manual,procedure,False,0.9,"[""specification""]",False
13-771_fuel-sys,raw/13 - Fuel System/13-771.jpg,13,Fuel System,service_manual,procedure,False,0.9,"[""specification""]",False
13-781_fuel-sys,raw/13 - Fuel System/13-781.jpg,13,Fuel System,service_manual,procedure,False,0.95,"[""specification""]",False
13-800_fuel-sys,raw/13 - Fuel System/13-800.jpg,13,Fuel System,service_manual,troubleshooting,False,0.95,"[""procedure"", ""specification""]",False
13-801_fuel-sys,raw/13 - Fuel System/13-801.jpg,13,Fuel System,service_manual,procedure,False,0.9,"[""specification""]",False
13-802_fuel-sys,raw/13 - Fuel System/13-802.jpg,13,Fuel System,service_manual,procedure,False,0.9,"[""specification""]",False
13-803_fuel-sys,raw/13 - Fuel System/13-803.jpg,13,Fuel System,service_manual,procedure,False,0.9,"[""specification""]",False
13-804_fuel-sys,raw/13 - Fuel System/13-804.jpg,13,Fuel System,service_manual,troubleshooting,False,0.95,"[""procedure"", ""specification""]",False
13-805_fuel-sys,raw/13 - Fuel System/13-805.jpg,13,Fuel System,service_manual,troubleshooting,False,0.95,"[""procedure"", ""specification""]",False
13-806_fuel-sys,raw/13 - Fuel System/13-806.jpg,13,Fuel System,service_manual,specification,False,0.9,"[""procedure""]",False
13-810_fuel-sys,raw/13 - Fuel System/13-810.jpg,13,Fuel System,service_manual,troubleshooting,False,0.95,"[""procedure""]",False
13-811_fuel-sys,raw/13 - Fuel System/13-811.jpg,13,Fuel System,service_manual,troubleshooting,False,0.9,[],False
13-812_fuel-sys,raw/13 - Fuel System/13-812.jpg,13,Fuel System,service_manual,troubleshooting,False,0.9,"[""procedure""]",False
13-813_fuel-sys,raw/13 - Fuel System/13-813.jpg,13,Fuel System,service_manual,procedure,False,0.9,"[""specification""]",False
13-814_fuel-sys,raw/13 - Fuel System/13-814.jpg,13,Fuel System,service_manual,troubleshooting,False,0.9,"[""procedure"", ""specification""]",False
13-815_fuel-sys,raw/13 - Fuel System/13-815.jpg,13,Fuel System,service_manual,procedure,False,0.9,"[""specification""]",False
13-816_fuel-sys,raw/13 - Fuel System/13-816.jpg,13,Fuel System,service_manual,procedure,False,0.9,"[""specification""]",False
13-850_fuel-sys,raw/13 - Fuel System/13-850.jpg,13,Fuel System,service_manual,troubleshooting,False,0.95,"[""specification""]",False
13-851_fuel-sys,raw/13 - Fuel System/13-851.jpg,13,Fuel System,service_manual,troubleshooting,False,0.9,"[""procedure""]",False
13-852_fuel-sys,raw/13 - Fuel System/13-852.jpg,13,Fuel System,service_manual,troubleshooting,False,0.95,"[""procedure""]",False
13-853_fuel-sys,raw/13 - Fuel System/13-853.jpg,13,Fuel System,service_manual,troubleshooting,False,0.95,"[""procedure""]",False
13-854_fuel-sys,raw/13 - Fuel System/13-854.jpg,13,Fuel System,service_manual,troubleshooting,False,0.95,[],False
13-855_fuel-sys,raw/13 - Fuel System/13-855.jpg,13,Fuel System,service_manual,troubleshooting,False,0.95,"[""procedure""]",False
13-856_fuel-sys,raw/13 - Fuel System/13-856.jpg,13,Fuel System,service_manual,troubleshooting,False,0.95,"[""procedure""]",False
13-900_fuel-sys,raw/13 - Fuel System/13-900.jpg,13,Fuel System,service_manual,troubleshooting,False,0.95,"[""procedure""]",False
13-901_fuel-sys,raw/13 - Fuel System/13-901.jpg,13,Fuel System,service_manual,troubleshooting,False,0.95,"[""procedure""]",False
13-902_fuel-sys,raw/13 - Fuel System/13-902.jpg,13,Fuel System,service_manual,troubleshooting,False,0.9,"[""procedure""]",False
13-903_fuel-sys,raw/13 - Fuel System/13-903.jpg,13,Fuel System,service_manual,procedure,False,0.9,"[""specification""]",False
13-904_fuel-sys,raw/13 - Fuel System/13-904.jpg,13,Fuel System,service_manual,procedure,False,0.9,"[""specification""]",False
13-906_fuel-sys,raw/13 - Fuel System/13-906.jpg,13,Fuel System,service_manual,procedure,False,0.85,"[""specification""]",False
13-907_fuel-sys,raw/13 - Fuel System/13-907.jpg,13,Fuel System,service_manual,troubleshooting,False,0.9,"[""procedure"", ""specification""]",False
13-908_fuel-sys,raw/13 - Fuel System/13-908.jpg,13,Fuel System,service_manual,procedure,False,0.9,"[""specification""]",False
13-909_fuel-sys,raw/13 - Fuel System/13-909.jpg,13,Fuel System,service_manual,procedure,False,0.9,"[""specification""]",False
13-910_fuel-sys,raw/13 - Fuel System/13-910.jpg,13,Fuel System,service_manual,procedure,False,0.95,"[""specification""]",False
13-911_fuel-sys,raw/13 - Fuel System/13-911.jpg,13,Fuel System,service_manual,procedure,False,0.9,"[""specification""]",False
13-912_fuel-sys,raw/13 - Fuel System/13-912.jpg,13,Fuel System,service_manual,troubleshooting,False,0.9,"[""specification""]",False
13-932_fuel-sys,raw/13 - Fuel System/13-932.jpg,13,Fuel System,service_manual,specification,False,0.9,"[""wiring"", ""pinout""]",False
16-00-index-a_fuel-tan,raw/16 - Fuel Tank and Lines/16-00-index-a.jpg,16,Fuel Tank and Lines,service_manual,index,True,0.95,[],False
16-00_fuel-tan,raw/16 - Fuel Tank and Lines/16-00.jpg,16,Fuel Tank and Lines,service_manual,diagram,False,0.9,"[""specification""]",False
16-01_fuel-tan,raw/16 - Fuel Tank and Lines/16-01.jpg,16,Fuel Tank and Lines,service_manual,diagram,False,0.9,"[""specification""]",False
16-02_fuel-tan,raw/16 - Fuel Tank and Lines/16-02.jpg,16,Fuel Tank and Lines,service_manual,procedure,False,0.95,"[""specification""]",False
16-03_fuel-tan,raw/16 - Fuel Tank and Lines/16-03.jpg,16,Fuel Tank and Lines,service_manual,procedure,False,0.95,"[""specification""]",False
16-04_fuel-tan,raw/16 - Fuel Tank and Lines/16-04.jpg,16,Fuel Tank and Lines,service_manual,procedure,False,0.95,"[""specification""]",False
16-05_fuel-tan,raw/16 - Fuel Tank and Lines/16-05.jpg,16,Fuel Tank and Lines,service_manual,procedure,False,0.9,"[""specification""]",False
16-06_fuel-tan,raw/16 - Fuel Tank and Lines/16-06.jpg,16,Fuel Tank and Lines,service_manual,diagram,False,0.9,"[""specification""]",False
16-07_fuel-tan,raw/16 - Fuel Tank and Lines/16-07.jpg,16,Fuel Tank and Lines,service_manual,procedure,False,0.9,"[""specification""]",False
16-08_fuel-tan,raw/16 - Fuel Tank and Lines/16-08.jpg,16,Fuel Tank and Lines,service_manual,procedure,False,0.9,"[""specification""]",False
16-09_fuel-tan,raw/16 - Fuel Tank and Lines/16-09.jpg,16,Fuel Tank and Lines,service_manual,procedure,False,0.9,"[""specification""]",False
16-10_fuel-tan,raw/16 - Fuel Tank and Lines/16-10.jpg,16,Fuel Tank and Lines,service_manual,diagram,False,0.9,"[""specification""]",False
16-11_fuel-tan,raw/16 - Fuel Tank and Lines/16-11.jpg,16,Fuel Tank and Lines,service_manual,procedure,False,0.9,"[""specification""]",False
17-00-index-a_radiator,raw/17 - Radiator/17-00-index-a.jpg,17,Radiator,service_manual,index,True,0.95,[],False
17-01_radiator,raw/17 - Radiator/17-01.jpg,17,Radiator,service_manual,diagram,False,0.92,"[""specification""]",False
17-02_radiator,raw/17 - Radiator/17-02.jpg,17,Radiator,service_manual,diagram,False,0.9,"[""specification""]",False
17-03_radiator,raw/17 - Radiator/17-03.jpg,17,Radiator,service_manual,procedure,False,0.9,"[""specification""]",False
17-04_1_radiator,raw/17 - Radiator/17-04_1.jpg,17,Radiator,service_manual,procedure,False,0.9,"[""specification""]",False
17-04_radiator,raw/17 - Radiator/17-04.jpg,17,Radiator,service_manual,procedure,False,0.9,"[""specification""]",False
17-05_radiator,raw/17 - Radiator/17-05.jpg,17,Radiator,service_manual,procedure,False,0.95,"[""specification""]",False
17-06_1_radiator,raw/17 - Radiator/17-06_1.jpg,17,Radiator,service_manual,procedure,False,0.95,"[""specification""]",False
17-06_radiator,raw/17 - Radiator/17-06.jpg,17,Radiator,service_manual,procedure,False,0.95,"[""specification""]",False
17-07_radiator,raw/17 - Radiator/17-07.jpg,17,Radiator,service_manual,procedure,False,0.9,"[""specification""]",False
18-00-index-a_exhaust-,raw/18 - Exhaust System/18-00-index-a.jpg,18,Exhaust System,service_manual,index,True,0.95,[],False
18-01_exhaust-,raw/18 - Exhaust System/18-01.jpg,18,Exhaust System,service_manual,procedure,False,0.9,"[""specification""]",False
18-02_exhaust-,raw/18 - Exhaust System/18-02.jpg,18,Exhaust System,service_manual,procedure,False,0.95,"[""specification""]",False
18-03_exhaust-,raw/18 - Exhaust System/18-03.jpg,18,Exhaust System,service_manual,procedure,False,0.9,"[""specification""]",False
18-04_exhaust-,raw/18 - Exhaust System/18-04.jpg,18,Exhaust System,service_manual,procedure,False,0.9,"[""specification""]",False
18-05_exhaust-,raw/18 - Exhaust System/18-05.jpg,18,Exhaust System,service_manual,procedure,False,0.9,"[""specification""]",False
18-06_exhaust-,raw/18 - Exhaust System/18-06.jpg,18,Exhaust System,service_manual,procedure,False,0.9,"[""specification""]",False
18-07_exhaust-,raw/18 - Exhaust System/18-07.jpg,18,Exhaust System,service_manual,procedure,False,0.9,"[""specification""]",False
18-08_exhaust-,raw/18 - Exhaust System/18-08.jpg,18,Exhaust System,service_manual,procedure,False,0.95,"[""specification""]",False
18-09_exhaust-,raw/18 - Exhaust System/18-09.jpg,18,Exhaust System,service_manual,diagram,False,0.85,"[""procedure"", ""specification""]",False
1990-bmw-m3-electrical-troubleshooting-manual-00-00-cover,raw/1990 BMW M3 Electrical Troubleshooting Manual/00-00-cover.jpg,1990,1990 BMW M3 Electrical Troubleshooting Manual,electrical_manual,troubleshooting,False,0.9,"[""text""]",False
1990-bmw-m3-electrical-troubleshooting-manual-00-00-foreword,raw/1990 BMW M3 Electrical Troubleshooting Manual/00-00-foreword.jpg,1990,1990 BMW M3 Electrical Troubleshooting Manual,electrical_manual,text,False,0.8,[],False
1990-bmw-m3-electrical-troubleshooting-manual-00-01-index-a,raw/1990 BMW M3 Electrical Troubleshooting Manual/00-01-index-a.jpg,1990,1990 BMW M3 Electrical Troubleshooting Manual,electrical_manual,index,True,0.95,[],False
1990-bmw-m3-electrical-troubleshooting-manual-00-02-index-b,raw/1990 BMW M3 Electrical Troubleshooting Manual/00-02-index-b.jpg,1990,1990 BMW M3 Electrical Troubleshooting Manual,electrical_manual,index,True,0.95,[],False
1990-bmw-m3-electrical-troubleshooting-manual-00-03,raw/1990 BMW M3 Electrical Troubleshooting Manual/00-03.jpg,1990,1990 BMW M3 Electrical Troubleshooting Manual,electrical_manual,text,False,0.9,[],False
1990-bmw-m3-electrical-troubleshooting-manual-00-04,raw/1990 BMW M3 Electrical Troubleshooting Manual/00-04.jpg,1990,1990 BMW M3 Electrical Troubleshooting Manual,electrical_manual,symbols,False,0.95,[],False
1990-bmw-m3-electrical-troubleshooting-manual-00-05,raw/1990 BMW M3 Electrical Troubleshooting Manual/00-05.jpg,1990,1990 BMW M3 Electrical Troubleshooting Manual,electrical_manual,diagram,False,0.9,"[""specification""]",False
1990-bmw-m3-electrical-troubleshooting-manual-00-06,raw/1990 BMW M3 Electrical Troubleshooting Manual/00-06.jpg,1990,1990 BMW M3 Electrical Troubleshooting Manual,electrical_manual,troubleshooting,False,0.95,"[""procedure""]",False
1990-bmw-m3-electrical-troubleshooting-manual-00-07,raw/1990 BMW M3 Electrical Troubleshooting Manual/00-07.jpg,1990,1990 BMW M3 Electrical Troubleshooting Manual,electrical_manual,troubleshooting,False,0.95,"[""procedure"", ""diagram""]",False
1990-bmw-m3-electrical-troubleshooting-manual-00-08,raw/1990 BMW M3 Electrical Troubleshooting Manual/00-08.jpg,1990,1990 BMW M3 Electrical Troubleshooting Manual,electrical_manual,troubleshooting,False,0.9,"[""procedure""]",False
1990-bmw-m3-electrical-troubleshooting-manual-0670-00,raw/1990 BMW M3 Electrical Troubleshooting Manual/0670-00.jpg,1990,1990 BMW M3 Electrical Troubleshooting Manual,electrical_manual,diagram,False,0.9,"[""specification"", ""wiring""]",False
1990-bmw-m3-electrical-troubleshooting-manual-0670-01,raw/1990 BMW M3 Electrical Troubleshooting Manual/0670-01.jpg,1990,1990 BMW M3 Electrical Troubleshooting Manual,electrical_manual,fuse_chart,False,0.95,[],False
1990-bmw-m3-electrical-troubleshooting-manual-0670-02,raw/1990 BMW M3 Electrical Troubleshooting Manual/0670-02.jpg,1990,1990 BMW M3 Electrical Troubleshooting Manual,electrical_manual,diagram,False,0.9,"[""wiring"", ""specification""]",False
1990-bmw-m3-electrical-troubleshooting-manual-0670-03,raw/1990 BMW M3 Electrical Troubleshooting Manual/0670-03.jpg,1990,1990 BMW M3 Electrical Troubleshooting Manual,electrical_manual,diagram,False,0.9,"[""specification"", ""wiring""]",False
1990-bmw-m3-electrical-troubleshooting-manual-0670-04,raw/1990 BMW M3 Electrical Troubleshooting Manual/0670-04.jpg,1990,1990 BMW M3 Electrical Troubleshooting Manual,electrical_manual,diagram,False,0.9,"[""wiring""]",False
1990-bmw-m3-electrical-troubleshooting-manual-0670-05,raw/1990 BMW M3 Electrical Troubleshooting Manual/0670-05.jpg,1990,1990 BMW M3 Electrical Troubleshooting Manual,electrical_manual,diagram,False,0.9,"[""specification"", ""wiring""]",False
1990-bmw-m3-electrical-troubleshooting-manual-0670-06,raw/1990 BMW M3 Electrical Troubleshooting Manual/0670-06.jpg,1990,1990 BMW M3 Electrical Troubleshooting Manual,electrical_manual,diagram,False,0.9,"[""specification"", ""wiring""]",False
1990-bmw-m3-electrical-troubleshooting-manual-0670-07,raw/1990 BMW M3 Electrical Troubleshooting Manual/0670-07.jpg,1990,1990 BMW M3 Electrical Troubleshooting Manual,electrical_manual,wiring,False,0.9,"[""fuse_chart"", ""pinout""]",False
1990-bmw-m3-electrical-troubleshooting-manual-0670-08,raw/1990 BMW M3 Electrical Troubleshooting Manual/0670-08.jpg,1990,1990 BMW M3 Electrical Troubleshooting Manual,electrical_manual,diagram,False,0.9,"[""wiring"", ""specification""]",False
1990-bmw-m3-electrical-troubleshooting-manual-0670-09,raw/1990 BMW M3 Electrical Troubleshooting Manual/0670-09.jpg,1990,1990 BMW M3 Electrical Troubleshooting Manual,electrical_manual,diagram,False,0.9,"[""specification""]",False
1990-bmw-m3-electrical-troubleshooting-manual-0670-10,raw/1990 BMW M3 Electrical Troubleshooting Manual/0670-10.jpg,1990,1990 BMW M3 Electrical Troubleshooting Manual,electrical_manual,wiring,False,0.9,"[""fuse_chart""]",False
1990-bmw-m3-electrical-troubleshooting-manual-0670-11,raw/1990 BMW M3 Electrical Troubleshooting Manual/0670-11.jpg,1990,1990 BMW M3 Electrical Troubleshooting Manual,electrical_manual,diagram,False,0.9,"[""specification"", ""wiring""]",False
1990-bmw-m3-electrical-troubleshooting-manual-0670-12,raw/1990 BMW M3 Electrical Troubleshooting Manual/0670-12.jpg,1990,1990 BMW M3 Electrical Troubleshooting Manual,electrical_manual,diagram,False,0.9,"[""specification"", ""wiring""]",False
1990-bmw-m3-electrical-troubleshooting-manual-0670-13,raw/1990 BMW M3 Electrical Troubleshooting Manual/0670-13.jpg,1990,1990 BMW M3 Electrical Troubleshooting Manual,electrical_manual,diagram,False,0.9,"[""wiring"", ""pinout"", ""fuse_chart""]",False
1990-bmw-m3-electrical-troubleshooting-manual-0670-14,raw/1990 BMW M3 Electrical Troubleshooting Manual/0670-14.jpg,1990,1990 BMW M3 Electrical Troubleshooting Manual,electrical_manual,diagram,False,0.9,"[""wiring""]",False
1990-bmw-m3-electrical-troubleshooting-manual-0670-15,raw/1990 BMW M3 Electrical Troubleshooting Manual/0670-15.jpg,1990,1990 BMW M3 Electrical Troubleshooting Manual,electrical_manual,diagram,False,0.9,"[""wiring""]",False
1990-bmw-m3-electrical-troubleshooting-manual-0670-16,raw/1990 BMW M3 Electrical Troubleshooting Manual/0670-16.jpg,1990,1990 BMW M3 Electrical Troubleshooting Manual,electrical_manual,diagram,False,0.9,"[""wiring"", ""fuse_chart""]",False
1990-bmw-m3-electrical-troubleshooting-manual-1230-00,raw/1990 BMW M3 Electrical Troubleshooting Manual/1230-00.jpg,1990,1990 BMW M3 Electrical Troubleshooting Manual,electrical_manual,wiring,False,0.9,"[""specification""]",False
1990-bmw-m3-electrical-troubleshooting-manual-1240-00,raw/1990 BMW M3 Electrical Troubleshooting Manual/1240-00.jpg,1990,1990 BMW M3 Electrical Troubleshooting Manual,electrical_manual,diagram,False,0.9,"[""specification"", ""wiring""]",False
1990-bmw-m3-electrical-troubleshooting-manual-1364-00,raw/1990 BMW M3 Electrical Troubleshooting Manual/1364-00.jpg,1990,1990 BMW M3 Electrical Troubleshooting Manual,electrical_manual,diagram,False,0.95,"[""wiring"", ""specification""]",False
1990-bmw-m3-electrical-troubleshooting-manual-1364-01,raw/1990 BMW M3 Electrical Troubleshooting Manual/1364-01.jpg,1990,1990 BMW M3 Electrical Troubleshooting Manual,electrical_manual,diagram,False,0.9,"[""specification""]",False
1990-bmw-m3-electrical-troubleshooting-manual-1364-02,raw/1990 BMW M3 Electrical Troubleshooting Manual/1364-02.jpg,1990,1990 BMW M3 Electrical Troubleshooting Manual,electrical_manual,diagram,False,0.9,"[""wiring""]",False
1990-bmw-m3-electrical-troubleshooting-manual-1364-03,raw/1990 BMW M3 Electrical Troubleshooting Manual/1364-03.jpg,1990,1990 BMW M3 Electrical Troubleshooting Manual,electrical_manual,diagram,False,0.9,"[""wiring"", ""pinout""]",False
1990-bmw-m3-electrical-troubleshooting-manual-1364-04,raw/1990 BMW M3 Electrical Troubleshooting Manual/1364-04.jpg,1990,1990 BMW M3 Electrical Troubleshooting Manual,electrical_manual,diagram,False,0.9,"[""wiring"", ""specification""]",False
1990-bmw-m3-electrical-troubleshooting-manual-1364-05,raw/1990 BMW M3 Electrical Troubleshooting Manual/1364-05.jpg,1990,1990 BMW M3 Electrical Troubleshooting Manual,electrical_manual,diagram,False,0.9,"[""wiring"", ""specification""]",False
1990-bmw-m3-electrical-troubleshooting-manual-1364-06,raw/1990 BMW M3 Electrical Troubleshooting Manual/1364-06.jpg,1990,1990 BMW M3 Electrical Troubleshooting Manual,electrical_manual,diagram,False,0.9,"[""specification"", ""wiring""]",False
1990-bmw-m3-electrical-troubleshooting-manual-3243-00,raw/1990 BMW M3 Electrical Troubleshooting Manual/3243-00.jpg,1990,1990 BMW M3 Electrical Troubleshooting Manual,electrical_manual,diagram,False,0.95,"[""wiring"", ""specification""]",False
1990-bmw-m3-electrical-troubleshooting-manual-3435-00,raw/1990 BMW M3 Electrical Troubleshooting Manual/3435-00.jpg,1990,1990 BMW M3 Electrical Troubleshooting Manual,electrical_manual,diagram,False,0.9,"[""specification"", ""wiring""]",False
1990-bmw-m3-electrical-troubleshooting-manual-3450-00,raw/1990 BMW M3 Electrical Troubleshooting Manual/3450-00.jpg,1990,1990 BMW M3 Electrical Troubleshooting Manual,electrical_manual,diagram,False,0.9,"[""wiring"", ""specification""]",False
1990-bmw-m3-electrical-troubleshooting-manual-3450-01,raw/1990 BMW M3 Electrical Troubleshooting Manual/3450-01.jpg,1990,1990 BMW M3 Electrical Troubleshooting Manual,electrical_manual,diagram,False,0.9,"[""specification"", ""wiring""]",False
1990-bmw-m3-electrical-troubleshooting-manual-5116-00,raw/1990 BMW M3 Electrical Troubleshooting Manual/5116-00.jpg,1990,1990 BMW M3 Electrical Troubleshooting Manual,electrical_manual,diagram,False,0.8,"[""wiring"", ""specification""]",False
1990-bmw-m3-electrical-troubleshooting-manual-5126-00,raw/1990 BMW M3 Electrical Troubleshooting Manual/5126-00.jpg,1990,1990 BMW M3 Electrical Troubleshooting Manual,electrical_manual,diagram,False,0.9,"[""specification"", ""wiring""]",False
1990-bmw-m3-electrical-troubleshooting-manual-5126-01,raw/1990 BMW M3 Electrical Troubleshooting Manual/5126-01.jpg,1990,1990 BMW M3 Electrical Troubleshooting Manual,electrical_manual,diagram,False,0.9,"[""specification"", ""wiring""]",False
1990-bmw-m3-electrical-troubleshooting-manual-5126A-00,raw/1990 BMW M3 Electrical Troubleshooting Manual/5126A-00.jpg,1990,1990 BMW M3 Electrical Troubleshooting Manual,electrical_manual,troubleshooting,False,0.95,"[""procedure""]",False
1990-bmw-m3-electrical-troubleshooting-manual-5126A-01,raw/1990 BMW M3 Electrical Troubleshooting Manual/5126A-01.jpg,1990,1990 BMW M3 Electrical Troubleshooting Manual,electrical_manual,troubleshooting,False,0.9,"[""procedure"", ""specification""]",False
1990-bmw-m3-electrical-troubleshooting-manual-5126A-02,raw/1990 BMW M3 Electrical Troubleshooting Manual/5126A-02.jpg,1990,1990 BMW M3 Electrical Troubleshooting Manual,electrical_manual,troubleshooting,False,0.9,"[""procedure"", ""specification""]",False
1990-bmw-m3-electrical-troubleshooting-manual-5126A-03,raw/1990 BMW M3 Electrical Troubleshooting Manual/5126A-03.jpg,1990,1990 BMW M3 Electrical Troubleshooting Manual,electrical_manual,procedure,False,0.9,"[""specification""]",False
1990-bmw-m3-electrical-troubleshooting-manual-5133-00,raw/1990 BMW M3 Electrical Troubleshooting Manual/5133-00.jpg,1990,1990 BMW M3 Electrical Troubleshooting Manual,electrical_manual,diagram,False,0.95,"[""specification""]",False
1990-bmw-m3-electrical-troubleshooting-manual-5200-00,raw/1990 BMW M3 Electrical Troubleshooting Manual/5200-00.jpg,1990,1990 BMW M3 Electrical Troubleshooting Manual,electrical_manual,wiring,False,0.9,"[""specification""]",False
1990-bmw-m3-electrical-troubleshooting-manual-5413-00,raw/1990 BMW M3 Electrical Troubleshooting Manual/5413-00.jpg,1990,1990 BMW M3 Electrical Troubleshooting Manual,electrical_manual,diagram,False,0.85,"[""wiring""]",False
1990-bmw-m3-electrical-troubleshooting-manual-6100-00,raw/1990 BMW M3 Electrical Troubleshooting Manual/6100-00.jpg,1990,1990 BMW M3 Electrical Troubleshooting Manual,electrical_manual,diagram,False,0.9,"[""wiring""]",False
1990-bmw-m3-electrical-troubleshooting-manual-6100-01,raw/1990 BMW M3 Electrical Troubleshooting Manual/6100-01.jpg,1990,1990 BMW M3 Electrical Troubleshooting Manual,electrical_manual,diagram,False,0.9,"[""specification"", ""wiring""]",False
1990-bmw-m3-electrical-troubleshooting-manual-6100-02,raw/1990 BMW M3 Electrical Troubleshooting Manual/6100-02.jpg,1990,1990 BMW M3 Electrical Troubleshooting Manual,electrical_manual,wiring,False,0.95,"[""diagram""]",False
1990-bmw-m3-electrical-troubleshooting-manual-6131-00,raw/1990 BMW M3 Electrical Troubleshooting Manual/6131-00.jpg,1990,1990 BMW M3 Electrical Troubleshooting Manual,electrical_manual,wiring,False,0.95,"[""fuse_chart""]",False
1990-bmw-m3-electrical-troubleshooting-manual-6160-00,raw/1990 BMW M3 Electrical Troubleshooting Manual/6160-00.jpg,1990,1990 BMW M3 Electrical Troubleshooting Manual,electrical_manual,diagram,False,0.9,"[""wiring"", ""specification""]",False
1990-bmw-m3-electrical-troubleshooting-manual-6160-01,raw/1990 BMW M3 Electrical Troubleshooting Manual/6160-01.jpg,1990,1990 BMW M3 Electrical Troubleshooting Manual,electrical_manual,diagram,False,0.9,"[""wiring""]",False
1990-bmw-m3-electrical-troubleshooting-manual-6210-00,raw/1990 BMW M3 Electrical Troubleshooting Manual/6210-00.jpg,1990,1990 BMW M3 Electrical Troubleshooting Manual,electrical_manual,diagram,False,0.85,"[""specification"", ""wiring""]",False
1990-bmw-m3-electrical-troubleshooting-manual-6210-01,raw/1990 BMW M3 Electrical Troubleshooting Manual/6210-01.jpg,1990,1990 BMW M3 Electrical Troubleshooting Manual,electrical_manual,diagram,False,0.9,"[""specification"", ""wiring""]",False
1990-bmw-m3-electrical-troubleshooting-manual-6210-02,raw/1990 BMW M3 Electrical Troubleshooting Manual/6210-02.jpg,1990,1990 BMW M3 Electrical Troubleshooting Manual,electrical_manual,diagram,False,0.8,"[""wiring"", ""specification""]",False
1990-bmw-m3-electrical-troubleshooting-manual-6210-03,raw/1990 BMW M3 Electrical Troubleshooting Manual/6210-03.jpg,1990,1990 BMW M3 Electrical Troubleshooting Manual,electrical_manual,diagram,False,0.9,"[""specification""]",False
1990-bmw-m3-electrical-troubleshooting-manual-6210-04,raw/1990 BMW M3 Electrical Troubleshooting Manual/6210-04.jpg,1990,1990 BMW M3 Electrical Troubleshooting Manual,electrical_manual,diagram,False,0.9,"[""wiring"", ""specification""]",False
1990-bmw-m3-electrical-troubleshooting-manual-6216-00,raw/1990 BMW M3 Electrical Troubleshooting Manual/6216-00.jpg,1990,1990 BMW M3 Electrical Troubleshooting Manual,electrical_manual,procedure,False,0.9,"[""specification""]",False
1990-bmw-m3-electrical-troubleshooting-manual-6216-01,raw/1990 BMW M3 Electrical Troubleshooting Manual/6216-01.jpg,1990,1990 BMW M3 Electrical Troubleshooting Manual,electrical_manual,diagram,False,0.9,"[""wiring"", ""specification""]",False
1990-bmw-m3-electrical-troubleshooting-manual-6216-02,raw/1990 BMW M3 Electrical Troubleshooting Manual/6216-02.jpg,1990,1990 BMW M3 Electrical Troubleshooting Manual,electrical_manual,diagram,False,0.9,"[""wiring"", ""specification""]",False
1990-bmw-m3-electrical-troubleshooting-manual-6216-03,raw/1990 BMW M3 Electrical Troubleshooting Manual/6216-03.jpg,1990,1990 BMW M3 Electrical Troubleshooting Manual,electrical_manual,diagram,False,0.9,"[""specification"", ""wiring""]",False
1990-bmw-m3-electrical-troubleshooting-manual-6300-00,raw/1990 BMW M3 Electrical Troubleshooting Manual/6300-00.jpg,1990,1990 BMW M3 Electrical Troubleshooting Manual,electrical_manual,diagram,False,0.9,"[""wiring"", ""specification""]",False
1990-bmw-m3-electrical-troubleshooting-manual-6300-01,raw/1990 BMW M3 Electrical Troubleshooting Manual/6300-01.jpg,1990,1990 BMW M3 Electrical Troubleshooting Manual,electrical_manual,wiring,False,0.95,"[""diagram""]",False
1990-bmw-m3-electrical-troubleshooting-manual-6312-00,raw/1990 BMW M3 Electrical Troubleshooting Manual/6312-00.jpg,1990,1990 BMW M3 Electrical Troubleshooting Manual,electrical_manual,diagram,False,0.9,"[""wiring"", ""specification""]",False
1990-bmw-m3-electrical-troubleshooting-manual-6312-01,raw/1990 BMW M3 Electrical Troubleshooting Manual/6312-01.jpg,1990,1990 BMW M3 Electrical Troubleshooting Manual,electrical_manual,wiring,False,0.95,[],False
1990-bmw-m3-electrical-troubleshooting-manual-6313-00,raw/1990 BMW M3 Electrical Troubleshooting Manual/6313-00.jpg,1990,1990 BMW M3 Electrical Troubleshooting Manual,electrical_manual,diagram,False,0.9,"[""wiring"", ""specification""]",False
1990-bmw-m3-electrical-troubleshooting-manual-6313-01,raw/1990 BMW M3 Electrical Troubleshooting Manual/6313-01.jpg,1990,1990 BMW M3 Electrical Troubleshooting Manual,electrical_manual,diagram,False,0.9,"[""wiring""]",False
1990-bmw-m3-electrical-troubleshooting-manual-6314-00,raw/1990 BMW M3 Electrical Troubleshooting Manual/6314-00.jpg,1990,1990 BMW M3 Electrical Troubleshooting Manual,electrical_manual,diagram,False,0.85,"[""specification"", ""wiring""]",False
1990-bmw-m3-electrical-troubleshooting-manual-6320-00,raw/1990 BMW M3 Electrical Troubleshooting Manual/6320-00.jpg,1990,1990 BMW M3 Electrical Troubleshooting Manual,electrical_manual,diagram,False,0.9,"[""wiring"", ""specification""]",False
1990-bmw-m3-electrical-troubleshooting-manual-6322-00,raw/1990 BMW M3 Electrical Troubleshooting Manual/6322-00.jpg,1990,1990 BMW M3 Electrical Troubleshooting Manual,electrical_manual,diagram,False,0.9,"[""specification"", ""wiring""]",False
1990-bmw-m3-electrical-troubleshooting-manual-6325-00,raw/1990 BMW M3 Electrical Troubleshooting Manual/6325-00.jpg,1990,1990 BMW M3 Electrical Troubleshooting Manual,electrical_manual,diagram,False,0.85,"[""wiring"", ""specification""]",False
1990-bmw-m3-electrical-troubleshooting-manual-6330-00,raw/1990 BMW M3 Electrical Troubleshooting Manual/6330-00.jpg,1990,1990 BMW M3 Electrical Troubleshooting Manual,electrical_manual,wiring,False,0.95,"[""specification""]",False
1990-bmw-m3-electrical-troubleshooting-manual-6410-00,raw/1990 BMW M3 Electrical Troubleshooting Manual/6410-00.jpg,1990,1990 BMW M3 Electrical Troubleshooting Manual,electrical_manual,procedure,False,0.9,"[""specification""]",False
1990-bmw-m3-electrical-troubleshooting-manual-6411-00,raw/1990 BMW M3 Electrical Troubleshooting Manual/6411-00.jpg,1990,1990 BMW M3 Electrical Troubleshooting Manual,electrical_manual,diagram,False,0.9,"[""specification"", ""wiring""]",False
1990-bmw-m3-electrical-troubleshooting-manual-6411-01,raw/1990 BMW M3 Electrical Troubleshooting Manual/6411-01.jpg,1990,1990 BMW M3 Electrical Troubleshooting Manual,electrical_manual,troubleshooting,False,0.9,"[""procedure"", ""specification""]",False
1990-bmw-m3-electrical-troubleshooting-manual-6412-02,raw/1990 BMW M3 Electrical Troubleshooting Manual/6412-02.jpg,1990,1990 BMW M3 Electrical Troubleshooting Manual,electrical_manual,procedure,False,0.9,"[""specification""]",False
1990-bmw-m3-electrical-troubleshooting-manual-6413-00,raw/1990 BMW M3 Electrical Troubleshooting Manual/6413-00.jpg,1990,1990 BMW M3 Electrical Troubleshooting Manual,electrical_manual,diagram,False,0.9,"[""wiring"", ""specification""]",False
1990-bmw-m3-electrical-troubleshooting-manual-6413-01,raw/1990 BMW M3 Electrical Troubleshooting Manual/6413-01.jpg,1990,1990 BMW M3 Electrical Troubleshooting Manual,electrical_manual,procedure,False,0.9,"[""specification"", ""troubleshooting""]",False
1990-bmw-m3-electrical-troubleshooting-manual-6413-02,raw/1990 BMW M3 Electrical Troubleshooting Manual/6413-02.jpg,1990,1990 BMW M3 Electrical Troubleshooting Manual,electrical_manual,procedure,False,0.9,"[""specification"", ""troubleshooting""]",False
1990-bmw-m3-electrical-troubleshooting-manual-6421-00,raw/1990 BMW M3 Electrical Troubleshooting Manual/6421-00.jpg,1990,1990 BMW M3 Electrical Troubleshooting Manual,electrical_manual,diagram,False,0.9,"[""wiring"", ""specification""]",False
1990-bmw-m3-electrical-troubleshooting-manual-6421-01,raw/1990 BMW M3 Electrical Troubleshooting Manual/6421-01.jpg,1990,1990 BMW M3 Electrical Troubleshooting Manual,electrical_manual,troubleshooting,False,0.9,"[""procedure"", ""specification""]",False
1990-bmw-m3-electrical-troubleshooting-manual-6452-00,raw/1990 BMW M3 Electrical Troubleshooting Manual/6452-00.jpg,1990,1990 BMW M3 Electrical Troubleshooting Manual,electrical_manual,diagram,False,0.85,"[""wiring""]",False
1990-bmw-m3-electrical-troubleshooting-manual-6452-01,raw/1990 BMW M3 Electrical Troubleshooting Manual/6452-01.jpg,1990,1990 BMW M3 Electrical Troubleshooting Manual,electrical_manual,diagram,False,0.9,"[""specification""]",False
1990-bmw-m3-electrical-troubleshooting-manual-6452-02,raw/1990 BMW M3 Electrical Troubleshooting Manual/6452-02.jpg,1990,1990 BMW M3 Electrical Troubleshooting Manual,electrical_manual,troubleshooting,False,0.95,"[""procedure"", ""specification""]",False
1990-bmw-m3-electrical-troubleshooting-manual-6452-03,raw/1990 BMW M3 Electrical Troubleshooting Manual/6452-03.jpg,1990,1990 BMW M3 Electrical Troubleshooting Manual,electrical_manual,procedure,False,0.9,"[""specification"", ""troubleshooting""]",False
1990-bmw-m3-electrical-troubleshooting-manual-6452-04,raw/1990 BMW M3 Electrical Troubleshooting Manual/6452-04.jpg,1990,1990 BMW M3 Electrical Troubleshooting Manual,electrical_manual,procedure,False,0.9,"[""specification"", ""troubleshooting""]",False
1990-bmw-m3-electrical-troubleshooting-manual-6454-00,raw/1990 BMW M3 Electrical Troubleshooting Manual/6454-00.jpg,1990,1990 BMW M3 Electrical Troubleshooting Manual,electrical_manual,wiring,False,0.9,"[""specification""]",False
1990-bmw-m3-electrical-troubleshooting-manual-6500-00,raw/1990 BMW M3 Electrical Troubleshooting Manual/6500-00.jpg,1990,1990 BMW M3 Electrical Troubleshooting Manual,electrical_manual,diagram,False,0.9,"[""specification"", ""wiring""]",False
1990-bmw-m3-electrical-troubleshooting-manual-6500-01,raw/1990 BMW M3 Electrical Troubleshooting Manual/6500-01.jpg,1990,1990 BMW M3 Electrical Troubleshooting Manual,electrical_manual,wiring,False,0.95,"[""specification"", ""diagram""]",False
1990-bmw-m3-electrical-troubleshooting-manual-6500A-00,raw/1990 BMW M3 Electrical Troubleshooting Manual/6500A-00.jpg,1990,1990 BMW M3 Electrical Troubleshooting Manual,electrical_manual,troubleshooting,False,0.95,"[""procedure"", ""specification"", ""system_check""]",False
1990-bmw-m3-electrical-troubleshooting-manual-6500A-01,raw/1990 BMW M3 Electrical Troubleshooting Manual/6500A-01.jpg,1990,1990 BMW M3 Electrical Troubleshooting Manual,electrical_manual,procedure,False,0.9,"[""specification""]",False
1990-bmw-m3-electrical-troubleshooting-manual-6500A-02,raw/1990 BMW M3 Electrical Troubleshooting Manual/6500A-02.jpg,1990,1990 BMW M3 Electrical Troubleshooting Manual,electrical_manual,procedure,False,0.9,"[""troubleshooting"", ""specification""]",False
1990-bmw-m3-electrical-troubleshooting-manual-6500A-03,raw/1990 BMW M3 Electrical Troubleshooting Manual/6500A-03.jpg,1990,1990 BMW M3 Electrical Troubleshooting Manual,electrical_manual,troubleshooting,False,0.9,"[""specification""]",False
1990-bmw-m3-electrical-troubleshooting-manual-6571-00,raw/1990 BMW M3 Electrical Troubleshooting Manual/6571-00.jpg,1990,1990 BMW M3 Electrical Troubleshooting Manual,electrical_manual,diagram,False,0.85,"[""specification"", ""wiring""]",False
1990-bmw-m3-electrical-troubleshooting-manual-6581-00,raw/1990 BMW M3 Electrical Troubleshooting Manual/6581-00.jpg,1990,1990 BMW M3 Electrical Troubleshooting Manual,electrical_manual,diagram,False,0.9,"[""specification"", ""wiring""]",False
1990-bmw-m3-electrical-troubleshooting-manual-6581-01,raw/1990 BMW M3 Electrical Troubleshooting Manual/6581-01.jpg,1990,1990 BMW M3 Electrical Troubleshooting Manual,electrical_manual,wiring,False,0.9,"[""diagram"", ""specification""]",False
1990-bmw-m3-electrical-troubleshooting-manual-7000-00,raw/1990 BMW M3 Electrical Troubleshooting Manual/7000-00.jpg,1990,1990 BMW M3 Electrical Troubleshooting Manual,electrical_manual,diagram,False,0.85,"[""specification""]",False
1990-bmw-m3-electrical-troubleshooting-manual-7000-01,raw/1990 BMW M3 Electrical Troubleshooting Manual/7000-01.jpg,1990,1990 BMW M3 Electrical Troubleshooting Manual,electrical_manual,diagram,False,0.9,"[""specification""]",False
1990-bmw-m3-electrical-troubleshooting-manual-7000-02,raw/1990 BMW M3 Electrical Troubleshooting Manual/7000-02.jpg,1990,1990 BMW M3 Electrical Troubleshooting Manual,electrical_manual,diagram,False,0.9,"[""specification""]",False
1990-bmw-m3-electrical-troubleshooting-manual-7000-03,raw/1990 BMW M3 Electrical Troubleshooting Manual/7000-03.jpg,1990,1990 BMW M3 Electrical Troubleshooting Manual,electrical_manual,diagram,False,0.85,"[""specification""]",False
1990-bmw-m3-electrical-troubleshooting-manual-7000-04,raw/1990 BMW M3 Electrical Troubleshooting Manual/7000-04.jpg,1990,1990 BMW M3 Electrical Troubleshooting Manual,electrical_manual,diagram,False,0.9,"[""specification""]",False
1990-bmw-m3-electrical-troubleshooting-manual-7000-05,raw/1990 BMW M3 Electrical Troubleshooting Manual/7000-05.jpg,1990,1990 BMW M3 Electrical Troubleshooting Manual,electrical_manual,diagram,False,0.85,"[""specification""]",False
1990-bmw-m3-electrical-troubleshooting-manual-7000-06,raw/1990 BMW M3 Electrical Troubleshooting Manual/7000-06.jpg,1990,1990 BMW M3 Electrical Troubleshooting Manual,electrical_manual,diagram,False,0.8,"[""specification""]",False
1990-bmw-m3-electrical-troubleshooting-manual-7000-07,raw/1990 BMW M3 Electrical Troubleshooting Manual/7000-07.jpg,1990,1990 BMW M3 Electrical Troubleshooting Manual,electrical_manual,diagram,False,0.85,"[""specification""]",False
1990-bmw-m3-electrical-troubleshooting-manual-7000-08,raw/1990 BMW M3 Electrical Troubleshooting Manual/7000-08.jpg,1990,1990 BMW M3 Electrical Troubleshooting Manual,electrical_manual,diagram,False,0.9,"[""specification""]",False
1990-bmw-m3-electrical-troubleshooting-manual-7000-09,raw/1990 BMW M3 Electrical Troubleshooting Manual/7000-09.jpg,1990,1990 BMW M3 Electrical Troubleshooting Manual,electrical_manual,diagram,False,0.85,"[""specification""]",False
1990-bmw-m3-electrical-troubleshooting-manual-7000-10,raw/1990 BMW M3 Electrical Troubleshooting Manual/7000-10.jpg,1990,1990 BMW M3 Electrical Troubleshooting Manual,electrical_manual,diagram,False,0.9,[],False
1990-bmw-m3-electrical-troubleshooting-manual-7000-11,raw/1990 BMW M3 Electrical Troubleshooting Manual/7000-11.jpg,1990,1990 BMW M3 Electrical Troubleshooting Manual,electrical_manual,diagram,False,0.8,"[""specification""]",False
1990-bmw-m3-electrical-troubleshooting-manual-7000-12,raw/1990 BMW M3 Electrical Troubleshooting Manual/7000-12.jpg,1990,1990 BMW M3 Electrical Troubleshooting Manual,electrical_manual,diagram,False,0.9,"[""specification""]",False
1990-bmw-m3-electrical-troubleshooting-manual-8000-00,raw/1990 BMW M3 Electrical Troubleshooting Manual/8000-00.jpg,1990,1990 BMW M3 Electrical Troubleshooting Manual,electrical_manual,index,False,0.95,[],False
1990-bmw-m3-electrical-troubleshooting-manual-8000-01,raw/1990 BMW M3 Electrical Troubleshooting Manual/8000-01.jpg,1990,1990 BMW M3 Electrical Troubleshooting Manual,electrical_manual,index,False,0.95,[],False
1990-bmw-m3-electrical-troubleshooting-manual-8000-02,raw/1990 BMW M3 Electrical Troubleshooting Manual/8000-02.jpg,1990,1990 BMW M3 Electrical Troubleshooting Manual,electrical_manual,diagram,False,0.9,"[""specification""]",False
1990-bmw-m3-electrical-troubleshooting-manual-8000-03,raw/1990 BMW M3 Electrical Troubleshooting Manual/8000-03.jpg,1990,1990 BMW M3 Electrical Troubleshooting Manual,electrical_manual,diagram,False,0.9,"[""wiring""]",False
1990-bmw-m3-electrical-troubleshooting-manual-8000-04,raw/1990 BMW M3 Electrical Troubleshooting Manual/8000-04.jpg,1990,1990 BMW M3 Electrical Troubleshooting Manual,electrical_manual,diagram,False,0.9,"[""specification""]",False
1990-bmw-m3-electrical-troubleshooting-manual-8000-05,raw/1990 BMW M3 Electrical Troubleshooting Manual/8000-05.jpg,1990,1990 BMW M3 Electrical Troubleshooting Manual,electrical_manual,diagram,False,0.85,"[""specification""]",False
1990-bmw-m3-electrical-troubleshooting-manual-8000-06,raw/1990 BMW M3 Electrical Troubleshooting Manual/8000-06.jpg,1990,1990 BMW M3 Electrical Troubleshooting Manual,electrical_manual,diagram,False,0.85,"[""specification""]",False
1990-bmw-m3-electrical-troubleshooting-manual-8500-00,raw/1990 BMW M3 Electrical Troubleshooting Manual/8500-00.jpg,1990,1990 BMW M3 Electrical Troubleshooting Manual,electrical_manual,pinout,False,0.95,"[""diagram""]",False
1990-bmw-m3-electrical-troubleshooting-manual-8500-01,raw/1990 BMW M3 Electrical Troubleshooting Manual/8500-01.jpg,1990,1990 BMW M3 Electrical Troubleshooting Manual,electrical_manual,wiring,False,0.9,"[""specification"", ""pinout""]",False
1990-bmw-m3-electrical-troubleshooting-manual-8500-02,raw/1990 BMW M3 Electrical Troubleshooting Manual/8500-02.jpg,1990,1990 BMW M3 Electrical Troubleshooting Manual,electrical_manual,diagram,False,0.9,"[""specification"", ""wiring"", ""pinout""]",False
1990-bmw-m3-electrical-troubleshooting-manual-8500-03,raw/1990 BMW M3 Electrical Troubleshooting Manual/8500-03.jpg,1990,1990 BMW M3 Electrical Troubleshooting Manual,electrical_manual,wiring,False,0.95,"[""pinout"", ""fuse_chart""]",False
1990-bmw-m3-electrical-troubleshooting-manual-8500-04,raw/1990 BMW M3 Electrical Troubleshooting Manual/8500-04.jpg,1990,1990 BMW M3 Electrical Troubleshooting Manual,electrical_manual,wiring,False,0.9,"[""diagram"", ""specification""]",False
1990-bmw-m3-electrical-troubleshooting-manual-8500-05,raw/1990 BMW M3 Electrical Troubleshooting Manual/8500-05.jpg,1990,1990 BMW M3 Electrical Troubleshooting Manual,electrical_manual,wiring,False,0.9,"[""diagram"", ""specification""]",False
1990-bmw-m3-electrical-troubleshooting-manual-8500-06,raw/1990 BMW M3 Electrical Troubleshooting Manual/8500-06.jpg,1990,1990 BMW M3 Electrical Troubleshooting Manual,electrical_manual,pinout,False,0.95,"[""wiring""]",False
1990-bmw-m3-electrical-troubleshooting-manual-8500-07,raw/1990 BMW M3 Electrical Troubleshooting Manual/8500-07.jpg,1990,1990 BMW M3 Electrical Troubleshooting Manual,electrical_manual,diagram,False,0.9,"[""specification"", ""wiring"", ""pinout"", ""fuse_chart""]",False
1990-bmw-m3-electrical-troubleshooting-manual-8500-08,raw/1990 BMW M3 Electrical Troubleshooting Manual/8500-08.jpg,1990,1990 BMW M3 Electrical Troubleshooting Manual,electrical_manual,wiring,False,0.9,"[""diagram""]",False
1990-bmw-m3-electrical-troubleshooting-manual-8500-09,raw/1990 BMW M3 Electrical Troubleshooting Manual/8500-09.jpg,1990,1990 BMW M3 Electrical Troubleshooting Manual,electrical_manual,wiring,False,0.95,"[""pinout"", ""specification""]",False
1990-bmw-m3-electrical-troubleshooting-manual-8500-10,raw/1990 BMW M3 Electrical Troubleshooting Manual/8500-10.jpg,1990,1990 BMW M3 Electrical Troubleshooting Manual,electrical_manual,wiring,False,0.95,"[""diagram"", ""specification""]",False
1990-bmw-m3-electrical-troubleshooting-manual-8500-11,raw/1990 BMW M3 Electrical Troubleshooting Manual/8500-11.jpg,1990,1990 BMW M3 Electrical Troubleshooting Manual,electrical_manual,wiring,False,0.95,"[""pinout""]",False
1990-bmw-m3-electrical-troubleshooting-manual-9005-00,raw/1990 BMW M3 Electrical Troubleshooting Manual/9005-00.jpg,1990,1990 BMW M3 Electrical Troubleshooting Manual,electrical_manual,diagram,False,0.92,"[""specification""]",False
1990-bmw-m3-electrical-troubleshooting-manual-9005-01,raw/1990 BMW M3 Electrical Troubleshooting Manual/9005-01.jpg,1990,1990 BMW M3 Electrical Troubleshooting Manual,electrical_manual,specification,False,0.9,"[""index""]",False
1990-bmw-m3-electrical-troubleshooting-manual-9005-02,raw/1990 BMW M3 Electrical Troubleshooting Manual/9005-02.jpg,1990,1990 BMW M3 Electrical Troubleshooting Manual,electrical_manual,specification,False,0.9,"[""diagram""]",False
1990-bmw-m3-electrical-troubleshooting-manual-9005-03,raw/1990 BMW M3 Electrical Troubleshooting Manual/9005-03.jpg,1990,1990 BMW M3 Electrical Troubleshooting Manual,electrical_manual,specification,False,0.9,"[""diagram""]",False
1990-bmw-m3-electrical-troubleshooting-manual-9005-04,raw/1990 BMW M3 Electrical Troubleshooting Manual/9005-04.jpg,1990,1990 BMW M3 Electrical Troubleshooting Manual,electrical_manual,specification,False,0.9,"[""diagram""]",False
1990-bmw-m3-electrical-troubleshooting-manual-9005-05,raw/1990 BMW M3 Electrical Troubleshooting Manual/9005-05.jpg,1990,1990 BMW M3 Electrical Troubleshooting Manual,electrical_manual,specification,False,0.9,"[""diagram""]",False
21-00-index-a_clutch,raw/21 - Clutch/21-00-index-a.jpg,21,Clutch,service_manual,index,True,0.95,[],False
21-01_clutch,raw/21 - Clutch/21-01.jpg,21,Clutch,service_manual,procedure,False,0.9,"[""specification""]",False
21-02_clutch,raw/21 - Clutch/21-02.jpg,21,Clutch,service_manual,procedure,False,0.9,"[""specification""]",False
21-03_clutch,raw/21 - Clutch/21-03.jpg,21,Clutch,service_manual,procedure,False,0.9,"[""specification""]",False
21-04_clutch,raw/21 - Clutch/21-04.jpg,21,Clutch,service_manual,procedure,False,0.9,"[""specification""]",False
21-05_clutch,raw/21 - Clutch/21-05.jpg,21,Clutch,service_manual,procedure,False,0.9,"[""specification""]",False
21-06_clutch,raw/21 - Clutch/21-06.jpg,21,Clutch,service_manual,procedure,False,0.9,"[""specification""]",False
21-07_clutch,raw/21 - Clutch/21-07.jpg,21,Clutch,service_manual,troubleshooting,False,0.95,"[""procedure""]",False
23-00-index-a_manual-t,raw/23 - Manual Transmission/23-00-index-a.jpg,23,Manual Transmission,service_manual,index,True,0.95,[],False
23-00-index-b_manual-t,raw/23 - Manual Transmission/23-00-index-b.jpg,23,Manual Transmission,service_manual,index,True,0.95,[],False
23-00-index-c_manual-t,raw/23 - Manual Transmission/23-00-index-c.jpg,23,Manual Transmission,service_manual,index,True,0.95,[],False
23-00-index-d_manual-t,raw/23 - Manual Transmission/23-00-index-d.jpg,23,Manual Transmission,service_manual,index,True,0.95,[],False
23-00-index-e_manual-t,raw/23 - Manual Transmission/23-00-index-e.jpg,23,Manual Transmission,service_manual,index,True,0.95,[],False
23-00-index-f_manual-t,raw/23 - Manual Transmission/23-00-index-f.jpg,23,Manual Transmission,service_manual,index,True,0.95,[],False
23-01_manual-t,raw/23 - Manual Transmission/23-01.jpg,23,Manual Transmission,service_manual,diagram,False,0.95,[],False
23-02_manual-t,raw/23 - Manual Transmission/23-02.jpg,23,Manual Transmission,service_manual,diagram,False,0.9,"[""specification""]",False
23-03_manual-t,raw/23 - Manual Transmission/23-03.jpg,23,Manual Transmission,service_manual,procedure,False,0.9,"[""specification""]",False
23-03a_manual-t,raw/23 - Manual Transmission/23-03a.jpg,23,Manual Transmission,service_manual,procedure,False,0.9,"[""specification""]",False
23-03b_manual-t,raw/23 - Manual Transmission/23-03b.jpg,23,Manual Transmission,service_manual,procedure,False,0.9,"[""specification""]",False
23-04_manual-t,raw/23 - Manual Transmission/23-04.jpg,23,Manual Transmission,service_manual,procedure,False,0.9,"[""specification""]",False
23-05_manual-t,raw/23 - Manual Transmission/23-05.jpg,23,Manual Transmission,service_manual,procedure,False,0.9,"[""specification""]",False
23-06_manual-t,raw/23 - Manual Transmission/23-06.jpg,23,Manual Transmission,service_manual,procedure,False,0.9,"[""specification""]",False
23-07_manual-t,raw/23 - Manual Transmission/23-07.jpg,23,Manual Transmission,service_manual,procedure,False,0.95,"[""specification""]",False
23-08_manual-t,raw/23 - Manual Transmission/23-08.jpg,23,Manual Transmission,service_manual,procedure,False,0.9,"[""specification""]",False
23-09_manual-t,raw/23 - Manual Transmission/23-09.jpg,23,Manual Transmission,service_manual,procedure,False,0.9,"[""specification""]",False
23-101_manual-t,raw/23 - Manual Transmission/23-101.jpg,23,Manual Transmission,service_manual,diagram,False,0.9,"[""specification""]",False
23-102_manual-t,raw/23 - Manual Transmission/23-102.jpg,23,Manual Transmission,service_manual,diagram,False,0.9,"[""specification""]",False
23-103_manual-t,raw/23 - Manual Transmission/23-103.jpg,23,Manual Transmission,service_manual,procedure,False,0.9,"[""specification""]",False
23-104_manual-t,raw/23 - Manual Transmission/23-104.jpg,23,Manual Transmission,service_manual,procedure,False,0.9,"[""specification""]",False
23-105_manual-t,raw/23 - Manual Transmission/23-105.jpg,23,Manual Transmission,service_manual,procedure,False,0.95,"[""specification""]",False
23-106_manual-t,raw/23 - Manual Transmission/23-106.jpg,23,Manual Transmission,service_manual,procedure,False,0.9,"[""specification""]",False
23-107_manual-t,raw/23 - Manual Transmission/23-107.jpg,23,Manual Transmission,service_manual,procedure,False,0.9,"[""specification""]",False
23-108_manual-t,raw/23 - Manual Transmission/23-108.jpg,23,Manual Transmission,service_manual,procedure,False,0.95,"[""specification""]",False
23-109_manual-t,raw/23 - Manual Transmission/23-109.jpg,23,Manual Transmission,service_manual,procedure,False,0.95,"[""specification""]",False
23-10_manual-t,raw/23 - Manual Transmission/23-10.jpg,23,Manual Transmission,service_manual,procedure,False,0.95,"[""specification""]",False
23-110_manual-t,raw/23 - Manual Transmission/23-110.jpg,23,Manual Transmission,service_manual,procedure,False,0.9,"[""specification""]",False
23-111_manual-t,raw/23 - Manual Transmission/23-111.jpg,23,Manual Transmission,service_manual,procedure,False,0.95,"[""specification""]",False
23-112_manual-t,raw/23 - Manual Transmission/23-112.jpg,23,Manual Transmission,service_manual,procedure,False,0.9,"[""specification""]",False
23-113_manual-t,raw/23 - Manual Transmission/23-113.jpg,23,Manual Transmission,service_manual,procedure,False,0.95,"[""specification""]",False
23-114_manual-t,raw/23 - Manual Transmission/23-114.jpg,23,Manual Transmission,service_manual,procedure,False,0.9,"[""specification""]",False
23-115_manual-t,raw/23 - Manual Transmission/23-115.jpg,23,Manual Transmission,service_manual,procedure,False,0.9,"[""specification""]",False
23-116_manual-t,raw/23 - Manual Transmission/23-116.jpg,23,Manual Transmission,service_manual,procedure,False,0.9,"[""specification""]",False
23-117_manual-t,raw/23 - Manual Transmission/23-117.jpg,23,Manual Transmission,service_manual,diagram,False,0.9,"[""specification""]",False
23-118_manual-t,raw/23 - Manual Transmission/23-118.jpg,23,Manual Transmission,service_manual,procedure,False,0.9,"[""specification""]",False
23-119_manual-t,raw/23 - Manual Transmission/23-119.jpg,23,Manual Transmission,service_manual,procedure,False,0.95,"[""specification""]",False
23-11_manual-t,raw/23 - Manual Transmission/23-11.jpg,23,Manual Transmission,service_manual,procedure,False,0.95,"[""specification""]",False
23-120_manual-t,raw/23 - Manual Transmission/23-120.jpg,23,Manual Transmission,service_manual,procedure,False,0.95,"[""specification""]",False
23-121_manual-t,raw/23 - Manual Transmission/23-121.jpg,23,Manual Transmission,service_manual,troubleshooting,False,0.95,[],False
23-122_manual-t,raw/23 - Manual Transmission/23-122.jpg,23,Manual Transmission,service_manual,troubleshooting,False,0.95,"[""procedure""]",False
23-12_manual-t,raw/23 - Manual Transmission/23-12.jpg,23,Manual Transmission,service_manual,procedure,False,0.9,"[""specification""]",False
23-13_manual-t,raw/23 - Manual Transmission/23-13.jpg,23,Manual Transmission,service_manual,procedure,False,0.9,"[""specification""]",False
23-14_manual-t,raw/23 - Manual Transmission/23-14.jpg,23,Manual Transmission,service_manual,procedure,False,0.9,"[""specification""]",False
23-15_manual-t,raw/23 - Manual Transmission/23-15.jpg,23,Manual Transmission,service_manual,procedure,False,0.9,"[""specification""]",False
23-165_manual-t,raw/23 - Manual Transmission/23-165.jpg,23,Manual Transmission,service_manual,diagram,False,0.95,[],False
23-166_manual-t,raw/23 - Manual Transmission/23-166.jpg,23,Manual Transmission,service_manual,diagram,False,0.9,"[""specification""]",False
23-167_manual-t,raw/23 - Manual Transmission/23-167.jpg,23,Manual Transmission,service_manual,procedure,False,0.9,"[""specification""]",False
23-168_manual-t,raw/23 - Manual Transmission/23-168.jpg,23,Manual Transmission,service_manual,procedure,False,0.95,"[""specification""]",False
23-168a_manual-t,raw/23 - Manual Transmission/23-168a.jpg,23,Manual Transmission,service_manual,procedure,False,0.9,"[""specification""]",False
23-169_manual-t,raw/23 - Manual Transmission/23-169.jpg,23,Manual Transmission,service_manual,procedure,False,0.9,"[""specification""]",False
23-16_manual-t,raw/23 - Manual Transmission/23-16.jpg,23,Manual Transmission,service_manual,procedure,False,0.9,"[""specification""]",False
23-170_manual-t,raw/23 - Manual Transmission/23-170.jpg,23,Manual Transmission,service_manual,procedure,False,0.9,"[""specification""]",False
23-171_manual-t,raw/23 - Manual Transmission/23-171.jpg,23,Manual Transmission,service_manual,procedure,False,0.95,"[""specification""]",False
23-172_manual-t,raw/23 - Manual Transmission/23-172.jpg,23,Manual Transmission,service_manual,procedure,False,0.95,"[""specification""]",False
23-173_manual-t,raw/23 - Manual Transmission/23-173.jpg,23,Manual Transmission,service_manual,procedure,False,0.95,"[""specification""]",False
23-173a_manual-t,raw/23 - Manual Transmission/23-173a.jpg,23,Manual Transmission,service_manual,procedure,False,0.9,"[""specification""]",False
23-174_manual-t,raw/23 - Manual Transmission/23-174.jpg,23,Manual Transmission,service_manual,procedure,False,0.9,"[""specification""]",False
23-175_manual-t,raw/23 - Manual Transmission/23-175.jpg,23,Manual Transmission,service_manual,procedure,False,0.9,"[""specification""]",False
23-176_manual-t,raw/23 - Manual Transmission/23-176.jpg,23,Manual Transmission,service_manual,procedure,False,0.9,"[""specification""]",False
23-177_manual-t,raw/23 - Manual Transmission/23-177.jpg,23,Manual Transmission,service_manual,procedure,False,0.95,"[""specification""]",False
23-178_manual-t,raw/23 - Manual Transmission/23-178.jpg,23,Manual Transmission,service_manual,procedure,False,0.9,"[""specification""]",False
23-179_manual-t,raw/23 - Manual Transmission/23-179.jpg,23,Manual Transmission,service_manual,procedure,False,0.9,"[""specification""]",False
23-17_manual-t,raw/23 - Manual Transmission/23-17.jpg,23,Manual Transmission,service_manual,diagram,False,0.9,"[""specification""]",False
23-180_manual-t,raw/23 - Manual Transmission/23-180.jpg,23,Manual Transmission,service_manual,procedure,False,0.9,"[""specification""]",False
23-181_manual-t,raw/23 - Manual Transmission/23-181.jpg,23,Manual Transmission,service_manual,procedure,False,0.9,"[""specification""]",False
23-182_manual-t,raw/23 - Manual Transmission/23-182.jpg,23,Manual Transmission,service_manual,specification,False,0.9,"[""diagram""]",False
23-183_manual-t,raw/23 - Manual Transmission/23-183.jpg,23,Manual Transmission,service_manual,diagram,False,0.9,"[""specification""]",False
23-184_manual-t,raw/23 - Manual Transmission/23-184.jpg,23,Manual Transmission,service_manual,procedure,False,0.9,"[""specification""]",False
23-185_manual-t,raw/23 - Manual Transmission/23-185.jpg,23,Manual Transmission,service_manual,procedure,False,0.95,"[""specification""]",False
23-186_manual-t,raw/23 - Manual Transmission/23-186.jpg,23,Manual Transmission,service_manual,procedure,False,0.95,"[""specification""]",False
23-187_manual-t,raw/23 - Manual Transmission/23-187.jpg,23,Manual Transmission,service_manual,procedure,False,0.9,"[""specification""]",False
23-188_manual-t,raw/23 - Manual Transmission/23-188.jpg,23,Manual Transmission,service_manual,procedure,False,0.9,"[""specification""]",False
23-18_manual-t,raw/23 - Manual Transmission/23-18.jpg,23,Manual Transmission,service_manual,procedure,False,0.9,"[""specification""]",False
23-19_manual-t,raw/23 - Manual Transmission/23-19.jpg,23,Manual Transmission,service_manual,procedure,False,0.9,"[""specification""]",False
23-20_manual-t,raw/23 - Manual Transmission/23-20.jpg,23,Manual Transmission,service_manual,procedure,False,0.9,"[""specification""]",False
23-21_manual-t,raw/23 - Manual Transmission/23-21.jpg,23,Manual Transmission,service_manual,procedure,False,0.9,"[""specification""]",False
23-22_manual-t,raw/23 - Manual Transmission/23-22.jpg,23,Manual Transmission,service_manual,procedure,False,0.9,"[""specification""]",False
23-300_manual-t,raw/23 - Manual Transmission/23-300.jpg,23,Manual Transmission,service_manual,diagram,False,0.9,"[""specification""]",False
23-301_manual-t,raw/23 - Manual Transmission/23-301.jpg,23,Manual Transmission,service_manual,diagram,False,0.9,"[""specification""]",False
23-302_manual-t,raw/23 - Manual Transmission/23-302.jpg,23,Manual Transmission,service_manual,procedure,False,0.9,"[""specification""]",False
23-303_manual-t,raw/23 - Manual Transmission/23-303.jpg,23,Manual Transmission,service_manual,procedure,False,0.9,"[""specification""]",False
23-304_manual-t,raw/23 - Manual Transmission/23-304.jpg,23,Manual Transmission,service_manual,procedure,False,0.92,"[""specification""]",False
23-305_manual-t,raw/23 - Manual Transmission/23-305.jpg,23,Manual Transmission,service_manual,procedure,False,0.9,"[""specification""]",False
23-306_manual-t,raw/23 - Manual Transmission/23-306.jpg,23,Manual Transmission,service_manual,procedure,False,0.9,"[""specification""]",False
23-307_manual-t,raw/23 - Manual Transmission/23-307.jpg,23,Manual Transmission,service_manual,procedure,False,0.95,"[""specification""]",False
23-308_manual-t,raw/23 - Manual Transmission/23-308.jpg,23,Manual Transmission,service_manual,procedure,False,0.9,"[""specification""]",False
23-309_manual-t,raw/23 - Manual Transmission/23-309.jpg,23,Manual Transmission,service_manual,procedure,False,0.9,"[""specification""]",False
23-310_manual-t,raw/23 - Manual Transmission/23-310.jpg,23,Manual Transmission,service_manual,procedure,False,0.9,"[""specification""]",False
23-311_manual-t,raw/23 - Manual Transmission/23-311.jpg,23,Manual Transmission,service_manual,procedure,False,0.9,"[""specification""]",False
23-312_manual-t,raw/23 - Manual Transmission/23-312.jpg,23,Manual Transmission,service_manual,procedure,False,0.92,"[""specification""]",False
23-313_manual-t,raw/23 - Manual Transmission/23-313.jpg,23,Manual Transmission,service_manual,procedure,False,0.9,"[""specification""]",False
23-314_manual-t,raw/23 - Manual Transmission/23-314.jpg,23,Manual Transmission,service_manual,procedure,False,0.95,"[""specification""]",False
23-315_manual-t,raw/23 - Manual Transmission/23-315.jpg,23,Manual Transmission,service_manual,procedure,False,0.9,"[""specification""]",False
23-316_manual-t,raw/23 - Manual Transmission/23-316.jpg,23,Manual Transmission,service_manual,procedure,False,0.9,"[""specification""]",False
23-317_manual-t,raw/23 - Manual Transmission/23-317.jpg,23,Manual Transmission,service_manual,procedure,False,0.9,"[""specification""]",False
23-318_manual-t,raw/23 - Manual Transmission/23-318.jpg,23,Manual Transmission,service_manual,procedure,False,0.9,"[""specification""]",False
23-319_manual-t,raw/23 - Manual Transmission/23-319.jpg,23,Manual Transmission,service_manual,procedure,False,0.9,"[""specification""]",False
23-320_manual-t,raw/23 - Manual Transmission/23-320.jpg,23,Manual Transmission,service_manual,diagram,False,0.9,"[""specification""]",False
23-321_manual-t,raw/23 - Manual Transmission/23-321.jpg,23,Manual Transmission,service_manual,procedure,False,0.9,"[""specification""]",False
23-322_manual-t,raw/23 - Manual Transmission/23-322.jpg,23,Manual Transmission,service_manual,procedure,False,0.95,"[""specification""]",False
23-323_manual-t,raw/23 - Manual Transmission/23-323.jpg,23,Manual Transmission,service_manual,procedure,False,0.9,"[""specification""]",False
23-324_manual-t,raw/23 - Manual Transmission/23-324.jpg,23,Manual Transmission,service_manual,procedure,False,0.9,"[""specification""]",False
25-00-index-a_gear-shi,raw/25 - Gear Shift Mechanism/25-00-index-a.jpg,25,Gear Shift Mechanism,service_manual,index,True,0.95,[],False
25-01_gear-shi,raw/25 - Gear Shift Mechanism/25-01.jpg,25,Gear Shift Mechanism,service_manual,diagram,False,0.9,"[""specification""]",False
25-02_gear-shi,raw/25 - Gear Shift Mechanism/25-02.jpg,25,Gear Shift Mechanism,service_manual,diagram,False,0.95,"[""specification""]",False
25-03_gear-shi,raw/25 - Gear Shift Mechanism/25-03.jpg,25,Gear Shift Mechanism,service_manual,procedure,False,0.95,"[""specification""]",False
25-04_gear-shi,raw/25 - Gear Shift Mechanism/25-04.jpg,25,Gear Shift Mechanism,service_manual,procedure,False,0.95,"[""specification""]",False
25-05_gear-shi,raw/25 - Gear Shift Mechanism/25-05.jpg,25,Gear Shift Mechanism,service_manual,procedure,False,0.95,"[""specification""]",False
25-06_gear-shi,raw/25 - Gear Shift Mechanism/25-06.jpg,25,Gear Shift Mechanism,service_manual,procedure,False,0.95,"[""specification""]",False
25-07_gear-shi,raw/25 - Gear Shift Mechanism/25-07.jpg,25,Gear Shift Mechanism,service_manual,procedure,False,0.95,"[""specification""]",False
25-08_gear-shi,raw/25 - Gear Shift Mechanism/25-08.jpg,25,Gear Shift Mechanism,service_manual,procedure,False,0.9,"[""specification""]",False
25-09_gear-shi,raw/25 - Gear Shift Mechanism/25-09.jpg,25,Gear Shift Mechanism,service_manual,procedure,False,0.9,"[""specification""]",False
25-10_gear-shi,raw/25 - Gear Shift Mechanism/25-10.jpg,25,Gear Shift Mechanism,service_manual,procedure,False,0.9,"[""specification""]",False
25-11_gear-shi,raw/25 - Gear Shift Mechanism/25-11.jpg,25,Gear Shift Mechanism,service_manual,procedure,False,0.95,"[""specification""]",False
25-12_gear-shi,raw/25 - Gear Shift Mechanism/25-12.jpg,25,Gear Shift Mechanism,service_manual,procedure,False,0.95,"[""specification""]",False
25-13_gear-shi,raw/25 - Gear Shift Mechanism/25-13.jpg,25,Gear Shift Mechanism,service_manual,procedure,False,0.9,"[""specification""]",False
25-14_gear-shi,raw/25 - Gear Shift Mechanism/25-14.jpg,25,Gear Shift Mechanism,service_manual,procedure,False,0.9,"[""specification""]",False
25-15_gear-shi,raw/25 - Gear Shift Mechanism/25-15.jpg,25,Gear Shift Mechanism,service_manual,diagram,False,0.9,"[""specification""]",False
25-16_gear-shi,raw/25 - Gear Shift Mechanism/25-16.jpg,25,Gear Shift Mechanism,service_manual,diagram,False,0.9,"[""specification""]",False
25-17_gear-shi,raw/25 - Gear Shift Mechanism/25-17.jpg,25,Gear Shift Mechanism,service_manual,procedure,False,0.95,"[""specification""]",False
25-18_gear-shi,raw/25 - Gear Shift Mechanism/25-18.jpg,25,Gear Shift Mechanism,service_manual,procedure,False,0.9,"[""specification""]",False
25-19_gear-shi,raw/25 - Gear Shift Mechanism/25-19.jpg,25,Gear Shift Mechanism,service_manual,procedure,False,0.9,"[""specification""]",False
25-20_gear-shi,raw/25 - Gear Shift Mechanism/25-20.jpg,25,Gear Shift Mechanism,service_manual,procedure,False,0.95,"[""specification""]",False
25-21_gear-shi,raw/25 - Gear Shift Mechanism/25-21.jpg,25,Gear Shift Mechanism,service_manual,procedure,False,0.95,"[""specification""]",False
25-22_gear-shi,raw/25 - Gear Shift Mechanism/25-22.jpg,25,Gear Shift Mechanism,service_manual,procedure,False,0.9,"[""specification""]",False
26-00-index-a_propello,raw/26 - Propellor Shaft/26-00-index-a.jpg,26,Propellor Shaft,service_manual,index,True,0.95,[],False
26-01_propello,raw/26 - Propellor Shaft/26-01.jpg,26,Propellor Shaft,service_manual,procedure,False,0.9,"[""specification""]",False
26-01a_propello,raw/26 - Propellor Shaft/26-01a.jpg,26,Propellor Shaft,service_manual,procedure,False,0.9,"[""specification""]",False
26-02_propello,raw/26 - Propellor Shaft/26-02.jpg,26,Propellor Shaft,service_manual,procedure,False,0.9,"[""specification""]",False
26-03_propello,raw/26 - Propellor Shaft/26-03.jpg,26,Propellor Shaft,service_manual,procedure,False,0.9,"[""specification""]",False
26-04_propello,raw/26 - Propellor Shaft/26-04.jpg,26,Propellor Shaft,service_manual,procedure,False,0.9,"[""specification""]",False
26-05_propello,raw/26 - Propellor Shaft/26-05.jpg,26,Propellor Shaft,service_manual,procedure,False,0.9,"[""specification""]",False
26-06_propello,raw/26 - Propellor Shaft/26-06.jpg,26,Propellor Shaft,service_manual,procedure,False,0.9,"[""specification""]",False
26-07_propello,raw/26 - Propellor Shaft/26-07.jpg,26,Propellor Shaft,service_manual,procedure,False,0.92,"[""specification""]",False
26-08_propello,raw/26 - Propellor Shaft/26-08.jpg,26,Propellor Shaft,service_manual,procedure,False,0.9,"[""specification""]",False
26-09_propello,raw/26 - Propellor Shaft/26-09.jpg,26,Propellor Shaft,service_manual,procedure,False,0.9,"[""specification""]",False
26-10_propello,raw/26 - Propellor Shaft/26-10.jpg,26,Propellor Shaft,service_manual,procedure,False,0.95,"[""specification""]",False
26-11_propello,raw/26 - Propellor Shaft/26-11.jpg,26,Propellor Shaft,service_manual,procedure,False,0.9,"[""specification""]",False
26-12_propello,raw/26 - Propellor Shaft/26-12.jpg,26,Propellor Shaft,service_manual,procedure,False,0.9,"[""specification""]",False
26-13_propello,raw/26 - Propellor Shaft/26-13.jpg,26,Propellor Shaft,service_manual,procedure,False,0.9,"[""specification""]",False
26-14_propello,raw/26 - Propellor Shaft/26-14.jpg,26,Propellor Shaft,service_manual,procedure,False,0.9,"[""specification""]",False
26-15_propello,raw/26 - Propellor Shaft/26-15.jpg,26,Propellor Shaft,service_manual,troubleshooting,False,0.95,"[""procedure""]",False
26-16_propello,raw/26 - Propellor Shaft/26-16.jpg,26,Propellor Shaft,service_manual,troubleshooting,False,0.95,"[""specification""]",False
31-00-index-a_front-ax,raw/31 - Front Axle/31-00-index-a.jpg,31,Front Axle,service_manual,index,True,0.95,[],False
31-00-index-b_front-ax,raw/31 - Front Axle/31-00-index-b.jpg,31,Front Axle,service_manual,index,True,0.95,[],False
31-00-index-c_front-ax,raw/31 - Front Axle/31-00-index-c.jpg,31,Front Axle,service_manual,index,True,0.95,[],False
31-01_front-ax,raw/31 - Front Axle/31-01.jpg,31,Front Axle,service_manual,diagram,False,0.95,[],False
31-02_front-ax,raw/31 - Front Axle/31-02.jpg,31,Front Axle,service_manual,procedure,False,0.92,"[""specification""]",False
31-03_front-ax,raw/31 - Front Axle/31-03.jpg,31,Front Axle,service_manual,procedure,False,0.9,"[""specification""]",False
31-04_front-ax,raw/31 - Front Axle/31-04.jpg,31,Front Axle,service_manual,procedure,False,0.95,"[""specification""]",False
31-05_1_front-ax,raw/31 - Front Axle/31-05_1.jpg,31,Front Axle,service_manual,procedure,False,0.9,"[""specification""]",False
31-05_2_front-ax,raw/31 - Front Axle/31-05_2.jpg,31,Front Axle,service_manual,procedure,False,0.9,"[""specification""]",False
31-05_front-ax,raw/31 - Front Axle/31-05.jpg,31,Front Axle,service_manual,procedure,False,0.9,"[""specification""]",False
31-06_1_front-ax,raw/31 - Front Axle/31-06_1.jpg,31,Front Axle,service_manual,procedure,False,0.9,"[""specification""]",False
31-06_front-ax,raw/31 - Front Axle/31-06.jpg,31,Front Axle,service_manual,procedure,False,0.95,"[""specification""]",False
31-07_front-ax,raw/31 - Front Axle/31-07.jpg,31,Front Axle,service_manual,procedure,False,0.95,"[""specification""]",False
31-08_front-ax,raw/31 - Front Axle/31-08.jpg,31,Front Axle,service_manual,procedure,False,0.9,"[""specification""]",False
31-09_1_front-ax,raw/31 - Front Axle/31-09_1.jpg,31,Front Axle,service_manual,procedure,False,0.9,"[""specification""]",False
31-09_2_front-ax,raw/31 - Front Axle/31-09_2.jpg,31,Front Axle,service_manual,procedure,False,0.9,"[""specification""]",False
31-09_front-ax,raw/31 - Front Axle/31-09.jpg,31,Front Axle,service_manual,procedure,False,0.9,"[""specification""]",False
31-10_1_front-ax,raw/31 - Front Axle/31-10_1.jpg,31,Front Axle,service_manual,procedure,False,0.9,"[""specification""]",False
31-10_front-ax,raw/31 - Front Axle/31-10.jpg,31,Front Axle,service_manual,procedure,False,0.9,"[""specification""]",False
31-11_1_front-ax,raw/31 - Front Axle/31-11_1.jpg,31,Front Axle,service_manual,procedure,False,0.9,"[""specification""]",False
31-11_2_front-ax,raw/31 - Front Axle/31-11_2.jpg,31,Front Axle,service_manual,procedure,False,0.9,"[""specification""]",False
31-11_front-ax,raw/31 - Front Axle/31-11.jpg,31,Front Axle,service_manual,procedure,False,0.9,"[""specification""]",False
31-12_front-ax,raw/31 - Front Axle/31-12.jpg,31,Front Axle,service_manual,diagram,False,0.9,"[""specification""]",False
31-13_front-ax,raw/31 - Front Axle/31-13.jpg,31,Front Axle,service_manual,procedure,False,0.9,"[""specification""]",False
31-14_front-ax,raw/31 - Front Axle/31-14.jpg,31,Front Axle,service_manual,procedure,False,0.9,"[""specification""]",False
31-15_front-ax,raw/31 - Front Axle/31-15.jpg,31,Front Axle,service_manual,procedure,False,0.95,"[""specification""]",False
31-16_1_front-ax,raw/31 - Front Axle/31-16_1.jpg,31,Front Axle,service_manual,procedure,False,0.9,"[""specification""]",False
31-16_2_front-ax,raw/31 - Front Axle/31-16_2.jpg,31,Front Axle,service_manual,specification,False,0.8,"[""diagram""]",False
31-16_3_front-ax,raw/31 - Front Axle/31-16_3.jpg,31,Front Axle,service_manual,specification,False,0.8,"[""diagram""]",False
31-16_4_front-ax,raw/31 - Front Axle/31-16_4.jpg,31,Front Axle,service_manual,specification,False,0.95,"[""diagram""]",False
31-16_front-ax,raw/31 - Front Axle/31-16.jpg,31,Front Axle,service_manual,procedure,False,0.9,"[""specification""]",False
31-17_front-ax,raw/31 - Front Axle/31-17.jpg,31,Front Axle,service_manual,procedure,False,0.9,"[""specification""]",False
31-18_front-ax,raw/31 - Front Axle/31-18.jpg,31,Front Axle,service_manual,troubleshooting,False,0.9,"[""specification""]",False
31-19_front-ax,raw/31 - Front Axle/31-19.jpg,31,Front Axle,service_manual,troubleshooting,False,0.95,[],False
31-20_front-ax,raw/31 - Front Axle/31-20.jpg,31,Front Axle,service_manual,troubleshooting,False,0.95,[],False
31-21_front-ax,raw/31 - Front Axle/31-21.jpg,31,Front Axle,service_manual,specification,False,0.9,"[""procedure""]",False
31-22_front-ax,raw/31 - Front Axle/31-22.jpg,31,Front Axle,service_manual,procedure,False,0.9,"[""specification""]",False
31-23_front-ax,raw/31 - Front Axle/31-23.jpg,31,Front Axle,service_manual,procedure,False,0.95,"[""specification""]",False
31-24_front-ax,raw/31 - Front Axle/31-24.jpg,31,Front Axle,service_manual,procedure,False,0.9,"[""specification""]",False
31-25_front-ax,raw/31 - Front Axle/31-25.jpg,31,Front Axle,service_manual,procedure,False,0.9,"[""specification""]",False
31-26_front-ax,raw/31 - Front Axle/31-26.jpg,31,Front Axle,service_manual,procedure,False,0.9,"[""specification""]",False
31-27_front-ax,raw/31 - Front Axle/31-27.jpg,31,Front Axle,service_manual,procedure,False,0.95,"[""specification""]",False
31-28_front-ax,raw/31 - Front Axle/31-28.jpg,31,Front Axle,service_manual,procedure,False,0.9,"[""specification""]",False
31-29_front-ax,raw/31 - Front Axle/31-29.jpg,31,Front Axle,service_manual,procedure,False,0.9,"[""specification""]",False
31-30_front-ax,raw/31 - Front Axle/31-30.jpg,31,Front Axle,service_manual,procedure,False,0.9,"[""specification""]",False
31-31_front-ax,raw/31 - Front Axle/31-31.jpg,31,Front Axle,service_manual,procedure,False,0.9,"[""specification""]",False
31-32_front-ax,raw/31 - Front Axle/31-32.jpg,31,Front Axle,service_manual,procedure,False,0.95,"[""specification""]",False
31-33_front-ax,raw/31 - Front Axle/31-33.jpg,31,Front Axle,service_manual,procedure,False,0.9,"[""specification""]",False
31-34_front-ax,raw/31 - Front Axle/31-34.jpg,31,Front Axle,service_manual,procedure,False,0.95,"[""specification""]",False
31-35_front-ax,raw/31 - Front Axle/31-35.jpg,31,Front Axle,service_manual,procedure,False,0.9,"[""specification""]",False
31-36_front-ax,raw/31 - Front Axle/31-36.jpg,31,Front Axle,service_manual,procedure,False,0.9,"[""specification""]",False
31-37_front-ax,raw/31 - Front Axle/31-37.jpg,31,Front Axle,service_manual,procedure,False,0.9,"[""specification""]",False
31-38_front-ax,raw/31 - Front Axle/31-38.jpg,31,Front Axle,service_manual,specification,False,0.9,"[""procedure""]",False
31-39_front-ax,raw/31 - Front Axle/31-39.jpg,31,Front Axle,service_manual,procedure,False,0.9,"[""specification""]",False
31-40_front-ax,raw/31 - Front Axle/31-40.jpg,31,Front Axle,service_manual,procedure,False,0.85,"[""specification""]",False
31-41_front-ax,raw/31 - Front Axle/31-41.jpg,31,Front Axle,service_manual,specification,False,0.9,"[""procedure""]",False
31-42_front-ax,raw/31 - Front Axle/31-42.jpg,31,Front Axle,service_manual,specification,False,0.9,"[""procedure""]",False
31-43_front-ax,raw/31 - Front Axle/31-43.jpg,31,Front Axle,service_manual,procedure,False,0.9,"[""specification""]",False
31-44_front-ax,raw/31 - Front Axle/31-44.jpg,31,Front Axle,service_manual,diagram,False,0.9,"[""specification""]",False
31-45_front-ax,raw/31 - Front Axle/31-45.jpg,31,Front Axle,service_manual,procedure,False,0.9,"[""specification""]",False
31-46_front-ax,raw/31 - Front Axle/31-46.jpg,31,Front Axle,service_manual,procedure,False,0.95,"[""specification""]",False
31-47_front-ax,raw/31 - Front Axle/31-47.jpg,31,Front Axle,service_manual,procedure,False,0.9,"[""specification""]",False
31-48_front-ax,raw/31 - Front Axle/31-48.jpg,31,Front Axle,service_manual,procedure,False,0.95,"[""specification""]",False
33-00-index-a_rear-axl,raw/33 - Rear Axle/33-00-index-a.jpg,33,Rear Axle,service_manual,index,True,0.95,[],False
33-00_1_rear-axl,raw/33 - Rear Axle/33-00_1.jpg,33,Rear Axle,service_manual,procedure,False,0.9,"[""specification""]",False
33-00_2_rear-axl,raw/33 - Rear Axle/33-00_2.jpg,33,Rear Axle,service_manual,specification,False,0.9,"[""diagram""]",False
33-00_rear-axl,raw/33 - Rear Axle/33-00.jpg,33,Rear Axle,service_manual,diagram,False,0.9,[],False
33-01_1_rear-axl,raw/33 - Rear Axle/33-01_1.jpg,33,Rear Axle,service_manual,procedure,False,0.9,"[""specification""]",False
33-01_rear-axl,raw/33 - Rear Axle/33-01.jpg,33,Rear Axle,service_manual,procedure,False,0.95,"[""specification""]",False
33-02_rear-axl,raw/33 - Rear Axle/33-02.jpg,33,Rear Axle,service_manual,procedure,False,0.95,"[""specification""]",False
33-03_rear-axl,raw/33 - Rear Axle/33-03.jpg,33,Rear Axle,service_manual,procedure,False,0.9,"[""specification""]",False
33-04_rear-axl,raw/33 - Rear Axle/33-04.jpg,33,Rear Axle,service_manual,procedure,False,0.9,"[""specification""]",False
33-05_rear-axl,raw/33 - Rear Axle/33-05.jpg,33,Rear Axle,service_manual,procedure,False,0.95,"[""specification""]",False
33-06_rear-axl,raw/33 - Rear Axle/33-06.jpg,33,Rear Axle,service_manual,procedure,False,0.9,"[""specification""]",False
33-07_rear-axl,raw/33 - Rear Axle/33-07.jpg,33,Rear Axle,service_manual,procedure,False,0.9,"[""specification""]",False
33-08_rear-axl,raw/33 - Rear Axle/33-08.jpg,33,Rear Axle,service_manual,procedure,False,0.95,"[""specification""]",False
33-09_rear-axl,raw/33 - Rear Axle/33-09.jpg,33,Rear Axle,service_manual,procedure,False,0.9,"[""specification""]",False
33-10_rear-axl,raw/33 - Rear Axle/33-10.jpg,33,Rear Axle,service_manual,diagram,False,0.8,"[""specification""]",False
33-11_rear-axl,raw/33 - Rear Axle/33-11.jpg,33,Rear Axle,service_manual,diagram,False,0.9,"[""specification""]",False
33-13_rear-axl,raw/33 - Rear Axle/33-13.jpg,33,Rear Axle,service_manual,procedure,False,0.9,"[""specification""]",False
33-14_rear-axl,raw/33 - Rear Axle/33-14.jpg,33,Rear Axle,service_manual,procedure,False,0.95,"[""specification""]",False
33-15_rear-axl,raw/33 - Rear Axle/33-15.jpg,33,Rear Axle,service_manual,procedure,False,0.9,"[""specification""]",False
33-16_rear-axl,raw/33 - Rear Axle/33-16.jpg,33,Rear Axle,service_manual,procedure,False,0.9,"[""specification""]",False
33-17_rear-axl,raw/33 - Rear Axle/33-17.jpg,33,Rear Axle,service_manual,procedure,False,0.95,"[""specification""]",False
33-18_rear-axl,raw/33 - Rear Axle/33-18.jpg,33,Rear Axle,service_manual,troubleshooting,False,0.95,"[""specification""]",False
34-00-index-a_brakes,raw/34 - Brakes/34-00-index-a.jpg,34,Brakes,service_manual,index,True,0.95,[],False
34-00-index-b_brakes,raw/34 - Brakes/34-00-index-b.jpg,34,Brakes,service_manual,index,True,0.95,[],False
34-00-index-c_brakes,raw/34 - Brakes/34-00-index-c.jpg,34,Brakes,service_manual,index,True,0.95,[],False
34-01_brakes,raw/34 - Brakes/34-01.jpg,34,Brakes,service_manual,procedure,False,0.9,"[""specification""]",False
34-02_brakes,raw/34 - Brakes/34-02.jpg,34,Brakes,service_manual,procedure,False,0.9,"[""specification""]",False
34-03_brakes,raw/34 - Brakes/34-03.jpg,34,Brakes,service_manual,procedure,False,0.9,"[""specification""]",False
34-04_brakes,raw/34 - Brakes/34-04.jpg,34,Brakes,service_manual,procedure,False,0.95,"[""specification""]",False
34-05_brakes,raw/34 - Brakes/34-05.jpg,34,Brakes,service_manual,procedure,False,0.9,"[""specification""]",False
34-06_brakes,raw/34 - Brakes/34-06.jpg,34,Brakes,service_manual,procedure,False,0.92,"[""specification""]",False
34-07_brakes,raw/34 - Brakes/34-07.jpg,34,Brakes,service_manual,procedure,False,0.92,"[""specification""]",False
34-08_brakes,raw/34 - Brakes/34-08.jpg,34,Brakes,service_manual,procedure,False,0.9,"[""specification""]",False
34-09_brakes,raw/34 - Brakes/34-09.jpg,34,Brakes,service_manual,procedure,False,0.9,"[""specification""]",False
34-10_brakes,raw/34 - Brakes/34-10.jpg,34,Brakes,service_manual,procedure,False,0.9,"[""specification""]",False
34-10a_brakes,raw/34 - Brakes/34-10a.jpg,34,Brakes,service_manual,diagram,False,0.9,"[""specification""]",False
34-11_brakes,raw/34 - Brakes/34-11.jpg,34,Brakes,service_manual,procedure,False,0.95,"[""specification""]",False
34-12_brakes,raw/34 - Brakes/34-12.jpg,34,Brakes,service_manual,procedure,False,0.9,"[""specification""]",False
34-13_brakes,raw/34 - Brakes/34-13.jpg,34,Brakes,service_manual,procedure,False,0.9,"[""specification""]",False
34-14_brakes,raw/34 - Brakes/34-14.jpg,34,Brakes,service_manual,procedure,False,0.95,"[""specification""]",False
34-15_brakes,raw/34 - Brakes/34-15.jpg,34,Brakes,service_manual,procedure,False,0.9,"[""specification""]",False
34-16_brakes,raw/34 - Brakes/34-16.jpg,34,Brakes,service_manual,procedure,False,0.95,"[""specification""]",False
34-17_brakes,raw/34 - Brakes/34-17.jpg,34,Brakes,service_manual,procedure,False,0.9,"[""specification""]",False
34-18_brakes,raw/34 - Brakes/34-18.jpg,34,Brakes,service_manual,procedure,False,0.95,"[""specification""]",False
34-19_brakes,raw/34 - Brakes/34-19.jpg,34,Brakes,service_manual,procedure,False,0.95,"[""specification""]",False
34-20_brakes,raw/34 - Brakes/34-20.jpg,34,Brakes,service_manual,procedure,False,0.9,"[""specification""]",False
34-21_brakes,raw/34 - Brakes/34-21.jpg,34,Brakes,service_manual,troubleshooting,False,0.95,"[""procedure""]",False
34-22_brakes,raw/34 - Brakes/34-22.jpg,34,Brakes,service_manual,troubleshooting,False,0.95,"[""procedure""]",False
34-23_brakes,raw/34 - Brakes/34-23.jpg,34,Brakes,service_manual,troubleshooting,False,0.95,[],False
34-24_brakes,raw/34 - Brakes/34-24.jpg,34,Brakes,service_manual,troubleshooting,False,0.95,[],False
34-25_brakes,raw/34 - Brakes/34-25.jpg,34,Brakes,service_manual,diagram,False,0.85,"[""specification""]",False
34-26_brakes,raw/34 - Brakes/34-26.jpg,34,Brakes,service_manual,text,False,0.85,"[""specification""]",False
34-27_brakes,raw/34 - Brakes/34-27.jpg,34,Brakes,service_manual,diagram,False,0.9,"[""specification""]",False
34-28_brakes,raw/34 - Brakes/34-28.jpg,34,Brakes,service_manual,procedure,False,0.9,"[""troubleshooting"", ""specification""]",False
34-29_brakes,raw/34 - Brakes/34-29.jpg,34,Brakes,service_manual,procedure,False,0.95,"[""specification""]",False
34-30_brakes,raw/34 - Brakes/34-30.jpg,34,Brakes,service_manual,procedure,False,0.9,"[""specification""]",False
34-31_brakes,raw/34 - Brakes/34-31.jpg,34,Brakes,service_manual,procedure,False,0.95,"[""specification""]",False
34-31a_brakes,raw/34 - Brakes/34-31a.jpg,34,Brakes,service_manual,procedure,False,0.9,"[""specification""]",False
34-31b_brakes,raw/34 - Brakes/34-31b.jpg,34,Brakes,service_manual,procedure,False,0.9,"[""specification""]",False
34-31c_brakes,raw/34 - Brakes/34-31c.jpg,34,Brakes,service_manual,procedure,False,0.9,"[""specification""]",False
34-32_brakes,raw/34 - Brakes/34-32.jpg,34,Brakes,service_manual,procedure,False,0.95,"[""specification""]",False
34-33_brakes,raw/34 - Brakes/34-33.jpg,34,Brakes,service_manual,procedure,False,0.95,"[""specification""]",False
34-34_brakes,raw/34 - Brakes/34-34.jpg,34,Brakes,service_manual,wiring,False,0.9,"[""diagram"", ""specification""]",False
34-34a_brakes,raw/34 - Brakes/34-34a.jpg,34,Brakes,service_manual,wiring,False,0.9,"[""diagram""]",False
34-34b_brakes,raw/34 - Brakes/34-34b.jpg,34,Brakes,service_manual,wiring,False,0.95,[],False
34-34c_brakes,raw/34 - Brakes/34-34c.jpg,34,Brakes,service_manual,wiring,False,0.95,"[""diagram""]",False
34-35_brakes,raw/34 - Brakes/34-35.jpg,34,Brakes,service_manual,troubleshooting,False,0.9,"[""procedure""]",False
34-36_brakes,raw/34 - Brakes/34-36.jpg,34,Brakes,service_manual,troubleshooting,False,0.95,"[""specification""]",False
34-37_brakes,raw/34 - Brakes/34-37.jpg,34,Brakes,service_manual,troubleshooting,False,0.95,"[""specification""]",False
34-38_brakes,raw/34 - Brakes/34-38.jpg,34,Brakes,service_manual,troubleshooting,False,0.95,"[""procedure""]",False
34-39_brakes,raw/34 - Brakes/34-39.jpg,34,Brakes,service_manual,troubleshooting,False,0.9,"[""procedure""]",False
34-40_brakes,raw/34 - Brakes/34-40.jpg,34,Brakes,service_manual,troubleshooting,False,0.9,"[""procedure"", ""specification""]",False
34-41_brakes,raw/34 - Brakes/34-41.jpg,34,Brakes,service_manual,troubleshooting,False,0.9,"[""specification""]",False
34-42_brakes,raw/34 - Brakes/34-42.jpg,34,Brakes,service_manual,troubleshooting,False,0.95,"[""procedure""]",False
34-43_brakes,raw/34 - Brakes/34-43.jpg,34,Brakes,service_manual,troubleshooting,False,0.95,"[""procedure""]",False
34-44_brakes,raw/34 - Brakes/34-44.jpg,34,Brakes,service_manual,troubleshooting,False,0.9,"[""procedure"", ""specification""]",False
34-45_brakes,raw/34 - Brakes/34-45.jpg,34,Brakes,service_manual,troubleshooting,False,0.95,"[""procedure""]",False
35-00-index-a_pedals,raw/35 - Pedals/35-00-index-a.jpg,35,Pedals,service_manual,index,True,0.95,[],False
35-01_pedals,raw/35 - Pedals/35-01.jpg,35,Pedals,service_manual,diagram,False,0.9,"[""specification""]",False
35-02_pedals,raw/35 - Pedals/35-02.jpg,35,Pedals,service_manual,diagram,False,0.9,"[""specification""]",False
35-03_pedals,raw/35 - Pedals/35-03.jpg,35,Pedals,service_manual,procedure,False,0.95,"[""specification""]",False
35-04_pedals,raw/35 - Pedals/35-04.jpg,35,Pedals,service_manual,procedure,False,0.9,"[""specification""]",False
35-05_1_pedals,raw/35 - Pedals/35-05_1.jpg,35,Pedals,service_manual,procedure,False,0.9,"[""specification""]",False
35-05_pedals,raw/35 - Pedals/35-05.jpg,35,Pedals,service_manual,procedure,False,0.9,"[""specification""]",False
35-06_pedals,raw/35 - Pedals/35-06.jpg,35,Pedals,service_manual,procedure,False,0.9,"[""specification""]",False
35-07_pedals,raw/35 - Pedals/35-07.jpg,35,Pedals,service_manual,procedure,False,0.95,"[""specification""]",False
35-08_pedals,raw/35 - Pedals/35-08.jpg,35,Pedals,service_manual,procedure,False,0.9,"[""specification""]",False
35-09_pedals,raw/35 - Pedals/35-09.jpg,35,Pedals,service_manual,procedure,False,0.9,"[""specification""]",False
35-10_pedals,raw/35 - Pedals/35-10.jpg,35,Pedals,service_manual,procedure,False,0.9,"[""specification""]",False
36-00-index-a_wheels-a,raw/36 - Wheels and Tires/36-00-index-a.jpg,36,Wheels and Tires,service_manual,index,True,0.95,[],False
36-01_wheels-a,raw/36 - Wheels and Tires/36-01.jpg,36,Wheels and Tires,service_manual,procedure,False,0.9,"[""specification""]",False
36-02_wheels-a,raw/36 - Wheels and Tires/36-02.jpg,36,Wheels and Tires,service_manual,procedure,False,0.9,"[""specification""]",False
36-03_wheels-a,raw/36 - Wheels and Tires/36-03.jpg,36,Wheels and Tires,service_manual,procedure,False,0.9,"[""specification""]",False
36-04_wheels-a,raw/36 - Wheels and Tires/36-04.jpg,36,Wheels and Tires,service_manual,procedure,False,0.9,"[""specification""]",False
36-05_wheels-a,raw/36 - Wheels and Tires/36-05.jpg,36,Wheels and Tires,service_manual,procedure,False,0.9,"[""specification""]",False
36-06_wheels-a,raw/36 - Wheels and Tires/36-06.jpg,36,Wheels and Tires,service_manual,procedure,False,0.9,"[""specification""]",False
36-07_wheels-a,raw/36 - Wheels and Tires/36-07.jpg,36,Wheels and Tires,service_manual,procedure,False,0.95,"[""specification""]",False
36-08_wheels-a,raw/36 - Wheels and Tires/36-08.jpg,36,Wheels and Tires,service_manual,procedure,False,0.9,"[""specification""]",False
36-09_wheels-a,raw/36 - Wheels and Tires/36-09.jpg,36,Wheels and Tires,service_manual,procedure,False,0.9,"[""specification""]",False
36-10_wheels-a,raw/36 - Wheels and Tires/36-10.jpg,36,Wheels and Tires,service_manual,procedure,False,0.95,"[""specification""]",False
36-11_wheels-a,raw/36 - Wheels and Tires/36-11.jpg,36,Wheels and Tires,service_manual,procedure,False,0.95,"[""specification""]",False
41-00-index-a_body,raw/41 - Body/41-00-index-a.jpg,41,Body,service_manual,index,True,0.95,[],False
41-00-index-b_body,raw/41 - Body/41-00-index-b.jpg,41,Body,service_manual,index,True,0.95,[],False
41-00-index-c_body,raw/41 - Body/41-00-index-c.jpg,41,Body,service_manual,index,True,0.95,[],False
41-00-index-d_body,raw/41 - Body/41-00-index-d.jpg,41,Body,service_manual,index,True,0.95,[],False
41-00-index-e_body,raw/41 - Body/41-00-index-e.jpg,41,Body,service_manual,index,True,0.95,[],False
41-00-index-f_body-con,raw/41 - Body (Convertibles)/41-00-index-f.jpg,41,Body (Convertibles),service_manual,index,True,0.95,[],False
41-00-index-g_body-con,raw/41 - Body (Convertibles)/41-00-index-g.jpg,41,Body (Convertibles),service_manual,index,True,0.95,[],False
41-001_body,raw/41 - Body/41-001.jpg,41,Body,service_manual,text,False,0.9,[],False
41-002_1_body,raw/41 - Body/41-002_1.jpg,41,Body,service_manual,procedure,False,0.9,"[""specification""]",False
41-002_body,raw/41 - Body/41-002.jpg,41,Body,service_manual,procedure,False,0.9,"[""specification""]",False
41-003_body,raw/41 - Body/41-003.jpg,41,Body,service_manual,procedure,False,0.9,"[""specification""]",False
41-004_body,raw/41 - Body/41-004.jpg,41,Body,service_manual,diagram,False,0.9,"[""specification""]",False
41-005_body,raw/41 - Body/41-005.jpg,41,Body,service_manual,diagram,False,0.9,"[""specification""]",False
41-006_body,raw/41 - Body/41-006.jpg,41,Body,service_manual,procedure,False,0.9,"[""specification""]",False
41-010_body,raw/41 - Body/41-010.jpg,41,Body,service_manual,procedure,False,0.9,"[""specification""]",False
41-011_body,raw/41 - Body/41-011.jpg,41,Body,service_manual,text,False,0.9,"[""procedure"", ""specification""]",False
41-012_body,raw/41 - Body/41-012.jpg,41,Body,service_manual,procedure,False,0.95,"[""specification""]",False
41-013_body,raw/41 - Body/41-013.jpg,41,Body,service_manual,procedure,False,0.95,"[""specification""]",False
41-014_body,raw/41 - Body/41-014.jpg,41,Body,service_manual,procedure,False,0.9,"[""specification""]",False
41-015_body,raw/41 - Body/41-015.jpg,41,Body,service_manual,procedure,False,0.9,"[""specification""]",False
41-101_body,raw/41 - Body/41-101.jpg,41,Body,service_manual,procedure,False,0.9,"[""specification""]",False
41-101c_body-con,raw/41 - Body (Convertibles)/41-101c.jpg,41,Body (Convertibles),service_manual,procedure,False,0.95,"[""specification""]",False
41-102_body,raw/41 - Body/41-102.jpg,41,Body,service_manual,procedure,False,0.95,"[""diagram"", ""specification""]",False
41-102c_body-con,raw/41 - Body (Convertibles)/41-102c.jpg,41,Body (Convertibles),service_manual,procedure,False,0.9,"[""specification""]",False
41-103_body,raw/41 - Body/41-103.jpg,41,Body,service_manual,procedure,False,0.9,"[""specification""]",False
41-103c_body-con,raw/41 - Body (Convertibles)/41-103c.jpg,41,Body (Convertibles),service_manual,procedure,False,0.9,"[""specification""]",False
41-104_body,raw/41 - Body/41-104.jpg,41,Body,service_manual,procedure,False,0.9,"[""diagram"", ""specification""]",False
41-104c_body-con,raw/41 - Body (Convertibles)/41-104c.jpg,41,Body (Convertibles),service_manual,procedure,False,0.9,"[""specification""]",False
41-105_body,raw/41 - Body/41-105.jpg,41,Body,service_manual,procedure,False,0.9,"[""diagram"", ""specification""]",False
41-105c_body-con,raw/41 - Body (Convertibles)/41-105c.jpg,41,Body (Convertibles),service_manual,procedure,False,0.9,"[""specification""]",False
41-106_body,raw/41 - Body/41-106.jpg,41,Body,service_manual,procedure,False,0.9,"[""diagram""]",False
41-106c_body-con,raw/41 - Body (Convertibles)/41-106c.jpg,41,Body (Convertibles),service_manual,procedure,False,0.9,"[""specification""]",False
41-107_body,raw/41 - Body/41-107.jpg,41,Body,service_manual,procedure,False,0.95,"[""specification""]",False
41-107c_body-con,raw/41 - Body (Convertibles)/41-107c.jpg,41,Body (Convertibles),service_manual,procedure,False,0.9,"[""specification""]",False
41-108_body,raw/41 - Body/41-108.jpg,41,Body,service_manual,procedure,False,0.9,"[""diagram""]",False
41-108c_body-con,raw/41 - Body (Convertibles)/41-108c.jpg,41,Body (Convertibles),service_manual,procedure,False,0.9,"[""specification""]",False
41-109_body,raw/41 - Body/41-109.jpg,41,Body,service_manual,procedure,False,0.9,"[""specification""]",False
41-109c_body-con,raw/41 - Body (Convertibles)/41-109c.jpg,41,Body (Convertibles),service_manual,procedure,False,0.9,"[""specification""]",False
41-110_body,raw/41 - Body/41-110.jpg,41,Body,service_manual,procedure,False,0.85,"[""specification""]",False
41-110c_body-con,raw/41 - Body (Convertibles)/41-110c.jpg,41,Body (Convertibles),service_manual,procedure,False,0.9,"[""specification""]",False
41-111_body,raw/41 - Body/41-111.jpg,41,Body,service_manual,procedure,False,0.95,"[""specification""]",False
41-111c_body-con,raw/41 - Body (Convertibles)/41-111c.jpg,41,Body (Convertibles),service_manual,procedure,False,0.9,"[""diagram""]",False
41-112_body,raw/41 - Body/41-112.jpg,41,Body,service_manual,procedure,False,0.95,"[""specification""]",False
41-112c_body-con,raw/41 - Body (Convertibles)/41-112c.jpg,41,Body (Convertibles),service_manual,procedure,False,0.9,"[""diagram"", ""specification""]",False
41-113_body,raw/41 - Body/41-113.jpg,41,Body,service_manual,procedure,False,0.9,"[""specification""]",False
41-113c_body-con,raw/41 - Body (Convertibles)/41-113c.jpg,41,Body (Convertibles),service_manual,procedure,False,0.9,"[""specification""]",False
41-114_body,raw/41 - Body/41-114.jpg,41,Body,service_manual,procedure,False,0.95,"[""specification""]",False
41-114c_body-con,raw/41 - Body (Convertibles)/41-114c.jpg,41,Body (Convertibles),service_manual,procedure,False,0.95,"[""specification""]",False
41-115_body,raw/41 - Body/41-115.jpg,41,Body,service_manual,procedure,False,0.9,"[""specification""]",False
41-115c_body-con,raw/41 - Body (Convertibles)/41-115c.jpg,41,Body (Convertibles),service_manual,procedure,False,0.95,"[""specification""]",False
41-116_body,raw/41 - Body/41-116.jpg,41,Body,service_manual,procedure,False,0.95,"[""specification""]",False
41-116c_body-con,raw/41 - Body (Convertibles)/41-116c.jpg,41,Body (Convertibles),service_manual,procedure,False,0.9,"[""specification""]",False
41-117_body,raw/41 - Body/41-117.jpg,41,Body,service_manual,procedure,False,0.9,"[""specification""]",False
41-117c_body-con,raw/41 - Body (Convertibles)/41-117c.jpg,41,Body (Convertibles),service_manual,procedure,False,0.9,"[""diagram""]",False
41-118_body,raw/41 - Body/41-118.jpg,41,Body,service_manual,procedure,False,0.9,"[""specification""]",False
41-119_body,raw/41 - Body/41-119.jpg,41,Body,service_manual,procedure,False,0.9,"[""specification""]",False
41-120_body,raw/41 - Body/41-120.jpg,41,Body,service_manual,procedure,False,0.9,"[""specification""]",False
41-121_body,raw/41 - Body/41-121.jpg,41,Body,service_manual,procedure,False,0.95,"[""specification""]",False
41-122_body,raw/41 - Body/41-122.jpg,41,Body,service_manual,procedure,False,0.9,"[""diagram""]",False
41-123_body,raw/41 - Body/41-123.jpg,41,Body,service_manual,procedure,False,0.9,"[""specification""]",False
41-124_body,raw/41 - Body/41-124.jpg,41,Body,service_manual,procedure,False,0.9,"[""diagram"", ""specification""]",False
41-125_body,raw/41 - Body/41-125.jpg,41,Body,service_manual,procedure,False,0.9,"[""specification""]",False
41-126_body,raw/41 - Body/41-126.jpg,41,Body,service_manual,procedure,False,0.9,"[""specification""]",False
41-127_body,raw/41 - Body/41-127.jpg,41,Body,service_manual,procedure,False,0.95,"[""specification""]",False
41-128_body,raw/41 - Body/41-128.jpg,41,Body,service_manual,procedure,False,0.9,"[""specification""]",False
41-129_body,raw/41 - Body/41-129.jpg,41,Body,service_manual,procedure,False,0.9,"[""specification""]",False
41-130_body,raw/41 - Body/41-130.jpg,41,Body,service_manual,procedure,False,0.9,"[""specification""]",False
41-201_body,raw/41 - Body/41-201.jpg,41,Body,service_manual,procedure,False,0.95,"[""specification""]",False
41-201c_body-con,raw/41 - Body (Convertibles)/41-201c.jpg,41,Body (Convertibles),service_manual,procedure,False,0.9,"[""specification""]",False
41-202_body,raw/41 - Body/41-202.jpg,41,Body,service_manual,procedure,False,0.9,"[""specification""]",False
41-202c_body-con,raw/41 - Body (Convertibles)/41-202c.jpg,41,Body (Convertibles),service_manual,procedure,False,0.9,"[""specification""]",False
41-203_body,raw/41 - Body/41-203.jpg,41,Body,service_manual,procedure,False,0.9,"[""diagram""]",False
41-203c_body-con,raw/41 - Body (Convertibles)/41-203c.jpg,41,Body (Convertibles),service_manual,procedure,False,0.9,"[""specification""]",False
41-204_body,raw/41 - Body/41-204.jpg,41,Body,service_manual,procedure,False,0.9,"[""specification""]",False
41-204c_body-con,raw/41 - Body (Convertibles)/41-204c.jpg,41,Body (Convertibles),service_manual,procedure,False,0.9,"[""specification""]",False
41-205_body,raw/41 - Body/41-205.jpg,41,Body,service_manual,procedure,False,0.9,"[""specification""]",False
41-206_body,raw/41 - Body/41-206.jpg,41,Body,service_manual,procedure,False,0.9,"[""specification""]",False
41-207_body,raw/41 - Body/41-207.jpg,41,Body,service_manual,procedure,False,0.95,"[""specification""]",False
41-208_body,raw/41 - Body/41-208.jpg,41,Body,service_manual,procedure,False,0.9,"[""specification""]",False
41-209_body,raw/41 - Body/41-209.jpg,41,Body,service_manual,procedure,False,0.9,"[""specification""]",False
41-210_body,raw/41 - Body/41-210.jpg,41,Body,service_manual,procedure,False,0.9,"[""specification""]",False
41-211_body,raw/41 - Body/41-211.jpg,41,Body,service_manual,procedure,False,0.9,"[""diagram""]",False
41-212_body,raw/41 - Body/41-212.jpg,41,Body,service_manual,procedure,False,0.95,"[""specification""]",False
41-213_body,raw/41 - Body/41-213.jpg,41,Body,service_manual,procedure,False,0.9,"[""specification""]",False
41-214_body,raw/41 - Body/41-214.jpg,41,Body,service_manual,procedure,False,0.9,"[""specification""]",False
41-215_body,raw/41 - Body/41-215.jpg,41,Body,service_manual,procedure,False,0.9,"[""specification""]",False
41-216_body,raw/41 - Body/41-216.jpg,41,Body,service_manual,procedure,False,0.95,"[""specification""]",False
41-217_body,raw/41 - Body/41-217.jpg,41,Body,service_manual,procedure,False,0.9,"[""specification""]",False
41-301_body,raw/41 - Body/41-301.jpg,41,Body,service_manual,procedure,False,0.9,"[""specification""]",False
41-301c_body-con,raw/41 - Body (Convertibles)/41-301c.jpg,41,Body (Convertibles),service_manual,procedure,False,0.9,"[""diagram""]",False
41-302_body,raw/41 - Body/41-302.jpg,41,Body,service_manual,procedure,False,0.95,"[""specification""]",False
41-302c_body-con,raw/41 - Body (Convertibles)/41-302c.jpg,41,Body (Convertibles),service_manual,procedure,False,0.9,"[""specification""]",False
41-303_body,raw/41 - Body/41-303.jpg,41,Body,service_manual,procedure,False,0.95,"[""specification""]",False
41-303c_body-con,raw/41 - Body (Convertibles)/41-303c.jpg,41,Body (Convertibles),service_manual,procedure,False,0.9,"[""specification""]",False
41-304_body,raw/41 - Body/41-304.jpg,41,Body,service_manual,procedure,False,0.9,"[""specification""]",False
41-304c_body-con,raw/41 - Body (Convertibles)/41-304c.jpg,41,Body (Convertibles),service_manual,procedure,False,0.95,"[""specification""]",False
41-305_body,raw/41 - Body/41-305.jpg,41,Body,service_manual,procedure,False,0.9,"[""specification""]",False
41-305c_body-con,raw/41 - Body (Convertibles)/41-305c.jpg,41,Body (Convertibles),service_manual,procedure,False,0.9,"[""specification""]",False
41-306_body,raw/41 - Body/41-306.jpg,41,Body,service_manual,procedure,False,0.9,"[""diagram""]",False
41-307_body,raw/41 - Body/41-307.jpg,41,Body,service_manual,procedure,False,0.9,"[""specification""]",False
41-308_body,raw/41 - Body/41-308.jpg,41,Body,service_manual,procedure,False,0.9,"[""specification""]",False
41-309_body,raw/41 - Body/41-309.jpg,41,Body,service_manual,procedure,False,0.9,"[""specification""]",False
41-310_body,raw/41 - Body/41-310.jpg,41,Body,service_manual,procedure,False,0.95,"[""diagram""]",False
41-311_body,raw/41 - Body/41-311.jpg,41,Body,service_manual,procedure,False,0.9,"[""specification""]",False
41-312_body,raw/41 - Body/41-312.jpg,41,Body,service_manual,procedure,False,0.95,"[""specification""]",False
41-313_body,raw/41 - Body/41-313.jpg,41,Body,service_manual,procedure,False,0.9,"[""specification""]",False
41-314_body,raw/41 - Body/41-314.jpg,41,Body,service_manual,procedure,False,0.95,"[""specification""]",False
41-315_body,raw/41 - Body/41-315.jpg,41,Body,service_manual,procedure,False,0.9,"[""diagram""]",False
41-316_body,raw/41 - Body/41-316.jpg,41,Body,service_manual,procedure,False,0.9,"[""specification""]",False
41-317_body,raw/41 - Body/41-317.jpg,41,Body,service_manual,procedure,False,0.9,"[""specification""]",False
41-318_body,raw/41 - Body/41-318.jpg,41,Body,service_manual,procedure,False,0.9,"[""diagram""]",False
41-319_body,raw/41 - Body/41-319.jpg,41,Body,service_manual,procedure,False,0.9,"[""specification""]",False
41-320_body,raw/41 - Body/41-320.jpg,41,Body,service_manual,procedure,False,0.9,"[""specification""]",False
41-321_body,raw/41 - Body/41-321.jpg,41,Body,service_manual,procedure,False,0.95,"[""diagram"", ""specification""]",False
41-322_body,raw/41 - Body/41-322.jpg,41,Body,service_manual,procedure,False,0.9,"[""diagram""]",False
41-323_body,raw/41 - Body/41-323.jpg,41,Body,service_manual,procedure,False,0.9,"[""specification""]",False
41-324_body,raw/41 - Body/41-324.jpg,41,Body,service_manual,procedure,False,0.9,"[""specification""]",False
41-325_body,raw/41 - Body/41-325.jpg,41,Body,service_manual,procedure,False,0.9,"[""diagram""]",False
41-326_body,raw/41 - Body/41-326.jpg,41,Body,service_manual,procedure,False,0.9,"[""specification""]",False
41-327_body,raw/41 - Body/41-327.jpg,41,Body,service_manual,procedure,False,0.9,"[""specification""]",False
41-328_body,raw/41 - Body/41-328.jpg,41,Body,service_manual,procedure,False,0.9,"[""diagram""]",False
41-329_body,raw/41 - Body/41-329.jpg,41,Body,service_manual,procedure,False,0.92,"[""specification""]",False
41-330_body,raw/41 - Body/41-330.jpg,41,Body,service_manual,procedure,False,0.9,"[""specification""]",False
41-331_body,raw/41 - Body/41-331.jpg,41,Body,service_manual,procedure,False,0.95,"[""diagram""]",False
41-332_body,raw/41 - Body/41-332.jpg,41,Body,service_manual,procedure,False,0.9,"[""specification""]",False
41-333_body,raw/41 - Body/41-333.jpg,41,Body,service_manual,procedure,False,0.95,"[""specification"", ""diagram""]",False
41-334_body,raw/41 - Body/41-334.jpg,41,Body,service_manual,diagram,False,0.9,"[""procedure"", ""specification""]",False
41-335_body,raw/41 - Body/41-335.jpg,41,Body,service_manual,procedure,False,0.9,"[""specification""]",False
41-500_body,raw/41 - Body/41-500.jpg,41,Body,service_manual,procedure,False,0.9,"[""specification""]",False
41-501_body,raw/41 - Body/41-501.jpg,41,Body,service_manual,procedure,False,0.9,"[""specification""]",False
41-502_body,raw/41 - Body/41-502.jpg,41,Body,service_manual,procedure,False,0.95,"[""specification""]",False
41-503_body,raw/41 - Body/41-503.jpg,41,Body,service_manual,procedure,False,0.95,"[""specification""]",False
41-504_body,raw/41 - Body/41-504.jpg,41,Body,service_manual,procedure,False,0.95,"[""specification""]",False
41-505_body,raw/41 - Body/41-505.jpg,41,Body,service_manual,procedure,False,0.95,"[""specification""]",False
41-506_body,raw/41 - Body/41-506.jpg,41,Body,service_manual,procedure,False,0.9,"[""specification""]",False
41-507_body,raw/41 - Body/41-507.jpg,41,Body,service_manual,procedure,False,0.9,"[""specification""]",False
41-508_body,raw/41 - Body/41-508.jpg,41,Body,service_manual,procedure,False,0.95,"[""specification""]",False
41-601_body,raw/41 - Body/41-601.jpg,41,Body,service_manual,procedure,False,0.9,"[""specification""]",False
41-602_body,raw/41 - Body/41-602.jpg,41,Body,service_manual,procedure,False,0.95,"[""specification""]",False
51-00-index-a_body-equ,raw/51 - Body Equipment/51-00-index-a.jpg,51,Body Equipment,service_manual,index,True,0.95,[],False
51-00-index-b_body-equ,raw/51 - Body Equipment/51-00-index-b.jpg,51,Body Equipment,service_manual,index,True,0.95,[],False
51-00-index-c_body-equ,raw/51 - Body Equipment/51-00-index-c.jpg,51,Body Equipment,service_manual,index,True,0.95,[],False
51-00-index-d_body-equ,raw/51 - Body Equipment/51-00-index-d.jpg,51,Body Equipment,service_manual,index,True,0.95,[],False
51-00-index-e_body-equ,raw/51 - Body Equipment/51-00-index-e.jpg,51,Body Equipment,service_manual,index,True,0.95,[],False
51-110_body-equ,raw/51 - Body Equipment/51-110.jpg,51,Body Equipment,service_manual,procedure,False,0.9,"[""specification""]",False
51-111_body-equ,raw/51 - Body Equipment/51-111.jpg,51,Body Equipment,service_manual,procedure,False,0.9,"[""specification""]",False
51-112_body-equ,raw/51 - Body Equipment/51-112.jpg,51,Body Equipment,service_manual,diagram,False,0.9,"[""specification""]",False
51-113_body-equ,raw/51 - Body Equipment/51-113.jpg,51,Body Equipment,service_manual,diagram,False,0.9,"[""specification""]",False
51-114_body-equ,raw/51 - Body Equipment/51-114.jpg,51,Body Equipment,service_manual,procedure,False,0.9,"[""specification""]",False
51-115_body-equ,raw/51 - Body Equipment/51-115.jpg,51,Body Equipment,service_manual,procedure,False,0.9,"[""specification""]",False
51-116_body-equ,raw/51 - Body Equipment/51-116.jpg,51,Body Equipment,service_manual,procedure,False,0.9,"[""specification""]",False
51-120_body-equ,raw/51 - Body Equipment/51-120.jpg,51,Body Equipment,service_manual,diagram,False,0.9,"[""specification""]",False
51-121_body-equ,raw/51 - Body Equipment/51-121.jpg,51,Body Equipment,service_manual,procedure,False,0.9,"[""specification""]",False
51-122_body-equ,raw/51 - Body Equipment/51-122.jpg,51,Body Equipment,service_manual,procedure,False,0.9,"[""specification""]",False
51-123_body-equ,raw/51 - Body Equipment/51-123.jpg,51,Body Equipment,service_manual,procedure,False,0.9,"[""specification""]",False
51-124_body-equ,raw/51 - Body Equipment/51-124.jpg,51,Body Equipment,service_manual,procedure,False,0.9,"[""specification""]",False
51-125_body-equ,raw/51 - Body Equipment/51-125.jpg,51,Body Equipment,service_manual,procedure,False,0.9,"[""specification""]",False
51-130_body-equ,raw/51 - Body Equipment/51-130.jpg,51,Body Equipment,service_manual,procedure,False,0.95,"[""specification""]",False
51-131_body-equ,raw/51 - Body Equipment/51-131.jpg,51,Body Equipment,service_manual,procedure,False,0.9,"[""specification""]",False
51-140_body-equ,raw/51 - Body Equipment/51-140.jpg,51,Body Equipment,service_manual,procedure,False,0.95,"[""specification""]",False
51-141_body-equ,raw/51 - Body Equipment/51-141.jpg,51,Body Equipment,service_manual,specification,False,0.9,"[""diagram""]",False
51-150_body-equ,raw/51 - Body Equipment/51-150.jpg,51,Body Equipment,service_manual,procedure,False,0.95,"[""specification""]",False
51-160_body-equ,raw/51 - Body Equipment/51-160.jpg,51,Body Equipment,service_manual,procedure,False,0.95,"[""specification""]",False
51-161_body-equ,raw/51 - Body Equipment/51-161.jpg,51,Body Equipment,service_manual,procedure,False,0.95,"[""specification""]",False
51-162_body-equ,raw/51 - Body Equipment/51-162.jpg,51,Body Equipment,service_manual,procedure,False,0.95,"[""specification""]",False
51-163_body-equ,raw/51 - Body Equipment/51-163.jpg,51,Body Equipment,service_manual,procedure,False,0.95,"[""specification""]",False
51-164_body-equ,raw/51 - Body Equipment/51-164.jpg,51,Body Equipment,service_manual,procedure,False,0.95,"[""specification""]",False
51-210_body-equ,raw/51 - Body Equipment/51-210.jpg,51,Body Equipment,service_manual,procedure,False,0.9,"[""specification""]",False
51-211_body-equ,raw/51 - Body Equipment/51-211.jpg,51,Body Equipment,service_manual,procedure,False,0.95,"[""specification""]",False
51-212_body-equ,raw/51 - Body Equipment/51-212.jpg,51,Body Equipment,service_manual,procedure,False,0.9,"[""specification""]",False
51-213_body-equ,raw/51 - Body Equipment/51-213.jpg,51,Body Equipment,service_manual,procedure,False,0.9,"[""specification""]",False
51-214_body-equ,raw/51 - Body Equipment/51-214.jpg,51,Body Equipment,service_manual,procedure,False,0.95,"[""specification""]",False
51-215_body-equ,raw/51 - Body Equipment/51-215.jpg,51,Body Equipment,service_manual,procedure,False,0.9,"[""specification""]",False
51-216_body-equ,raw/51 - Body Equipment/51-216.jpg,51,Body Equipment,service_manual,procedure,False,0.9,"[""specification""]",False
51-220_body-equ,raw/51 - Body Equipment/51-220.jpg,51,Body Equipment,service_manual,procedure,False,0.9,"[""specification""]",False
51-221_body-equ,raw/51 - Body Equipment/51-221.jpg,51,Body Equipment,service_manual,procedure,False,0.95,"[""specification""]",False
51-230_body-equ,raw/51 - Body Equipment/51-230.jpg,51,Body Equipment,service_manual,procedure,False,0.9,"[""specification""]",False
51-240_body-equ,raw/51 - Body Equipment/51-240.jpg,51,Body Equipment,service_manual,procedure,False,0.9,"[""specification""]",False
51-241_body-equ,raw/51 - Body Equipment/51-241.jpg,51,Body Equipment,service_manual,procedure,False,0.85,"[""specification""]",False
51-250_body-equ,raw/51 - Body Equipment/51-250.jpg,51,Body Equipment,service_manual,procedure,False,0.95,"[""specification""]",False
51-251_body-equ,raw/51 - Body Equipment/51-251.jpg,51,Body Equipment,service_manual,procedure,False,0.9,"[""specification""]",False
51-252_body-equ,raw/51 - Body Equipment/51-252.jpg,51,Body Equipment,service_manual,procedure,False,0.9,"[""specification""]",False
51-260_body-equ,raw/51 - Body Equipment/51-260.jpg,51,Body Equipment,service_manual,procedure,False,0.9,"[""specification""]",False
51-261_body-equ,raw/51 - Body Equipment/51-261.jpg,51,Body Equipment,service_manual,procedure,False,0.9,"[""specification""]",False
51-262_body-equ,raw/51 - Body Equipment/51-262.jpg,51,Body Equipment,service_manual,procedure,False,0.95,"[""specification""]",False
51-263_body-equ,raw/51 - Body Equipment/51-263.jpg,51,Body Equipment,service_manual,procedure,False,0.9,"[""specification""]",False
51-310_body-equ,raw/51 - Body Equipment/51-310.jpg,51,Body Equipment,service_manual,procedure,False,0.9,"[""specification""]",False
51-311_body-equ,raw/51 - Body Equipment/51-311.jpg,51,Body Equipment,service_manual,procedure,False,0.9,"[""specification""]",False
51-312_body-equ,raw/51 - Body Equipment/51-312.jpg,51,Body Equipment,service_manual,procedure,False,0.9,"[""specification""]",False
51-313_body-equ,raw/51 - Body Equipment/51-313.jpg,51,Body Equipment,service_manual,procedure,False,0.9,"[""specification""]",False
51-314_body-equ,raw/51 - Body Equipment/51-314.jpg,51,Body Equipment,service_manual,procedure,False,0.9,"[""specification""]",False
51-315_body-equ,raw/51 - Body Equipment/51-315.jpg,51,Body Equipment,service_manual,procedure,False,0.95,"[""specification""]",False
51-316_body-equ,raw/51 - Body Equipment/51-316.jpg,51,Body Equipment,service_manual,procedure,False,0.95,"[""specification""]",False
51-317_body-equ,raw/51 - Body Equipment/51-317.jpg,51,Body Equipment,service_manual,procedure,False,0.9,"[""specification""]",False
51-318_body-equ,raw/51 - Body Equipment/51-318.jpg,51,Body Equipment,service_manual,procedure,False,0.9,"[""specification""]",False
51-319_body-equ,raw/51 - Body Equipment/51-319.jpg,51,Body Equipment,service_manual,procedure,False,0.9,"[""specification""]",False
51-319a_body-equ,raw/51 - Body Equipment/51-319a.jpg,51,Body Equipment,service_manual,procedure,False,0.9,"[""specification""]",False
51-320_body-equ,raw/51 - Body Equipment/51-320.jpg,51,Body Equipment,service_manual,procedure,False,0.9,"[""specification""]",False
51-321_body-equ,raw/51 - Body Equipment/51-321.jpg,51,Body Equipment,service_manual,procedure,False,0.9,"[""specification""]",False
51-322_body-equ,raw/51 - Body Equipment/51-322.jpg,51,Body Equipment,service_manual,procedure,False,0.9,"[""specification""]",False
51-323_body-equ,raw/51 - Body Equipment/51-323.jpg,51,Body Equipment,service_manual,procedure,False,0.95,"[""specification""]",False
51-324_body-equ,raw/51 - Body Equipment/51-324.jpg,51,Body Equipment,service_manual,procedure,False,0.95,"[""specification""]",False
51-325_body-equ,raw/51 - Body Equipment/51-325.jpg,51,Body Equipment,service_manual,procedure,False,0.95,"[""specification""]",False
51-330_body-equ,raw/51 - Body Equipment/51-330.jpg,51,Body Equipment,service_manual,procedure,False,0.95,"[""specification""]",False
51-340_body-equ,raw/51 - Body Equipment/51-340.jpg,51,Body Equipment,service_manual,procedure,False,0.9,"[""specification""]",False
51-341_body-equ,raw/51 - Body Equipment/51-341.jpg,51,Body Equipment,service_manual,procedure,False,0.9,"[""specification""]",False
51-342_body-equ,raw/51 - Body Equipment/51-342.jpg,51,Body Equipment,service_manual,procedure,False,0.95,"[""specification""]",False
51-343_body-equ,raw/51 - Body Equipment/51-343.jpg,51,Body Equipment,service_manual,procedure,False,0.9,"[""specification""]",False
51-344_body-equ,raw/51 - Body Equipment/51-344.jpg,51,Body Equipment,service_manual,procedure,False,0.95,"[""specification""]",False
51-345_body-equ,raw/51 - Body Equipment/51-345.jpg,51,Body Equipment,service_manual,procedure,False,0.9,"[""specification""]",False
51-360_body-equ,raw/51 - Body Equipment/51-360.jpg,51,Body Equipment,service_manual,procedure,False,0.9,"[""specification""]",False
51-361_body-equ,raw/51 - Body Equipment/51-361.jpg,51,Body Equipment,service_manual,procedure,False,0.9,"[""specification""]",False
51-370_body-equ,raw/51 - Body Equipment/51-370.jpg,51,Body Equipment,service_manual,procedure,False,0.95,"[""specification""]",False
51-371_body-equ,raw/51 - Body Equipment/51-371.jpg,51,Body Equipment,service_manual,procedure,False,0.92,"[""specification""]",False
51-372_body-equ,raw/51 - Body Equipment/51-372.jpg,51,Body Equipment,service_manual,procedure,False,0.9,"[""specification""]",False
51-410_body-equ,raw/51 - Body Equipment/51-410.jpg,51,Body Equipment,service_manual,procedure,False,0.9,"[""specification""]",False
51-411_body-equ,raw/51 - Body Equipment/51-411.jpg,51,Body Equipment,service_manual,procedure,False,0.9,"[""specification""]",False
51-420_body-equ,raw/51 - Body Equipment/51-420.jpg,51,Body Equipment,service_manual,procedure,False,0.9,"[""specification""]",False
51-431_body-equ,raw/51 - Body Equipment/51-431.jpg,51,Body Equipment,service_manual,procedure,False,0.9,"[""specification""]",False
51-432_body-equ,raw/51 - Body Equipment/51-432.jpg,51,Body Equipment,service_manual,procedure,False,0.95,"[""specification""]",False
51-440_body-equ,raw/51 - Body Equipment/51-440.jpg,51,Body Equipment,service_manual,procedure,False,0.9,"[""specification""]",False
51-450_body-equ,raw/51 - Body Equipment/51-450.jpg,51,Body Equipment,service_manual,procedure,False,0.95,"[""specification""]",False
51-451_body-equ,raw/51 - Body Equipment/51-451.jpg,51,Body Equipment,service_manual,procedure,False,0.9,"[""specification""]",False
51-452_body-equ,raw/51 - Body Equipment/51-452.jpg,51,Body Equipment,service_manual,procedure,False,0.95,"[""specification""]",False
51-453_body-equ,raw/51 - Body Equipment/51-453.jpg,51,Body Equipment,service_manual,procedure,False,0.9,"[""specification""]",False
51-454_body-equ,raw/51 - Body Equipment/51-454.jpg,51,Body Equipment,service_manual,procedure,False,0.9,"[""specification""]",False
51-455_body-equ,raw/51 - Body Equipment/51-455.jpg,51,Body Equipment,service_manual,procedure,False,0.9,"[""specification""]",False
51-456_body-equ,raw/51 - Body Equipment/51-456.jpg,51,Body Equipment,service_manual,procedure,False,0.95,"[""specification""]",False
51-460_body-equ,raw/51 - Body Equipment/51-460.jpg,51,Body Equipment,service_manual,procedure,False,0.9,"[""specification""]",False
51-470_body-equ,raw/51 - Body Equipment/51-470.jpg,51,Body Equipment,service_manual,procedure,False,0.9,"[""specification""]",False
51-471_body-equ,raw/51 - Body Equipment/51-471.jpg,51,Body Equipment,service_manual,procedure,False,0.9,"[""specification""]",False
51-472_body-equ,raw/51 - Body Equipment/51-472.jpg,51,Body Equipment,service_manual,procedure,False,0.95,"[""specification""]",False
51-473_body-equ,raw/51 - Body Equipment/51-473.jpg,51,Body Equipment,service_manual,procedure,False,0.9,"[""specification""]",False
51-475_body-equ,raw/51 - Body Equipment/51-475.jpg,51,Body Equipment,service_manual,procedure,False,0.9,"[""specification""]",False
51-710_body-equ,raw/51 - Body Equipment/51-710.jpg,51,Body Equipment,service_manual,procedure,False,0.9,"[""specification""]",False
51-711_body-equ,raw/51 - Body Equipment/51-711.jpg,51,Body Equipment,service_manual,procedure,False,0.95,"[""specification""]",False
51-712_body-equ,raw/51 - Body Equipment/51-712.jpg,51,Body Equipment,service_manual,procedure,False,0.95,"[""specification""]",False
51-713_body-equ,raw/51 - Body Equipment/51-713.jpg,51,Body Equipment,service_manual,procedure,False,0.95,"[""specification""]",False
51-714_body-equ,raw/51 - Body Equipment/51-714.jpg,51,Body Equipment,service_manual,procedure,False,0.9,"[""specification""]",False
51-715_body-equ,raw/51 - Body Equipment/51-715.jpg,51,Body Equipment,service_manual,procedure,False,0.9,"[""specification""]",False
51-716_body-equ,raw/51 - Body Equipment/51-716.jpg,51,Body Equipment,service_manual,procedure,False,0.92,"[""specification""]",False
51-717_body-equ,raw/51 - Body Equipment/51-717.jpg,51,Body Equipment,service_manual,procedure,False,0.9,"[""specification""]",False
51-756_body-equ,raw/51 - Body Equipment/51-756.jpg,51,Body Equipment,service_manual,procedure,False,0.9,"[""specification""]",False
51-757_body-equ,raw/51 - Body Equipment/51-757.jpg,51,Body Equipment,service_manual,procedure,False,0.9,"[""specification""]",False
51-758_body-equ,raw/51 - Body Equipment/51-758.jpg,51,Body Equipment,service_manual,procedure,False,0.9,"[""specification""]",False
51-769_body-equ,raw/51 - Body Equipment/51-769.jpg,51,Body Equipment,service_manual,procedure,False,0.9,"[""specification""]",False
51-770_body-equ,raw/51 - Body Equipment/51-770.jpg,51,Body Equipment,service_manual,procedure,False,0.95,"[""specification""]",False
51-800_body-equ,raw/51 - Body Equipment/51-800.jpg,51,Body Equipment,service_manual,procedure,False,0.9,"[""specification""]",False
51-801_body-equ,raw/51 - Body Equipment/51-801.jpg,51,Body Equipment,service_manual,troubleshooting,False,0.95,"[""procedure""]",False
51-802_body-equ,raw/51 - Body Equipment/51-802.jpg,51,Body Equipment,service_manual,troubleshooting,False,0.9,"[""procedure""]",False
51-803_body-equ,raw/51 - Body Equipment/51-803.jpg,51,Body Equipment,service_manual,troubleshooting,False,0.9,"[""procedure""]",False
51-804_body-equ,raw/51 - Body Equipment/51-804.jpg,51,Body Equipment,service_manual,troubleshooting,False,0.9,"[""procedure""]",False
51-805_body-equ,raw/51 - Body Equipment/51-805.jpg,51,Body Equipment,service_manual,troubleshooting,False,0.9,"[""procedure""]",False
51-806_body-equ,raw/51 - Body Equipment/51-806.jpg,51,Body Equipment,service_manual,troubleshooting,False,0.9,"[""procedure""]",False
51-807_body-equ,raw/51 - Body Equipment/51-807.jpg,51,Body Equipment,service_manual,procedure,False,0.92,"[""specification""]",False
51-808_body-equ,raw/51 - Body Equipment/51-808.jpg,51,Body Equipment,service_manual,troubleshooting,False,0.9,"[""procedure""]",False
51-810_body-equ,raw/51 - Body Equipment/51-810.jpg,51,Body Equipment,service_manual,diagram,False,0.9,"[""procedure"", ""specification""]",False
51-811_body-equ,raw/51 - Body Equipment/51-811.jpg,51,Body Equipment,service_manual,troubleshooting,False,0.95,[],False
51-812_body-equ,raw/51 - Body Equipment/51-812.jpg,51,Body Equipment,service_manual,procedure,False,0.9,"[""troubleshooting""]",False
51-813_body-equ,raw/51 - Body Equipment/51-813.jpg,51,Body Equipment,service_manual,troubleshooting,False,0.95,"[""procedure""]",False
51-814_body-equ,raw/51 - Body Equipment/51-814.jpg,51,Body Equipment,service_manual,troubleshooting,False,0.9,"[""procedure""]",False
51-815_body-equ,raw/51 - Body Equipment/51-815.jpg,51,Body Equipment,service_manual,troubleshooting,False,0.9,"[""procedure""]",False
52-00-index-a_seats,raw/52 - Seats/52-00-index-a.jpg,52,Seats,service_manual,index,True,0.95,[],False
52-101_seats,raw/52 - Seats/52-101.jpg,52,Seats,service_manual,procedure,False,0.9,"[""specification""]",False
52-102_seats,raw/52 - Seats/52-102.jpg,52,Seats,service_manual,procedure,False,0.95,"[""specification""]",False
52-103_seats,raw/52 - Seats/52-103.jpg,52,Seats,service_manual,procedure,False,0.95,"[""specification""]",False
52-201_seats,raw/52 - Seats/52-201.jpg,52,Seats,service_manual,procedure,False,0.9,"[""specification""]",False
54-00-index-a_hood-sun,"raw/54 - Hood, Sun Roof/54-00-index-a.jpg",54,"Hood, Sun Roof",service_manual,index,True,0.95,[],False
54-01_hood-sun,"raw/54 - Hood, Sun Roof/54-01.jpg",54,"Hood, Sun Roof",service_manual,procedure,False,0.9,"[""specification""]",False
54-02_hood-sun,"raw/54 - Hood, Sun Roof/54-02.jpg",54,"Hood, Sun Roof",service_manual,procedure,False,0.95,"[""specification""]",False
54-03_hood-sun,"raw/54 - Hood, Sun Roof/54-03.jpg",54,"Hood, Sun Roof",service_manual,procedure,False,0.9,"[""specification""]",False
54-04_hood-sun,"raw/54 - Hood, Sun Roof/54-04.jpg",54,"Hood, Sun Roof",service_manual,procedure,False,0.9,"[""specification""]",False
54-05_hood-sun,"raw/54 - Hood, Sun Roof/54-05.jpg",54,"Hood, Sun Roof",service_manual,procedure,False,0.9,"[""specification""]",False
54-06_hood-sun,"raw/54 - Hood, Sun Roof/54-06.jpg",54,"Hood, Sun Roof",service_manual,procedure,False,0.95,"[""specification""]",False
54-07_hood-sun,"raw/54 - Hood, Sun Roof/54-07.jpg",54,"Hood, Sun Roof",service_manual,procedure,False,0.95,"[""specification""]",False
54-08_hood-sun,"raw/54 - Hood, Sun Roof/54-08.jpg",54,"Hood, Sun Roof",service_manual,procedure,False,0.95,"[""specification""]",False
54-09_hood-sun,"raw/54 - Hood, Sun Roof/54-09.jpg",54,"Hood, Sun Roof",service_manual,troubleshooting,False,0.95,[],False
54-10_hood-sun,"raw/54 - Hood, Sun Roof/54-10.jpg",54,"Hood, Sun Roof",service_manual,troubleshooting,False,0.95,[],False
54-14_1_hood-sun,"raw/54 - Hood, Sun Roof/54-14_1.jpg",54,"Hood, Sun Roof",service_manual,text,False,0.85,"[""procedure"", ""specification""]",False
54-14_2_hood-sun,"raw/54 - Hood, Sun Roof/54-14_2.jpg",54,"Hood, Sun Roof",service_manual,procedure,False,0.9,"[""specification""]",False
54-14_hood-sun,"raw/54 - Hood, Sun Roof/54-14.jpg",54,"Hood, Sun Roof",service_manual,procedure,False,0.9,"[""specification""]",False
54-16_hood-sun,"raw/54 - Hood, Sun Roof/54-16.jpg",54,"Hood, Sun Roof",service_manual,procedure,False,0.9,"[""specification""]",False
54-17_hood-sun,"raw/54 - Hood, Sun Roof/54-17.jpg",54,"Hood, Sun Roof",service_manual,procedure,False,0.9,"[""specification""]",False
54-18_hood-sun,"raw/54 - Hood, Sun Roof/54-18.jpg",54,"Hood, Sun Roof",service_manual,procedure,False,0.9,"[""specification""]",False
54-19_hood-sun,"raw/54 - Hood, Sun Roof/54-19.jpg",54,"Hood, Sun Roof",service_manual,procedure,False,0.9,"[""specification""]",False
62-00-index-a_instrume,raw/62 - Instruments/62-00-index-a.jpg,62,Instruments,service_manual,index,True,0.95,[],False
62-00-index-b_instrume,raw/62 - Instruments/62-00-index-b.jpg,62,Instruments,service_manual,index,True,0.95,[],False
62-01_instrume,raw/62 - Instruments/62-01.jpg,62,Instruments,service_manual,procedure,False,0.95,"[""specification""]",False
62-02_instrume,raw/62 - Instruments/62-02.jpg,62,Instruments,service_manual,procedure,False,0.95,"[""specification""]",False
62-03_instrume,raw/62 - Instruments/62-03.jpg,62,Instruments,service_manual,procedure,False,0.9,"[""specification""]",False
62-04_instrume,raw/62 - Instruments/62-04.jpg,62,Instruments,service_manual,procedure,False,0.95,"[""specification""]",False
62-53_instrume,raw/62 - Instruments/62-53.jpg,62,Instruments,service_manual,text,False,0.8,[],False
62-61_instrume,raw/62 - Instruments/62-61.jpg,62,Instruments,service_manual,troubleshooting,False,0.95,"[""specification""]",False
62-71_instrume,raw/62 - Instruments/62-71.jpg,62,Instruments,service_manual,troubleshooting,False,0.9,[],False
62-72_instrume,raw/62 - Instruments/62-72.jpg,62,Instruments,service_manual,specification,False,0.9,"[""wiring"", ""pinout""]",False
62-73_instrume,raw/62 - Instruments/62-73.jpg,62,Instruments,service_manual,specification,False,0.95,"[""wiring"", ""pinout""]",False
62-74_instrume,raw/62 - Instruments/62-74.jpg,62,Instruments,service_manual,wiring,False,0.95,[],False
62-75_instrume,raw/62 - Instruments/62-75.jpg,62,Instruments,service_manual,troubleshooting,False,0.92,"[""procedure""]",False
62-76_instrume,raw/62 - Instruments/62-76.jpg,62,Instruments,service_manual,troubleshooting,False,0.9,"[""procedure""]",False
62-77_instrume,raw/62 - Instruments/62-77.jpg,62,Instruments,service_manual,troubleshooting,False,0.9,"[""procedure""]",False
62-78_instrume,raw/62 - Instruments/62-78.jpg,62,Instruments,service_manual,troubleshooting,False,0.95,"[""procedure""]",False
62-79_instrume,raw/62 - Instruments/62-79.jpg,62,Instruments,service_manual,procedure,False,0.9,"[""specification""]",False
62-80_instrume,raw/62 - Instruments/62-80.jpg,62,Instruments,service_manual,troubleshooting,False,0.9,"[""procedure""]",False
62-81_instrume,raw/62 - Instruments/62-81.jpg,62,Instruments,service_manual,procedure,False,0.9,"[""specification""]",False
62-82_instrume,raw/62 - Instruments/62-82.jpg,62,Instruments,service_manual,procedure,False,0.9,"[""specification""]",False
62-83_instrume,raw/62 - Instruments/62-83.jpg,62,Instruments,service_manual,procedure,False,0.9,"[""specification""]",False
62-84_instrume,raw/62 - Instruments/62-84.jpg,62,Instruments,service_manual,procedure,False,0.9,"[""specification""]",False
62-85_instrume,raw/62 - Instruments/62-85.jpg,62,Instruments,service_manual,diagram,False,0.9,"[""specification"", ""wiring""]",False
62-86_instrume,raw/62 - Instruments/62-86.jpg,62,Instruments,service_manual,procedure,False,0.9,"[""specification""]",False
62-87_instrume,raw/62 - Instruments/62-87.jpg,62,Instruments,service_manual,procedure,False,0.9,"[""specification""]",False
63-00-index-a_lights,raw/63 - Lights/63-00-index-a.jpg,63,Lights,service_manual,index,True,0.95,[],False
63-01_lights,raw/63 - Lights/63-01.jpg,63,Lights,service_manual,procedure,False,0.9,"[""specification""]",False
63-02_lights,raw/63 - Lights/63-02.jpg,63,Lights,service_manual,procedure,False,0.9,"[""specification""]",False
63-02a_lights,raw/63 - Lights/63-02a.jpg,63,Lights,service_manual,procedure,False,0.9,"[""specification""]",False
63-03_lights,raw/63 - Lights/63-03.jpg,63,Lights,service_manual,procedure,False,0.9,"[""specification""]",False
63-04_lights,raw/63 - Lights/63-04.jpg,63,Lights,service_manual,procedure,False,0.9,"[""specification""]",False
64-00-index-a_heating-,raw/64 - Heating and Air Conditioning/64-00-index-a.jpg,64,Heating and Air Conditioning,service_manual,index,True,0.95,[],False
64-00-index-b_heating-,raw/64 - Heating and Air Conditioning/64-00-index-b.jpg,64,Heating and Air Conditioning,service_manual,index,True,0.95,[],False
64-01-operation_heating-,raw/64 - Heating and Air Conditioning/64-01-operation.jpg,64,Heating and Air Conditioning,service_manual,text,False,0.8,"[""specification""]",False
64-01_heating-,raw/64 - Heating and Air Conditioning/64-01.jpg,64,Heating and Air Conditioning,service_manual,diagram,False,0.95,"[""specification""]",False
64-02_heating-,raw/64 - Heating and Air Conditioning/64-02.jpg,64,Heating and Air Conditioning,service_manual,diagram,False,0.8,"[""specification""]",False
64-04_heating-,raw/64 - Heating and Air Conditioning/64-04.jpg,64,Heating and Air Conditioning,service_manual,procedure,False,0.9,"[""diagram"", ""specification""]",False
64-05_heating-,raw/64 - Heating and Air Conditioning/64-05.jpg,64,Heating and Air Conditioning,service_manual,diagram,False,0.9,"[""specification""]",False
64-06_heating-,raw/64 - Heating and Air Conditioning/64-06.jpg,64,Heating and Air Conditioning,service_manual,procedure,False,0.9,"[""specification""]",False
64-07_heating-,raw/64 - Heating and Air Conditioning/64-07.jpg,64,Heating and Air Conditioning,service_manual,procedure,False,0.9,"[""specification""]",False
64-08_heating-,raw/64 - Heating and Air Conditioning/64-08.jpg,64,Heating and Air Conditioning,service_manual,procedure,False,0.9,"[""specification""]",False
64-09_heating-,raw/64 - Heating and Air Conditioning/64-09.jpg,64,Heating and Air Conditioning,service_manual,procedure,False,0.9,"[""specification""]",False
64-10_heating-,raw/64 - Heating and Air Conditioning/64-10.jpg,64,Heating and Air Conditioning,service_manual,procedure,False,0.9,"[""specification""]",False
64-110_heating-,raw/64 - Heating and Air Conditioning/64-110.jpg,64,Heating and Air Conditioning,service_manual,procedure,False,0.9,"[""specification""]",False
64-111_heating-,raw/64 - Heating and Air Conditioning/64-111.jpg,64,Heating and Air Conditioning,service_manual,procedure,False,0.95,"[""specification""]",False
64-112_heating-,raw/64 - Heating and Air Conditioning/64-112.jpg,64,Heating and Air Conditioning,service_manual,procedure,False,0.9,"[""specification""]",False
64-113_heating-,raw/64 - Heating and Air Conditioning/64-113.jpg,64,Heating and Air Conditioning,service_manual,procedure,False,0.9,"[""specification""]",False
64-114_heating-,raw/64 - Heating and Air Conditioning/64-114.jpg,64,Heating and Air Conditioning,service_manual,procedure,False,0.95,"[""specification""]",False
64-116_heating-,raw/64 - Heating and Air Conditioning/64-116.jpg,64,Heating and Air Conditioning,service_manual,procedure,False,0.9,"[""specification""]",False
64-117_heating-,raw/64 - Heating and Air Conditioning/64-117.jpg,64,Heating and Air Conditioning,service_manual,procedure,False,0.95,"[""specification""]",False
64-118_heating-,raw/64 - Heating and Air Conditioning/64-118.jpg,64,Heating and Air Conditioning,service_manual,procedure,False,0.9,"[""specification""]",False
64-119_heating-,raw/64 - Heating and Air Conditioning/64-119.jpg,64,Heating and Air Conditioning,service_manual,procedure,False,0.95,"[""specification""]",False
64-120_heating-,raw/64 - Heating and Air Conditioning/64-120.jpg,64,Heating and Air Conditioning,service_manual,procedure,False,0.9,"[""specification""]",False
64-121_heating-,raw/64 - Heating and Air Conditioning/64-121.jpg,64,Heating and Air Conditioning,service_manual,procedure,False,0.95,"[""specification""]",False
64-122_heating-,raw/64 - Heating and Air Conditioning/64-122.jpg,64,Heating and Air Conditioning,service_manual,procedure,False,0.9,"[""specification""]",False
64-123_heating-,raw/64 - Heating and Air Conditioning/64-123.jpg,64,Heating and Air Conditioning,service_manual,procedure,False,0.95,"[""specification""]",False
64-124_heating-,raw/64 - Heating and Air Conditioning/64-124.jpg,64,Heating and Air Conditioning,service_manual,procedure,False,0.9,"[""specification""]",False
64-500_heating-,raw/64 - Heating and Air Conditioning/64-500.jpg,64,Heating and Air Conditioning,service_manual,procedure,False,0.9,"[""specification""]",False
64-501_heating-,raw/64 - Heating and Air Conditioning/64-501.jpg,64,Heating and Air Conditioning,service_manual,procedure,False,0.9,"[""specification""]",False
64-502_heating-,raw/64 - Heating and Air Conditioning/64-502.jpg,64,Heating and Air Conditioning,service_manual,procedure,False,0.9,"[""specification""]",False
64-503_heating-,raw/64 - Heating and Air Conditioning/64-503.jpg,64,Heating and Air Conditioning,service_manual,procedure,False,0.9,"[""specification""]",False
64-504_heating-,raw/64 - Heating and Air Conditioning/64-504.jpg,64,Heating and Air Conditioning,service_manual,procedure,False,0.9,"[""specification""]",False
64-505_heating-,raw/64 - Heating and Air Conditioning/64-505.jpg,64,Heating and Air Conditioning,service_manual,procedure,False,0.9,"[""specification""]",False
64-505a_heating-,raw/64 - Heating and Air Conditioning/64-505a.jpg,64,Heating and Air Conditioning,service_manual,procedure,False,0.9,"[""specification""]",False
64-506_heating-,raw/64 - Heating and Air Conditioning/64-506.jpg,64,Heating and Air Conditioning,service_manual,procedure,False,0.9,"[""specification""]",False
64-507_heating-,raw/64 - Heating and Air Conditioning/64-507.jpg,64,Heating and Air Conditioning,service_manual,procedure,False,0.9,"[""specification""]",False
65-00-index-a_radio-an,raw/65 - Radio and Special Equipment/65-00-index-a.jpg,65,Radio and Special Equipment,service_manual,index,True,0.95,[],False
65-00-index-b_radio-an,raw/65 - Radio and Special Equipment/65-00-index-b.jpg,65,Radio and Special Equipment,service_manual,index,True,0.95,[],False
65-101_radio-an,raw/65 - Radio and Special Equipment/65-101.jpg,65,Radio and Special Equipment,service_manual,procedure,False,0.9,"[""specification""]",False
65-101a_radio-an,raw/65 - Radio and Special Equipment/65-101a.jpg,65,Radio and Special Equipment,service_manual,procedure,False,0.9,"[""specification""]",False
65-102_radio-an,raw/65 - Radio and Special Equipment/65-102.jpg,65,Radio and Special Equipment,service_manual,procedure,False,0.9,"[""diagram"", ""specification""]",False
65-103_radio-an,raw/65 - Radio and Special Equipment/65-103.jpg,65,Radio and Special Equipment,service_manual,procedure,False,0.9,"[""specification""]",False
65-151_radio-an,raw/65 - Radio and Special Equipment/65-151.jpg,65,Radio and Special Equipment,service_manual,procedure,False,0.9,"[""specification""]",False
65-151a_radio-an,raw/65 - Radio and Special Equipment/65-151a.jpg,65,Radio and Special Equipment,service_manual,procedure,False,0.9,"[""diagram""]",False
65-152_radio-an,raw/65 - Radio and Special Equipment/65-152.jpg,65,Radio and Special Equipment,service_manual,procedure,False,0.9,"[""specification""]",False
65-153_radio-an,raw/65 - Radio and Special Equipment/65-153.jpg,65,Radio and Special Equipment,service_manual,procedure,False,0.9,"[""specification""]",False
65-191_radio-an,raw/65 - Radio and Special Equipment/65-191.jpg,65,Radio and Special Equipment,service_manual,procedure,False,0.9,"[""specification""]",False
65-301_radio-an,raw/65 - Radio and Special Equipment/65-301.jpg,65,Radio and Special Equipment,service_manual,procedure,False,0.9,"[""specification""]",False
65-302_radio-an,raw/65 - Radio and Special Equipment/65-302.jpg,65,Radio and Special Equipment,service_manual,procedure,False,0.9,"[""specification""]",False
65-303_radio-an,raw/65 - Radio and Special Equipment/65-303.jpg,65,Radio and Special Equipment,service_manual,procedure,False,0.9,"[""specification""]",False
65-304_radio-an,raw/65 - Radio and Special Equipment/65-304.jpg,65,Radio and Special Equipment,service_manual,procedure,False,0.95,"[""specification""]",False
65-305_radio-an,raw/65 - Radio and Special Equipment/65-305.jpg,65,Radio and Special Equipment,service_manual,procedure,False,0.95,"[""diagram"", ""specification""]",False
65-306_radio-an,raw/65 - Radio and Special Equipment/65-306.jpg,65,Radio and Special Equipment,service_manual,procedure,False,0.9,"[""specification""]",False
65-307_radio-an,raw/65 - Radio and Special Equipment/65-307.jpg,65,Radio and Special Equipment,service_manual,procedure,False,0.9,"[""specification""]",False
65-351_radio-an,raw/65 - Radio and Special Equipment/65-351.jpg,65,Radio and Special Equipment,service_manual,procedure,False,0.95,"[""troubleshooting""]",False
65-352_radio-an,raw/65 - Radio and Special Equipment/65-352.jpg,65,Radio and Special Equipment,service_manual,procedure,False,0.9,"[""specification""]",False
65-353_radio-an,raw/65 - Radio and Special Equipment/65-353.jpg,65,Radio and Special Equipment,service_manual,troubleshooting,False,0.9,"[""procedure""]",False
65-354_radio-an,raw/65 - Radio and Special Equipment/65-354.jpg,65,Radio and Special Equipment,service_manual,procedure,False,0.9,"[""specification""]",False
65-355_radio-an,raw/65 - Radio and Special Equipment/65-355.jpg,65,Radio and Special Equipment,service_manual,troubleshooting,False,0.9,"[""procedure""]",False
65-356_radio-an,raw/65 - Radio and Special Equipment/65-356.jpg,65,Radio and Special Equipment,service_manual,procedure,False,0.9,"[""specification""]",False
65-360_radio-an,raw/65 - Radio and Special Equipment/65-360.jpg,65,Radio and Special Equipment,service_manual,procedure,False,0.9,"[""specification""]",False
65-361_radio-an,raw/65 - Radio and Special Equipment/65-361.jpg,65,Radio and Special Equipment,service_manual,procedure,False,0.9,"[""specification""]",False
65-500_radio-an,raw/65 - Radio and Special Equipment/65-500.jpg,65,Radio and Special Equipment,service_manual,troubleshooting,False,0.9,"[""specification""]",False
65-501_radio-an,raw/65 - Radio and Special Equipment/65-501.jpg,65,Radio and Special Equipment,service_manual,troubleshooting,False,0.95,"[""procedure"", ""specification""]",False
65-502_radio-an,raw/65 - Radio and Special Equipment/65-502.jpg,65,Radio and Special Equipment,service_manual,troubleshooting,False,0.95,"[""specification""]",False
65-503_radio-an,raw/65 - Radio and Special Equipment/65-503.jpg,65,Radio and Special Equipment,service_manual,troubleshooting,False,0.95,"[""procedure""]",False
65-90_radio-an,raw/65 - Radio and Special Equipment/65-90.jpg,65,Radio and Special Equipment,service_manual,diagram,False,0.9,"[""specification""]",False
65-91_radio-an,raw/65 - Radio and Special Equipment/65-91.jpg,65,Radio and Special Equipment,service_manual,procedure,False,0.9,"[""specification""]",False
65-92_radio-an,raw/65 - Radio and Special Equipment/65-92.jpg,65,Radio and Special Equipment,service_manual,procedure,False,0.9,"[""specification""]",False
65-93_radio-an,raw/65 - Radio and Special Equipment/65-93.jpg,65,Radio and Special Equipment,service_manual,procedure,False,0.95,"[""specification""]",False
65-94_radio-an,raw/65 - Radio and Special Equipment/65-94.jpg,65,Radio and Special Equipment,service_manual,procedure,False,0.9,"[""specification""]",False
72-00-index-a_equipmen,raw/72 - Equipment and Accessories for Body/72-00-index-a.jpg,72,Equipment and Accessories for Body,service_manual,index,True,0.95,[],False
72-110_equipmen,raw/72 - Equipment and Accessories for Body/72-110.jpg,72,Equipment and Accessories for Body,service_manual,procedure,False,0.95,"[""specification""]",False
72-111_equipmen,raw/72 - Equipment and Accessories for Body/72-111.jpg,72,Equipment and Accessories for Body,service_manual,procedure,False,0.9,"[""specification""]",False
72-112_equipmen,raw/72 - Equipment and Accessories for Body/72-112.jpg,72,Equipment and Accessories for Body,service_manual,procedure,False,0.9,"[""specification""]",False
72-113_equipmen,raw/72 - Equipment and Accessories for Body/72-113.jpg,72,Equipment and Accessories for Body,service_manual,procedure,False,0.9,"[""specification""]",False
72-114_equipmen,raw/72 - Equipment and Accessories for Body/72-114.jpg,72,Equipment and Accessories for Body,service_manual,procedure,False,0.9,"[""specification""]",False
72-115_equipmen,raw/72 - Equipment and Accessories for Body/72-115.jpg,72,Equipment and Accessories for Body,service_manual,procedure,False,0.95,"[""specification""]",False
72-116_equipmen,raw/72 - Equipment and Accessories for Body/72-116.jpg,72,Equipment and Accessories for Body,service_manual,procedure,False,0.9,"[""specification""]",False
72-117_equipmen,raw/72 - Equipment and Accessories for Body/72-117.jpg,72,Equipment and Accessories for Body,service_manual,troubleshooting,False,0.9,"[""specification""]",False
72-118_equipmen,raw/72 - Equipment and Accessories for Body/72-118.jpg,72,Equipment and Accessories for Body,service_manual,troubleshooting,False,0.9,"[""procedure""]",False
72-120_equipmen,raw/72 - Equipment and Accessories for Body/72-120.jpg,72,Equipment and Accessories for Body,service_manual,procedure,False,0.92,"[""specification""]",False
97-00-index-a_body-cav,raw/97 - Body Cavity Sealing and Undercoating/97-00-index-a.jpg,97,Body Cavity Sealing and Undercoating,service_manual,index,True,0.95,[],False
97-01_body-cav,raw/97 - Body Cavity Sealing and Undercoating/97-01.jpg,97,Body Cavity Sealing and Undercoating,service_manual,procedure,False,0.9,"[""specification""]",False
97-02_body-cav,raw/97 - Body Cavity Sealing and Undercoating/97-02.jpg,97,Body Cavity Sealing and Undercoating,service_manual,diagram,False,0.9,"[""specification""]",False
bmwtorquespecs-001,raw/00 - Torque Specs/BMW_Torque_Specs/001.jpg,,BMW_Torque_Specs,unknown,text,False,0.8,[],False
bmwtorquespecs-002,raw/00 - Torque Specs/BMW_Torque_Specs/002.jpg,,BMW_Torque_Specs,unknown,specification,False,0.9,"[""text""]",False
bmwtorquespecs-003,raw/00 - Torque Specs/BMW_Torque_Specs/003.jpg,,BMW_Torque_Specs,unknown,specification,False,0.9,"[""procedure""]",False
bmwtorquespecs-004,raw/00 - Torque Specs/BMW_Torque_Specs/004.jpg,,BMW_Torque_Specs,unknown,specification,False,0.9,[],False
bmwtorquespecs-005,raw/00 - Torque Specs/BMW_Torque_Specs/005.jpg,,BMW_Torque_Specs,unknown,specification,False,0.9,"[""procedure""]",False
bmwtorquespecs-006,raw/00 - Torque Specs/BMW_Torque_Specs/006.jpg,,BMW_Torque_Specs,unknown,specification,False,0.9,"[""procedure""]",False
bmwtorquespecs-007,raw/00 - Torque Specs/BMW_Torque_Specs/007.jpg,,BMW_Torque_Specs,unknown,specification,False,0.95,[],False
bmwtorquespecs-008,raw/00 - Torque Specs/BMW_Torque_Specs/008.jpg,,BMW_Torque_Specs,unknown,specification,False,0.9,[],False
bmwtorquespecs-009,raw/00 - Torque Specs/BMW_Torque_Specs/009.jpg,,BMW_Torque_Specs,unknown,specification,False,0.9,[],False
bmwtorquespecs-010,raw/00 - Torque Specs/BMW_Torque_Specs/010.jpg,,BMW_Torque_Specs,unknown,specification,False,0.9,[],False
bmwtorquespecs-011,raw/00 - Torque Specs/BMW_Torque_Specs/011.jpg,,BMW_Torque_Specs,unknown,specification,False,0.9,[],False
bmwtorquespecs-012,raw/00 - Torque Specs/BMW_Torque_Specs/012.jpg,,BMW_Torque_Specs,unknown,specification,False,0.9,"[""procedure""]",False
bmwtorquespecs-013,raw/00 - Torque Specs/BMW_Torque_Specs/013.jpg,,BMW_Torque_Specs,unknown,specification,False,0.9,"[""procedure""]",False
bmwtorquespecs-014,raw/00 - Torque Specs/BMW_Torque_Specs/014.jpg,,BMW_Torque_Specs,unknown,specification,False,0.9,"[""procedure""]",False
bmwtorquespecs-015,raw/00 - Torque Specs/BMW_Torque_Specs/015.jpg,,BMW_Torque_Specs,unknown,specification,False,0.9,[],False
bmwtorquespecs-016,raw/00 - Torque Specs/BMW_Torque_Specs/016.jpg,,BMW_Torque_Specs,unknown,specification,False,0.9,"[""procedure""]",False
bmwtorquespecs-017,raw/00 - Torque Specs/BMW_Torque_Specs/017.jpg,,BMW_Torque_Specs,unknown,specification,False,0.9,[],False
bmwtorquespecs-018,raw/00 - Torque Specs/BMW_Torque_Specs/018.jpg,,BMW_Torque_Specs,unknown,specification,False,0.9,"[""procedure""]",False
bmwtorquespecs-019,raw/00 - Torque Specs/BMW_Torque_Specs/019.jpg,,BMW_Torque_Specs,unknown,specification,False,0.9,"[""procedure""]",False
bmwtorquespecs-020,raw/00 - Torque Specs/BMW_Torque_Specs/020.jpg,,BMW_Torque_Specs,unknown,specification,False,0.9,"[""procedure""]",False
bmwtorquespecs-021,raw/00 - Torque Specs/BMW_Torque_Specs/021.jpg,,BMW_Torque_Specs,unknown,specification,False,0.9,[],False
bmwtorquespecs-022,raw/00 - Torque Specs/BMW_Torque_Specs/022.jpg,,BMW_Torque_Specs,unknown,specification,False,0.9,"[""procedure""]",False
bmwtorquespecs-023,raw/00 - Torque Specs/BMW_Torque_Specs/023.jpg,,BMW_Torque_Specs,unknown,specification,False,0.9,[],False
bmwtorquespecs-024,raw/00 - Torque Specs/BMW_Torque_Specs/024.jpg,,BMW_Torque_Specs,unknown,specification,False,0.9,"[""procedure""]",False
bmwtorquespecs-025,raw/00 - Torque Specs/BMW_Torque_Specs/025.jpg,,BMW_Torque_Specs,unknown,specification,False,0.9,"[""troubleshooting""]",False
bmwtorquespecs-026,raw/00 - Torque Specs/BMW_Torque_Specs/026.jpg,,BMW_Torque_Specs,unknown,specification,False,0.9,"[""procedure""]",False
bmwtorquespecs-027,raw/00 - Torque Specs/BMW_Torque_Specs/027.jpg,,BMW_Torque_Specs,unknown,specification,False,0.9,"[""procedure""]",False
bmwtorquespecs-028,raw/00 - Torque Specs/BMW_Torque_Specs/028.jpg,,BMW_Torque_Specs,unknown,specification,False,0.9,"[""procedure""]",False
bmwtorquespecs-029,raw/00 - Torque Specs/BMW_Torque_Specs/029.jpg,,BMW_Torque_Specs,unknown,specification,False,0.95,[],False
bmwtorquespecs-030,raw/00 - Torque Specs/BMW_Torque_Specs/030.jpg,,BMW_Torque_Specs,unknown,specification,False,0.9,"[""procedure""]",False
bmwtorquespecs-031,raw/00 - Torque Specs/BMW_Torque_Specs/031.jpg,,BMW_Torque_Specs,unknown,specification,False,0.9,"[""procedure""]",False
bmwtorquespecs-032,raw/00 - Torque Specs/BMW_Torque_Specs/032.jpg,,BMW_Torque_Specs,unknown,specification,False,0.9,[],False
bmwtorquespecs-033,raw/00 - Torque Specs/BMW_Torque_Specs/033.jpg,,BMW_Torque_Specs,unknown,specification,False,0.9,[],False
bmwtorquespecs-034,raw/00 - Torque Specs/BMW_Torque_Specs/034.jpg,,BMW_Torque_Specs,unknown,specification,False,0.95,[],False
bmwtorquespecs-035,raw/00 - Torque Specs/BMW_Torque_Specs/035.jpg,,BMW_Torque_Specs,unknown,specification,False,0.9,"[""procedure""]",False
bmwtorquespecs-036,raw/00 - Torque Specs/BMW_Torque_Specs/036.jpg,,BMW_Torque_Specs,unknown,specification,False,0.9,"[""procedure""]",False
bmwtorquespecs-037,raw/00 - Torque Specs/BMW_Torque_Specs/037.jpg,,BMW_Torque_Specs,unknown,specification,False,0.9,[],False
bmwtorquespecs-038,raw/00 - Torque Specs/BMW_Torque_Specs/038.jpg,,BMW_Torque_Specs,unknown,specification,False,0.9,"[""procedure""]",False
bmwtorquespecs-039,raw/00 - Torque Specs/BMW_Torque_Specs/039.jpg,,BMW_Torque_Specs,unknown,specification,False,0.9,[],False
bmwtorquespecs-040,raw/00 - Torque Specs/BMW_Torque_Specs/040.jpg,,BMW_Torque_Specs,unknown,specification,False,0.9,[],False
bmwtorquespecs-041,raw/00 - Torque Specs/BMW_Torque_Specs/041.jpg,,BMW_Torque_Specs,unknown,specification,False,0.85,"[""procedure""]",False
bmwtorquespecs-042,raw/00 - Torque Specs/BMW_Torque_Specs/042.jpg,,BMW_Torque_Specs,unknown,specification,False,0.95,"[""text""]",False
bmwtorquespecs-043,raw/00 - Torque Specs/BMW_Torque_Specs/043.jpg,,BMW_Torque_Specs,unknown,specification,False,0.9,"[""text""]",False
bmwtorquespecs-044,raw/00 - Torque Specs/BMW_Torque_Specs/044.jpg,,BMW_Torque_Specs,unknown,specification,False,0.9,"[""procedure""]",False
bmwtorquespecs-045,raw/00 - Torque Specs/BMW_Torque_Specs/045.jpg,,BMW_Torque_Specs,unknown,specification,False,0.9,"[""procedure""]",False
bmwtorquespecs-046,raw/00 - Torque Specs/BMW_Torque_Specs/046.jpg,,BMW_Torque_Specs,unknown,specification,False,0.95,[],False
bmwtorquespecs-047,raw/00 - Torque Specs/BMW_Torque_Specs/047.jpg,,BMW_Torque_Specs,unknown,specification,False,0.9,"[""procedure""]",False
bmwtorquespecs-048,raw/00 - Torque Specs/BMW_Torque_Specs/048.jpg,,BMW_Torque_Specs,unknown,specification,False,0.9,"[""procedure""]",False
bmwtorquespecs-049,raw/00 - Torque Specs/BMW_Torque_Specs/049.jpg,,BMW_Torque_Specs,unknown,specification,False,0.9,"[""wiring"", ""pinout""]",False
bmwtorquespecs-050,raw/00 - Torque Specs/BMW_Torque_Specs/050.jpg,,BMW_Torque_Specs,unknown,specification,False,0.95,[],False
bmwtorquespecs-051,raw/00 - Torque Specs/BMW_Torque_Specs/051.jpg,,BMW_Torque_Specs,unknown,specification,False,0.9,"[""wiring""]",False
bmwtorquespecs-052,raw/00 - Torque Specs/BMW_Torque_Specs/052.jpg,,BMW_Torque_Specs,unknown,specification,False,0.95,[],False
bmwtorquespecs-053,raw/00 - Torque Specs/BMW_Torque_Specs/053.jpg,,BMW_Torque_Specs,unknown,specification,False,0.9,"[""wiring"", ""pinout""]",False
bmwtorquespecs-054,raw/00 - Torque Specs/BMW_Torque_Specs/054.jpg,,BMW_Torque_Specs,unknown,specification,False,0.9,"[""wiring"", ""pinout""]",False
bmwtorquespecs-055,raw/00 - Torque Specs/BMW_Torque_Specs/055.jpg,,BMW_Torque_Specs,unknown,specification,False,0.9,[],False
bmwtorquespecs-056,raw/00 - Torque Specs/BMW_Torque_Specs/056.jpg,,BMW_Torque_Specs,unknown,specification,False,0.95,[],False
bmwtorquespecs-057,raw/00 - Torque Specs/BMW_Torque_Specs/057.jpg,,BMW_Torque_Specs,unknown,specification,False,0.9,"[""wiring""]",False
bmwtorquespecs-058,raw/00 - Torque Specs/BMW_Torque_Specs/058.jpg,,BMW_Torque_Specs,unknown,specification,False,0.9,[],False
bmwtorquespecs-059,raw/00 - Torque Specs/BMW_Torque_Specs/059.jpg,,BMW_Torque_Specs,unknown,specification,False,0.9,[],False
bmwtorquespecs-060,raw/00 - Torque Specs/BMW_Torque_Specs/060.jpg,,BMW_Torque_Specs,unknown,specification,False,0.9,"[""wiring""]",False
bmwtorquespecs-061,raw/00 - Torque Specs/BMW_Torque_Specs/061.jpg,,BMW_Torque_Specs,unknown,specification,False,0.9,"[""wiring"", ""pinout""]",False
bmwtorquespecs-062,raw/00 - Torque Specs/BMW_Torque_Specs/062.jpg,,BMW_Torque_Specs,unknown,specification,False,0.95,"[""text""]",False
bmwtorquespecs-063,raw/00 - Torque Specs/BMW_Torque_Specs/063.jpg,,BMW_Torque_Specs,unknown,specification,False,0.9,[],False
bmwtorquespecs-064,raw/00 - Torque Specs/BMW_Torque_Specs/064.jpg,,BMW_Torque_Specs,unknown,specification,False,0.9,[],False
bmwtorquespecs-065,raw/00 - Torque Specs/BMW_Torque_Specs/065.jpg,,BMW_Torque_Specs,unknown,specification,False,0.9,"[""wiring""]",False
bmwtorquespecs-066,raw/00 - Torque Specs/BMW_Torque_Specs/066.jpg,,BMW_Torque_Specs,unknown,specification,False,0.9,"[""procedure""]",False
bmwtorquespecs-067,raw/00 - Torque Specs/BMW_Torque_Specs/067.jpg,,BMW_Torque_Specs,unknown,specification,False,0.9,"[""diagram""]",False
bmwtorquespecs-068,raw/00 - Torque Specs/BMW_Torque_Specs/068.jpg,,BMW_Torque_Specs,unknown,specification,False,0.9,"[""procedure""]",False
bmwtorquespecs-069,raw/00 - Torque Specs/BMW_Torque_Specs/069.jpg,,BMW_Torque_Specs,unknown,specification,False,0.9,[],False
bmwtorquespecs-070,raw/00 - Torque Specs/BMW_Torque_Specs/070.jpg,,BMW_Torque_Specs,unknown,specification,False,0.9,"[""procedure""]",False
bmwtorquespecs-071,raw/00 - Torque Specs/BMW_Torque_Specs/071.jpg,,BMW_Torque_Specs,unknown,specification,False,0.9,"[""wiring""]",False
bmwtorquespecs-072,raw/00 - Torque Specs/BMW_Torque_Specs/072.jpg,,BMW_Torque_Specs,unknown,specification,False,0.95,[],False
bmwtorquespecs-073,raw/00 - Torque Specs/BMW_Torque_Specs/073.jpg,,BMW_Torque_Specs,unknown,specification,False,0.9,"[""procedure""]",False
bmwtorquespecs-074,raw/00 - Torque Specs/BMW_Torque_Specs/074.jpg,,BMW_Torque_Specs,unknown,specification,False,0.9,[],False
bmwtorquespecs-075,raw/00 - Torque Specs/BMW_Torque_Specs/075.jpg,,BMW_Torque_Specs,unknown,specification,False,0.9,"[""procedure""]",False
bmwtorquespecs-076,raw/00 - Torque Specs/BMW_Torque_Specs/076.jpg,,BMW_Torque_Specs,unknown,specification,False,0.9,[],False
bmwtorquespecs-077,raw/00 - Torque Specs/BMW_Torque_Specs/077.jpg,,BMW_Torque_Specs,unknown,specification,False,0.9,[],False
bmwtorquespecs-078,raw/00 - Torque Specs/BMW_Torque_Specs/078.jpg,,BMW_Torque_Specs,unknown,specification,False,0.95,[],False
bmwtorquespecs-079,raw/00 - Torque Specs/BMW_Torque_Specs/079.jpg,,BMW_Torque_Specs,unknown,specification,False,0.95,"[""text""]",False
bmwtorquespecs-080,raw/00 - Torque Specs/BMW_Torque_Specs/080.jpg,,BMW_Torque_Specs,unknown,specification,False,0.95,[],False
bmwtorquespecs-081,raw/00 - Torque Specs/BMW_Torque_Specs/081.jpg,,BMW_Torque_Specs,unknown,specification,False,0.9,"[""procedure""]",False
bmwtorquespecs-082,raw/00 - Torque Specs/BMW_Torque_Specs/082.jpg,,BMW_Torque_Specs,unknown,specification,False,0.9,"[""procedure""]",False
bmwtorquespecs-083,raw/00 - Torque Specs/BMW_Torque_Specs/083.jpg,,BMW_Torque_Specs,unknown,specification,False,0.95,[],False
bmwtorquespecs-084,raw/00 - Torque Specs/BMW_Torque_Specs/084.jpg,,BMW_Torque_Specs,unknown,specification,False,0.9,"[""diagram""]",False
bmwtorquespecs-085,raw/00 - Torque Specs/BMW_Torque_Specs/085.jpg,,BMW_Torque_Specs,unknown,specification,False,0.9,[],False
bmwtorquespecs-086,raw/00 - Torque Specs/BMW_Torque_Specs/086.jpg,,BMW_Torque_Specs,unknown,specification,False,0.9,[],False
bmwtorquespecs-087,raw/00 - Torque Specs/BMW_Torque_Specs/087.jpg,,BMW_Torque_Specs,unknown,specification,False,0.9,"[""procedure""]",False
bmwtorquespecs-088,raw/00 - Torque Specs/BMW_Torque_Specs/088.jpg,,BMW_Torque_Specs,unknown,specification,False,0.9,"[""procedure""]",False
bmwtorquespecs-089,raw/00 - Torque Specs/BMW_Torque_Specs/089.jpg,,BMW_Torque_Specs,unknown,specification,False,0.9,"[""procedure""]",False
bmwtorquespecs-090,raw/00 - Torque Specs/BMW_Torque_Specs/090.jpg,,BMW_Torque_Specs,unknown,specification,False,0.9,"[""procedure""]",False
bmwtorquespecs-091,raw/00 - Torque Specs/BMW_Torque_Specs/091.jpg,,BMW_Torque_Specs,unknown,specification,False,0.9,[],False
bmwtorquespecs-092,raw/00 - Torque Specs/BMW_Torque_Specs/092.jpg,,BMW_Torque_Specs,unknown,specification,False,0.9,"[""procedure""]",False
bmwtorquespecs-093,raw/00 - Torque Specs/BMW_Torque_Specs/093.jpg,,BMW_Torque_Specs,unknown,specification,False,0.9,"[""procedure""]",False
bmwtorquespecs-094,raw/00 - Torque Specs/BMW_Torque_Specs/094.jpg,,BMW_Torque_Specs,unknown,specification,False,0.9,[],False
bmwtorquespecs-095,raw/00 - Torque Specs/BMW_Torque_Specs/095.jpg,,BMW_Torque_Specs,unknown,specification,False,0.9,"[""procedure""]",False
bmwtorquespecs-096,raw/00 - Torque Specs/BMW_Torque_Specs/096.jpg,,BMW_Torque_Specs,unknown,specification,False,0.95,[],False
bmwtorquespecs-097,raw/00 - Torque Specs/BMW_Torque_Specs/097.jpg,,BMW_Torque_Specs,unknown,specification,False,0.9,"[""procedure""]",False
bmwtorquespecs-098,raw/00 - Torque Specs/BMW_Torque_Specs/098.jpg,,BMW_Torque_Specs,unknown,specification,False,0.9,"[""procedure""]",False
bmwtorquespecs-099,raw/00 - Torque Specs/BMW_Torque_Specs/099.jpg,,BMW_Torque_Specs,unknown,specification,False,0.95,"[""procedure""]",False
bmwtorquespecs-100,raw/00 - Torque Specs/BMW_Torque_Specs/100.jpg,,BMW_Torque_Specs,unknown,specification,False,0.9,"[""procedure""]",False
bmwtorquespecs-101,raw/00 - Torque Specs/BMW_Torque_Specs/101.jpg,,BMW_Torque_Specs,unknown,specification,False,0.9,"[""text""]",False
bmwtorquespecs-102,raw/00 - Torque Specs/BMW_Torque_Specs/102.jpg,,BMW_Torque_Specs,unknown,specification,False,0.9,"[""procedure""]",False
bmwtorquespecs-103,raw/00 - Torque Specs/BMW_Torque_Specs/103.jpg,,BMW_Torque_Specs,unknown,specification,False,0.9,[],False
bmwtorquespecs-104,raw/00 - Torque Specs/BMW_Torque_Specs/104.jpg,,BMW_Torque_Specs,unknown,specification,False,0.9,"[""procedure""]",False
bmwtorquespecs-105,raw/00 - Torque Specs/BMW_Torque_Specs/105.jpg,,BMW_Torque_Specs,unknown,specification,False,0.95,[],False
bmwtorquespecs-106,raw/00 - Torque Specs/BMW_Torque_Specs/106.jpg,,BMW_Torque_Specs,unknown,specification,False,0.9,"[""text""]",False
bmwtorquespecs-107,raw/00 - Torque Specs/BMW_Torque_Specs/107.jpg,,BMW_Torque_Specs,unknown,specification,False,0.9,"[""text""]",False
bmwtorquespecs-108,raw/00 - Torque Specs/BMW_Torque_Specs/108.jpg,,BMW_Torque_Specs,unknown,specification,False,0.9,[],False
bmwtorquespecs-109,raw/00 - Torque Specs/BMW_Torque_Specs/109.jpg,,BMW_Torque_Specs,unknown,specification,False,0.9,"[""procedure""]",False
bmwtorquespecs-110,raw/00 - Torque Specs/BMW_Torque_Specs/110.jpg,,BMW_Torque_Specs,unknown,specification,False,0.9,"[""procedure""]",False
bmwtorquespecs-111,raw/00 - Torque Specs/BMW_Torque_Specs/111.jpg,,BMW_Torque_Specs,unknown,specification,False,0.9,[],False
bmwtorquespecs-112,raw/00 - Torque Specs/BMW_Torque_Specs/112.jpg,,BMW_Torque_Specs,unknown,specification,False,0.9,"[""procedure""]",False
bmwtorquespecs-113,raw/00 - Torque Specs/BMW_Torque_Specs/113.jpg,,BMW_Torque_Specs,unknown,specification,False,0.9,[],False
bmwtorquespecs-114,raw/00 - Torque Specs/BMW_Torque_Specs/114.jpg,,BMW_Torque_Specs,unknown,specification,False,0.9,"[""procedure""]",False
bmwtorquespecs-115,raw/00 - Torque Specs/BMW_Torque_Specs/115.jpg,,BMW_Torque_Specs,unknown,specification,False,0.9,[],False
bmwtorquespecs-116,raw/00 - Torque Specs/BMW_Torque_Specs/116.jpg,,BMW_Torque_Specs,unknown,specification,False,0.9,"[""diagram""]",False
bmwtorquespecs-117,raw/00 - Torque Specs/BMW_Torque_Specs/117.jpg,,BMW_Torque_Specs,unknown,specification,False,0.9,"[""procedure""]",False
bmwtorquespecs-118,raw/00 - Torque Specs/BMW_Torque_Specs/118.jpg,,BMW_Torque_Specs,unknown,specification,False,0.9,"[""procedure""]",False
bmwtorquespecs-119,raw/00 - Torque Specs/BMW_Torque_Specs/119.jpg,,BMW_Torque_Specs,unknown,specification,False,0.9,[],False
bmwtorquespecs-120,raw/00 - Torque Specs/BMW_Torque_Specs/120.jpg,,BMW_Torque_Specs,unknown,specification,False,0.9,"[""procedure""]",False
bmwtorquespecs-121,raw/00 - Torque Specs/BMW_Torque_Specs/121.jpg,,BMW_Torque_Specs,unknown,specification,False,0.9,"[""procedure""]",False
bmwtorquespecs-122,raw/00 - Torque Specs/BMW_Torque_Specs/122.jpg,,BMW_Torque_Specs,unknown,specification,False,0.95,"[""procedure""]",False
bmwtorquespecs-123,raw/00 - Torque Specs/BMW_Torque_Specs/123.jpg,,BMW_Torque_Specs,unknown,specification,False,0.9,"[""procedure""]",False
bmwtorquespecs-124,raw/00 - Torque Specs/BMW_Torque_Specs/124.jpg,,BMW_Torque_Specs,unknown,specification,False,0.9,"[""procedure""]",False
bmwtorquespecs-125,raw/00 - Torque Specs/BMW_Torque_Specs/125.jpg,,BMW_Torque_Specs,unknown,specification,False,0.9,[],False
bmwtorquespecs-126,raw/00 - Torque Specs/BMW_Torque_Specs/126.jpg,,BMW_Torque_Specs,unknown,specification,False,0.9,[],False
bmwtorquespecs-127,raw/00 - Torque Specs/BMW_Torque_Specs/127.jpg,,BMW_Torque_Specs,unknown,specification,False,0.9,"[""wiring"", ""pinout""]",False
bmwtorquespecs-128,raw/00 - Torque Specs/BMW_Torque_Specs/128.jpg,,BMW_Torque_Specs,unknown,specification,False,0.8,"[""procedure""]",False
bmwtorquespecs-129,raw/00 - Torque Specs/BMW_Torque_Specs/129.jpg,,BMW_Torque_Specs,unknown,specification,False,0.9,"[""text""]",False
bmwtorquespecs-130,raw/00 - Torque Specs/BMW_Torque_Specs/130.jpg,,BMW_Torque_Specs,unknown,specification,False,0.9,[],False
bmwtorquespecs-131,raw/00 - Torque Specs/BMW_Torque_Specs/131.jpg,,BMW_Torque_Specs,unknown,specification,False,0.95,[],False
bmwtorquespecs-132,raw/00 - Torque Specs/BMW_Torque_Specs/132.jpg,,BMW_Torque_Specs,unknown,specification,False,0.9,"[""procedure""]",False
bmwtorquespecs-133,raw/00 - Torque Specs/BMW_Torque_Specs/133.jpg,,BMW_Torque_Specs,unknown,specification,False,0.9,"[""wiring"", ""pinout""]",False
bmwtorquespecs-134,raw/00 - Torque Specs/BMW_Torque_Specs/134.jpg,,BMW_Torque_Specs,unknown,specification,False,0.9,"[""procedure""]",False
bmwtorquespecs-135,raw/00 - Torque Specs/BMW_Torque_Specs/135.jpg,,BMW_Torque_Specs,unknown,specification,False,0.9,"[""procedure""]",False
bmwtorquespecs-136,raw/00 - Torque Specs/BMW_Torque_Specs/136.jpg,,BMW_Torque_Specs,unknown,specification,False,0.9,"[""wiring""]",False
bosch-motronic-ml-3-1-01-02,raw/Bosch Motronic ML 3-1/01-02.png,bosch,Bosch Motronic ML 3-1,ecu_technical,specification,False,0.9,"[""procedure""]",False
bosch-motronic-ml-3-1-03-04,raw/Bosch Motronic ML 3-1/03-04.png,bosch,Bosch Motronic ML 3-1,ecu_technical,specification,False,0.9,"[""troubleshooting""]",False
bosch-motronic-ml-3-1-05-06,raw/Bosch Motronic ML 3-1/05-06.png,bosch,Bosch Motronic ML 3-1,ecu_technical,specification,False,0.9,"[""troubleshooting""]",False
bosch-motronic-ml-3-1-07-08,raw/Bosch Motronic ML 3-1/07-08.png,bosch,Bosch Motronic ML 3-1,ecu_technical,specification,False,0.9,"[""procedure""]",False
bosch-motronic-ml-3-1-09-10,raw/Bosch Motronic ML 3-1/09-10.png,bosch,Bosch Motronic ML 3-1,ecu_technical,specification,False,0.9,"[""diagram""]",False
bosch-motronic-ml-3-1-11-12,raw/Bosch Motronic ML 3-1/11-12.png,bosch,Bosch Motronic ML 3-1,ecu_technical,specification,False,0.9,"[""procedure""]",False
bosch-motronic-ml-3-1-13-14,raw/Bosch Motronic ML 3-1/13-14.png,bosch,Bosch Motronic ML 3-1,ecu_technical,specification,False,0.9,"[""procedure""]",False
bosch-motronic-ml-3-1-15-16,raw/Bosch Motronic ML 3-1/15-16.png,bosch,Bosch Motronic ML 3-1,ecu_technical,specification,False,0.9,"[""procedure""]",False
bosch-motronic-ml-3-1-17-18,raw/Bosch Motronic ML 3-1/17-18.png,bosch,Bosch Motronic ML 3-1,ecu_technical,specification,False,0.9,"[""text""]",False
bosch-motronic-ml-3-1-19-20,raw/Bosch Motronic ML 3-1/19-20.png,bosch,Bosch Motronic ML 3-1,ecu_technical,wiring,False,0.9,"[""specification""]",False
favicon-android-chrome-192x192,raw/favicon/android-chrome-192x192.png,,favicon,unknown,diagram,False,0.95,[],False
favicon-android-chrome-512x512,raw/favicon/android-chrome-512x512.png,,favicon,unknown,diagram,False,0.95,[],False
favicon-apple-touch-icon,raw/favicon/apple-touch-icon.png,,favicon,unknown,diagram,False,0.9,[],False
favicon-favicon-16x16,raw/favicon/favicon-16x16.png,,favicon,unknown,diagram,False,0.9,[],False
favicon-favicon-32x32,raw/favicon/favicon-32x32.png,,favicon,unknown,diagram,False,0.9,[],False
getrag-001,raw/Getrag265:5_Rebuild_ShiftBMW/001.jpg,,Getrag265:5_Rebuild_ShiftBMW,service_manual,procedure,False,0.95,"[""specification""]",False
getrag-002,raw/Getrag265:5_Rebuild_ShiftBMW/002.jpg,,Getrag265:5_Rebuild_ShiftBMW,service_manual,procedure,False,0.9,"[""troubleshooting""]",False
getrag-003,raw/Getrag265:5_Rebuild_ShiftBMW/003.jpg,,Getrag265:5_Rebuild_ShiftBMW,service_manual,procedure,False,0.9,"[""specification""]",False
getrag-004,raw/Getrag265:5_Rebuild_ShiftBMW/004.jpg,,Getrag265:5_Rebuild_ShiftBMW,service_manual,specification,False,0.9,"[""procedure""]",False
getrag-005,raw/Getrag265:5_Rebuild_ShiftBMW/005.jpg,,Getrag265:5_Rebuild_ShiftBMW,service_manual,procedure,False,0.9,"[""specification""]",False
getrag-006,raw/Getrag265:5_Rebuild_ShiftBMW/006.jpg,,Getrag265:5_Rebuild_ShiftBMW,service_manual,procedure,False,0.9,"[""specification""]",False
getrag-007,raw/Getrag265:5_Rebuild_ShiftBMW/007.jpg,,Getrag265:5_Rebuild_ShiftBMW,service_manual,procedure,False,0.9,"[""specification""]",False
getrag-008,raw/Getrag265:5_Rebuild_ShiftBMW/008.jpg,,Getrag265:5_Rebuild_ShiftBMW,service_manual,diagram,False,0.9,[],False
getrag-009,raw/Getrag265:5_Rebuild_ShiftBMW/009.jpg,,Getrag265:5_Rebuild_ShiftBMW,service_manual,procedure,False,0.9,"[""specification""]",False
getrag-010,raw/Getrag265:5_Rebuild_ShiftBMW/010.jpg,,Getrag265:5_Rebuild_ShiftBMW,service_manual,procedure,False,0.9,"[""specification""]",False
getrag-011,raw/Getrag265:5_Rebuild_ShiftBMW/011.jpg,,Getrag265:5_Rebuild_ShiftBMW,service_manual,specification,False,0.85,"[""diagram""]",False
getrag-012,raw/Getrag265:5_Rebuild_ShiftBMW/012.jpg,,Getrag265:5_Rebuild_ShiftBMW,service_manual,procedure,False,0.9,"[""specification""]",False
getrag-013,raw/Getrag265:5_Rebuild_ShiftBMW/013.jpg,,Getrag265:5_Rebuild_ShiftBMW,service_manual,procedure,False,0.9,"[""specification""]",False
getrag-014,raw/Getrag265:5_Rebuild_ShiftBMW/014.jpg,,Getrag265:5_Rebuild_ShiftBMW,service_manual,procedure,False,0.9,"[""specification""]",False
getrag-015,raw/Getrag265:5_Rebuild_ShiftBMW/015.jpg,,Getrag265:5_Rebuild_ShiftBMW,service_manual,procedure,False,0.9,"[""specification""]",False
getrag-016,raw/Getrag265:5_Rebuild_ShiftBMW/016.jpg,,Getrag265:5_Rebuild_ShiftBMW,service_manual,specification,False,0.8,"[""diagram""]",False
getrag-017,raw/Getrag265:5_Rebuild_ShiftBMW/017.jpg,,Getrag265:5_Rebuild_ShiftBMW,service_manual,text,False,0.8,"[""specification""]",False
getrag-018,raw/Getrag265:5_Rebuild_ShiftBMW/018.jpg,,Getrag265:5_Rebuild_ShiftBMW,service_manual,specification,False,0.9,"[""procedure""]",False
getrag-019,raw/Getrag265:5_Rebuild_ShiftBMW/019.jpg,,Getrag265:5_Rebuild_ShiftBMW,service_manual,diagram,False,0.9,"[""specification""]",False
getrag-020,raw/Getrag265:5_Rebuild_ShiftBMW/020.jpg,,Getrag265:5_Rebuild_ShiftBMW,service_manual,specification,False,0.9,"[""diagram""]",False
getrag-021,raw/Getrag265:5_Rebuild_ShiftBMW/021.jpg,,Getrag265:5_Rebuild_ShiftBMW,service_manual,specification,False,0.9,"[""procedure""]",False
getrag-022,raw/Getrag265:5_Rebuild_ShiftBMW/022.jpg,,Getrag265:5_Rebuild_ShiftBMW,service_manual,procedure,False,0.9,"[""specification""]",False
getrag-023,raw/Getrag265:5_Rebuild_ShiftBMW/023.jpg,,Getrag265:5_Rebuild_ShiftBMW,service_manual,specification,False,0.8,"[""procedure""]",False
getrag-024,raw/Getrag265:5_Rebuild_ShiftBMW/024.jpg,,Getrag265:5_Rebuild_ShiftBMW,service_manual,specification,False,0.9,"[""procedure""]",False
getrag-025,raw/Getrag265:5_Rebuild_ShiftBMW/025.jpg,,Getrag265:5_Rebuild_ShiftBMW,service_manual,text,False,0.8,"[""index""]",False
reference-images-Bosch Motronic system drawing,raw/Reference Images/Bosch Motronic system drawing.png,reference,Reference Images,unknown,diagram,False,0.9,"[""specification""]",False
