timestamp,page_id,status,qa_count,tokens_input,tokens_output,cost_usd
2026-02-09T21:02:44.396118,-001,success,12,1867,777,0.0173
2026-02-09T21:03:00.943827,-002,success,12,1867,780,0.0173
2026-02-09T21:03:15.290921,-003,success,12,1867,738,0.0167
2026-02-09T21:03:27.321504,-004,success,10,1884,619,0.0149
2026-02-09T21:03:41.951284,-005,success,12,1867,653,0.0154
2026-02-09T21:03:57.300213,-006,success,12,1867,740,0.0167
2026-02-09T21:04:13.166624,-007,success,12,1867,732,0.0166
2026-02-09T21:04:22.755912,-008,success,8,1867,470,0.0127
2026-02-09T21:04:36.147184,-009,success,12,1867,739,0.0167
2026-02-09T21:04:49.042514,-010,success,12,1867,690,0.0160
2026-02-09T21:04:59.503836,-011,success,8,1867,499,0.0131
2026-02-09T21:05:14.101946,-012,success,12,1867,724,0.0165
2026-02-09T21:05:28.135317,-013,success,12,1867,706,0.0162
2026-02-09T21:05:42.061967,-014,success,12,1867,734,0.0166
2026-02-09T21:05:58.751800,-015,success,12,1867,854,0.0184
2026-02-09T21:06:11.672587,-016,success,10,1884,586,0.0144
2026-02-09T21:06:25.653375,-017,success,12,1867,707,0.0162
2026-02-09T21:06:38.690449,-018,success,10,1884,637,0.0152
2026-02-09T21:06:50.775542,-019,success,10,1884,632,0.0151
2026-02-09T21:07:00.835040,-020,success,6,1867,403,0.0116
2026-02-09T21:07:16.272474,-021,success,10,1884,696,0.0161
2026-02-09T21:07:30.789342,-022,success,12,1867,735,0.0166
2026-02-09T21:07:43.841869,-023,success,12,1867,701,0.0161
2026-02-09T21:07:53.549839,-024,success,7,1884,491,0.0130
2026-02-09T21:07:59.088802,-025,success,0,1867,130,0.0076
2026-02-09T21:08:04.747039,-m,success,0,436,132,0.0033
2026-02-09T21:08:12.699179,00-00-index-a_maintena,success,6,1744,368,0.0108
2026-02-09T21:08:25.908216,00-00-intro-01_maintena,success,6,1744,474,0.0123
2026-02-09T21:08:43.731577,00-00-intro-02_maintena,success,12,1894,808,0.0178
2026-02-09T21:09:01.760172,00-00-intro-03_maintena,success,12,1894,848,0.0184
2026-02-09T21:09:11.685106,00-00-intro-04_maintena,success,6,1744,377,0.0109
2026-02-09T21:09:27.256107,00-01_maintena,success,12,1890,745,0.0168
2026-02-09T21:09:43.079045,00-01_torque-s,success,10,1848,708,0.0162
2026-02-09T21:10:00.926587,00-02_maintena,success,12,1890,830,0.0181
2026-02-09T21:10:13.082538,00-02_torque-s,success,10,1848,724,0.0164
2026-02-09T21:10:30.562632,00-03_maintena,success,12,1890,795,0.0176
2026-02-09T21:10:40.374527,00-03_torque-s,success,10,1848,614,0.0148
2026-02-09T21:10:55.066757,00-04_maintena,success,12,1890,724,0.0165
2026-02-09T21:11:06.166029,00-04_torque-s,success,10,1848,681,0.0158
2026-02-09T21:11:22.315525,00-05_maintena,success,12,1890,727,0.0166
2026-02-09T21:11:34.539056,00-05_torque-s,success,10,1848,742,0.0167
2026-02-09T21:11:52.160264,00-06_maintena,success,12,1890,783,0.0174
2026-02-09T21:12:02.797104,00-06_torque-s,success,10,1848,676,0.0157
2026-02-09T21:12:19.518790,00-07_maintena,success,12,1890,727,0.0166
2026-02-09T21:12:30.545839,00-07_torque-s,success,10,1848,681,0.0158
2026-02-09T21:12:45.811606,00-08_maintena,success,12,1890,708,0.0163
2026-02-09T21:12:56.577028,00-08_torque-s,success,10,1848,662,0.0155
2026-02-09T21:13:14.290971,00-09_maintena,success,12,1890,802,0.0177
2026-02-09T21:13:24.959782,00-09_torque-s,success,10,1848,649,0.0153
2026-02-09T21:13:41.530303,00-10_maintena,success,12,1890,754,0.0170
2026-02-09T21:13:57.400674,00-11_maintena,success,12,1890,677,0.0158
2026-02-09T21:14:13.686478,00-12_maintena,success,12,1890,764,0.0171
2026-02-09T21:14:32.495965,00-13_maintena,success,12,1890,866,0.0187
2026-02-09T21:14:42.991644,00-14_maintena,success,10,1802,526,0.0133
2026-02-09T21:15:00.808720,00-15_maintena,success,12,1890,804,0.0177
2026-02-09T21:15:15.021709,00-16_maintena,success,12,1890,701,0.0162
2026-02-09T21:15:32.277520,00-17_maintena,success,12,1890,789,0.0175
2026-02-09T21:15:48.003234,00-18_maintena,success,12,1890,754,0.0170
2026-02-09T21:16:00.398389,00-torque-specs-001,success,10,1937,662,0.0157
2026-02-09T21:16:13.292475,00-torque-specs-002,success,10,1882,613,0.0148
2026-02-09T21:16:25.396424,00-torque-specs-003,success,10,1882,685,0.0159
2026-02-09T21:16:35.618265,00-torque-specs-004,success,10,1882,641,0.0153
2026-02-09T21:16:48.427270,00-torque-specs-005,success,10,1882,720,0.0164
2026-02-09T21:17:00.103441,00-torque-specs-006,success,10,1882,686,0.0159
2026-02-09T21:17:11.140403,00-torque-specs-007,success,10,1882,664,0.0156
2026-02-09T21:17:22.524748,00-torque-specs-008,success,10,1882,722,0.0165
2026-02-09T21:17:34.501623,00-torque-specs-009,success,10,1882,672,0.0157
2026-02-09T21:17:45.975442,00-torque-specs-010,success,10,1882,686,0.0159
2026-02-09T21:17:59.429592,00-torque-specs-011,success,8,1882,636,0.0152
2026-02-09T21:18:14.624829,00-torque-specs-012,success,10,1882,748,0.0169
2026-02-09T21:18:26.863072,00-torque-specs-013,success,8,1882,566,0.0141
2026-02-09T21:18:37.701964,00-torque-specs-014,success,10,1882,572,0.0142
2026-02-09T21:18:46.812352,00-torque-specs-015,success,7,1882,553,0.0139
2026-02-09T21:18:57.406095,00-torque-specs-016,success,8,1882,576,0.0143
2026-02-09T21:19:06.771831,00-torque-specs-017,success,8,1882,525,0.0135
2026-02-09T21:19:18.541006,00-torque-specs-018,success,9,1882,599,0.0146
2026-02-09T21:19:30.938590,00-torque-specs-019,success,8,1882,675,0.0158
2026-02-09T21:19:41.379342,00-torque-specs-020,success,10,1882,618,0.0149
2026-02-09T21:19:55.128242,00-torque-specs-021,success,10,1882,762,0.0171
2026-02-09T21:20:08.059541,00-torque-specs-022,success,10,1882,685,0.0159
2026-02-09T21:20:19.760666,00-torque-specs-023,success,7,1882,589,0.0145
2026-02-09T21:20:33.366321,00-torque-specs-024,success,10,1882,721,0.0165
2026-02-09T21:20:46.323062,00-torque-specs-025,success,10,1882,664,0.0156
2026-02-09T21:20:56.884862,00-torque-specs-026,success,10,1882,538,0.0137
2026-02-09T21:21:10.979339,00-torque-specs-027,success,10,1882,787,0.0175
2026-02-09T21:21:22.499487,00-torque-specs-028,success,6,1882,682,0.0159
2026-02-09T21:21:32.984105,00-torque-specs-029,success,8,1882,554,0.0140
2026-02-09T21:21:44.942612,00-torque-specs-030,success,10,1882,660,0.0155
2026-02-09T21:21:57.981854,00-torque-specs-031,success,7,1882,651,0.0154
2026-02-09T21:22:12.652966,00-torque-specs-032,success,10,1882,738,0.0167
2026-02-09T21:22:22.881700,00-torque-specs-033,success,6,1882,608,0.0148
2026-02-09T21:22:32.601736,00-torque-specs-034,success,6,1882,490,0.0130
2026-02-09T21:22:47.488185,00-torque-specs-035,success,10,1882,741,0.0168
2026-02-09T21:22:59.559026,00-torque-specs-036,success,10,1882,642,0.0153
2026-02-09T21:23:10.402625,00-torque-specs-037,success,9,1882,609,0.0148
2026-02-09T21:23:25.204929,00-torque-specs-038,success,10,1882,700,0.0161
2026-02-09T21:23:36.806966,00-torque-specs-039,success,10,1882,676,0.0158
2026-02-09T21:23:47.901469,00-torque-specs-040,success,9,1882,595,0.0146
2026-02-09T21:23:58.128044,00-torque-specs-041,success,9,1882,557,0.0140
2026-02-09T21:24:08.275805,00-torque-specs-042,success,10,1882,629,0.0151
2026-02-09T21:24:18.696998,00-torque-specs-043,success,8,1882,607,0.0148
2026-02-09T21:24:32.024589,00-torque-specs-044,success,10,1882,697,0.0161
2026-02-09T21:24:43.379324,00-torque-specs-045,success,9,1882,588,0.0145
2026-02-09T21:24:55.580140,00-torque-specs-046,success,10,1882,655,0.0155
2026-02-09T21:25:06.396618,00-torque-specs-047,success,9,1882,634,0.0152
2026-02-09T21:25:16.046365,00-torque-specs-048,success,6,1882,538,0.0137
2026-02-09T21:25:26.917356,00-torque-specs-049,success,8,1882,517,0.0134
2026-02-09T21:25:38.883904,00-torque-specs-050,success,9,1882,635,0.0152
2026-02-09T21:25:49.951623,00-torque-specs-051,success,8,1882,585,0.0144
2026-02-09T21:26:00.729880,00-torque-specs-052,success,9,1882,628,0.0151
2026-02-09T21:26:11.981928,00-torque-specs-053,success,8,1882,624,0.0150
2026-02-09T21:26:23.535717,00-torque-specs-054,success,10,1882,642,0.0153
2026-02-09T21:26:34.286425,00-torque-specs-055,success,8,1882,647,0.0154
2026-02-09T21:26:46.863561,00-torque-specs-056,success,8,1882,654,0.0155
2026-02-09T21:26:57.956876,00-torque-specs-057,success,9,1882,642,0.0153
2026-02-09T21:27:08.441205,00-torque-specs-058,success,7,1882,557,0.0140
2026-02-09T21:27:20.855783,00-torque-specs-059,success,10,1882,640,0.0152
2026-02-09T21:27:31.835778,00-torque-specs-060,success,8,1882,593,0.0145
2026-02-09T21:27:42.699834,00-torque-specs-061,success,10,1882,574,0.0143
2026-02-09T21:27:53.759321,00-torque-specs-062,success,10,1882,607,0.0148
2026-02-09T21:28:05.462599,00-torque-specs-063,success,9,1882,637,0.0152
2026-02-09T21:28:15.975555,00-torque-specs-064,success,10,1882,604,0.0147
2026-02-09T21:28:27.855945,00-torque-specs-065,success,10,1882,530,0.0136
2026-02-09T21:28:39.570838,00-torque-specs-066,success,7,1882,656,0.0155
2026-02-09T21:28:49.476652,00-torque-specs-067,success,9,1882,571,0.0142
2026-02-09T21:28:58.369826,00-torque-specs-068,success,6,1882,524,0.0135
2026-02-09T21:29:09.237963,00-torque-specs-069,success,8,1882,599,0.0146
2026-02-09T21:29:18.999496,00-torque-specs-070,success,8,1882,531,0.0136
2026-02-09T21:29:30.905480,00-torque-specs-071,success,9,1882,580,0.0143
2026-02-09T21:29:41.243941,00-torque-specs-072,success,9,1882,578,0.0143
2026-02-09T21:29:54.420788,00-torque-specs-073,success,10,1882,697,0.0161
2026-02-09T21:30:07.060770,00-torque-specs-074,success,10,1882,643,0.0153
2026-02-09T21:30:17.944748,00-torque-specs-075,success,10,1882,603,0.0147
2026-02-09T21:30:27.281203,00-torque-specs-076,success,6,1882,509,0.0133
2026-02-09T21:30:37.298092,00-torque-specs-077,success,7,1882,524,0.0135
2026-02-09T21:30:48.361498,00-torque-specs-078,success,9,1882,548,0.0139
2026-02-09T21:30:58.546076,00-torque-specs-079,success,8,1882,514,0.0134
2026-02-09T21:31:08.733169,00-torque-specs-080,success,6,1882,586,0.0144
2026-02-09T21:31:21.026511,00-torque-specs-081,success,10,1882,691,0.0160
2026-02-09T21:31:31.934716,00-torque-specs-082,success,7,1882,593,0.0145
2026-02-09T21:31:43.041512,00-torque-specs-083,success,9,1882,659,0.0155
2026-02-09T21:31:54.694960,00-torque-specs-084,success,7,1882,593,0.0145
2026-02-09T21:32:04.656101,00-torque-specs-085,success,8,1882,563,0.0141
2026-02-09T21:32:15.639514,00-torque-specs-086,success,8,1882,573,0.0142
2026-02-09T21:32:29.652124,00-torque-specs-087,success,8,1882,646,0.0153
2026-02-09T21:32:40.496281,00-torque-specs-088,success,8,1882,610,0.0148
2026-02-09T21:32:50.964892,00-torque-specs-089,success,9,1882,610,0.0148
2026-02-09T21:33:04.201292,00-torque-specs-090,success,10,1882,644,0.0153
2026-02-09T21:33:15.207892,00-torque-specs-091,success,7,1882,596,0.0146
2026-02-09T21:33:26.903670,00-torque-specs-092,success,9,1882,613,0.0148
2026-02-09T21:33:38.473070,00-torque-specs-093,success,10,1882,596,0.0146
2026-02-09T21:33:48.725404,00-torque-specs-094,success,10,1882,625,0.0150
2026-02-09T21:34:01.399434,00-torque-specs-095,success,10,1882,673,0.0157
2026-02-09T21:34:12.576326,00-torque-specs-096,success,10,1882,540,0.0137
2026-02-09T21:34:25.684165,00-torque-specs-097,success,10,1882,711,0.0163
2026-02-09T21:34:39.822498,00-torque-specs-098,success,10,1882,717,0.0164
2026-02-09T21:34:51.897228,00-torque-specs-099,success,10,1882,628,0.0151
2026-02-09T21:35:02.324926,00-torque-specs-100,success,9,1882,554,0.0140
2026-02-09T21:35:12.567131,00-torque-specs-101,success,9,1882,506,0.0132
2026-02-09T21:35:24.855641,00-torque-specs-102,success,10,1882,624,0.0150
2026-02-09T21:35:34.835358,00-torque-specs-103,success,9,1882,593,0.0145
2026-02-09T21:35:50.852947,00-torque-specs-104,success,10,1882,830,0.0181
2026-02-09T21:36:03.337137,00-torque-specs-105,success,10,1882,707,0.0163
2026-02-09T21:36:16.104269,00-torque-specs-106,success,10,1882,636,0.0152
2026-02-09T21:36:28.040181,00-torque-specs-107,success,9,1882,575,0.0143
2026-02-09T21:36:39.315462,00-torque-specs-108,success,9,1882,638,0.0152
2026-02-09T21:36:50.259343,00-torque-specs-109,success,9,1882,573,0.0142
2026-02-09T21:37:01.739709,00-torque-specs-11-01,success,7,1848,610,0.0147
2026-02-09T21:37:14.731634,00-torque-specs-11-02,success,10,1848,646,0.0152
2026-02-09T21:37:24.493329,00-torque-specs-11-04,success,6,1848,510,0.0132
2026-02-09T21:37:33.219860,00-torque-specs-11-05,success,6,1848,550,0.0138
2026-02-09T21:37:44.655417,00-torque-specs-11-06,success,8,1848,606,0.0146
2026-02-09T21:37:55.310789,00-torque-specs-11-07,success,7,1848,544,0.0137
2026-02-09T21:38:08.694312,00-torque-specs-11-08,success,9,1848,672,0.0156
2026-02-09T21:38:23.037545,00-torque-specs-11-09,success,10,1848,739,0.0166
2026-02-09T21:38:32.983234,00-torque-specs-11-10,success,9,1848,575,0.0142
2026-02-09T21:38:47.014092,00-torque-specs-11-11,success,10,1848,830,0.0180
2026-02-09T21:39:00.087337,00-torque-specs-11-12,success,10,1848,720,0.0163
2026-02-09T21:39:09.328600,00-torque-specs-11-13,success,8,1848,528,0.0135
2026-02-09T21:39:23.365895,00-torque-specs-11-14,success,9,1848,715,0.0163
2026-02-09T21:39:36.762555,00-torque-specs-11-15,success,10,1848,692,0.0159
2026-02-09T21:39:47.487963,00-torque-specs-11-16,success,10,1848,557,0.0139
2026-02-09T21:40:01.071947,00-torque-specs-11-17,success,10,1848,737,0.0166
2026-02-09T21:40:12.531254,00-torque-specs-11-18,success,7,1848,572,0.0141
2026-02-09T21:40:20.911129,00-torque-specs-11-19,success,6,1848,527,0.0134
2026-02-09T21:40:31.775873,00-torque-specs-11-20,success,9,1848,572,0.0141
2026-02-09T21:40:44.075745,00-torque-specs-11-21,success,8,1848,676,0.0157
2026-02-09T21:40:57.336602,00-torque-specs-11-22,success,10,1848,737,0.0166
2026-02-09T21:41:08.714806,00-torque-specs-11-23,success,9,1848,634,0.0151
2026-02-09T21:41:18.474593,00-torque-specs-11-24,success,8,1848,534,0.0136
2026-02-09T21:41:32.509757,00-torque-specs-11-25,success,10,1848,697,0.0160
2026-02-09T21:41:44.538465,00-torque-specs-11-26,success,10,1848,622,0.0149
2026-02-09T21:41:57.303203,00-torque-specs-11-27,success,10,1848,654,0.0154
2026-02-09T21:42:08.346052,00-torque-specs-11-28,success,6,1848,577,0.0142
2026-02-09T21:42:21.253942,00-torque-specs-11-29,success,10,1848,675,0.0157
2026-02-09T21:42:32.640000,00-torque-specs-11-30,success,9,1848,608,0.0147
2026-02-09T21:42:43.268716,00-torque-specs-11-31,success,10,1848,536,0.0136
2026-02-09T21:42:53.613157,00-torque-specs-11-32,success,10,1848,674,0.0157
2026-02-09T21:43:03.434815,00-torque-specs-11-33,success,9,1848,577,0.0142
2026-02-09T21:43:17.764285,00-torque-specs-11-34,success,10,1848,756,0.0169
2026-02-09T21:43:28.673747,00-torque-specs-11-35,success,9,1848,594,0.0145
2026-02-09T21:43:40.604049,00-torque-specs-11-36,success,10,1848,707,0.0161
2026-02-09T21:43:52.954896,00-torque-specs-11-37,success,10,1848,660,0.0154
2026-02-09T21:44:03.148185,00-torque-specs-11-38,success,7,1848,577,0.0142
2026-02-09T21:44:14.305352,00-torque-specs-11-39,success,9,1848,553,0.0138
2026-02-09T21:44:26.604631,00-torque-specs-11-40,success,10,1848,643,0.0152
2026-02-09T21:44:41.423747,00-torque-specs-110,success,10,1882,788,0.0175
2026-02-09T21:44:55.268071,00-torque-specs-111,success,10,1882,727,0.0166
2026-02-09T21:45:07.095316,00-torque-specs-112,success,8,1882,665,0.0156
2026-02-09T21:45:19.744645,00-torque-specs-113,success,10,1882,644,0.0153
2026-02-09T21:45:34.029060,00-torque-specs-114,success,10,1882,724,0.0165
2026-02-09T21:45:46.779926,00-torque-specs-115,success,9,1882,729,0.0166
2026-02-09T21:46:00.122555,00-torque-specs-116,success,10,1882,724,0.0165
2026-02-09T21:46:11.798978,00-torque-specs-117,success,9,1882,657,0.0155
2026-02-09T21:46:23.944568,00-torque-specs-118,success,10,1882,611,0.0148
2026-02-09T21:46:34.855454,00-torque-specs-119,success,9,1882,598,0.0146
2026-02-09T21:46:45.466359,00-torque-specs-12-01,success,9,1848,600,0.0145
2026-02-09T21:46:56.421976,00-torque-specs-12-02,success,9,1848,614,0.0148
2026-02-09T21:47:07.512501,00-torque-specs-12-03,success,9,1848,591,0.0144
2026-02-09T21:47:18.999135,00-torque-specs-12-04,success,9,1848,632,0.0150
2026-02-09T21:47:29.497294,00-torque-specs-12-05,success,8,1848,596,0.0145
2026-02-09T21:47:40.694003,00-torque-specs-12-06,success,8,1848,607,0.0146
2026-02-09T21:47:51.526014,00-torque-specs-12-07,success,10,1848,624,0.0149
2026-02-09T21:48:01.220897,00-torque-specs-12-08,success,7,1848,553,0.0138
2026-02-09T21:48:11.613468,00-torque-specs-12-09,success,10,1848,586,0.0143
2026-02-09T21:48:23.881877,00-torque-specs-12-10,success,10,1848,622,0.0149
2026-02-09T21:48:39.474169,00-torque-specs-12-11,success,10,1848,591,0.0144
2026-02-09T21:48:49.944693,00-torque-specs-12-12,success,10,1848,608,0.0147
2026-02-09T21:49:01.444007,00-torque-specs-12-13,success,10,1848,597,0.0145
2026-02-09T21:49:12.511017,00-torque-specs-12-14,success,10,1848,634,0.0151
2026-02-09T21:49:23.682222,00-torque-specs-12-15,success,9,1848,540,0.0136
2026-02-09T21:49:34.641986,00-torque-specs-12-16,success,6,1848,601,0.0146
2026-02-09T21:49:45.485786,00-torque-specs-12-17,success,10,1848,595,0.0145
2026-02-09T21:49:58.345393,00-torque-specs-120,success,10,1882,673,0.0157
2026-02-09T21:50:08.070380,00-torque-specs-121,success,8,1882,534,0.0137
2026-02-09T21:50:21.228564,00-torque-specs-122,success,10,1882,730,0.0166
2026-02-09T21:50:32.659329,00-torque-specs-123,success,10,1882,629,0.0151
2026-02-09T21:50:43.945599,00-torque-specs-124,success,10,1882,646,0.0153
2026-02-09T21:50:55.005646,00-torque-specs-125,success,8,1882,604,0.0147
2026-02-09T21:51:05.207561,00-torque-specs-126,success,4,1882,511,0.0133
2026-02-09T21:51:17.754723,00-torque-specs-127,success,9,1882,716,0.0164
2026-02-09T21:51:28.925739,00-torque-specs-128,success,7,1882,591,0.0145
2026-02-09T21:51:44.182759,00-torque-specs-129,success,10,1882,723,0.0165
2026-02-09T21:51:53.446305,00-torque-specs-13-01,success,6,1848,532,0.0135
2026-02-09T21:52:02.316459,00-torque-specs-13-02,success,7,1848,522,0.0134
2026-02-09T21:52:14.438459,00-torque-specs-13-03,success,10,1848,663,0.0155
2026-02-09T21:52:25.434576,00-torque-specs-13-04,success,9,1848,562,0.0140
2026-02-09T21:52:35.332808,00-torque-specs-13-05,success,9,1848,535,0.0136
2026-02-09T21:52:47.504893,00-torque-specs-13-06,success,10,1848,674,0.0157
2026-02-09T21:53:00.262075,00-torque-specs-13-07,success,10,1848,684,0.0158
2026-02-09T21:53:11.532983,00-torque-specs-13-08,success,10,1848,574,0.0142
2026-02-09T21:53:20.947580,00-torque-specs-13-09,success,6,1848,526,0.0134
2026-02-09T21:53:31.792673,00-torque-specs-13-10,success,8,1848,517,0.0133
2026-02-09T21:53:42.743156,00-torque-specs-13-11,success,9,1848,566,0.0140
2026-02-09T21:53:53.324018,00-torque-specs-13-12,success,9,1848,519,0.0133
2026-02-09T21:54:03.674327,00-torque-specs-13-13,success,7,1848,560,0.0139
2026-02-09T21:54:16.545858,00-torque-specs-130,success,10,1882,678,0.0158
2026-02-09T21:54:27.225810,00-torque-specs-131,success,7,1882,548,0.0139
2026-02-09T21:54:37.643883,00-torque-specs-132,success,8,1882,581,0.0144
2026-02-09T21:54:47.005056,00-torque-specs-133,success,8,1882,539,0.0137
2026-02-09T21:54:58.739319,00-torque-specs-134,success,8,1882,600,0.0146
2026-02-09T21:55:09.295551,00-torque-specs-135,success,9,1882,551,0.0139
2026-02-09T21:55:20.114108,00-torque-specs-136,success,7,1882,573,0.0142
2026-02-09T21:55:30.794570,00-torque-specs-16-01,success,10,1848,623,0.0149
2026-02-09T21:55:41.847087,00-torque-specs-16-02,success,7,1848,611,0.0147
2026-02-09T21:55:52.506966,00-torque-specs-16-03,success,10,1848,615,0.0148
2026-02-09T21:56:03.351380,00-torque-specs-16-04,success,6,1848,574,0.0142
2026-02-09T21:56:13.526966,00-torque-specs-17-01,success,7,1848,564,0.0140
2026-02-09T21:56:24.259990,00-torque-specs-17-02,success,8,1848,577,0.0142
2026-02-09T21:56:35.807610,00-torque-specs-17-03,success,10,1848,626,0.0149
2026-02-09T21:56:45.459452,00-torque-specs-17-04,success,8,1848,548,0.0138
2026-02-09T21:56:56.619408,00-torque-specs-17-05,success,10,1848,612,0.0147
2026-02-09T21:57:10.330633,00-torque-specs-18-01,success,10,1848,694,0.0160
2026-02-09T21:57:22.420292,00-torque-specs-21-01,success,9,1848,646,0.0152
2026-02-09T21:57:34.605463,00-torque-specs-21-02,success,10,1848,670,0.0156
2026-02-09T21:57:45.454496,00-torque-specs-21-03,success,10,1848,582,0.0143
2026-02-09T21:57:56.787100,00-torque-specs-23-01,success,10,1848,639,0.0151
2026-02-09T21:58:08.910634,00-torque-specs-23-02,success,9,1848,620,0.0148
2026-02-09T21:58:20.167142,00-torque-specs-23-03,success,10,1848,570,0.0141
2026-02-09T21:58:32.386042,00-torque-specs-23-04,success,10,1848,663,0.0155
2026-02-09T21:58:46.169301,00-torque-specs-23-05,success,10,1848,752,0.0168
2026-02-09T21:58:57.658791,00-torque-specs-23-06,success,6,1848,594,0.0145
2026-02-09T21:59:08.563222,00-torque-specs-23-07,success,8,1848,558,0.0139
2026-02-09T21:59:18.533445,00-torque-specs-23-08,success,9,1848,507,0.0131
2026-02-09T21:59:30.441595,00-torque-specs-23-09,success,10,1848,615,0.0148
2026-02-09T21:59:41.501600,00-torque-specs-24-01,success,10,1848,656,0.0154
2026-02-09T21:59:57.390585,00-torque-specs-24-02,success,10,1848,845,0.0182
2026-02-09T22:00:09.751709,00-torque-specs-24-03,success,10,1848,709,0.0162
2026-02-09T22:00:23.216801,00-torque-specs-24-04,success,9,1848,657,0.0154
2026-02-09T22:00:35.653554,00-torque-specs-24-05,success,9,1848,612,0.0147
2026-02-09T22:00:47.434324,00-torque-specs-24-06,success,10,1848,645,0.0152
2026-02-09T22:00:59.256467,00-torque-specs-24-07,success,10,1848,611,0.0147
2026-02-09T22:01:13.652867,00-torque-specs-24-08,success,10,1848,775,0.0172
2026-02-09T22:01:28.395057,00-torque-specs-24-09,success,10,1848,680,0.0157
2026-02-09T22:01:41.909919,00-torque-specs-24-10,success,10,1848,789,0.0174
2026-02-09T22:01:53.285195,00-torque-specs-24-11,success,10,1848,592,0.0144
2026-02-09T22:02:06.714775,00-torque-specs-24-12,success,10,1848,754,0.0169
2026-02-09T22:02:20.194038,00-torque-specs-24-13,success,9,1848,738,0.0166
2026-02-09T22:02:34.343986,00-torque-specs-24-14,success,10,1848,805,0.0176
2026-02-09T22:02:44.572802,00-torque-specs-24-15,success,8,1848,561,0.0140
2026-02-09T22:02:55.439029,00-torque-specs-24-16,success,10,1848,618,0.0148
2026-02-09T22:03:06.801688,00-torque-specs-24-17,success,10,1848,553,0.0138
2026-02-09T22:03:18.871595,00-torque-specs-25-01,success,10,1848,622,0.0149
2026-02-09T22:03:29.951612,00-torque-specs-25-02,success,8,1848,600,0.0145
2026-02-09T22:03:42.033274,00-torque-specs-26-01,success,10,1848,673,0.0156
2026-02-09T22:03:53.778930,00-torque-specs-26-02,success,10,1848,633,0.0150
2026-02-09T22:04:05.661438,00-torque-specs-27-01,success,10,1848,625,0.0149
2026-02-09T22:04:16.117701,00-torque-specs-27-02,success,8,1848,592,0.0144
2026-02-09T22:04:26.579742,00-torque-specs-61-01,success,3,1848,529,0.0135
2026-02-09T22:04:38.380833,00-torque-specs-61-02,success,9,1848,618,0.0148
2026-02-09T22:04:48.637221,00-torque-specs-61-03,success,6,1848,525,0.0134
2026-02-09T22:05:04.591171,00-torque-specs-61-04,success,10,1848,754,0.0169
2026-02-09T22:05:16.823532,00-torque-specs-61-05,success,10,1848,668,0.0156
2026-02-09T22:05:28.532216,00-torque-specs-61-06,success,10,1848,672,0.0156
2026-02-09T22:05:39.781134,00-torque-specs-61-07,success,7,1848,599,0.0145
2026-02-09T22:05:49.740463,00-torque-specs-62-01,success,9,1848,538,0.0136
2026-02-09T22:06:01.939987,00-torque-specs-71-01,success,8,1848,687,0.0158
2026-02-09T22:06:13.661261,00-torque-specs-72-01,success,10,1848,597,0.0145
2026-02-09T22:06:23.040517,00-torque-specs-72-02,success,7,1848,552,0.0138
2026-02-09T22:06:32.699517,11-00-index-a_engine,success,6,1742,404,0.0113
2026-02-09T22:06:41.184106,11-00-index-b_engine,success,6,1742,382,0.0110
2026-02-09T22:06:48.632633,11-00-index-c_engine,success,6,1874,335,0.0106
2026-02-09T22:07:01.098994,11-100_engine,success,8,1622,573,0.0135
2026-02-09T22:07:17.090988,11-101_engine,success,12,1759,867,0.0183
2026-02-09T22:07:37.482589,11-102_engine,success,12,1759,952,0.0196
2026-02-09T22:07:54.984779,11-103_engine,success,12,1759,872,0.0184
2026-02-09T22:08:10.572958,11-104_engine,success,12,1759,739,0.0164
2026-02-09T22:08:24.633742,11-105_engine,success,12,1759,758,0.0166
2026-02-09T22:08:40.043896,11-106_engine,success,12,1759,783,0.0170
2026-02-09T22:08:57.175860,11-107_engine,success,12,1759,880,0.0185
2026-02-09T22:09:14.678120,11-108_engine,success,12,1759,934,0.0193
2026-02-09T22:09:29.164724,11-109_engine,success,12,1759,803,0.0173
2026-02-09T22:09:40.521874,11-50_engine,success,8,1751,530,0.0132
2026-02-09T22:09:57.881315,11-51_engine,success,12,1888,811,0.0178
2026-02-09T22:10:14.299885,11-52_engine,success,12,1888,809,0.0178
2026-02-09T22:10:33.401797,11-52a_engine,success,12,1889,892,0.0190
2026-02-09T22:10:47.309160,11-52b_engine,success,12,1889,770,0.0172
2026-02-09T22:11:01.820299,11-53_engine,success,12,1888,782,0.0174
2026-02-09T22:11:19.112115,11-53a_engine,success,12,1889,859,0.0186
2026-02-09T22:11:36.582453,11-53b_engine,success,12,1889,841,0.0183
2026-02-09T22:11:56.813203,11-53c_engine,success,12,1889,981,0.0204
2026-02-09T22:12:15.310075,11-54_engine,success,12,1888,1057,0.0215
2026-02-09T22:12:30.748210,11-55_engine,success,12,1888,750,0.0169
2026-02-09T22:12:45.929268,11-55a_engine,success,12,1889,785,0.0174
2026-02-09T22:13:00.620794,11-56_engine,success,12,1888,804,0.0177
2026-02-09T22:13:15.319800,11-57_engine,success,12,1888,764,0.0171
2026-02-09T22:13:30.888388,11-58_engine,success,12,1888,859,0.0185
2026-02-09T22:13:43.782915,11-60_engine,success,12,1888,648,0.0154
2026-02-09T22:14:00.546381,11-61_engine,success,12,1888,803,0.0177
2026-02-09T22:14:19.794411,11-61a_engine,success,12,1889,883,0.0189
2026-02-09T22:14:37.608524,11-61b_engine,success,12,1889,842,0.0183
2026-02-09T22:14:53.059075,11-62_engine,success,12,1888,810,0.0178
2026-02-09T22:15:09.415146,11-63_engine,success,12,1888,806,0.0178
2026-02-09T22:15:27.014516,11-64_engine,success,12,1888,810,0.0178
2026-02-09T22:15:44.524688,11-65_engine,success,12,1888,852,0.0184
2026-02-09T22:15:56.778635,11-66_engine,success,12,1888,633,0.0152
2026-02-09T22:16:12.410022,11-67_engine,success,12,1888,802,0.0177
2026-02-09T22:16:30.441868,11-68_engine,success,12,1888,860,0.0186
2026-02-09T22:16:48.616404,11-69_engine,success,12,1888,828,0.0181
2026-02-09T22:17:03.064094,11-70_engine,success,12,1888,688,0.0160
2026-02-09T22:17:18.154926,11-71_engine,success,12,1888,765,0.0171
2026-02-09T22:17:33.070264,11-72_engine,success,12,1888,734,0.0167
2026-02-09T22:17:46.991256,11-73_engine,success,12,1888,787,0.0175
2026-02-09T22:18:04.530729,11-74_engine,success,12,1888,916,0.0194
2026-02-09T22:18:20.785478,11-75_engine,success,12,1888,772,0.0172
2026-02-09T22:18:35.873912,11-76_engine,success,12,1888,770,0.0172
2026-02-09T22:18:51.115055,11-77_engine,success,12,1888,797,0.0176
2026-02-09T22:19:04.698323,11-78_engine,success,12,1888,727,0.0166
2026-02-09T22:19:18.541691,11-78b_engine,success,12,1889,705,0.0162
2026-02-09T22:19:36.778622,11-79_engine,success,12,1888,887,0.0190
2026-02-09T22:19:44.653328,12-00-index-a_engine-e,success,6,1747,382,0.0110
2026-02-09T22:19:51.444699,12-00-index-b_engine-e,success,6,1747,356,0.0106
2026-02-09T22:19:59.226835,12-00-index-c_engine-e,success,6,1747,363,0.0107
2026-02-09T22:20:06.624065,12-00-index-d_engine-e,success,6,1747,323,0.0101
2026-02-09T22:20:14.508427,12-00-index-e_engine-e,success,6,1747,368,0.0108
2026-02-09T22:20:34.916219,12-00_engine-e,success,12,1893,931,0.0196
2026-02-09T22:20:47.464310,12-01_engine-e,success,8,1754,569,0.0138
2026-02-09T22:21:02.790559,12-01a_engine-e,success,12,1894,693,0.0161
2026-02-09T22:21:18.040286,12-02_engine-e,success,12,1893,806,0.0178
2026-02-09T22:21:36.506793,12-03_engine-e,success,12,1893,838,0.0182
2026-02-09T22:21:52.044132,12-04_engine-e,success,12,1893,753,0.0170
2026-02-09T22:22:11.435286,12-05_engine-e,success,12,1893,848,0.0184
2026-02-09T22:22:29.949967,12-06_engine-e,success,12,1893,845,0.0184
2026-02-09T22:22:46.890111,12-07_engine-e,success,12,1893,835,0.0182
2026-02-09T22:22:58.633724,12-08_engine-e,success,8,1754,588,0.0141
2026-02-09T22:23:14.352016,12-09_engine-e,success,12,1893,713,0.0164
2026-02-09T22:23:35.032939,12-100_engine-e,success,12,1893,915,0.0194
2026-02-09T22:23:47.069002,12-101_engine-e,success,8,1754,490,0.0126
2026-02-09T22:24:00.985018,12-102_engine-e,success,8,1754,559,0.0136
2026-02-09T22:24:12.030170,12-103_engine-e,success,10,1743,657,0.0151
2026-02-09T22:24:22.706229,12-104_engine-e,success,10,1804,569,0.0139
2026-02-09T22:24:33.988260,12-105_engine-e,success,8,1754,514,0.0130
2026-02-09T22:24:49.029732,12-106_engine-e,success,8,1754,671,0.0153
2026-02-09T22:25:02.679528,12-107_1_engine-e,success,10,1804,638,0.0150
2026-02-09T22:25:14.889498,12-107_2_engine-e,success,9,1804,566,0.0139
2026-02-09T22:25:25.672481,12-107_3_engine-e,success,10,1804,558,0.0138
2026-02-09T22:25:39.534240,12-107_4_engine-e,success,10,1745,769,0.0168
2026-02-09T22:25:50.041959,12-107_engine-e,success,10,1743,611,0.0144
2026-02-09T22:26:04.594324,12-107a_engine-e,success,10,1744,819,0.0175
2026-02-09T22:26:15.948431,12-108_1_engine-e,success,6,1745,422,0.0116
2026-02-09T22:26:28.557726,12-108_engine-e,success,10,1790,660,0.0153
2026-02-09T22:26:43.947503,12-10_engine-e,success,10,1790,730,0.0163
2026-02-09T22:27:05.017090,12-110_engine-e,success,10,1790,919,0.0192
2026-02-09T22:27:25.996002,12-111_engine-e,success,12,1893,836,0.0182
2026-02-09T22:27:39.818848,12-112_2_engine-e,success,10,1790,627,0.0148
2026-02-09T22:27:56.126117,12-112_3_engine-e,success,12,1895,857,0.0185
2026-02-09T22:28:12.182536,12-112_engine-e,success,12,1893,795,0.0176
2026-02-09T22:28:27.003078,12-113_engine-e,success,12,1893,703,0.0162
2026-02-09T22:28:40.130909,12-114_1_engine-e,success,12,1895,697,0.0161
2026-02-09T22:28:56.335334,12-114_engine-e,success,12,1893,805,0.0178
2026-02-09T22:29:12.088366,12-115_engine-e,success,12,1893,807,0.0178
2026-02-09T22:29:29.603410,12-130_engine-e,success,12,1893,813,0.0179
2026-02-09T22:29:47.066138,12-131_engine-e,success,12,1893,770,0.0172
2026-02-09T22:30:01.221619,12-132_1_engine-e,success,12,1895,666,0.0157
2026-02-09T22:30:19.850734,12-132_2_engine-e,success,12,1895,855,0.0185
2026-02-09T22:30:38.845285,12-132_engine-e,success,12,1893,892,0.0191
2026-02-09T22:30:54.402094,12-133_engine-e,success,12,1893,728,0.0166
2026-02-09T22:31:13.547927,12-134_engine-e,success,12,1893,772,0.0173
2026-02-09T22:31:29.278935,12-135_engine-e,success,12,1893,778,0.0173
2026-02-09T22:31:48.691178,12-140_engine-e,success,10,1790,755,0.0167
2026-02-09T22:32:08.760792,12-141_engine-e,success,12,1893,880,0.0189
2026-02-09T22:32:24.899917,12-142_1_engine-e,success,12,1895,765,0.0172
2026-02-09T22:32:37.727331,12-142_2_engine-e,success,12,1895,670,0.0157
2026-02-09T22:32:51.768029,12-142_3_engine-e,success,12,1895,752,0.0170
2026-02-09T22:33:09.464955,12-142_engine-e,success,12,1893,756,0.0170
2026-02-09T22:33:23.290349,12-143_1_engine-e,success,12,1895,753,0.0170
2026-02-09T22:33:38.447093,12-143_2_engine-e,success,12,1895,696,0.0161
2026-02-09T22:33:57.240122,12-143_engine-e,success,12,1893,899,0.0192
2026-02-09T22:34:11.685198,12-150_engine-e,success,10,1790,630,0.0148
2026-02-09T22:34:27.097481,12-151_engine-e,success,12,1893,727,0.0166
2026-02-09T22:34:42.466780,12-152_engine-e,success,12,1893,789,0.0175
2026-02-09T22:34:58.533737,12-153_engine-e,success,12,1893,733,0.0167
2026-02-09T22:35:15.832469,12-154_1_engine-e,success,12,1895,792,0.0176
2026-02-09T22:35:32.421250,12-154_engine-e,success,12,1893,724,0.0165
2026-02-09T22:35:48.412606,12-155_engine-e,success,12,1893,751,0.0169
2026-02-09T22:35:59.968779,12-160_engine-e,success,10,1804,585,0.0142
2026-02-09T22:36:13.494475,12-200_engine-e,success,10,1790,636,0.0149
2026-02-09T22:36:29.768924,12-20_engine-e,success,10,1790,653,0.0152
2026-02-09T22:36:48.219961,12-21_engine-e,success,12,1893,893,0.0191
2026-02-09T22:37:06.226153,12-22_engine-e,success,12,1893,819,0.0180
2026-02-09T22:37:20.414617,12-23_engine-e,success,10,1790,626,0.0148
2026-02-09T22:37:37.461969,12-24_engine-e,success,12,1893,796,0.0176
2026-02-09T22:37:55.317584,12-40_engine-e,success,10,1790,720,0.0162
2026-02-09T22:38:14.231188,12-41_engine-e,success,12,1893,827,0.0181
2026-02-09T22:38:30.418541,12-42_engine-e,success,12,1893,708,0.0163
2026-02-09T22:38:45.255745,12-43_engine-e,success,12,1936,793,0.0177
2026-02-09T22:39:00.758734,12-44_engine-e,success,12,1893,745,0.0169
2026-02-09T22:39:18.332527,12-45_engine-e,success,12,1936,827,0.0182
2026-02-09T22:39:35.600094,12-46_engine-e,success,12,1893,783,0.0174
2026-02-09T22:39:52.344528,12-50_engine-e,success,10,1790,753,0.0167
2026-02-09T22:40:07.490642,12-51_engine-e,success,12,1893,701,0.0162
2026-02-09T22:40:24.073682,12-52_engine-e,success,12,1893,818,0.0179
2026-02-09T22:40:40.159607,12-53_engine-e,success,12,1893,795,0.0176
2026-02-09T22:40:47.966334,13-00-index-a_fuel-sys,success,6,1746,363,0.0107
2026-02-09T22:41:00.443480,13-613_fuel-sys,success,12,1892,688,0.0160
2026-02-09T22:41:14.975017,13-620_fuel-sys,success,12,1892,738,0.0167
2026-02-09T22:41:29.618259,13-621_fuel-sys,success,12,1892,785,0.0175
2026-02-09T22:41:46.205718,13-622_fuel-sys,success,12,1892,823,0.0180
2026-02-09T22:42:01.602725,13-626_fuel-sys,success,12,1892,749,0.0169
2026-02-09T22:42:18.316005,13-627_fuel-sys,success,12,1892,749,0.0169
2026-02-09T22:42:34.653101,13-629_fuel-sys,success,12,1892,805,0.0178
2026-02-09T22:42:50.698219,13-630_fuel-sys,success,12,1892,840,0.0183
2026-02-09T22:43:02.822126,13-631_fuel-sys,success,12,1892,669,0.0157
2026-02-09T22:43:17.788016,13-632_fuel-sys,success,12,1892,816,0.0179
2026-02-09T22:43:33.820551,13-640_fuel-sys,success,12,1892,782,0.0174
2026-02-09T22:43:51.114248,13-641_fuel-sys,success,12,1892,823,0.0180
2026-02-09T22:44:05.070179,13-642_fuel-sys,success,12,1892,673,0.0158
2026-02-09T22:44:21.150468,13-643_fuel-sys,success,12,1892,782,0.0174
2026-02-09T22:44:36.817785,13-700_fuel-sys,success,12,1892,784,0.0174
2026-02-09T22:44:57.411871,13-700a_fuel-sys,success,12,1893,874,0.0188
2026-02-09T22:45:15.326659,13-701_fuel-sys,success,12,1892,868,0.0187
2026-02-09T22:45:33.953828,13-702_fuel-sys,success,12,1892,787,0.0175
2026-02-09T22:45:48.685356,13-703_fuel-sys,success,12,1892,818,0.0179
2026-02-09T22:46:04.396933,13-710_fuel-sys,success,12,1892,773,0.0173
2026-02-09T22:46:22.612966,13-713_fuel-sys,success,12,1892,904,0.0192
2026-02-09T22:46:37.860425,13-720_fuel-sys,success,12,1892,718,0.0164
2026-02-09T22:46:53.921620,13-730_fuel-sys,success,12,1892,742,0.0168
2026-02-09T22:47:12.024938,13-731_fuel-sys,success,12,1892,915,0.0194
2026-02-09T22:47:32.034178,13-732_fuel-sys,success,12,1892,1039,0.0213
2026-02-09T22:47:40.751512,13-750_fuel-sys,success,10,1803,554,0.0137
2026-02-09T22:47:55.813419,13-760_fuel-sys,success,12,1892,718,0.0164
2026-02-09T22:48:12.380509,13-762_fuel-sys,success,12,1892,795,0.0176
2026-02-09T22:48:29.275961,13-771_fuel-sys,success,12,1892,858,0.0185
2026-02-09T22:48:45.871844,13-781_fuel-sys,success,12,1892,722,0.0165
2026-02-09T22:49:00.119365,13-800_fuel-sys,success,10,1789,716,0.0161
2026-02-09T22:49:16.590485,13-801_fuel-sys,success,12,1892,905,0.0193
2026-02-09T22:49:33.489716,13-802_fuel-sys,success,12,1892,920,0.0195
2026-02-09T22:49:48.913324,13-803_fuel-sys,success,12,1892,809,0.0178
2026-02-09T22:50:05.102134,13-804_fuel-sys,success,10,1789,736,0.0164
2026-02-09T22:50:18.649198,13-805_fuel-sys,success,10,1789,680,0.0156
2026-02-09T22:50:30.054464,13-806_fuel-sys,success,10,1803,552,0.0137
2026-02-09T22:50:44.352519,13-810_fuel-sys,success,10,1789,677,0.0155
2026-02-09T22:50:58.192723,13-811_fuel-sys,success,10,1789,620,0.0147
2026-02-09T22:51:13.128385,13-812_fuel-sys,success,10,1789,700,0.0159
2026-02-09T22:51:26.470302,13-813_fuel-sys,success,12,1892,705,0.0163
2026-02-09T22:51:42.934919,13-814_fuel-sys,success,10,1789,910,0.0190
2026-02-09T22:51:59.220322,13-815_fuel-sys,success,12,1892,893,0.0191
2026-02-09T22:52:15.799734,13-816_fuel-sys,success,12,1892,879,0.0189
2026-02-09T22:52:35.793132,13-850_fuel-sys,success,10,1789,1035,0.0209
2026-02-09T22:52:48.956464,13-851_fuel-sys,success,10,1789,656,0.0152
2026-02-09T22:53:03.212070,13-852_fuel-sys,success,10,1789,657,0.0152
2026-02-09T22:53:20.857427,13-853_fuel-sys,success,10,1789,744,0.0165
2026-02-09T22:53:35.290727,13-854_fuel-sys,success,10,1789,723,0.0162
2026-02-09T22:53:49.408358,13-855_fuel-sys,success,10,1789,649,0.0151
2026-02-09T22:54:03.346752,13-856_fuel-sys,success,10,1789,626,0.0148
2026-02-09T22:54:25.575963,13-900_fuel-sys,success,10,1789,1112,0.0220
2026-02-09T22:54:40.146740,13-901_fuel-sys,success,10,1789,630,0.0148
2026-02-09T22:54:53.328249,13-902_fuel-sys,success,10,1789,639,0.0150
2026-02-09T22:55:11.633245,13-903_fuel-sys,success,12,1892,882,0.0189
2026-02-09T22:55:27.429422,13-904_fuel-sys,success,12,1892,727,0.0166
2026-02-09T22:55:44.100310,13-906_fuel-sys,success,12,1892,834,0.0182
2026-02-09T22:55:56.916722,13-907_fuel-sys,success,10,1789,624,0.0147
2026-02-09T22:56:09.491547,13-908_fuel-sys,success,12,1892,692,0.0161
2026-02-09T22:56:22.203968,13-909_fuel-sys,success,12,1892,671,0.0157
2026-02-09T22:56:34.786166,13-910_fuel-sys,success,12,1892,650,0.0154
2026-02-09T22:56:49.024775,13-911_fuel-sys,success,12,1892,709,0.0163
2026-02-09T22:57:05.105515,13-912_fuel-sys,success,10,1789,795,0.0173
2026-02-09T22:57:18.721831,13-932_fuel-sys,success,10,1803,598,0.0144
2026-02-09T22:57:27.560374,16-00-index-a_fuel-tan,success,6,1748,418,0.0115
2026-02-09T22:57:36.434529,16-00_fuel-tan,success,8,1755,449,0.0120
2026-02-09T22:57:46.999937,16-01_fuel-tan,success,8,1755,513,0.0130
2026-02-09T22:58:02.755656,16-02_fuel-tan,success,12,1894,732,0.0167
2026-02-09T22:58:17.089115,16-03_fuel-tan,success,12,1894,762,0.0171
2026-02-09T22:58:31.226535,16-04_fuel-tan,success,12,1894,702,0.0162
2026-02-09T22:58:45.972699,16-05_fuel-tan,success,12,1894,757,0.0170
2026-02-09T22:58:55.142327,16-06_fuel-tan,success,8,1755,480,0.0125
2026-02-09T22:59:12.204839,16-07_fuel-tan,success,12,1894,812,0.0179
2026-02-09T22:59:28.474693,16-08_fuel-tan,success,12,1894,722,0.0165
2026-02-09T22:59:44.766113,16-09_fuel-tan,success,12,1894,749,0.0169
2026-02-09T22:59:54.997456,16-10_fuel-tan,success,8,1755,478,0.0124
2026-02-09T23:00:11.956090,16-11_fuel-tan,success,12,1894,774,0.0173
2026-02-09T23:00:19.526696,17-00-index-a_radiator,success,6,1745,395,0.0112
2026-02-09T23:00:30.080372,17-01_radiator,success,8,1753,504,0.0128
2026-02-09T23:00:39.334060,17-02_radiator,success,8,1753,456,0.0121
2026-02-09T23:00:59.399435,17-03_radiator,success,12,1891,817,0.0179
2026-02-09T23:01:15.995472,17-04_1_radiator,success,12,1893,749,0.0169
2026-02-09T23:01:34.014510,17-04_radiator,success,12,1891,793,0.0176
2026-02-09T23:01:50.825993,17-05_radiator,success,12,1891,803,0.0177
2026-02-09T23:02:08.633646,17-06_1_radiator,success,12,1893,822,0.0180
2026-02-09T23:02:26.263418,17-06_radiator,success,12,1891,829,0.0181
2026-02-09T23:02:39.269195,17-07_radiator,success,12,1891,690,0.0160
2026-02-09T23:02:49.338576,18-00-index-a_exhaust-,success,6,1747,450,0.0120
2026-02-09T23:03:04.638074,18-01_exhaust-,success,12,1893,690,0.0160
2026-02-09T23:03:18.493673,18-02_exhaust-,success,12,1893,718,0.0164
2026-02-09T23:03:33.081511,18-03_exhaust-,success,12,1893,759,0.0171
2026-02-09T23:03:49.214284,18-04_exhaust-,success,12,1893,744,0.0168
2026-02-09T23:04:08.345399,18-05_exhaust-,success,12,1893,801,0.0177
2026-02-09T23:04:23.197685,18-06_exhaust-,success,12,1893,688,0.0160
2026-02-09T23:04:38.193271,18-07_exhaust-,success,12,1893,703,0.0162
2026-02-09T23:04:54.725222,18-08_exhaust-,success,12,1893,803,0.0177
2026-02-09T23:05:04.976109,18-09_exhaust-,success,8,1754,475,0.0124
2026-02-09T23:05:13.886721,1990-bmw-m3-electrical-troubleshooting-manual-00-00-cover,success,9,1892,514,0.0134
2026-02-09T23:05:21.367032,1990-bmw-m3-electrical-troubleshooting-manual-00-00-foreword,success,6,1893,343,0.0108
2026-02-09T23:05:28.741560,1990-bmw-m3-electrical-troubleshooting-manual-00-01-index-a,success,6,1894,332,0.0107
2026-02-09T23:05:37.236293,1990-bmw-m3-electrical-troubleshooting-manual-00-02-index-b,success,6,1894,395,0.0116
2026-02-09T23:05:48.202188,1990-bmw-m3-electrical-troubleshooting-manual-00-03,success,6,1891,455,0.0125
2026-02-09T23:06:01.508997,1990-bmw-m3-electrical-troubleshooting-manual-00-04,success,8,1891,603,0.0147
2026-02-09T23:06:14.206391,1990-bmw-m3-electrical-troubleshooting-manual-00-05,success,8,1891,497,0.0131
2026-02-09T23:06:29.926757,1990-bmw-m3-electrical-troubleshooting-manual-00-06,success,10,1891,772,0.0173
2026-02-09T23:06:46.263432,1990-bmw-m3-electrical-troubleshooting-manual-00-07,success,10,1891,671,0.0157
2026-02-09T23:06:58.125117,1990-bmw-m3-electrical-troubleshooting-manual-00-08,success,10,1891,578,0.0143
2026-02-09T23:07:07.460544,1990-bmw-m3-electrical-troubleshooting-manual-0670-00,success,8,1892,457,0.0125
2026-02-09T23:07:22.220264,1990-bmw-m3-electrical-troubleshooting-manual-0670-01,success,8,1892,712,0.0164
2026-02-09T23:07:33.368157,1990-bmw-m3-electrical-troubleshooting-manual-0670-02,success,8,1892,524,0.0135
2026-02-09T23:07:44.528180,1990-bmw-m3-electrical-troubleshooting-manual-0670-03,success,8,1892,518,0.0134
2026-02-09T23:07:54.996883,1990-bmw-m3-electrical-troubleshooting-manual-0670-04,success,8,1892,523,0.0135
2026-02-09T23:08:05.410935,1990-bmw-m3-electrical-troubleshooting-manual-0670-05,success,8,1892,508,0.0133
2026-02-09T23:08:16.579397,1990-bmw-m3-electrical-troubleshooting-manual-0670-06,success,8,1892,562,0.0141
2026-02-09T23:08:28.969082,1990-bmw-m3-electrical-troubleshooting-manual-0670-07,success,10,1957,632,0.0154
2026-02-09T23:08:40.565257,1990-bmw-m3-electrical-troubleshooting-manual-0670-08,success,8,1892,568,0.0142
2026-02-09T23:08:53.977500,1990-bmw-m3-electrical-troubleshooting-manual-0670-09,success,8,1892,613,0.0149
2026-02-09T23:09:07.782913,1990-bmw-m3-electrical-troubleshooting-manual-0670-10,success,10,1957,683,0.0161
2026-02-09T23:09:18.125539,1990-bmw-m3-electrical-troubleshooting-manual-0670-11,success,8,1892,474,0.0128
2026-02-09T23:09:30.422338,1990-bmw-m3-electrical-troubleshooting-manual-0670-12,success,8,1892,544,0.0138
2026-02-09T23:09:43.392727,1990-bmw-m3-electrical-troubleshooting-manual-0670-13,success,8,1892,591,0.0145
2026-02-09T23:09:55.298922,1990-bmw-m3-electrical-troubleshooting-manual-0670-14,success,8,1892,495,0.0131
2026-02-09T23:10:06.952022,1990-bmw-m3-electrical-troubleshooting-manual-0670-15,success,8,1892,560,0.0141
2026-02-09T23:10:19.872878,1990-bmw-m3-electrical-troubleshooting-manual-0670-16,success,8,1892,516,0.0134
2026-02-09T23:10:34.148369,1990-bmw-m3-electrical-troubleshooting-manual-1230-00,success,10,1957,694,0.0163
2026-02-09T23:10:45.175641,1990-bmw-m3-electrical-troubleshooting-manual-1240-00,success,8,1892,476,0.0128
2026-02-09T23:10:54.801783,1990-bmw-m3-electrical-troubleshooting-manual-1364-00,success,8,1892,443,0.0123
2026-02-09T23:26:14.312488,1990-bmw-m3-electrical-troubleshooting-manual-1364-01,success,8,1892,601,0.0147
2026-02-09T23:26:25.262605,1990-bmw-m3-electrical-troubleshooting-manual-1364-02,success,8,1892,534,0.0137
2026-02-09T23:26:37.760337,1990-bmw-m3-electrical-troubleshooting-manual-1364-03,success,8,1892,550,0.0139
2026-02-09T23:30:29.941370,1990-bmw-m3-electrical-troubleshooting-manual-1364-04,success,8,1892,573,0.0143
2026-02-09T23:30:41.145752,1990-bmw-m3-electrical-troubleshooting-manual-1364-05,success,8,1892,550,0.0139
2026-02-09T23:30:52.746756,1990-bmw-m3-electrical-troubleshooting-manual-1364-06,success,8,1892,540,0.0138
2026-02-09T23:31:04.693652,1990-bmw-m3-electrical-troubleshooting-manual-3243-00,success,8,1892,551,0.0139
2026-02-09T23:31:15.286904,1990-bmw-m3-electrical-troubleshooting-manual-3435-00,success,8,1892,453,0.0125
2026-02-09T23:32:17.059800,1990-bmw-m3-electrical-troubleshooting-manual-3450-00,success,8,1892,451,0.0124
2026-02-09T23:32:30.078141,1990-bmw-m3-electrical-troubleshooting-manual-3450-01,success,8,1892,600,0.0147
2026-02-09T23:32:42.427994,1990-bmw-m3-electrical-troubleshooting-manual-5116-00,success,8,1892,516,0.0134
2026-02-09T23:32:57.485055,1990-bmw-m3-electrical-troubleshooting-manual-5126-00,success,8,1892,632,0.0152
2026-02-10T00:59:52.540484,1990-bmw-m3-electrical-troubleshooting-manual-5126-01,success,8,1892,574,0.0143
2026-02-10T01:00:07.092868,1990-bmw-m3-electrical-troubleshooting-manual-5126A-00,success,10,1893,613,0.0149
2026-02-10T01:00:20.702264,1990-bmw-m3-electrical-troubleshooting-manual-5126A-01,success,10,1893,609,0.0148
2026-02-10T01:00:34.746638,1990-bmw-m3-electrical-troubleshooting-manual-5126A-02,success,10,1893,642,0.0153
2026-02-10T01:00:49.726125,1990-bmw-m3-electrical-troubleshooting-manual-5126A-03,success,12,1893,826,0.0181
2026-02-10T01:01:01.762031,1990-bmw-m3-electrical-troubleshooting-manual-5133-00,success,8,1892,540,0.0138
2026-02-10T01:01:15.069886,1990-bmw-m3-electrical-troubleshooting-manual-5200-00,success,10,1957,668,0.0159
2026-02-10T01:01:26.939918,1990-bmw-m3-electrical-troubleshooting-manual-5413-00,success,8,1892,535,0.0137
2026-02-10T01:01:39.914937,1990-bmw-m3-electrical-troubleshooting-manual-6100-00,success,8,1892,569,0.0142
2026-02-10T01:01:51.008841,1990-bmw-m3-electrical-troubleshooting-manual-6100-01,success,8,1892,553,0.0140
2026-02-10T01:02:05.549282,1990-bmw-m3-electrical-troubleshooting-manual-6100-02,success,10,1957,681,0.0161
2026-02-10T01:02:20.029427,1990-bmw-m3-electrical-troubleshooting-manual-6131-00,success,10,1957,680,0.0161
2026-02-10T01:02:34.534378,1990-bmw-m3-electrical-troubleshooting-manual-6160-00,success,8,1892,611,0.0148
2026-02-10T01:02:45.897499,1990-bmw-m3-electrical-troubleshooting-manual-6160-01,success,8,1892,553,0.0140
2026-02-10T01:02:58.286629,1990-bmw-m3-electrical-troubleshooting-manual-6210-00,success,8,1892,533,0.0137
2026-02-10T01:03:09.256407,1990-bmw-m3-electrical-troubleshooting-manual-6210-01,success,8,1892,509,0.0133
2026-02-10T01:03:19.997065,1990-bmw-m3-electrical-troubleshooting-manual-6210-02,success,8,1892,505,0.0133
2026-02-10T01:03:31.382773,1990-bmw-m3-electrical-troubleshooting-manual-6210-03,success,8,1892,524,0.0135
2026-02-10T01:03:41.619188,1990-bmw-m3-electrical-troubleshooting-manual-6210-04,success,8,1892,478,0.0128
2026-02-10T01:03:59.546617,1990-bmw-m3-electrical-troubleshooting-manual-6216-00,success,12,1892,859,0.0186
2026-02-10T01:04:09.802430,1990-bmw-m3-electrical-troubleshooting-manual-6216-01,success,8,1892,510,0.0133
2026-02-10T01:04:22.976571,1990-bmw-m3-electrical-troubleshooting-manual-6216-02,success,8,1892,614,0.0149
2026-02-10T01:04:33.536888,1990-bmw-m3-electrical-troubleshooting-manual-6216-03,success,8,1892,521,0.0135
2026-02-10T01:04:42.347867,1990-bmw-m3-electrical-troubleshooting-manual-6300-00,success,8,1892,413,0.0119
2026-02-10T01:04:56.671695,1990-bmw-m3-electrical-troubleshooting-manual-6300-01,success,10,1957,690,0.0162
2026-02-10T01:05:08.784839,1990-bmw-m3-electrical-troubleshooting-manual-6312-00,success,8,1892,583,0.0144
2026-02-10T01:05:23.643461,1990-bmw-m3-electrical-troubleshooting-manual-6312-01,success,10,1957,694,0.0163
2026-02-10T01:05:34.871768,1990-bmw-m3-electrical-troubleshooting-manual-6313-00,success,8,1892,537,0.0137
2026-02-10T01:05:47.465676,1990-bmw-m3-electrical-troubleshooting-manual-6313-01,success,8,1892,541,0.0138
2026-02-10T01:05:58.486367,1990-bmw-m3-electrical-troubleshooting-manual-6314-00,success,8,1892,509,0.0133
2026-02-10T01:06:08.491441,1990-bmw-m3-electrical-troubleshooting-manual-6320-00,success,7,1892,426,0.0121
2026-02-10T01:06:18.699746,1990-bmw-m3-electrical-troubleshooting-manual-6322-00,success,8,1892,498,0.0131
2026-02-10T01:06:29.482170,1990-bmw-m3-electrical-troubleshooting-manual-6325-00,success,8,1892,470,0.0127
2026-02-10T01:06:44.399590,1990-bmw-m3-electrical-troubleshooting-manual-6330-00,success,10,1957,710,0.0165
2026-02-10T01:07:00.245341,1990-bmw-m3-electrical-troubleshooting-manual-6410-00,success,12,1892,776,0.0173
2026-02-10T01:07:11.542260,1990-bmw-m3-electrical-troubleshooting-manual-6411-00,success,8,1892,538,0.0137
2026-02-10T01:07:25.996637,1990-bmw-m3-electrical-troubleshooting-manual-6411-01,success,10,1892,779,0.0174
2026-02-10T01:07:39.925723,1990-bmw-m3-electrical-troubleshooting-manual-6412-02,success,12,1892,752,0.0170
2026-02-10T01:07:52.300003,1990-bmw-m3-electrical-troubleshooting-manual-6413-00,success,8,1892,550,0.0139
2026-02-10T01:08:10.356029,1990-bmw-m3-electrical-troubleshooting-manual-6413-01,success,12,1892,903,0.0192
2026-02-10T01:08:26.809520,1990-bmw-m3-electrical-troubleshooting-manual-6413-02,success,12,1892,746,0.0169
2026-02-10T01:08:39.917547,1990-bmw-m3-electrical-troubleshooting-manual-6421-00,success,8,1892,616,0.0149
2026-02-10T01:08:58.863718,1990-bmw-m3-electrical-troubleshooting-manual-6421-01,success,10,1892,914,0.0194
2026-02-10T01:09:11.051334,1990-bmw-m3-electrical-troubleshooting-manual-6452-00,success,8,1892,561,0.0141
2026-02-10T01:09:20.977276,1990-bmw-m3-electrical-troubleshooting-manual-6452-01,success,8,1892,501,0.0132
2026-02-10T01:09:38.511266,1990-bmw-m3-electrical-troubleshooting-manual-6452-02,success,10,1892,859,0.0186
2026-02-10T01:09:53.194828,1990-bmw-m3-electrical-troubleshooting-manual-6452-03,success,11,1892,739,0.0168
2026-02-10T01:10:06.985508,1990-bmw-m3-electrical-troubleshooting-manual-6452-04,success,12,1892,727,0.0166
2026-02-10T01:10:20.169501,1990-bmw-m3-electrical-troubleshooting-manual-6454-00,success,9,1957,581,0.0146
2026-02-10T01:10:31.542919,1990-bmw-m3-electrical-troubleshooting-manual-6500-00,success,8,1892,524,0.0135
2026-02-10T01:10:45.571378,1990-bmw-m3-electrical-troubleshooting-manual-6500-01,success,10,1957,673,0.0160
2026-02-10T01:11:01.547350,1990-bmw-m3-electrical-troubleshooting-manual-6500A-00,success,10,1893,731,0.0166
2026-02-10T01:11:16.622313,1990-bmw-m3-electrical-troubleshooting-manual-6500A-01,success,12,1893,755,0.0170
2026-02-10T01:11:36.365550,1990-bmw-m3-electrical-troubleshooting-manual-6500A-02,success,12,1893,814,0.0179
2026-02-10T01:11:50.395488,1990-bmw-m3-electrical-troubleshooting-manual-6500A-03,success,10,1893,595,0.0146
2026-02-10T01:11:59.915350,1990-bmw-m3-electrical-troubleshooting-manual-6571-00,success,7,1892,429,0.0121
2026-02-10T01:12:11.298135,1990-bmw-m3-electrical-troubleshooting-manual-6581-00,success,8,1892,548,0.0139
2026-02-10T01:12:26.748083,1990-bmw-m3-electrical-troubleshooting-manual-6581-01,success,10,1957,718,0.0166
2026-02-10T01:12:39.741567,1990-bmw-m3-electrical-troubleshooting-manual-7000-00,success,8,1892,616,0.0149
2026-02-10T01:12:50.049244,1990-bmw-m3-electrical-troubleshooting-manual-7000-01,success,8,1892,540,0.0138
2026-02-10T01:13:00.988259,1990-bmw-m3-electrical-troubleshooting-manual-7000-02,success,8,1892,542,0.0138
2026-02-10T01:13:10.884624,1990-bmw-m3-electrical-troubleshooting-manual-7000-03,success,8,1892,537,0.0137
2026-02-10T01:13:21.340575,1990-bmw-m3-electrical-troubleshooting-manual-7000-04,success,8,1892,545,0.0139
2026-02-10T01:13:31.808231,1990-bmw-m3-electrical-troubleshooting-manual-7000-05,success,8,1892,532,0.0137
2026-02-10T01:13:43.148156,1990-bmw-m3-electrical-troubleshooting-manual-7000-06,success,8,1892,604,0.0147
2026-02-10T01:13:54.406990,1990-bmw-m3-electrical-troubleshooting-manual-7000-07,success,8,1892,561,0.0141
2026-02-10T01:14:05.572034,1990-bmw-m3-electrical-troubleshooting-manual-7000-08,success,8,1892,596,0.0146
2026-02-10T01:14:16.634941,1990-bmw-m3-electrical-troubleshooting-manual-7000-09,success,8,1892,557,0.0140
2026-02-10T01:14:28.302495,1990-bmw-m3-electrical-troubleshooting-manual-7000-10,success,8,1892,580,0.0144
2026-02-10T01:14:38.376956,1990-bmw-m3-electrical-troubleshooting-manual-7000-11,success,8,1892,499,0.0132
2026-02-10T01:14:49.026452,1990-bmw-m3-electrical-troubleshooting-manual-7000-12,success,8,1892,553,0.0140
2026-02-10T01:15:00.149179,1990-bmw-m3-electrical-troubleshooting-manual-8000-00,success,6,1892,533,0.0137
2026-02-10T01:15:09.787601,1990-bmw-m3-electrical-troubleshooting-manual-8000-01,success,6,1892,442,0.0123
2026-02-10T01:15:21.228644,1990-bmw-m3-electrical-troubleshooting-manual-8000-02,success,8,1892,565,0.0142
2026-02-10T01:15:32.719225,1990-bmw-m3-electrical-troubleshooting-manual-8000-03,success,8,1892,528,0.0136
2026-02-10T01:15:43.155417,1990-bmw-m3-electrical-troubleshooting-manual-8000-04,success,8,1892,509,0.0133
2026-02-10T01:15:52.890902,1990-bmw-m3-electrical-troubleshooting-manual-8000-05,success,8,1892,463,0.0126
2026-02-10T01:16:03.445100,1990-bmw-m3-electrical-troubleshooting-manual-8000-06,success,8,1892,514,0.0134
2026-02-10T01:16:15.830102,1990-bmw-m3-electrical-troubleshooting-manual-8500-00,success,8,1898,587,0.0145
2026-02-10T01:16:25.751401,1990-bmw-m3-electrical-troubleshooting-manual-8500-01,success,10,1957,610,0.0150
2026-02-10T01:16:36.724736,1990-bmw-m3-electrical-troubleshooting-manual-8500-02,success,8,1892,573,0.0143
2026-02-10T01:16:50.240233,1990-bmw-m3-electrical-troubleshooting-manual-8500-03,success,10,1957,748,0.0171
2026-02-10T01:17:00.952446,1990-bmw-m3-electrical-troubleshooting-manual-8500-04,success,10,1957,613,0.0151
2026-02-10T01:17:12.869606,1990-bmw-m3-electrical-troubleshooting-manual-8500-05,success,10,1957,631,0.0153
2026-02-10T01:17:23.932251,1990-bmw-m3-electrical-troubleshooting-manual-8500-06,success,8,1898,556,0.0140
2026-02-10T01:17:31.809618,1990-bmw-m3-electrical-troubleshooting-manual-8500-07,success,8,1892,398,0.0116
2026-02-10T01:17:43.799839,1990-bmw-m3-electrical-troubleshooting-manual-8500-08,success,10,1957,651,0.0156
2026-02-10T01:17:58.441430,1990-bmw-m3-electrical-troubleshooting-manual-8500-09,success,10,1957,727,0.0168
2026-02-10T01:18:10.629500,1990-bmw-m3-electrical-troubleshooting-manual-8500-10,success,10,1957,713,0.0166
2026-02-10T01:18:21.074862,1990-bmw-m3-electrical-troubleshooting-manual-8500-11,success,10,1957,598,0.0148
2026-02-10T01:18:31.278180,1990-bmw-m3-electrical-troubleshooting-manual-9005-00,success,8,1892,526,0.0136
2026-02-10T01:18:43.101139,1990-bmw-m3-electrical-troubleshooting-manual-9005-01,success,10,1909,626,0.0151
2026-02-10T01:18:54.461234,1990-bmw-m3-electrical-troubleshooting-manual-9005-02,success,10,1909,536,0.0138
2026-02-10T01:19:04.598529,1990-bmw-m3-electrical-troubleshooting-manual-9005-03,success,10,1909,494,0.0131
2026-02-10T01:19:14.753586,1990-bmw-m3-electrical-troubleshooting-manual-9005-04,success,10,1909,496,0.0132
2026-02-10T01:19:25.841673,1990-bmw-m3-electrical-troubleshooting-manual-9005-05,success,10,1909,501,0.0132
2026-02-10T01:19:33.271075,21-00-index-a_clutch,success,6,1745,362,0.0107
2026-02-10T01:19:50.578020,21-01_clutch,success,12,1891,789,0.0175
2026-02-10T01:20:08.195572,21-02_clutch,success,12,1891,808,0.0178
2026-02-10T01:20:22.015198,21-03_clutch,success,12,1891,709,0.0163
2026-02-10T01:20:38.716236,21-04_clutch,success,12,1891,773,0.0173
2026-02-10T01:20:58.278372,21-05_clutch,success,12,1891,847,0.0184
2026-02-10T01:21:12.304153,21-06_clutch,success,12,1891,738,0.0167
2026-02-10T01:21:26.634737,21-07_clutch,success,10,1789,669,0.0154
2026-02-10T01:21:35.546264,23-00-index-a_manual-t,success,6,1746,380,0.0109
2026-02-10T01:21:44.247295,23-00-index-b_manual-t,success,5,1746,320,0.0100
2026-02-10T01:21:52.238981,23-00-index-c_manual-t,success,6,1746,328,0.0102
2026-02-10T01:22:00.050036,23-00-index-d_manual-t,success,6,1746,324,0.0101
2026-02-10T01:22:08.269531,23-00-index-e_manual-t,success,6,1746,337,0.0103
2026-02-10T01:22:15.479880,23-00-index-f_manual-t,success,6,1746,318,0.0100
2026-02-10T01:22:24.803671,23-01_manual-t,success,8,1753,482,0.0125
2026-02-10T01:22:36.028567,23-02_manual-t,success,8,1753,537,0.0133
2026-02-10T01:22:53.800162,23-03_manual-t,success,12,1892,798,0.0176
2026-02-10T01:23:08.652868,23-03a_manual-t,success,12,1893,714,0.0164
2026-02-10T01:23:27.558526,23-03b_manual-t,success,12,1893,834,0.0182
2026-02-10T01:23:44.168011,23-04_manual-t,success,12,1892,812,0.0179
2026-02-10T01:23:58.811079,23-05_manual-t,success,12,1892,732,0.0167
2026-02-10T01:24:13.677474,23-06_manual-t,success,12,1892,777,0.0173
2026-02-10T01:24:26.090126,23-07_manual-t,success,12,1892,690,0.0160
2026-02-10T01:24:46.019139,23-08_manual-t,success,12,1892,868,0.0187
2026-02-10T01:25:02.714242,23-09_manual-t,success,12,1892,801,0.0177
2026-02-10T01:25:13.656605,23-101_manual-t,success,8,1753,529,0.0132
2026-02-10T01:25:23.630124,23-102_manual-t,success,8,1753,503,0.0128
2026-02-10T01:25:39.488769,23-103_manual-t,success,12,1892,784,0.0174
2026-02-10T01:25:58.023014,23-104_manual-t,success,12,1892,866,0.0187
2026-02-10T01:26:11.523169,23-105_manual-t,success,12,1892,818,0.0179
2026-02-10T01:26:26.930950,23-106_manual-t,success,12,1892,786,0.0175
2026-02-10T01:26:40.628413,23-107_manual-t,success,12,1892,791,0.0175
2026-02-10T01:26:54.232051,23-108_manual-t,success,12,1892,700,0.0162
2026-02-10T01:27:10.736822,23-109_manual-t,success,12,1892,814,0.0179
2026-02-10T01:27:28.021238,23-10_manual-t,success,12,1892,825,0.0181
2026-02-10T01:27:46.663383,23-110_manual-t,success,12,1892,781,0.0174
2026-02-10T01:28:02.246014,23-111_manual-t,success,12,1892,742,0.0168
2026-02-10T01:28:17.245783,23-112_manual-t,success,12,1892,863,0.0186
2026-02-10T01:28:33.346336,23-113_manual-t,success,12,1892,847,0.0184
2026-02-10T01:28:47.297259,23-114_manual-t,success,12,1892,685,0.0160
2026-02-10T01:29:05.415498,23-115_manual-t,success,12,1892,885,0.0190
2026-02-10T01:29:19.763220,23-116_manual-t,success,12,1892,760,0.0171
2026-02-10T01:29:30.592030,23-117_manual-t,success,8,1753,539,0.0133
2026-02-10T01:29:49.567205,23-118_manual-t,success,12,1892,825,0.0181
2026-02-10T01:30:05.592067,23-119_manual-t,success,12,1892,822,0.0180
2026-02-10T01:30:21.525506,23-11_manual-t,success,12,1892,779,0.0174
2026-02-10T01:30:38.609696,23-120_manual-t,success,12,1892,860,0.0186
2026-02-10T01:30:54.382019,23-121_manual-t,success,10,1789,712,0.0160
2026-02-10T01:31:12.618336,23-122_manual-t,success,10,1789,764,0.0168
2026-02-10T01:31:25.601718,23-12_manual-t,success,12,1892,659,0.0156
2026-02-10T01:31:42.323843,23-13_manual-t,success,12,1892,838,0.0182
2026-02-10T01:32:00.430548,23-14_manual-t,success,12,1892,816,0.0179
2026-02-10T01:32:18.161257,23-15_manual-t,success,12,1892,829,0.0181
2026-02-10T01:32:28.111083,23-165_manual-t,success,8,1753,509,0.0129
2026-02-10T01:32:39.136316,23-166_manual-t,success,8,1753,516,0.0130
2026-02-10T01:32:56.149781,23-167_manual-t,success,12,1892,781,0.0174
2026-02-10T01:33:12.931154,23-168_manual-t,success,12,1892,752,0.0170
2026-02-10T01:33:29.928998,23-168a_manual-t,success,12,1893,768,0.0172
2026-02-10T01:33:47.974119,23-169_manual-t,success,12,1892,788,0.0175
2026-02-10T01:34:04.751307,23-16_manual-t,success,12,1892,864,0.0186
2026-02-10T01:34:23.511711,23-170_manual-t,success,12,1892,873,0.0188
2026-02-10T01:34:38.955099,23-171_manual-t,success,12,1892,807,0.0178
2026-02-10T01:34:53.502090,23-172_manual-t,success,12,1892,791,0.0175
2026-02-10T01:35:08.482720,23-173_manual-t,success,12,1892,838,0.0182
2026-02-10T01:35:23.401040,23-173a_manual-t,success,12,1893,785,0.0175
2026-02-10T01:35:40.091574,23-174_manual-t,success,12,1892,817,0.0179
2026-02-10T01:35:56.991136,23-175_manual-t,success,12,1892,814,0.0179
2026-02-10T01:36:15.945566,23-176_manual-t,success,12,1892,935,0.0197
2026-02-10T01:36:32.849540,23-177_manual-t,success,12,1892,791,0.0175
2026-02-10T01:36:45.014582,23-178_manual-t,success,12,1892,631,0.0151
2026-02-10T01:37:01.710352,23-179_manual-t,success,12,1892,850,0.0184
2026-02-10T01:37:12.053115,23-17_manual-t,success,8,1753,505,0.0128
2026-02-10T01:37:28.763648,23-180_manual-t,success,12,1892,829,0.0181
2026-02-10T01:37:47.281338,23-181_manual-t,success,12,1892,899,0.0192
2026-02-10T01:37:58.613603,23-182_manual-t,success,10,1760,584,0.0140
2026-02-10T01:38:07.090323,23-183_manual-t,success,8,1753,442,0.0119
2026-02-10T01:38:22.618584,23-184_manual-t,success,12,1892,796,0.0176
2026-02-10T01:38:38.281863,23-185_manual-t,success,12,1892,771,0.0172
2026-02-10T01:38:55.263819,23-186_manual-t,success,12,1892,827,0.0181
2026-02-10T01:39:11.478649,23-187_manual-t,success,12,1892,830,0.0181
2026-02-10T01:39:28.847653,23-188_manual-t,success,12,1892,798,0.0176
2026-02-10T01:39:45.564300,23-18_manual-t,success,12,1892,795,0.0176
2026-02-10T01:40:01.748562,23-19_manual-t,success,12,1892,809,0.0178
2026-02-10T01:40:19.466054,23-20_manual-t,success,12,1892,880,0.0189
2026-02-10T01:40:36.661429,23-21_manual-t,success,12,1892,855,0.0185
2026-02-10T01:40:52.365958,23-22_manual-t,success,12,1892,738,0.0167
2026-02-10T01:41:03.596019,23-300_manual-t,success,8,1753,520,0.0131
2026-02-10T01:41:13.058101,23-301_manual-t,success,8,1753,503,0.0128
2026-02-10T01:41:29.615574,23-302_manual-t,success,12,1892,729,0.0166
2026-02-10T01:41:44.555835,23-303_manual-t,success,12,1892,710,0.0163
2026-02-10T01:42:00.699276,23-304_manual-t,success,12,1892,770,0.0172
2026-02-10T01:42:18.835524,23-305_manual-t,success,12,1892,844,0.0183
2026-02-10T01:42:38.420634,23-306_manual-t,success,12,1892,850,0.0184
2026-02-10T01:42:54.604288,23-307_manual-t,success,12,1892,804,0.0177
2026-02-10T01:43:12.548119,23-308_manual-t,success,12,1892,853,0.0185
2026-02-10T01:43:26.618436,23-309_manual-t,success,12,1892,808,0.0178
2026-02-10T01:43:45.621200,23-310_manual-t,success,12,1892,928,0.0196
2026-02-10T01:44:00.553749,23-311_manual-t,success,12,1892,790,0.0175
2026-02-10T01:44:15.618313,23-312_manual-t,success,12,1892,794,0.0176
2026-02-10T01:44:33.324134,23-313_manual-t,success,12,1892,828,0.0181
2026-02-10T01:44:51.123581,23-314_manual-t,success,12,1892,778,0.0173
2026-02-10T01:45:07.639052,23-315_manual-t,success,12,1892,751,0.0169
2026-02-10T01:45:24.831657,23-316_manual-t,success,12,1892,893,0.0191
2026-02-10T01:45:44.915567,23-317_manual-t,success,12,1892,884,0.0189
2026-02-10T01:46:01.294503,23-318_manual-t,success,12,1892,797,0.0176
2026-02-10T01:46:18.698790,23-319_manual-t,success,12,1892,856,0.0185
2026-02-10T01:46:29.245968,23-320_manual-t,success,8,1753,527,0.0132
2026-02-10T01:46:44.712593,23-321_manual-t,success,12,1892,832,0.0182
2026-02-10T01:47:02.955493,23-322_manual-t,success,12,1892,889,0.0190
2026-02-10T01:47:20.364891,23-323_manual-t,success,12,1892,857,0.0185
2026-02-10T01:47:35.195076,23-324_manual-t,success,12,1892,758,0.0170
2026-02-10T01:47:43.285663,25-00-index-a_gear-shi,success,6,1749,373,0.0108
2026-02-10T01:47:54.139466,25-01_gear-shi,success,8,1756,555,0.0136
2026-02-10T01:48:03.766654,25-02_gear-shi,success,8,1756,476,0.0124
2026-02-10T01:48:16.989212,25-03_gear-shi,success,12,1895,683,0.0159
2026-02-10T01:48:31.412751,25-04_gear-shi,success,12,1895,685,0.0160
2026-02-10T01:48:48.519920,25-05_gear-shi,success,12,1895,807,0.0178
2026-02-10T01:49:01.429880,25-06_gear-shi,success,12,1895,712,0.0164
2026-02-10T01:49:14.533880,25-07_gear-shi,success,12,1895,705,0.0163
2026-02-10T01:49:30.287524,25-08_gear-shi,success,12,1895,766,0.0172
2026-02-10T01:49:49.243825,25-09_gear-shi,success,12,1895,822,0.0180
2026-02-10T01:50:05.841212,25-10_gear-shi,success,12,1895,795,0.0176
2026-02-10T01:50:21.810814,25-11_gear-shi,success,12,1895,752,0.0170
2026-02-10T01:50:36.354230,25-12_gear-shi,success,12,1895,705,0.0163
2026-02-10T01:50:52.225139,25-13_gear-shi,success,12,1895,735,0.0167
2026-02-10T01:51:02.950679,25-14_gear-shi,success,12,1895,648,0.0154
2026-02-10T01:51:11.936482,25-15_gear-shi,success,8,1756,441,0.0119
2026-02-10T01:51:21.512042,25-16_gear-shi,success,8,1756,511,0.0129
2026-02-10T01:51:34.813841,25-17_gear-shi,success,12,1895,639,0.0153
2026-02-10T01:51:50.598843,25-18_gear-shi,success,12,1895,729,0.0166
2026-02-10T01:52:06.140271,25-19_gear-shi,success,12,1895,736,0.0167
2026-02-10T01:52:21.829669,25-20_gear-shi,success,12,1895,734,0.0167
2026-02-10T01:52:36.884700,25-21_gear-shi,success,12,1895,704,0.0162
2026-02-10T01:52:49.891874,25-22_gear-shi,success,12,1895,711,0.0163
2026-02-10T01:52:57.874673,26-00-index-a_propello,success,6,1748,387,0.0110
2026-02-10T01:53:19.597279,26-01_propello,success,12,1894,915,0.0194
2026-02-10T01:53:39.676973,26-01a_propello,success,12,1895,964,0.0201
2026-02-10T01:53:55.632617,26-02_propello,success,12,1894,775,0.0173
2026-02-10T01:54:11.000248,26-03_propello,success,12,1894,738,0.0168
2026-02-10T01:54:28.679389,26-04_propello,success,12,1894,828,0.0181
2026-02-10T01:54:46.531857,26-05_propello,success,12,1894,786,0.0175
2026-02-10T01:55:03.942867,26-06_propello,success,12,1894,808,0.0178
2026-02-10T01:55:20.829716,26-07_propello,success,12,1894,781,0.0174
2026-02-10T01:55:38.349338,26-08_propello,success,12,1894,841,0.0183
2026-02-10T01:55:51.932576,26-09_propello,success,12,1894,711,0.0163
2026-02-10T01:56:10.584748,26-10_propello,success,12,1894,815,0.0179
2026-02-10T01:56:24.080432,26-11_propello,success,12,1894,694,0.0161
2026-02-10T01:56:39.779931,26-12_propello,success,12,1894,771,0.0172
2026-02-10T01:56:52.335080,26-13_propello,success,12,1894,723,0.0165
2026-02-10T01:57:07.348334,26-14_propello,success,12,1894,754,0.0170
2026-02-10T01:57:25.370959,26-15_propello,success,10,1792,759,0.0168
2026-02-10T01:57:42.536217,26-16_propello,success,10,1792,700,0.0159
2026-02-10T01:57:51.061683,31-00-index-a_front-ax,success,6,1747,405,0.0113
2026-02-10T01:57:59.192223,31-00-index-b_front-ax,success,6,1747,412,0.0114
2026-02-10T01:58:06.084314,31-00-index-c_front-ax,success,4,1747,308,0.0099
2026-02-10T01:58:17.589523,31-01_front-ax,success,8,1754,544,0.0134
2026-02-10T01:58:34.490154,31-02_front-ax,success,12,1893,770,0.0172
2026-02-10T01:58:51.895032,31-03_front-ax,success,12,1893,827,0.0181
2026-02-10T01:59:07.372676,31-04_front-ax,success,12,1893,686,0.0160
2026-02-10T01:59:23.162853,31-05_1_front-ax,success,12,1895,745,0.0169
2026-02-10T01:59:37.362753,31-05_2_front-ax,success,12,1895,697,0.0161
2026-02-10T01:59:50.571759,31-05_front-ax,success,12,1893,714,0.0164
2026-02-10T02:00:02.581814,31-06_1_front-ax,success,12,1895,605,0.0148
2026-02-10T02:00:18.331140,31-06_front-ax,success,12,1893,789,0.0175
2026-02-10T02:00:37.271074,31-07_front-ax,success,12,1893,856,0.0185
2026-02-10T02:00:52.842201,31-08_front-ax,success,12,1893,798,0.0176
2026-02-10T02:01:10.166628,31-09_1_front-ax,success,12,1895,844,0.0183
2026-02-10T02:01:23.966811,31-09_2_front-ax,success,12,1895,766,0.0172
2026-02-10T02:01:37.282272,31-09_front-ax,success,11,1893,714,0.0164
2026-02-10T02:01:50.289567,31-10_1_front-ax,success,12,1895,765,0.0172
2026-02-10T02:02:07.100470,31-10_front-ax,success,12,1893,788,0.0175
2026-02-10T02:02:26.019095,31-11_1_front-ax,success,12,1895,889,0.0190
2026-02-10T02:02:37.910786,31-11_2_front-ax,success,12,1895,726,0.0166
2026-02-10T02:02:55.626143,31-11_front-ax,success,12,1893,809,0.0178
2026-02-10T02:03:05.145439,31-12_front-ax,success,8,1754,477,0.0124
2026-02-10T02:03:24.520519,31-13_front-ax,success,12,1893,861,0.0186
2026-02-10T02:03:44.422822,31-14_front-ax,success,12,1893,883,0.0189
2026-02-10T02:04:01.106837,31-15_front-ax,success,12,1893,828,0.0181
2026-02-10T02:04:17.663377,31-16_1_front-ax,success,12,1895,719,0.0165
2026-02-10T02:04:29.114664,31-16_2_front-ax,success,5,1804,618,0.0147
2026-02-10T02:04:41.816567,31-16_3_front-ax,success,10,1804,685,0.0157
2026-02-10T02:04:53.190096,31-16_4_front-ax,success,5,1804,602,0.0144
2026-02-10T02:05:12.576468,31-16_front-ax,success,12,1893,842,0.0183
2026-02-10T02:05:25.751599,31-17_front-ax,success,12,1893,682,0.0159
2026-02-10T02:05:40.811279,31-18_front-ax,success,10,1790,682,0.0156
2026-02-10T02:05:57.836435,31-19_front-ax,success,10,1790,798,0.0173
2026-02-10T02:06:11.004271,31-20_front-ax,success,10,1790,621,0.0147
2026-02-10T02:06:23.501350,31-21_front-ax,success,10,1804,600,0.0144
2026-02-10T02:19:30.872153,31-22_front-ax,success,12,1893,757,0.0170
2026-02-10T02:19:48.567119,31-23_front-ax,success,12,1893,888,0.0190
2026-02-10T02:20:03.437795,31-24_front-ax,success,12,1893,792,0.0176
2026-02-10T02:20:16.604950,31-25_front-ax,success,12,1893,790,0.0175
2026-02-10T05:04:22.249148,31-26_front-ax,success,12,1893,800,0.0177
2026-02-10T05:04:38.211188,31-27_front-ax,success,12,1893,811,0.0178
2026-02-10T07:03:16.849640,31-28_front-ax,success,12,1893,945,0.0199
2026-02-10T07:03:34.207119,31-29_front-ax,success,12,1893,894,0.0191
2026-02-10T08:01:23.731533,31-30_front-ax,success,12,1893,989,0.0205
2026-02-10T08:01:40.297326,31-31_front-ax,success,12,1893,792,0.0176
2026-02-10T08:01:57.966557,31-32_front-ax,success,12,1893,821,0.0180
2026-02-10T08:02:13.466124,31-33_front-ax,success,12,1893,692,0.0161
2026-02-10T08:02:29.059382,31-34_front-ax,success,12,1893,765,0.0172
2026-02-10T08:02:45.982978,31-35_front-ax,success,12,1893,773,0.0173
2026-02-10T08:03:03.251393,31-36_front-ax,success,12,1893,831,0.0181
2026-02-10T08:03:20.259363,31-37_front-ax,success,12,1893,780,0.0174
2026-02-10T08:03:32.664416,31-38_front-ax,success,10,1804,675,0.0155
2026-02-10T08:03:48.816821,31-39_front-ax,success,12,1893,820,0.0180
2026-02-10T08:04:09.317940,31-40_front-ax,success,12,1893,932,0.0197
2026-02-10T08:04:21.322165,31-41_front-ax,success,10,1804,599,0.0144
2026-02-10T08:04:35.299250,31-42_front-ax,success,10,1804,680,0.0156
2026-02-10T08:04:52.751159,31-43_front-ax,success,12,1893,873,0.0188
2026-02-10T08:05:04.511690,31-44_front-ax,success,8,1754,532,0.0132
2026-02-10T08:05:20.595030,31-45_front-ax,success,12,1893,806,0.0178
2026-02-10T08:05:36.949232,31-46_front-ax,success,12,1893,854,0.0185
2026-02-10T08:05:52.122783,31-47_front-ax,success,12,1893,793,0.0176
2026-02-10T08:06:04.603305,31-48_front-ax,success,12,1893,716,0.0164
2026-02-10T08:06:12.839575,33-00-index-a_rear-axl,success,6,1881,390,0.0115
2026-02-10T08:06:32.840297,33-00_1_rear-axl,success,12,2029,859,0.0190
2026-02-10T08:06:43.951020,33-00_2_rear-axl,success,8,1937,501,0.0133
2026-02-10T08:06:55.417849,33-00_rear-axl,success,8,1887,520,0.0135
2026-02-10T08:07:09.032289,33-01_1_rear-axl,success,12,2029,682,0.0163
2026-02-10T08:07:28.006685,33-01_rear-axl,success,12,2027,821,0.0184
2026-02-10T08:07:43.790498,33-02_rear-axl,success,12,2027,743,0.0172
2026-02-10T08:07:58.528450,33-03_rear-axl,success,12,2027,733,0.0171
2026-02-10T08:08:15.100912,33-04_rear-axl,success,12,2027,823,0.0184
2026-02-10T08:08:34.387794,33-05_rear-axl,success,12,2027,851,0.0188
2026-02-10T08:08:51.487799,33-06_rear-axl,success,12,2027,835,0.0186
2026-02-10T08:09:06.301215,33-07_rear-axl,success,12,2027,678,0.0163
2026-02-10T08:09:23.252104,33-08_rear-axl,success,12,2027,793,0.0180
2026-02-10T08:09:39.926265,33-09_rear-axl,success,12,2027,783,0.0178
2026-02-10T08:09:51.282678,33-10_rear-axl,success,8,1887,537,0.0137
2026-02-10T08:10:02.477060,33-11_rear-axl,success,8,1887,578,0.0143
2026-02-10T08:10:21.220742,33-13_rear-axl,success,12,2027,888,0.0194
2026-02-10T08:10:38.643387,33-14_rear-axl,success,12,2027,939,0.0202
2026-02-10T08:10:55.891124,33-15_rear-axl,success,12,2027,908,0.0197
2026-02-10T08:11:13.483098,33-16_rear-axl,success,12,2027,812,0.0183
2026-02-10T08:11:28.263044,33-17_rear-axl,success,12,2027,687,0.0164
2026-02-10T08:11:42.996848,33-18_rear-axl,success,10,1923,662,0.0157
2026-02-10T08:11:51.852444,34-00-index-a_brakes,success,6,1745,412,0.0114
2026-02-10T08:12:00.077751,34-00-index-b_brakes,success,6,1745,417,0.0115
2026-02-10T08:12:07.920928,34-00-index-c_brakes,success,6,1745,353,0.0105
2026-02-10T08:12:27.497948,34-01_brakes,success,12,1891,830,0.0181
2026-02-10T08:12:51.766909,34-02_brakes,success,12,1891,791,0.0175
2026-02-10T08:13:15.055034,34-03_brakes,success,12,1891,936,0.0197
2026-02-10T08:13:32.157901,34-04_brakes,success,12,1891,791,0.0175
2026-02-10T08:13:50.484384,34-05_brakes,success,12,1891,832,0.0182
2026-02-10T08:14:08.201552,34-06_brakes,success,12,1891,764,0.0171
2026-02-10T08:14:22.875371,34-07_brakes,success,12,1891,740,0.0168
2026-02-10T08:14:39.038695,34-08_brakes,success,12,1891,746,0.0169
2026-02-10T08:14:54.911507,34-09_brakes,success,12,1891,716,0.0164
2026-02-10T08:15:11.119020,34-10_brakes,success,12,1891,775,0.0173
2026-02-10T08:15:22.110733,34-10a_brakes,success,8,1753,509,0.0129
2026-02-10T08:15:38.663039,34-11_brakes,success,12,1891,802,0.0177
2026-02-10T08:15:57.873344,34-12_brakes,success,12,1891,917,0.0194
2026-02-10T08:16:16.238902,34-13_brakes,success,12,1891,876,0.0188
2026-02-10T08:16:32.539278,34-14_brakes,success,12,1891,720,0.0165
2026-02-10T08:16:49.433616,34-15_brakes,success,12,1891,805,0.0177
2026-02-10T08:17:03.458591,34-16_brakes,success,12,1891,787,0.0175
2026-02-10T08:17:19.457563,34-17_brakes,success,12,1891,752,0.0170
2026-02-10T08:17:33.741868,34-18_brakes,success,12,1891,783,0.0174
2026-02-10T08:17:49.536058,34-19_brakes,success,12,1891,789,0.0175
2026-02-10T08:18:06.168286,34-20_brakes,success,12,1891,787,0.0175
2026-02-10T08:18:22.656504,34-21_brakes,success,10,1789,660,0.0153
2026-02-10T08:18:41.649814,34-22_brakes,success,10,1789,816,0.0176
2026-02-10T08:18:57.078635,34-23_brakes,success,10,1789,692,0.0157
2026-02-10T08:19:12.355290,34-24_brakes,success,10,1789,681,0.0156
2026-02-10T08:19:28.950277,34-25_brakes,success,8,1753,667,0.0153
2026-02-10T08:19:41.931941,34-26_brakes,success,6,1741,501,0.0127
2026-02-10T08:19:51.449137,34-27_brakes,success,8,1753,492,0.0126
2026-02-10T08:20:15.009145,34-28_brakes,success,12,1891,963,0.0201
2026-02-10T08:20:31.593145,34-29_brakes,success,12,1891,794,0.0176
2026-02-10T08:20:50.490419,34-30_brakes,success,12,1891,829,0.0181
2026-02-10T08:21:05.389349,34-31_brakes,success,12,1891,682,0.0159
2026-02-10T08:21:28.471981,34-31a_brakes,success,12,1892,1032,0.0212
2026-02-10T08:21:43.596359,34-31b_brakes,success,12,1892,699,0.0162
2026-02-10T08:22:01.929488,34-31c_brakes,success,12,1892,890,0.0190
2026-02-10T08:22:19.228168,34-32_brakes,success,12,1891,785,0.0174
2026-02-10T08:22:32.739392,34-33_brakes,success,12,1891,735,0.0167
2026-02-10T08:22:43.537548,34-34_brakes,success,10,1741,554,0.0135
2026-02-10T08:22:56.265708,34-34a_brakes,success,10,1742,636,0.0148
2026-02-10T08:23:08.754500,34-34b_brakes,success,10,1742,624,0.0146
2026-02-10T08:23:22.150861,34-34c_brakes,success,9,1742,570,0.0138
2026-02-10T08:23:39.453165,34-35_brakes,success,10,1789,756,0.0167
2026-02-10T08:23:57.447449,34-36_brakes,success,10,1789,792,0.0172
2026-02-10T08:24:11.160545,34-37_brakes,success,10,1789,638,0.0149
2026-02-10T08:24:31.954382,34-38_brakes,success,10,1789,816,0.0176
2026-02-10T08:24:48.844578,34-39_brakes,success,10,1789,659,0.0153
2026-02-10T08:25:08.151685,34-40_brakes,success,10,1789,772,0.0169
2026-02-10T08:25:23.058846,34-41_brakes,success,10,1789,621,0.0147
2026-02-10T08:25:40.674836,34-42_brakes,success,10,1789,745,0.0165
2026-02-10T08:25:57.455591,34-43_brakes,success,10,1789,665,0.0153
2026-02-10T08:26:13.946236,34-44_brakes,success,10,1789,682,0.0156
2026-02-10T08:26:32.994515,34-45_brakes,success,10,1789,840,0.0180
2026-02-10T08:26:40.313827,35-00-index-a_pedals,success,6,1745,372,0.0108
2026-02-10T08:26:50.464697,35-01_pedals,success,8,1753,507,0.0129
2026-02-10T08:27:03.813380,35-02_pedals,success,8,1753,452,0.0120
2026-02-10T08:27:21.219023,35-03_pedals,success,12,1891,779,0.0174
2026-02-10T08:27:36.433857,35-04_pedals,success,12,1891,737,0.0167
2026-02-10T08:27:51.321646,35-05_1_pedals,success,12,1893,785,0.0175
2026-02-10T08:28:05.671996,35-05_pedals,success,12,1891,698,0.0161
2026-02-10T08:28:20.554466,35-06_pedals,success,12,1891,703,0.0162
2026-02-10T08:28:37.217026,35-07_pedals,success,12,1891,845,0.0183
2026-02-10T08:28:52.253295,35-08_pedals,success,12,1891,758,0.0170
2026-02-10T08:29:05.021211,35-09_pedals,success,12,1891,672,0.0158
2026-02-10T08:29:24.813920,35-10_pedals,success,12,1891,854,0.0185
2026-02-10T08:29:33.646388,36-00-index-a_wheels-a,success,6,1749,383,0.0110
2026-02-10T08:29:52.774892,36-01_wheels-a,success,12,1895,842,0.0183
2026-02-10T08:30:11.620422,36-02_wheels-a,success,12,1895,804,0.0177
2026-02-10T08:30:27.521775,36-03_wheels-a,success,12,1895,784,0.0174
2026-02-10T08:30:46.580266,36-04_wheels-a,success,12,1895,794,0.0176
2026-02-10T08:31:03.265825,36-05_wheels-a,success,12,1895,779,0.0174
2026-02-10T08:31:20.663398,36-06_wheels-a,success,12,1895,784,0.0174
2026-02-10T08:31:38.488962,36-07_wheels-a,success,12,1895,766,0.0172
2026-02-10T08:31:54.337293,36-08_wheels-a,success,12,1895,759,0.0171
2026-02-10T08:32:10.218859,36-09_wheels-a,success,12,1895,758,0.0171
2026-02-10T08:32:27.854983,36-10_wheels-a,success,12,1895,764,0.0171
2026-02-10T08:32:48.678992,36-11_wheels-a,success,12,1895,823,0.0180
2026-02-10T08:32:58.134566,41-00-index-a_body,success,6,1742,426,0.0116
2026-02-10T08:33:07.965728,41-00-index-b_body,success,6,1742,404,0.0113
2026-02-10T08:33:16.963010,41-00-index-c_body,success,6,1742,423,0.0116
2026-02-10T08:33:25.733265,41-00-index-d_body,success,6,1742,395,0.0112
2026-02-10T08:33:35.381737,41-00-index-e_body,success,6,1742,412,0.0114
2026-02-10T08:33:45.955146,41-00-index-f_body-con,success,6,1749,429,0.0117
2026-02-10T08:33:55.390295,41-00-index-g_body-con,success,6,1749,372,0.0108
2026-02-10T08:34:08.400227,41-001_body,success,6,1738,470,0.0123
2026-02-10T08:34:31.562928,41-002_1_body,success,12,1890,879,0.0189
2026-02-10T08:34:50.680961,41-002_body,success,12,1888,867,0.0187
2026-02-10T08:35:08.751392,41-003_body,success,12,1888,775,0.0173
2026-02-10T08:35:19.766049,41-004_body,success,8,1751,561,0.0137
2026-02-10T08:35:31.321161,41-005_body,success,8,1751,523,0.0131
2026-02-10T08:35:49.685366,41-006_body,success,12,1888,857,0.0185
2026-02-10T08:36:15.798310,41-010_body,success,12,1888,1037,0.0212
2026-02-10T08:36:27.863234,41-011_body,success,6,1738,427,0.0116
2026-02-10T08:36:44.942291,41-012_body,success,12,1888,752,0.0169
2026-02-10T08:37:03.513080,41-013_body,success,12,1888,838,0.0182
2026-02-10T08:37:20.358890,41-014_body,success,12,1888,737,0.0167
2026-02-10T08:37:40.554281,41-015_body,success,12,1888,821,0.0180
2026-02-10T08:38:00.717076,41-101_body,success,12,1888,835,0.0182
2026-02-10T08:38:19.050499,41-101c_body-con,success,12,1896,811,0.0179
2026-02-10T08:38:33.348144,41-102_body,success,12,1888,745,0.0168
2026-02-10T08:38:47.085027,41-102c_body-con,success,12,1896,649,0.0154
2026-02-10T08:39:02.201251,41-103_body,success,12,1888,720,0.0165
2026-02-10T08:39:15.608561,41-103c_body-con,success,12,1896,744,0.0168
2026-02-10T08:39:34.459371,41-104_body,success,12,1888,837,0.0182
2026-02-10T08:39:50.027000,41-104c_body-con,success,12,1896,709,0.0163
2026-02-10T08:40:04.967084,41-105_body,success,12,1888,764,0.0171
2026-02-10T08:40:21.858961,41-105c_body-con,success,12,1896,789,0.0175
2026-02-10T08:40:37.126200,41-106_body,success,12,1888,695,0.0161
2026-02-10T08:40:52.689726,41-106c_body-con,success,12,1896,746,0.0169
2026-02-10T08:41:06.002282,41-107_body,success,12,1888,690,0.0160
2026-02-10T08:41:23.105108,41-107c_body-con,success,12,1896,793,0.0176
2026-02-10T08:41:38.068429,41-108_body,success,12,1888,731,0.0166
2026-02-10T08:41:53.370317,41-108c_body-con,success,12,1896,810,0.0178
2026-02-10T08:42:08.096281,41-109_body,success,12,1888,741,0.0168
2026-02-10T08:42:23.318504,41-109c_body-con,success,12,1896,765,0.0172
2026-02-10T08:42:37.278124,41-110_body,success,12,1888,774,0.0173
2026-02-10T08:42:49.635461,41-110c_body-con,success,12,1896,705,0.0163
2026-02-10T08:43:06.422481,41-111_body,success,12,1888,770,0.0172
2026-02-10T08:43:24.157754,41-111c_body-con,success,12,1896,814,0.0179
2026-02-10T08:43:39.212614,41-112_body,success,12,1888,739,0.0167
2026-02-10T08:43:56.407361,41-112c_body-con,success,12,1896,778,0.0174
2026-02-10T08:44:10.136104,41-113_body,success,12,1888,755,0.0170
2026-02-10T08:44:23.455628,41-113c_body-con,success,12,1896,696,0.0161
2026-02-10T08:44:41.284822,41-114_body,success,12,1888,754,0.0170
2026-02-10T08:44:54.083443,41-114c_body-con,success,12,1896,700,0.0162
2026-02-10T08:45:08.198445,41-115_body,success,12,1888,711,0.0163
2026-02-10T08:45:23.464412,41-115c_body-con,success,12,1896,712,0.0164
2026-02-10T08:45:44.552907,41-116_body,success,12,1888,881,0.0189
2026-02-10T08:46:00.003247,41-116c_body-con,success,12,1896,774,0.0173
2026-02-10T08:46:13.737031,41-117_body,success,12,1888,681,0.0159
2026-02-10T08:46:29.302890,41-117c_body-con,success,12,1896,829,0.0181
2026-02-10T08:46:43.656490,41-118_body,success,12,1888,679,0.0158
2026-02-10T08:46:59.308496,41-119_body,success,12,1888,773,0.0173
2026-02-10T08:47:13.385074,41-120_body,success,12,1888,724,0.0165
2026-02-10T08:47:27.879311,41-121_body,success,12,1888,745,0.0168
2026-02-10T08:47:46.440107,41-122_body,success,12,1888,855,0.0185
2026-02-10T08:47:59.323241,41-123_body,success,12,1888,748,0.0169
2026-02-10T08:48:12.123405,41-124_body,success,12,1888,682,0.0159
2026-02-10T08:48:26.354469,41-125_body,success,12,1888,793,0.0176
2026-02-10T08:48:38.775985,41-126_body,success,12,1888,730,0.0166
2026-02-10T08:48:54.719876,41-127_body,success,12,1888,797,0.0176
2026-02-10T08:49:06.496743,41-128_body,success,12,1888,690,0.0160
2026-02-10T08:49:19.816088,41-129_body,success,12,1888,666,0.0157
2026-02-10T08:49:37.529221,41-130_body,success,12,1888,813,0.0179
2026-02-10T08:49:53.528417,41-201_body,success,12,1888,749,0.0169
2026-02-10T08:50:09.479081,41-201c_body-con,success,12,1896,770,0.0172
2026-02-10T08:50:23.640949,41-202_body,success,12,1888,747,0.0169
2026-02-10T08:50:37.352270,41-202c_body-con,success,12,1896,687,0.0160
2026-02-10T08:50:50.584919,41-203_body,success,12,1888,683,0.0159
2026-02-10T08:51:04.880697,41-203c_body-con,success,12,1896,818,0.0180
2026-02-10T08:51:21.572008,41-204_body,success,12,1888,750,0.0169
2026-02-10T08:51:35.502315,41-204c_body-con,success,12,1896,720,0.0165
2026-02-10T08:51:49.529875,41-205_body,success,12,1888,700,0.0162
2026-02-10T08:52:03.248398,41-206_body,success,12,1888,769,0.0172
2026-02-10T08:52:21.306563,41-207_body,success,12,1888,832,0.0181
2026-02-10T08:52:36.136614,41-208_body,success,12,1888,712,0.0163
2026-02-10T08:52:48.096863,41-209_body,success,12,1888,616,0.0149
2026-02-10T08:52:59.580271,41-210_body,success,12,1888,662,0.0156
2026-02-10T08:53:13.705740,41-211_body,success,12,1888,716,0.0164
2026-02-10T08:53:29.062993,41-212_body,success,12,1888,763,0.0171
2026-02-10T08:53:44.037320,41-213_body,success,12,1888,701,0.0162
2026-02-10T08:53:59.688492,41-214_body,success,12,1888,758,0.0170
2026-02-10T08:54:11.583284,41-215_body,success,12,1888,652,0.0154
2026-02-10T08:54:27.123308,41-216_body,success,12,1888,726,0.0166
2026-02-10T08:54:41.296180,41-217_body,success,12,1888,711,0.0163
2026-02-10T08:55:00.015260,41-301_body,success,12,1888,714,0.0164
2026-02-10T08:55:15.572320,41-301c_body-con,success,12,1896,779,0.0174
2026-02-10T08:55:30.931636,41-302_body,success,12,1888,749,0.0169
2026-02-10T08:55:46.104968,41-302c_body-con,success,12,1896,780,0.0174
2026-02-10T08:55:59.465872,41-303_body,success,12,1888,719,0.0164
2026-02-10T08:56:12.927526,41-303c_body-con,success,12,1896,691,0.0161
2026-02-10T08:56:28.214768,41-304_body,success,12,1888,721,0.0165
2026-02-10T08:56:42.640082,41-304c_body-con,success,12,1896,774,0.0173
2026-02-10T08:56:57.055152,41-305_body,success,12,1888,711,0.0163
2026-02-10T08:57:10.705434,41-305c_body-con,success,12,1896,678,0.0159
2026-02-10T08:57:25.832677,41-306_body,success,12,1888,716,0.0164
2026-02-10T08:57:40.497966,41-307_body,success,12,1888,739,0.0167
2026-02-10T08:57:53.790842,41-308_body,success,12,1888,758,0.0170
2026-02-10T08:58:11.564181,41-309_body,success,12,1888,799,0.0176
2026-02-10T08:58:25.533818,41-310_body,success,12,1888,759,0.0170
2026-02-10T08:58:38.715694,41-311_body,success,12,1888,738,0.0167
2026-02-10T08:58:59.014939,41-312_body,success,12,1888,835,0.0182
2026-02-10T08:59:15.099359,41-313_body,success,12,1888,848,0.0184
2026-02-10T08:59:32.260934,41-314_body,success,12,1888,813,0.0179
2026-02-10T08:59:47.436207,41-315_body,success,12,1888,807,0.0178
2026-02-10T09:00:00.159317,41-316_body,success,12,1888,664,0.0156
2026-02-10T09:00:14.504657,41-317_body,success,12,1888,689,0.0160
2026-02-10T09:00:34.588011,41-318_body,success,12,1888,875,0.0188
2026-02-10T09:00:47.778273,41-319_body,success,12,1888,638,0.0152
2026-02-10T09:01:02.112177,41-320_body,success,12,1888,774,0.0173
2026-02-10T09:01:16.042335,41-321_body,success,12,1888,760,0.0171
2026-02-10T09:01:29.153214,41-322_body,success,12,1888,701,0.0162
2026-02-10T09:01:44.637205,41-323_body,success,12,1888,851,0.0184
2026-02-10T09:01:59.562755,41-324_body,success,12,1888,711,0.0163
2026-02-10T09:02:20.162473,41-325_body,success,12,1888,880,0.0189
2026-02-10T09:02:34.690955,41-326_body,success,12,1888,764,0.0171
2026-02-10T09:02:48.925953,41-327_body,success,12,1888,709,0.0163
2026-02-10T09:03:01.092587,41-328_body,success,12,1888,660,0.0156
2026-02-10T09:03:15.452675,41-329_body,success,12,1888,794,0.0176
2026-02-10T09:03:31.732513,41-330_body,success,12,1888,826,0.0181
2026-02-10T09:03:46.861798,41-331_body,success,12,1888,712,0.0163
2026-02-10T09:04:00.914375,41-332_body,success,12,1888,724,0.0165
2026-02-10T09:04:14.777602,41-333_body,success,12,1888,717,0.0164
2026-02-10T09:04:24.348107,41-334_body,success,8,1751,459,0.0121
2026-02-10T09:04:37.750080,41-335_body,success,11,1888,689,0.0160
2026-02-10T09:04:53.775557,41-500_body,success,12,1888,805,0.0177
2026-02-10T09:05:12.408331,41-501_body,success,12,1888,858,0.0185
2026-02-10T09:05:26.014920,41-502_body,success,12,1888,665,0.0156
2026-02-10T09:05:41.224124,41-503_body,success,12,1888,759,0.0170
2026-02-10T09:05:53.947914,41-504_body,success,12,1888,624,0.0150
2026-02-10T09:06:12.202232,41-505_body,success,12,1888,806,0.0178
2026-02-10T09:06:26.024104,41-506_body,success,12,1888,694,0.0161
2026-02-10T09:06:41.093343,41-507_body,success,12,1888,832,0.0181
2026-02-10T09:06:54.773682,41-508_body,success,12,1888,704,0.0162
2026-02-10T09:07:10.366401,41-601_body,success,12,1888,754,0.0170
2026-02-10T09:07:28.085616,41-602_body,success,12,1888,885,0.0189
2026-02-10T09:07:36.113697,51-00-index-a_body-equ,success,6,1746,388,0.0111
2026-02-10T09:07:45.081664,51-00-index-b_body-equ,success,6,1746,405,0.0113
2026-02-10T09:07:52.123124,51-00-index-c_body-equ,success,6,1746,311,0.0099
2026-02-10T09:08:00.846267,51-00-index-d_body-equ,success,6,1746,382,0.0110
2026-02-10T09:08:10.479674,51-00-index-e_body-equ,success,6,1746,448,0.0120
2026-02-10T09:08:31.908041,51-110_body-equ,success,12,1892,879,0.0189
2026-02-10T09:08:47.264305,51-111_body-equ,success,12,1892,778,0.0173
2026-02-10T09:08:56.868077,51-112_body-equ,success,8,1752,490,0.0126
2026-02-10T09:09:07.348929,51-113_body-equ,success,8,1752,489,0.0126
2026-02-10T09:09:22.983810,51-114_body-equ,success,12,1892,754,0.0170
2026-02-10T09:09:38.420371,51-115_body-equ,success,12,1892,764,0.0171
2026-02-10T09:09:54.114097,51-116_body-equ,success,12,1892,832,0.0182
2026-02-10T09:10:03.453680,51-120_body-equ,success,8,1752,455,0.0121
2026-02-10T09:10:17.891136,51-121_body-equ,success,12,1892,745,0.0169
2026-02-10T09:10:32.822804,51-122_body-equ,success,12,1892,783,0.0174
2026-02-10T09:10:48.207344,51-123_body-equ,success,12,1892,813,0.0179
2026-02-10T09:11:00.475268,51-124_body-equ,success,12,1892,665,0.0157
2026-02-10T09:11:15.430043,51-125_body-equ,success,12,1892,784,0.0174
2026-02-10T09:11:28.443526,51-130_body-equ,success,12,1892,720,0.0165
2026-02-10T09:11:42.560512,51-131_body-equ,success,12,1892,689,0.0160
2026-02-10T09:11:55.056112,51-140_body-equ,success,12,1892,696,0.0161
2026-02-10T09:12:08.061555,51-141_body-equ,success,10,1802,666,0.0154
2026-02-10T09:12:23.847513,51-150_body-equ,success,12,1892,846,0.0184
2026-02-10T09:12:43.103059,51-160_body-equ,success,12,1892,867,0.0187
2026-02-10T09:12:56.292772,51-161_body-equ,success,12,1892,648,0.0154
2026-02-10T09:13:10.403262,51-162_body-equ,success,12,1892,683,0.0159
2026-02-10T09:13:23.534193,51-163_body-equ,success,12,1892,683,0.0159
2026-02-10T09:13:36.541679,51-164_body-equ,success,12,1892,639,0.0153
2026-02-10T09:13:52.107061,51-210_body-equ,success,12,1892,779,0.0174
2026-02-10T09:14:06.236324,51-211_body-equ,success,12,1892,656,0.0155
2026-02-10T09:14:20.675239,51-212_body-equ,success,12,1892,779,0.0174
2026-02-10T09:14:35.710987,51-213_body-equ,success,12,1892,736,0.0167
2026-02-10T09:14:51.388535,51-214_body-equ,success,12,1892,854,0.0185
2026-02-10T09:15:06.759667,51-215_body-equ,success,12,1892,714,0.0164
2026-02-10T09:15:22.439415,51-216_body-equ,success,12,1892,817,0.0179
2026-02-10T09:15:35.849347,51-220_body-equ,success,12,1892,657,0.0155
2026-02-10T09:15:51.931656,51-221_body-equ,success,12,1892,773,0.0173
2026-02-10T09:16:07.587228,51-230_body-equ,success,12,1892,731,0.0166
2026-02-10T09:16:21.107959,51-240_body-equ,success,12,1892,731,0.0166
2026-02-10T09:16:37.508430,51-241_body-equ,success,12,1892,805,0.0178
2026-02-10T09:16:54.089826,51-250_body-equ,success,12,1892,754,0.0170
2026-02-10T09:17:07.907517,51-251_body-equ,success,12,1892,712,0.0164
2026-02-10T09:17:20.410956,51-252_body-equ,success,12,1892,688,0.0160
2026-02-10T09:17:35.896854,51-260_body-equ,success,12,1892,739,0.0168
2026-02-10T09:17:51.712835,51-261_body-equ,success,12,1892,729,0.0166
2026-02-10T09:18:07.302952,51-262_body-equ,success,12,1892,717,0.0164
2026-02-10T09:18:19.800724,51-263_body-equ,success,12,1892,655,0.0155
2026-02-10T09:18:35.979271,51-310_body-equ,success,12,1892,769,0.0172
2026-02-10T09:18:50.212140,51-311_body-equ,success,12,1892,755,0.0170
2026-02-10T09:19:08.969691,51-312_body-equ,success,12,1892,837,0.0182
2026-02-10T09:19:26.256356,51-313_body-equ,success,12,1892,778,0.0173
2026-02-10T09:19:42.866182,51-314_body-equ,success,12,1892,798,0.0176
2026-02-10T09:19:59.342365,51-315_body-equ,success,12,1892,770,0.0172
2026-02-10T09:20:15.206979,51-316_body-equ,success,12,1892,704,0.0162
2026-02-10T09:20:31.694253,51-317_body-equ,success,12,1892,783,0.0174
2026-02-10T09:20:47.173823,51-318_body-equ,success,12,1892,769,0.0172
2026-02-10T09:21:03.340522,51-319_body-equ,success,12,1892,733,0.0167
2026-02-10T09:21:20.441999,51-319a_body-equ,success,12,1893,818,0.0179
2026-02-10T09:21:34.877734,51-320_body-equ,success,12,1892,706,0.0163
2026-02-10T09:21:51.286550,51-321_body-equ,success,12,1892,732,0.0167
2026-02-10T09:22:05.194866,51-322_body-equ,success,12,1892,758,0.0170
2026-02-10T09:22:19.223909,51-323_body-equ,success,12,1892,689,0.0160
2026-02-10T09:22:34.271317,51-324_body-equ,success,12,1892,723,0.0165
2026-02-10T09:22:47.253576,51-325_body-equ,success,12,1892,683,0.0159
2026-02-10T09:23:02.574051,51-330_body-equ,success,12,1892,708,0.0163
2026-02-10T09:23:17.185433,51-340_body-equ,success,12,1892,724,0.0165
2026-02-10T09:23:29.977691,51-341_body-equ,success,12,1892,667,0.0157
2026-02-10T09:23:45.065279,51-342_body-equ,success,12,1892,680,0.0159
2026-02-10T09:23:58.759842,51-343_body-equ,success,12,1892,703,0.0162
2026-02-10T09:24:15.979972,51-344_body-equ,success,12,1892,764,0.0171
2026-02-10T09:24:27.741446,51-345_body-equ,success,12,1892,657,0.0155
2026-02-10T09:24:44.750560,51-360_body-equ,success,12,1892,816,0.0179
2026-02-10T09:24:58.771109,51-361_body-equ,success,12,1892,682,0.0159
2026-02-10T09:25:13.115044,51-370_body-equ,success,12,1892,773,0.0173
2026-02-10T09:25:26.334209,51-371_body-equ,success,12,1892,686,0.0160
2026-02-10T09:25:41.602949,51-372_body-equ,success,12,1892,764,0.0171
2026-02-10T09:25:55.270311,51-410_body-equ,success,12,1892,664,0.0156
2026-02-10T09:26:08.291671,51-411_body-equ,success,12,1892,712,0.0164
2026-02-10T09:26:23.153612,51-420_body-equ,success,12,1892,723,0.0165
2026-02-10T09:26:38.533508,51-431_body-equ,success,12,1892,750,0.0169
2026-02-10T09:26:51.931596,51-432_body-equ,success,12,1892,756,0.0170
2026-02-10T09:27:05.060455,51-440_body-equ,success,11,1892,629,0.0151
2026-02-10T09:27:19.186612,51-450_body-equ,success,12,1892,681,0.0159
2026-02-10T09:27:32.996886,51-451_body-equ,success,12,1892,699,0.0162
2026-02-10T09:27:49.431157,51-452_body-equ,success,12,1892,764,0.0171
2026-02-10T09:28:06.495885,51-453_body-equ,success,12,1892,890,0.0190
2026-02-10T09:28:22.459482,51-454_body-equ,success,12,1892,802,0.0177
2026-02-10T09:28:37.542776,51-455_body-equ,success,12,1892,739,0.0168
2026-02-10T09:28:52.051428,51-456_body-equ,success,12,1892,798,0.0176
2026-02-10T09:29:07.728925,51-460_body-equ,success,12,1892,750,0.0169
2026-02-10T09:29:21.853798,51-470_body-equ,success,12,1892,731,0.0166
2026-02-10T09:29:35.099693,51-471_body-equ,success,12,1892,666,0.0157
2026-02-10T09:29:48.995427,51-472_body-equ,success,12,1892,717,0.0164
2026-02-10T09:30:02.923748,51-473_body-equ,success,12,1892,754,0.0170
2026-02-10T09:30:13.674138,51-475_body-equ,success,12,1892,623,0.0150
2026-02-10T09:30:27.510057,51-710_body-equ,success,12,1892,741,0.0168
2026-02-10T09:30:42.462810,51-711_body-equ,success,12,1892,698,0.0161
2026-02-10T09:30:56.476012,51-712_body-equ,success,12,1892,688,0.0160
2026-02-10T09:31:09.002081,51-713_body-equ,success,12,1892,683,0.0159
2026-02-10T09:31:25.558414,51-714_body-equ,success,12,1892,738,0.0167
2026-02-10T09:31:39.405333,51-715_body-equ,success,12,1892,735,0.0167
2026-02-10T09:31:55.154008,51-716_body-equ,success,12,1892,722,0.0165
2026-02-10T09:32:08.775062,51-717_body-equ,success,12,1892,784,0.0174
2026-02-10T09:32:22.293742,51-756_body-equ,success,12,1892,726,0.0166
2026-02-10T09:32:40.117879,51-757_body-equ,success,12,1892,789,0.0175
2026-02-10T09:32:54.038350,51-758_body-equ,success,12,1892,776,0.0173
2026-02-10T09:33:11.978305,51-769_body-equ,success,12,1892,834,0.0182
2026-02-10T09:33:26.088784,51-770_body-equ,success,12,1892,697,0.0161
2026-02-10T09:33:43.726549,51-800_body-equ,success,12,1892,828,0.0181
2026-02-10T09:33:57.919176,51-801_body-equ,success,10,1788,627,0.0148
2026-02-10T09:34:11.975189,51-802_body-equ,success,10,1788,733,0.0164
2026-02-10T09:34:28.663509,51-803_body-equ,success,10,1788,666,0.0154
2026-02-10T09:34:45.289921,51-804_body-equ,success,10,1788,703,0.0159
2026-02-10T09:35:00.715367,51-805_body-equ,success,10,1788,689,0.0157
2026-02-10T09:35:17.941388,51-806_body-equ,success,10,1788,721,0.0162
2026-02-10T09:35:33.459503,51-807_body-equ,success,12,1892,809,0.0178
2026-02-10T09:35:50.126618,51-808_body-equ,success,10,1788,746,0.0166
2026-02-10T09:36:02.569801,51-810_body-equ,success,8,1752,524,0.0131
2026-02-10T09:36:16.830136,51-811_body-equ,success,10,1788,663,0.0153
2026-02-10T09:36:35.919180,51-812_body-equ,success,12,1892,925,0.0196
2026-02-10T09:36:50.611565,51-813_body-equ,success,10,1788,727,0.0163
2026-02-10T09:37:06.004971,51-814_body-equ,success,10,1788,784,0.0171
2026-02-10T09:37:18.348769,51-815_body-equ,success,10,1788,604,0.0144
2026-02-10T09:37:28.284883,52-00-index-a_seats,success,6,1743,419,0.0115
2026-02-10T09:37:45.722720,52-101_seats,success,12,1889,759,0.0171
2026-02-10T09:38:02.800230,52-102_seats,success,12,1889,782,0.0174
2026-02-10T09:38:16.292857,52-103_seats,success,12,1889,730,0.0166
2026-02-10T09:38:29.289416,52-201_seats,success,12,1889,735,0.0167
2026-02-10T09:38:38.036949,54-00-index-a_hood-sun,success,6,1748,393,0.0111
2026-02-10T09:38:55.945794,54-01_hood-sun,success,12,1894,851,0.0184
2026-02-10T09:39:07.951009,54-02_hood-sun,success,12,1894,716,0.0164
2026-02-10T09:39:24.713473,54-03_hood-sun,success,12,1894,767,0.0172
2026-02-10T09:39:38.237373,54-04_hood-sun,success,12,1894,630,0.0151
2026-02-10T09:39:52.594325,54-05_hood-sun,success,12,1894,673,0.0158
2026-02-10T09:40:08.545612,54-06_hood-sun,success,12,1894,768,0.0172
2026-02-10T09:40:22.522293,54-07_hood-sun,success,12,1894,747,0.0169
2026-02-10T09:40:38.787658,54-08_hood-sun,success,12,1894,816,0.0179
2026-02-10T09:41:01.846183,54-09_hood-sun,success,10,1791,910,0.0190
2026-02-10T09:41:17.160546,54-10_hood-sun,success,10,1791,687,0.0157
2026-02-10T09:41:28.837013,54-14_1_hood-sun,success,6,1789,451,0.0121
2026-02-10T09:41:44.834776,54-14_2_hood-sun,success,12,1896,764,0.0171
2026-02-10T09:42:02.016818,54-14_hood-sun,success,12,1894,871,0.0187
2026-02-10T09:42:17.374239,54-16_hood-sun,success,12,1894,794,0.0176
2026-02-10T09:42:31.613945,54-17_hood-sun,success,12,1894,728,0.0166
2026-02-10T09:42:50.538128,54-18_hood-sun,success,12,1894,718,0.0165
2026-02-10T09:43:54.898201,54-19_hood-sun,success,12,1894,794,0.0176
2026-02-10T09:44:04.286548,62-00-index-a_instrume,success,6,1744,316,0.0100
2026-02-10T09:44:11.893442,62-00-index-b_instrume,success,6,1744,328,0.0102
2026-02-10T09:44:25.590194,62-01_instrume,success,12,1890,713,0.0164
2026-02-10T09:44:38.469935,62-02_instrume,success,12,1890,716,0.0164
2026-02-10T09:44:49.127008,62-03_instrume,success,11,1890,624,0.0150
2026-02-10T09:45:02.866409,62-04_instrume,success,12,1890,693,0.0161
2026-02-10T09:45:11.881165,62-53_instrume,success,6,1740,414,0.0114
2026-02-10T09:45:28.474348,62-61_instrume,success,10,1788,648,0.0151
2026-02-10T09:45:45.827533,62-71_instrume,success,10,1788,808,0.0175
2026-02-10T09:46:01.436634,62-72_instrume,success,10,1802,786,0.0172
2026-02-10T09:46:15.295550,62-73_instrume,success,9,1802,613,0.0146
2026-02-10T09:46:25.711876,62-74_instrume,success,10,1740,511,0.0129
2026-02-10T09:46:38.918121,62-75_instrume,success,10,1788,616,0.0146
2026-02-10T09:46:52.836578,62-76_instrume,success,10,1788,640,0.0150
2026-02-10T09:47:08.512772,62-77_instrume,success,10,1788,727,0.0163
2026-02-10T09:47:24.822940,62-78_instrume,success,10,1788,781,0.0171
2026-02-10T09:47:41.404600,62-79_instrume,success,12,1890,733,0.0167
2026-02-10T09:47:55.566595,62-80_instrume,success,10,1788,660,0.0153
2026-02-10T09:48:12.007489,62-81_instrume,success,12,1890,819,0.0180
2026-02-10T09:48:30.997189,62-82_instrume,success,12,1890,830,0.0181
2026-02-10T09:48:54.013814,62-83_instrume,success,12,1890,1018,0.0209
2026-02-10T09:49:09.560879,62-84_instrume,success,12,1890,757,0.0170
2026-02-10T09:49:22.256967,62-85_instrume,success,8,1752,523,0.0131
2026-02-10T09:49:40.185487,62-86_instrume,success,12,1890,866,0.0187
2026-02-10T09:49:53.889407,62-87_instrume,success,12,1890,721,0.0165
2026-02-10T09:50:03.336672,63-00-index-a_lights,success,6,1743,415,0.0115
2026-02-10T09:50:18.372115,63-01_lights,success,12,1889,687,0.0160
2026-02-10T09:50:33.083837,63-02_lights,success,12,1889,704,0.0162
2026-02-10T09:50:49.328032,63-02a_lights,success,12,1890,748,0.0169
2026-02-10T09:51:03.742273,63-03_lights,success,12,1889,766,0.0172
2026-02-10T09:51:17.323710,63-04_lights,success,12,1889,747,0.0169
2026-02-10T09:51:24.861182,64-00-index-a_heating-,success,6,1748,376,0.0109
2026-02-10T09:51:33.131701,64-00-index-b_heating-,success,6,1748,417,0.0115
2026-02-10T09:51:44.200788,64-01-operation_heating-,success,6,1746,512,0.0129
2026-02-10T09:51:54.819495,64-01_heating-,success,8,1756,556,0.0136
2026-02-10T09:52:05.291049,64-02_heating-,success,8,1756,512,0.0129
2026-02-10T09:52:23.282820,64-04_heating-,success,12,1894,895,0.0191
2026-02-10T09:52:35.406434,64-05_heating-,success,8,1756,593,0.0142
2026-02-10T09:52:53.315684,64-06_heating-,success,12,1894,871,0.0187
2026-02-10T09:53:12.168048,64-07_heating-,success,12,1894,864,0.0186
2026-02-10T09:53:30.900689,64-08_heating-,success,12,1894,824,0.0180
2026-02-10T09:53:48.099783,64-09_heating-,success,12,1894,819,0.0180
2026-02-10T09:54:02.906588,64-10_heating-,success,12,1894,807,0.0178
2026-02-10T09:54:19.748336,64-110_heating-,success,12,1894,790,0.0175
2026-02-10T09:54:37.631307,64-111_heating-,success,12,1894,821,0.0180
2026-02-10T09:54:54.358696,64-112_heating-,success,12,1894,816,0.0179
2026-02-10T09:55:12.647791,64-113_heating-,success,12,1894,859,0.0186
2026-02-10T09:55:27.620397,64-114_heating-,success,12,1894,739,0.0168
2026-02-10T09:55:44.643478,64-116_heating-,success,12,1894,770,0.0172
2026-02-10T09:55:59.801656,64-117_heating-,success,12,1894,776,0.0173
2026-02-10T09:56:15.774156,64-118_heating-,success,12,1894,736,0.0167
2026-02-10T09:56:29.396133,64-119_heating-,success,12,1894,735,0.0167
2026-02-10T09:56:42.927149,64-120_heating-,success,12,1894,716,0.0164
2026-02-10T09:56:58.478015,64-121_heating-,success,12,1894,709,0.0163
2026-02-10T09:57:11.080866,64-122_heating-,success,12,1894,669,0.0157
2026-02-10T09:57:25.329071,64-123_heating-,success,12,1894,694,0.0161
2026-02-10T09:57:38.686164,64-124_heating-,success,12,1894,687,0.0160
2026-02-10T09:57:54.295870,64-500_heating-,success,12,1894,736,0.0167
2026-02-10T09:58:09.158991,64-501_heating-,success,12,1894,735,0.0167
2026-02-10T09:58:23.787140,64-502_heating-,success,12,1894,745,0.0169
2026-02-10T09:58:38.965961,64-503_heating-,success,12,1894,670,0.0157
2026-02-10T09:58:53.703420,64-504_heating-,success,12,1894,714,0.0164
2026-02-10T09:59:11.645746,64-505_heating-,success,12,1894,792,0.0176
2026-02-10T09:59:28.735510,64-505a_heating-,success,12,1895,722,0.0165
2026-02-10T09:59:43.970716,64-506_heating-,success,12,1894,745,0.0169
2026-02-10T09:59:58.721840,64-507_heating-,success,12,1894,736,0.0167
2026-02-10T10:00:08.150558,65-00-index-a_radio-an,success,6,1747,361,0.0107
2026-02-10T10:00:15.693899,65-00-index-b_radio-an,success,6,1747,363,0.0107
2026-02-10T10:00:33.225698,65-101_radio-an,success,12,1893,803,0.0177
2026-02-10T10:00:47.478167,65-101a_radio-an,success,12,1894,697,0.0161
2026-02-10T10:01:02.419163,65-102_radio-an,success,12,1893,790,0.0175
2026-02-10T10:01:15.321513,65-103_radio-an,success,12,1893,722,0.0165
2026-02-10T10:01:31.545381,65-151_radio-an,success,12,1893,773,0.0173
2026-02-10T10:01:47.393274,65-151a_radio-an,success,12,1894,826,0.0181
2026-02-10T10:02:02.840349,65-152_radio-an,success,12,1893,775,0.0173
2026-02-10T10:02:17.954127,65-153_radio-an,success,12,1893,729,0.0166
2026-02-10T10:02:34.583388,65-191_radio-an,success,12,1893,745,0.0169
2026-02-10T10:02:50.254538,65-301_radio-an,success,12,1893,818,0.0179
2026-02-10T10:03:06.836667,65-302_radio-an,success,12,1893,839,0.0183
2026-02-10T10:03:20.657468,65-303_radio-an,success,12,1893,740,0.0168
2026-02-10T10:03:36.943585,65-304_radio-an,success,12,1893,774,0.0173
2026-02-10T10:03:52.854920,65-305_radio-an,success,12,1893,787,0.0175
2026-02-10T10:04:11.252958,65-306_radio-an,success,12,1893,836,0.0182
2026-02-10T10:04:32.273752,65-307_radio-an,success,12,1893,890,0.0190
2026-02-10T10:04:48.006145,65-351_radio-an,success,12,1893,761,0.0171
2026-02-10T10:05:03.484423,65-352_radio-an,success,12,1893,823,0.0180
2026-02-10T10:05:17.505246,65-353_radio-an,success,10,1790,655,0.0152
2026-02-10T10:05:32.149299,65-354_radio-an,success,12,1893,698,0.0161
2026-02-10T10:05:43.428203,65-355_radio-an,success,10,1790,544,0.0135
2026-02-10T10:05:59.709427,65-356_radio-an,success,12,1893,810,0.0178
2026-02-10T10:06:15.411662,65-360_radio-an,success,12,1893,757,0.0170
2026-02-10T10:06:31.643036,65-361_radio-an,success,12,1893,809,0.0178
2026-02-10T10:06:57.090402,65-500_radio-an,success,10,1790,959,0.0198
2026-02-10T10:07:18.651305,65-501_radio-an,success,10,1790,849,0.0181
2026-02-10T10:07:34.525033,65-502_radio-an,success,10,1790,706,0.0160
2026-02-10T10:07:51.739221,65-503_radio-an,success,10,1790,732,0.0163
2026-02-10T10:08:00.333978,65-90_radio-an,success,8,1754,425,0.0116
2026-02-10T10:08:13.750608,65-91_radio-an,success,12,1893,726,0.0166
2026-02-10T10:08:26.562242,65-92_radio-an,success,12,1893,678,0.0158
2026-02-10T10:08:40.174807,65-93_radio-an,success,12,1893,671,0.0157
2026-02-10T10:08:52.104159,65-94_radio-an,success,12,1893,682,0.0159
2026-02-10T10:08:59.004959,72-00-index-a_equipmen,success,6,1748,363,0.0107
2026-02-10T10:09:16.930110,72-110_equipmen,success,12,1894,812,0.0179
2026-02-10T10:09:33.756692,72-111_equipmen,success,12,1894,748,0.0169
2026-02-10T10:09:50.026373,72-112_equipmen,success,12,1894,738,0.0168
2026-02-10T10:10:06.286833,72-113_equipmen,success,12,1894,809,0.0178
2026-02-10T10:10:21.754905,72-114_equipmen,success,12,1894,838,0.0183
2026-02-10T10:10:42.035156,72-115_equipmen,success,12,1894,885,0.0190
2026-02-10T10:11:00.938068,72-116_equipmen,success,12,1894,841,0.0183
2026-02-10T10:11:17.474101,72-117_equipmen,success,10,1792,719,0.0162
2026-02-10T10:11:33.746777,72-118_equipmen,success,10,1792,695,0.0158
2026-02-10T10:11:48.301953,72-120_equipmen,success,12,1894,739,0.0168
2026-02-10T10:11:56.141669,97-00-index-a_body-cav,success,6,1755,392,0.0111
2026-02-10T10:12:15.394798,97-01_body-cav,success,12,1901,818,0.0180
2026-02-10T10:12:25.873222,97-02_body-cav,success,8,1761,545,0.0135
2026-02-10T10:12:33.823205,bmwtorquespecs-001,success,6,1880,375,0.0113
2026-02-10T10:12:49.125498,bmwtorquespecs-002,success,10,1842,654,0.0153
2026-02-10T10:13:00.293814,bmwtorquespecs-003,success,10,1842,628,0.0149
2026-02-10T10:13:10.722445,bmwtorquespecs-004,success,10,1842,562,0.0140
2026-02-10T10:13:21.991891,bmwtorquespecs-005,success,10,1842,662,0.0155
2026-02-10T10:13:32.434556,bmwtorquespecs-006,success,10,1842,591,0.0144
2026-02-10T10:13:42.438706,bmwtorquespecs-007,success,10,1842,618,0.0148
2026-02-10T10:13:53.019608,bmwtorquespecs-008,success,10,1842,600,0.0145
2026-02-10T10:14:03.837625,bmwtorquespecs-009,success,10,1842,616,0.0148
2026-02-10T10:14:15.448695,bmwtorquespecs-010,success,10,1842,650,0.0153
2026-02-10T10:14:28.782184,bmwtorquespecs-011,success,7,1842,626,0.0149
2026-02-10T10:14:42.088278,bmwtorquespecs-012,success,7,1842,649,0.0153
2026-02-10T10:14:53.130788,bmwtorquespecs-013,success,8,1842,562,0.0140
2026-02-10T10:15:03.264048,bmwtorquespecs-014,success,7,1842,513,0.0132
2026-02-10T10:15:12.075029,bmwtorquespecs-015,success,5,1842,537,0.0136
2026-02-10T10:15:23.297987,bmwtorquespecs-016,success,9,1842,584,0.0143
2026-02-10T10:15:33.575144,bmwtorquespecs-017,success,7,1842,529,0.0135
2026-02-10T10:15:44.479181,bmwtorquespecs-018,success,9,1842,585,0.0143
2026-02-10T10:15:55.906403,bmwtorquespecs-019,success,8,1842,600,0.0145
2026-02-10T10:16:07.038075,bmwtorquespecs-020,success,10,1842,580,0.0142
2026-02-10T10:16:18.746458,bmwtorquespecs-021,success,10,1842,667,0.0155
2026-02-10T10:16:29.597918,bmwtorquespecs-022,success,10,1842,585,0.0143
2026-02-10T10:16:40.231699,bmwtorquespecs-023,success,7,1842,541,0.0136
2026-02-10T10:16:52.435463,bmwtorquespecs-024,success,9,1842,610,0.0147
2026-02-10T10:17:06.403959,bmwtorquespecs-025,success,10,1842,747,0.0167
2026-02-10T10:17:17.835187,bmwtorquespecs-026,success,9,1842,577,0.0142
2026-02-10T10:17:31.761752,bmwtorquespecs-027,success,10,1842,762,0.0170
2026-02-10T10:17:43.514387,bmwtorquespecs-028,success,6,1842,664,0.0155
2026-02-10T10:17:53.164832,bmwtorquespecs-029,success,6,1842,533,0.0135
2026-02-10T10:18:04.545078,bmwtorquespecs-030,success,8,1842,571,0.0141
2026-02-10T10:18:15.285260,bmwtorquespecs-031,success,6,1842,597,0.0145
2026-02-10T10:18:26.041884,bmwtorquespecs-032,success,8,1842,589,0.0144
2026-02-10T10:18:35.885818,bmwtorquespecs-033,success,5,1842,557,0.0139
2026-02-10T10:18:45.414103,bmwtorquespecs-034,success,6,1842,501,0.0130
2026-02-10T10:19:01.263071,bmwtorquespecs-035,success,10,1842,756,0.0169
2026-02-10T10:19:14.171473,bmwtorquespecs-036,success,8,1842,594,0.0144
2026-02-10T10:19:25.469105,bmwtorquespecs-037,success,10,1842,575,0.0142
2026-02-10T10:19:40.810434,bmwtorquespecs-038,success,10,1842,829,0.0180
2026-02-10T10:19:53.185184,bmwtorquespecs-039,success,10,1842,652,0.0153
2026-02-10T10:20:04.241538,bmwtorquespecs-040,success,9,1842,582,0.0143
2026-02-10T10:20:14.898236,bmwtorquespecs-041,success,9,1842,511,0.0132
2026-02-10T10:20:26.060146,bmwtorquespecs-042,success,10,1842,654,0.0153
2026-02-10T10:20:36.623289,bmwtorquespecs-043,success,10,1842,539,0.0136
2026-02-10T10:20:50.432857,bmwtorquespecs-044,success,10,1842,673,0.0156
2026-02-10T10:21:00.878831,bmwtorquespecs-045,success,9,1842,559,0.0139
2026-02-10T10:21:15.624783,bmwtorquespecs-046,success,10,1842,815,0.0178
2026-02-10T10:21:26.170275,bmwtorquespecs-047,success,7,1842,591,0.0144
2026-02-10T10:21:36.280292,bmwtorquespecs-048,success,6,1842,559,0.0139
2026-02-10T10:21:46.766423,bmwtorquespecs-049,success,8,1842,505,0.0131
2026-02-10T10:21:57.313963,bmwtorquespecs-050,success,8,1842,540,0.0136
2026-02-10T10:22:06.623957,bmwtorquespecs-051,success,6,1842,510,0.0132
2026-02-10T10:22:16.043736,bmwtorquespecs-052,success,8,1842,550,0.0138
2026-02-10T10:22:26.801317,bmwtorquespecs-053,success,8,1842,578,0.0142
2026-02-10T10:22:38.898667,bmwtorquespecs-054,success,7,1842,553,0.0138
2026-02-10T10:22:49.119485,bmwtorquespecs-055,success,6,1842,539,0.0136
2026-02-10T10:22:59.261988,bmwtorquespecs-056,success,9,1842,539,0.0136
2026-02-10T10:23:11.033521,bmwtorquespecs-057,success,8,1842,626,0.0149
2026-02-10T10:23:21.757166,bmwtorquespecs-058,success,7,1842,545,0.0137
2026-02-10T10:23:33.978109,bmwtorquespecs-059,success,10,1842,654,0.0153
2026-02-10T10:23:46.186979,bmwtorquespecs-060,success,10,1842,616,0.0148
2026-02-10T10:23:57.463458,bmwtorquespecs-061,success,6,1842,554,0.0138
2026-02-10T10:24:08.413023,bmwtorquespecs-062,success,9,1842,575,0.0142
2026-02-10T10:24:19.953010,bmwtorquespecs-063,success,10,1842,584,0.0143
2026-02-10T10:24:31.017452,bmwtorquespecs-064,success,10,1842,628,0.0149
2026-02-10T10:24:41.565910,bmwtorquespecs-065,success,9,1842,527,0.0134
2026-02-10T10:24:53.338526,bmwtorquespecs-066,success,8,1842,586,0.0143
2026-02-10T10:25:04.396201,bmwtorquespecs-067,success,10,1842,578,0.0142
2026-02-10T10:25:14.538106,bmwtorquespecs-068,success,10,1842,618,0.0148
2026-02-10T10:25:25.801602,bmwtorquespecs-069,success,9,1842,577,0.0142
2026-02-10T10:25:38.001971,bmwtorquespecs-070,success,10,1842,620,0.0148
2026-02-10T10:25:49.252375,bmwtorquespecs-071,success,9,1842,551,0.0138
2026-02-10T10:25:58.365534,bmwtorquespecs-072,success,9,1842,544,0.0137
2026-02-10T10:26:11.895022,bmwtorquespecs-073,success,10,1842,794,0.0174
2026-02-10T10:26:24.073229,bmwtorquespecs-074,success,8,1842,608,0.0146
2026-02-10T10:26:36.393552,bmwtorquespecs-075,success,10,1842,670,0.0156
2026-02-10T10:26:45.619585,bmwtorquespecs-076,success,6,1842,505,0.0131
2026-02-10T10:26:55.715384,bmwtorquespecs-077,success,8,1842,517,0.0133
2026-02-10T10:27:05.757513,bmwtorquespecs-078,success,8,1842,520,0.0133
2026-02-10T10:27:15.584527,bmwtorquespecs-079,success,8,1842,490,0.0129
2026-02-10T10:27:27.255394,bmwtorquespecs-080,success,9,1842,609,0.0147
2026-02-10T10:27:38.019764,bmwtorquespecs-081,success,10,1842,643,0.0152
2026-02-10T10:27:50.400884,bmwtorquespecs-082,success,8,1842,606,0.0146
2026-02-10T10:28:00.835259,bmwtorquespecs-083,success,9,1842,606,0.0146
2026-02-10T10:28:12.825619,bmwtorquespecs-084,success,6,1842,566,0.0140
2026-02-10T10:28:22.351253,bmwtorquespecs-085,success,5,1842,528,0.0134
2026-02-10T10:28:33.614411,bmwtorquespecs-086,success,6,1842,548,0.0137
2026-02-10T10:28:43.253853,bmwtorquespecs-087,success,5,1842,509,0.0132
2026-02-10T10:28:53.174234,bmwtorquespecs-088,success,8,1842,545,0.0137
2026-02-10T10:29:04.236414,bmwtorquespecs-089,success,10,1842,624,0.0149
2026-02-10T10:29:15.906614,bmwtorquespecs-090,success,8,1842,563,0.0140
2026-02-10T10:29:26.968516,bmwtorquespecs-091,success,9,1842,562,0.0140
2026-02-10T10:29:39.167030,bmwtorquespecs-092,success,9,1842,568,0.0140
2026-02-10T10:29:50.218146,bmwtorquespecs-093,success,10,1842,574,0.0141
2026-02-10T10:30:01.995766,bmwtorquespecs-094,success,10,1842,616,0.0148
2026-02-10T10:30:14.382111,bmwtorquespecs-095,success,10,1842,616,0.0148
2026-02-10T10:30:26.178694,bmwtorquespecs-096,success,10,1842,557,0.0139
2026-02-10T10:30:39.578342,bmwtorquespecs-097,success,10,1842,678,0.0157
2026-02-10T10:30:54.325889,bmwtorquespecs-098,success,10,1842,712,0.0162
2026-02-10T10:31:05.176802,bmwtorquespecs-099,success,10,1842,561,0.0139
2026-02-10T10:31:17.890835,bmwtorquespecs-100,success,8,1842,550,0.0138
2026-02-10T10:31:27.915024,bmwtorquespecs-101,success,7,1842,499,0.0130
2026-02-10T10:31:39.281543,bmwtorquespecs-102,success,10,1842,587,0.0143
2026-02-10T10:31:52.181670,bmwtorquespecs-103,success,10,1842,749,0.0168
2026-02-10T10:32:08.421222,bmwtorquespecs-104,success,10,1842,873,0.0186
2026-02-10T10:32:21.061065,bmwtorquespecs-105,success,10,1842,651,0.0153
2026-02-10T10:32:33.973355,bmwtorquespecs-106,success,8,1842,600,0.0145
2026-02-10T10:32:45.411091,bmwtorquespecs-107,success,7,1842,536,0.0136
2026-02-10T10:32:56.710150,bmwtorquespecs-108,success,9,1842,589,0.0144
2026-02-10T10:33:07.671112,bmwtorquespecs-109,success,9,1842,540,0.0136
2026-02-10T10:33:21.903942,bmwtorquespecs-110,success,10,1842,793,0.0174
2026-02-10T10:33:35.598708,bmwtorquespecs-111,success,10,1842,665,0.0155
2026-02-10T10:33:48.014117,bmwtorquespecs-112,success,7,1842,698,0.0160
2026-02-10T10:34:00.801427,bmwtorquespecs-113,success,10,1842,636,0.0151
2026-02-10T10:34:16.998878,bmwtorquespecs-114,success,10,1842,744,0.0167
2026-02-10T10:34:30.193488,bmwtorquespecs-115,success,9,1842,684,0.0158
2026-02-10T10:34:43.211688,bmwtorquespecs-116,success,9,1842,659,0.0154
2026-02-10T10:34:55.078412,bmwtorquespecs-117,success,10,1842,618,0.0148
2026-02-10T10:35:06.345542,bmwtorquespecs-118,success,10,1842,559,0.0139
2026-02-10T10:35:18.062770,bmwtorquespecs-119,success,9,1842,554,0.0138
2026-02-10T10:35:30.203690,bmwtorquespecs-120,success,10,1842,640,0.0151
2026-02-10T10:35:41.069849,bmwtorquespecs-121,success,8,1842,587,0.0143
2026-02-10T10:35:53.358733,bmwtorquespecs-122,success,10,1842,642,0.0152
2026-02-10T10:36:06.148150,bmwtorquespecs-123,success,10,1842,625,0.0149
2026-02-10T10:36:18.232585,bmwtorquespecs-124,success,10,1842,599,0.0145
2026-02-10T10:36:28.066034,bmwtorquespecs-125,success,6,1842,531,0.0135
2026-02-10T10:36:37.140936,bmwtorquespecs-126,success,1,1842,477,0.0127
2026-02-10T10:36:48.761844,bmwtorquespecs-127,success,9,1842,550,0.0138
2026-02-10T10:36:58.551759,bmwtorquespecs-128,success,5,1842,500,0.0130
2026-02-10T10:37:10.556483,bmwtorquespecs-129,success,10,1842,617,0.0148
2026-02-10T10:37:24.669363,bmwtorquespecs-130,success,10,1842,818,0.0178
2026-02-10T10:37:36.575171,bmwtorquespecs-131,success,7,1842,587,0.0143
2026-02-10T10:37:48.147423,bmwtorquespecs-132,success,8,1842,601,0.0145
2026-02-10T10:37:58.182630,bmwtorquespecs-133,success,7,1842,508,0.0131
2026-02-10T10:38:11.083683,bmwtorquespecs-134,success,10,1842,757,0.0169
2026-02-10T10:38:21.327218,bmwtorquespecs-135,success,9,1842,541,0.0136
2026-02-10T10:38:30.952725,bmwtorquespecs-136,success,7,1842,558,0.0139
2026-02-10T10:38:44.179038,bosch-motronic-ml-3-1-01-02,success,10,1923,572,0.0143
2026-02-10T10:39:00.297345,bosch-motronic-ml-3-1-03-04,success,10,1923,665,0.0157
2026-02-10T10:39:15.113835,bosch-motronic-ml-3-1-05-06,success,10,1923,750,0.0170
2026-02-10T10:39:30.039579,bosch-motronic-ml-3-1-07-08,success,10,1923,656,0.0156
2026-02-10T10:39:43.575120,bosch-motronic-ml-3-1-09-10,success,10,1923,601,0.0148
2026-02-10T10:39:55.321847,bosch-motronic-ml-3-1-11-12,success,10,1923,535,0.0138
2026-02-10T10:40:10.091430,bosch-motronic-ml-3-1-13-14,success,10,1923,659,0.0157
2026-02-10T10:40:20.934901,bosch-motronic-ml-3-1-15-16,success,10,1923,557,0.0141
2026-02-10T10:40:33.531276,bosch-motronic-ml-3-1-17-18,success,10,1923,577,0.0144
2026-02-10T10:40:47.540708,bosch-motronic-ml-3-1-19-20,success,10,1906,665,0.0157
2026-02-10T10:40:52.680261,favicon-android-chrome-192x192,success,0,372,121,0.0029
2026-02-10T10:41:01.898382,favicon-android-chrome-512x512,success,8,684,481,0.0093
2026-02-10T10:41:07.531444,favicon-apple-touch-icon,success,0,369,119,0.0029
2026-02-10T10:41:13.880930,favicon-favicon-16x16,success,0,322,147,0.0032
2026-02-10T10:41:19.511014,favicon-favicon-32x32,success,0,325,135,0.0030
2026-02-10T10:41:35.897075,getrag-001,success,12,2031,782,0.0178
2026-02-10T10:41:51.669475,getrag-002,success,12,2031,784,0.0179
2026-02-10T10:42:07.853422,getrag-003,success,12,2031,816,0.0183
2026-02-10T10:42:19.427463,getrag-004,success,10,1945,613,0.0150
2026-02-10T10:42:37.011009,getrag-005,success,12,2031,833,0.0186
2026-02-10T10:42:54.021999,getrag-006,success,12,2031,803,0.0181
2026-02-10T10:43:10.447058,getrag-007,success,12,2031,825,0.0185
2026-02-10T10:43:22.399918,getrag-008,success,8,1895,494,0.0131
2026-02-10T10:43:37.178613,getrag-009,success,12,2031,751,0.0174
2026-02-10T10:43:50.296812,getrag-010,success,12,2031,713,0.0168
2026-02-10T10:44:03.259933,getrag-011,success,10,1945,641,0.0155
2026-02-10T10:44:18.519150,getrag-012,success,12,2031,778,0.0178
2026-02-10T10:44:33.411345,getrag-013,success,12,2031,786,0.0179
2026-02-10T10:44:51.323884,getrag-014,success,12,2031,870,0.0191
2026-02-10T10:45:08.503702,getrag-015,success,12,2031,823,0.0184
2026-02-10T10:45:21.914865,getrag-016,success,10,1945,617,0.0151
2026-02-10T10:45:31.303535,getrag-017,success,6,1883,409,0.0118
2026-02-10T10:45:44.108187,getrag-018,success,10,1945,648,0.0156
2026-02-10T10:45:55.290480,getrag-019,success,8,1895,499,0.0132
2026-02-10T10:46:08.549201,getrag-020,success,10,1945,624,0.0152
2026-02-10T10:46:18.614797,getrag-021,success,10,1945,590,0.0147
2026-02-10T10:46:33.795100,getrag-022,success,12,2031,775,0.0177
2026-02-10T10:46:44.967804,getrag-023,success,10,1945,561,0.0142
2026-02-10T10:46:55.033392,getrag-024,success,10,1945,558,0.0142
2026-02-10T10:47:00.523247,getrag-025,success,0,1883,127,0.0076
2026-02-10T10:47:10.463536,reference-images-Bosch Motronic system drawing,success,8,1848,512,0.0132
