group_id,page_id,qa_id,question,answer,similarity_score,action,kept_qa_id
exact-001,-001,-001-q02,Who wrote this Getrag 265/5 rebuild article?,"Mike Oswald wrote the article on August 2, 2020.",1.0,kept,-001-q02
exact-001,getrag-001,getrag-001-q02,Who wrote this Getrag 265/5 rebuild article?,The article was written by Dave @NZ.,1.0,dropped,-001-q02
exact-002,getrag-001,getrag-001-q04,Which BMW models does this Getrag 265/5 transmission article apply to?,This article applies to all BMW models with the Getrag 265/5 transmission.,1.0,kept,getrag-001-q04
exact-002,-001,-001-q03,Which BMW models does this Getrag 265/5 transmission article apply to?,The article applies to all BMW models with the Getrag 265/5 transmission.,1.0,dropped,getrag-001-q04
exact-003,-001,-001-q04,What was the main problem that prompted this transmission rebuild?,"The main problem was rattle noise when hot with the foot off the clutch, which was more pronounced with ATF oil. If the owner ran gearbox oil 70/90, the noise was good but would be stiff to change in cold weather.",1.0,kept,-001-q04
exact-003,getrag-001,getrag-001-q05,What was the main problem that prompted this transmission rebuild?,"The main problem was rattle noise when hot with the foot off the clutch, which was more pronounced with ATF oil. If gearbox oil 70/90 was run, the noise was good but would be stiff to change in cold weather.",1.0,dropped,-001-q04
exact-004,getrag-001,getrag-001-q06,How many syncro rings were purchased for this rebuild?,Five syncro rings were purchased for this rebuild.,1.0,kept,getrag-001-q06
exact-004,-001,-001-q05,How many syncro rings were purchased for this rebuild?,5 syncro rings were purchased for this rebuild.,1.0,dropped,getrag-001-q06
exact-005,getrag-002,getrag-002-q01,What condition were the bearings in when the front cover was removed?,"The bearings looked all intact, which was the only good thing found during disassembly.",1.0,kept,getrag-002-q01
exact-005,-002,-002-q02,What condition were the bearings in when the front cover was removed?,The bearings looked all intact and in good condition.,1.0,dropped,getrag-002-q01
exact-006,-006,-006-q02,How much force was required to get the component moving during this procedure?,4.5 tons of force was required to get it moving.,1.0,kept,-006-q02
exact-006,getrag-006,getrag-006-q02,How much force was required to get the component moving during this procedure?,4.5 tons of force was required to get it moving.,1.0,dropped,-006-q02
exact-007,-017,-017-q01,What component is shown in the image?,A metal housing or case assembly with multiple mounting holes and what appears to be a splined shaft or input connection.,1.0,kept,-017-q01
exact-007,-008,-008-q01,What component is shown in the image?,"A synchronizer ring or synchro ring from a transmission, showing its internal splined surface and external gear teeth.",1.0,dropped,-017-q01
exact-008,getrag-010,getrag-010-q02,What is the condition of the bearing shown in the photograph?,"The bearing appears to be new and genuine, as indicated by the caption.",1.0,kept,getrag-010-q02
exact-008,-010,-010-q02,What is the condition of the bearing shown in the photograph?,"The bearing is new and genuine, as indicated by the caption.",1.0,dropped,getrag-010-q02
exact-009,getrag-013,getrag-013-q01,What tools are required to remove the reverse gear and main output shaft bearing?,A puller is required along with some heat from a hot air gun to get the reverse gear and main output shaft bearing off.,1.0,kept,getrag-013-q01
exact-009,-013,-013-q01,What tools are required to remove the reverse gear and main output shaft bearing?,A puller is required along with some heat from a hot air gun.,1.0,dropped,getrag-013-q01
exact-010,-015,-015-q01,What transmission components are visible in the disassembled hub assembly?,"The image shows various transmission components including input shafts, gears with teeth, synchro rings, shift forks, and housing components spread out on newspaper.",1.0,kept,-015-q01
exact-010,getrag-015,getrag-015-q01,What transmission components are visible in the disassembled hub assembly?,"The disassembled hub assembly shows various gears, shafts, synchro rings, shift forks, and housing components laid out on newspaper.",1.0,dropped,-015-q01
exact-011,-022,-022-q08,What is the purpose of polishing the shift rods where they go through bushes?,Polishing the shift rods where they go through bushes helps smooth gear shifting and prolongs the seal life.,1.0,kept,-022-q08
exact-011,getrag-022,getrag-022-q05,What is the purpose of polishing the shift rods where they go through bushes?,Polishing the shift rods where they go through bushes helps smooth gear shifting and prolongs the seal life.,1.0,dropped,-022-q08
exact-012,getrag-022,getrag-022-q03,What problem is identified with the seal area on the shaft?,"The seal has been sitting and a close look reveals the shaft is coated, but it has a rough edge where the seal has worn through it.",1.0,kept,getrag-022-q03
exact-012,-022,-022-q09,What problem is identified with the seal area on the shaft?,"The problem is that the seal has worn through the coating, creating a rough edge where the seal has been sitting.",1.0,dropped,getrag-022-q03
exact-013,getrag-023,getrag-023-q01,What is the main shaft roller assembly component shown in the image?,It is the main shaft roller assembly inner sleeve and outer race.,1.0,kept,getrag-023-q01
exact-013,-023,-023-q01,What is the main shaft roller assembly component shown in the image?,The main shaft roller assembly inner sleeve and outer race.,1.0,dropped,getrag-023-q01
exact-014,getrag-007,getrag-007-q11,What type of bearing assembly is shown in the photograph?,"The image shows a ball bearing assembly with a helical gear, which is part of the syncro hub mechanism for the 2nd gear.",1.0,kept,getrag-007-q11
exact-014,-023,-023-q07,What type of bearing assembly is shown in the photograph?,A roller bearing assembly for the main shaft.,1.0,dropped,getrag-007-q11
exact-014,getrag-023,getrag-023-q05,What type of bearing assembly is shown in the photograph?,A main shaft roller assembly with inner sleeve and outer race components.,1.0,dropped,getrag-007-q11
exact-015,00-01_torque-s,00-01_torque-s-q02,What is the μ total range for cadmium-plated screws or nuts?,0.08 to 0.09 for cadmium-plated screws or nuts.,1.0,kept,00-01_torque-s-q02
exact-015,00-torque-specs-002,00-torque-specs-002-q04,What is the μ total range for cadmium-plated screws or nuts?,0.08 to 0.09,1.0,dropped,00-01_torque-s-q02
exact-015,bmwtorquespecs-002,bmwtorquespecs-002-q05,What is the μ total range for cadmium-plated screws or nuts?,0.08 to 0.09,1.0,dropped,00-01_torque-s-q02
exact-016,00-01_torque-s,00-01_torque-s-q09,Why is maintaining specified tightening torques important?,Maintaining specified tightening torques is vital for performing repair work to a professional standard. This presupposes that the torque wrenches required for this are subjected to a regular inspection.,1.0,kept,00-01_torque-s-q09
exact-016,00-torque-specs-002,00-torque-specs-002-q09,Why is maintaining specified tightening torques important?,Maintaining specified tightening torques is vital for performing repair work to a professional standard,1.0,dropped,00-01_torque-s-q09
exact-017,00-01_torque-s,00-01_torque-s-q10,Where can information about approved torque testing equipment be found?,Approved torque testing equipment is listed in the catalogue of workshop equipment planning documents.,1.0,kept,00-01_torque-s-q10
exact-017,bmwtorquespecs-002,bmwtorquespecs-002-q10,Where can information about approved torque testing equipment be found?,In the catalogue of workshop equipment planning documents,1.0,dropped,00-01_torque-s-q10
exact-018,00-04_torque-s,00-04_torque-s-q01,What is the maximum tightening torque for an M8 8.8 screw?,24 Nm (ft. lbs.),1.0,kept,00-04_torque-s-q01
exact-018,bmwtorquespecs-005,bmwtorquespecs-005-q01,What is the maximum tightening torque for an M8 8.8 screw?,24 Nm (ft. lbs.),1.0,dropped,00-04_torque-s-q01
exact-019,00-04_torque-s,00-04_torque-s-q03,What is the tightening torque for an M8 12.9 screw?,40 Nm (ft. lbs.),1.0,kept,00-04_torque-s-q03
exact-019,bmwtorquespecs-005,bmwtorquespecs-005-q03,What is the tightening torque for an M8 12.9 screw?,40 Nm (ft. lbs.),1.0,dropped,00-04_torque-s-q03
exact-020,00-04_torque-s,00-04_torque-s-q07,What BMW standard should I reference for the applicable range of tightening torques?,BMW N 600 02.0,1.0,kept,00-04_torque-s-q07
exact-020,00-05_torque-s,00-05_torque-s-q04,What BMW standard should I reference for the applicable range of tightening torques?,BMW N 600 02.0,1.0,dropped,00-04_torque-s-q07
exact-021,00-torque-specs-005,00-torque-specs-005-q07,How much more torque does an M8 12.9 bolt require compared to an M8 8.8 bolt?,"M8 12.9 requires 40 Nm while M8 8.8 requires 24 Nm, so 16 Nm more torque is required.",1.0,kept,00-torque-specs-005-q07
exact-021,00-04_torque-s,00-04_torque-s-q08,How much more torque does an M8 12.9 bolt require compared to an M8 8.8 bolt?,16 Nm more (40 Nm vs 24 Nm),1.0,dropped,00-torque-specs-005-q07
exact-022,00-05_torque-s,00-05_torque-s-q01,What is the maximum tightening torque for an M10 8.8 screw?,47 Nm (ft. lbs.),1.0,kept,00-05_torque-s-q01
exact-022,00-torque-specs-006,00-torque-specs-006-q01,What is the maximum tightening torque for an M10 8.8 screw?,47 Nm (ft. lbs.),1.0,dropped,00-05_torque-s-q01
exact-022,bmwtorquespecs-006,bmwtorquespecs-006-q01,What is the maximum tightening torque for an M10 8.8 screw?,47 Nm (ft. lbs.),1.0,dropped,00-05_torque-s-q01
exact-023,00-06_maintena,00-06_maintena-q01,What is the order number for the Service Indicator Resetter?,The Service Indicator Resetter order number is 62 1 100.,1.0,kept,00-06_maintena-q01
exact-023,00-13_maintena,00-13_maintena-q06,What is the order number for the Service Indicator resetter?,The Service Indicator resetter order number is 62 1 100.,1.0,dropped,00-06_maintena-q01
exact-024,00-06_torque-s,00-06_torque-s-q01,What is the maximum tightening torque for an M12 8.8 screw?,82 Nm (ft. lbs.),1.0,kept,00-06_torque-s-q01
exact-024,bmwtorquespecs-007,bmwtorquespecs-007-q01,What is the maximum tightening torque for an M12 8.8 screw?,82 Nm (ft. lbs.),1.0,dropped,00-06_torque-s-q01
exact-025,00-06_torque-s,00-06_torque-s-q09,What thread types are covered in this torque specification table?,M12 thread and M12x1.5 thread,1.0,kept,00-06_torque-s-q09
exact-025,00-09_torque-s,00-09_torque-s-q09,What thread types are covered in this torque specification table?,M18 thread and M18x1.5 thread,1.0,dropped,00-06_torque-s-q09
exact-025,bmwtorquespecs-007,bmwtorquespecs-007-q06,What thread types are covered in this torque specification table?,M12 thread and M12x1.5 thread,1.0,dropped,00-06_torque-s-q09
exact-025,bmwtorquespecs-008,bmwtorquespecs-008-q07,What thread types are covered in this torque specification table?,M14 thread and M14x1.5 thread,1.0,dropped,00-06_torque-s-q09
exact-026,00-07_torque-s,00-07_torque-s-q07,What BMW standard should I refer to for the applicable range of tightening torques?,BMW N 600 02.0,1.0,kept,00-07_torque-s-q07
exact-026,00-08_torque-s,00-08_torque-s-q07,What BMW standard should I refer to for the applicable range of tightening torques?,BMW N 600 02.0,1.0,dropped,00-07_torque-s-q07
exact-026,00-09_torque-s,00-09_torque-s-q08,What BMW standard should I refer to for the applicable range of tightening torques?,BMW N 600 02.0,1.0,dropped,00-07_torque-s-q07
exact-027,00-08_torque-s,00-08_torque-s-q02,What torque specification should I use for an M16 10.9 bolt?,280 Nm (ft. lbs.),1.0,kept,00-08_torque-s-q02
exact-027,bmwtorquespecs-009,bmwtorquespecs-009-q02,What torque specification should I use for an M16 10.9 bolt?,280 Nm (ft. lbs.),1.0,dropped,00-08_torque-s-q02
exact-028,00-08_torque-s,00-08_torque-s-q10,What section of the manual contains these M16 and M16x1.5 maximum tightening torques?,Section 00-8 General Instructions,1.0,kept,00-08_torque-s-q10
exact-028,00-torque-specs-009,00-torque-specs-009-q10,What section of the manual contains these M16 and M16x1.5 maximum tightening torques?,Section 00-8 General Instructions,1.0,dropped,00-08_torque-s-q10
exact-029,bmwtorquespecs-104,bmwtorquespecs-104-q09,What is the highest torque value shown in this specification table?,"The highest torque value shown is 50 Nm, which is for M20 screws on 4HP-22/4HP-24 transmissions for the plug on transfer plate.",1.0,kept,bmwtorquespecs-104-q09
exact-029,00-09_torque-s,00-09_torque-s-q10,What is the highest torque value shown in this specification table?,527 Nm (ft. lbs.) for M18x1.5 12.9,1.0,dropped,bmwtorquespecs-104-q09
exact-030,33-02_rear-axl,33-02_rear-axl-q12,What does the asterisk notation at the bottom of the page indicate?,The asterisk notation indicates 'See Specifications' for the tightening torque reference.,1.0,kept,33-02_rear-axl-q12
exact-030,00-11_maintena,00-11_maintena-q12,What does the asterisk notation at the bottom of the page indicate?,After introduction of: Operating-Fluids-File.,1.0,dropped,33-02_rear-axl-q12
exact-030,12-112_engine-e,12-112_engine-e-q12,What does the asterisk notation at the bottom of the page indicate?,The asterisk indicates 'See Specifications' for detailed values and parameters.,1.0,dropped,33-02_rear-axl-q12
exact-030,33-17_rear-axl,33-17_rear-axl-q11,What does the asterisk notation at the bottom of the page indicate?,See Specifications.,1.0,dropped,33-02_rear-axl-q12
exact-031,00-torque-specs-001,00-torque-specs-001-q02,What is the title of this section in the BMW E30 M3 service manual?,The title of this section is 'Tightening Torques'.,1.0,kept,00-torque-specs-001-q02
exact-031,bmwtorquespecs-001,bmwtorquespecs-001-q01,What is the title of this section in the BMW E30 M3 service manual?,Tightening Torques,1.0,dropped,00-torque-specs-001-q02
exact-032,00-torque-specs-002,00-torque-specs-002-q08,When are these torque specifications not applicable regarding surface conditions?,"Not applicable when using a different surface or lubricant condition on the thread, or if the height of the nut differs",1.0,kept,00-torque-specs-002-q08
exact-032,bmwtorquespecs-002,bmwtorquespecs-002-q06,When are these torque specifications not applicable regarding surface conditions?,"When using a different surface or lubricant condition on the thread, or if the height of the nut differs",1.0,dropped,00-torque-specs-002-q08
exact-033,00-torque-specs-003,00-torque-specs-003-q10,What is the torque specification for M5 8.8 screws?,5.9 Nm (ft. lbs.),1.0,kept,00-torque-specs-003-q10
exact-033,bmwtorquespecs-003,bmwtorquespecs-003-q07,What is the torque specification for M5 8.8 screws?,5.9 Nm (ft. lbs.),1.0,dropped,00-torque-specs-003-q10
exact-034,00-torque-specs-056,00-torque-specs-056-q09,What units are used for all the torque specifications in this table?,All torque specifications are given in Nm (Newton-meters).,1.0,kept,00-torque-specs-056-q09
exact-034,00-torque-specs-004,00-torque-specs-004-q10,What units are used for all the torque specifications in this table?,Nm (Newton-meters),1.0,dropped,00-torque-specs-056-q09
exact-034,bmwtorquespecs-007,bmwtorquespecs-007-q10,What units are used for all the torque specifications in this table?,Nm (ft. lbs.),1.0,dropped,00-torque-specs-056-q09
exact-035,00-torque-specs-005,00-torque-specs-005-q10,What units are used for the torque specifications in this table?,Nm (ft. lbs.) - Newton meters with foot-pounds equivalents in parentheses.,1.0,kept,00-torque-specs-005-q10
exact-035,00-torque-specs-058,00-torque-specs-058-q08,What units are used for the torque specifications in this table?,Nm (Newton meters),1.0,dropped,00-torque-specs-005-q10
exact-035,00-torque-specs-083,00-torque-specs-083-q09,What units are used for the torque specifications in this table?,Nm (ft. lbs.),1.0,dropped,00-torque-specs-005-q10
exact-035,00-torque-specs-099,00-torque-specs-099-q09,What units are used for the torque specifications in this table?,Nm (ft. lbs.).,1.0,dropped,00-torque-specs-005-q10
exact-035,bmwtorquespecs-003,bmwtorquespecs-003-q06,What units are used for the torque specifications in this table?,Nm (ft. lbs.),1.0,dropped,00-torque-specs-005-q10
exact-036,00-torque-specs-006,00-torque-specs-006-q08,What torque should I apply to an M10 10.9 screw?,66 Nm (ft. lbs.),1.0,kept,00-torque-specs-006-q08
exact-036,bmwtorquespecs-006,bmwtorquespecs-006-q06,What torque should I apply to an M10 10.9 screw?,66 Nm (ft. lbs.),1.0,dropped,00-torque-specs-006-q08
exact-037,00-torque-specs-008,00-torque-specs-008-q01,What is the maximum tightening torque for an M14 8.8 screw?,130 Nm (ft. lbs.),1.0,kept,00-torque-specs-008-q01
exact-037,bmwtorquespecs-008,bmwtorquespecs-008-q01,What is the maximum tightening torque for an M14 8.8 screw?,130 Nm (ft. lbs.),1.0,dropped,00-torque-specs-008-q01
exact-038,00-torque-specs-008,00-torque-specs-008-q05,What BMW standard should I refer to for tightening torque ranges?,BMW N 600 02.0,1.0,kept,00-torque-specs-008-q05
exact-038,bmwtorquespecs-007,bmwtorquespecs-007-q04,What BMW standard should I refer to for tightening torque ranges?,BMW N 600 02.0,1.0,dropped,00-torque-specs-008-q05
exact-039,00-torque-specs-009,00-torque-specs-009-q01,What is the maximum tightening torque for an M16 8.8 screw?,200 Nm (ft. lbs.),1.0,kept,00-torque-specs-009-q01
exact-039,bmwtorquespecs-009,bmwtorquespecs-009-q01,What is the maximum tightening torque for an M16 8.8 screw?,200 Nm (ft. lbs.),1.0,dropped,00-torque-specs-009-q01
exact-040,00-torque-specs-009,00-torque-specs-009-q07,Which BMW standard document should I reference for the applicable range of tightening torques?,BMW N 600 02.0,1.0,kept,00-torque-specs-009-q07
exact-040,bmwtorquespecs-010,bmwtorquespecs-010-q04,Which BMW standard document should I reference for the applicable range of tightening torques?,BMW N 600 02.0,1.0,dropped,00-torque-specs-009-q07
exact-041,00-torque-specs-010,00-torque-specs-010-q01,What is the maximum tightening torque for an M18 8.8 screw?,280 Nm (ft. lbs.),1.0,kept,00-torque-specs-010-q01
exact-041,bmwtorquespecs-010,bmwtorquespecs-010-q01,What is the maximum tightening torque for an M18 8.8 screw?,280 Nm (ft. lbs.),1.0,dropped,00-torque-specs-010-q01
exact-042,00-torque-specs-010,00-torque-specs-010-q02,What torque specification should I use for an M18x1.5 12.9 thread?,527 Nm (ft. lbs.),1.0,kept,00-torque-specs-010-q02
exact-042,bmwtorquespecs-010,bmwtorquespecs-010-q02,What torque specification should I use for an M18x1.5 12.9 thread?,527 Nm (ft. lbs.),1.0,dropped,00-torque-specs-010-q02
exact-043,00-torque-specs-014,00-torque-specs-014-q05,Is there a settling time required for cylinder head bolts?,"No, there is no settling time and no warm-running time required.",1.0,kept,00-torque-specs-014-q05
exact-043,00-torque-specs-11-04,00-torque-specs-11-04-q06,Is there a settling time required for cylinder head bolts?,No settling time. No warm-running time.,1.0,dropped,00-torque-specs-014-q05
exact-043,bmwtorquespecs-014,bmwtorquespecs-014-q07,Is there a settling time required for cylinder head bolts?,No settling time. No warm-running time.,1.0,dropped,00-torque-specs-014-q05
exact-044,00-torque-specs-11-08,00-torque-specs-11-08-q07,What special instruction is given for cylinder head bolt installation?,"Fit new cylinder head bolts, do not wash away coating on cylinder head screws, and for repair work only use screws with Torx head",1.0,kept,00-torque-specs-11-08-q07
exact-044,00-torque-specs-018,00-torque-specs-018-q08,What special instruction is given for cylinder head bolt installation?,Fit new cylinder head bolts and do not wash away coating on cylinder head screws,1.0,dropped,00-torque-specs-11-08-q07
exact-045,00-torque-specs-018,00-torque-specs-018-q09,What type of screws should be used for repair work on cylinder head bolts?,Only use screws with Torx head,1.0,kept,00-torque-specs-018-q09
exact-045,bmwtorquespecs-014,bmwtorquespecs-014-q03,What type of screws should be used for repair work on cylinder head bolts?,Only use screws with Torx head,1.0,dropped,00-torque-specs-018-q09
exact-046,00-torque-specs-11-08,00-torque-specs-11-08-q10,Are the initial torque values the same for both 7AZ and 8AZ cylinder head bolts?,"Yes, both 7AZ and 8AZ cylinder head bolts have the same initial torque value of 30 Nm",1.0,kept,00-torque-specs-11-08-q10
exact-046,00-torque-specs-018,00-torque-specs-018-q10,Are the initial torque values the same for both 7AZ and 8AZ cylinder head bolts?,"Yes, both require 30 Nm initial torque",1.0,dropped,00-torque-specs-11-08-q10
exact-047,bmwtorquespecs-019,bmwtorquespecs-019-q05,What are the torque angle specifications for the S38 B36/S38 B38 cylinder head bolts?,60 degrees followed by 70 degrees,1.0,kept,bmwtorquespecs-019-q05
exact-047,00-torque-specs-019,00-torque-specs-019-q05,What are the torque angle specifications for the S38 B36/S38 B38 cylinder head bolts?,60° and 70°,1.0,dropped,bmwtorquespecs-019-q05
exact-048,00-torque-specs-030,00-torque-specs-030-q06,What section of the manual is this torque specification table from?,"Section 11-20 Engine, specifically 11 28 V-ribbed belt with tension and deflection element.",1.0,kept,00-torque-specs-030-q06
exact-048,00-torque-specs-019,00-torque-specs-019-q09,What section of the manual is this torque specification table from?,"11 - 9 Engine, section 11 12 Cylinder Head and Cover",1.0,dropped,00-torque-specs-030-q06
exact-048,00-torque-specs-11-20,00-torque-specs-11-20-q07,What section of the manual is this torque specification table from?,Section 11-20 Engine,1.0,dropped,00-torque-specs-030-q06
exact-048,00-torque-specs-111,00-torque-specs-111-q08,What section of the manual is this torque specification table from?,"Section 24-9 Automatic Transmission, subsection 24 30 Hydr./elec.control elements.",1.0,dropped,00-torque-specs-030-q06
exact-049,00-torque-specs-11-11,00-torque-specs-11-11-q01,What is the torque specification for the oil drain plug?,The oil drain plug has two torque specifications: M12 x 1.5 at 25 Nm and M22 x 1.5 at 60 Nm.,1.0,kept,00-torque-specs-11-11-q01
exact-049,00-torque-specs-021,00-torque-specs-021-q01,What is the torque specification for the oil drain plug?,The oil drain plug (1AZ) uses M12 x 1.5 screw and should be torqued to 25 Nm.,1.0,dropped,00-torque-specs-11-11-q01
exact-049,bmwtorquespecs-021,bmwtorquespecs-021-q01,What is the torque specification for the oil drain plug?,The oil drain plug has two torque specifications: M12 x 1.5 at 25 Nm and M22 x 1.5 at 60 Nm.,1.0,dropped,00-torque-specs-11-11-q01
exact-050,00-torque-specs-021,00-torque-specs-021-q07,What does the 'All' designation in the Type column indicate?,The 'All' designation indicates these specifications apply to all vehicle types/variants covered in this manual.,1.0,kept,00-torque-specs-021-q07
exact-050,bmwtorquespecs-091,bmwtorquespecs-091-q09,What does the 'All' designation in the Type column indicate?,The torque specifications apply to all vehicle types,1.0,dropped,00-torque-specs-021-q07
exact-051,bmwtorquespecs-088,bmwtorquespecs-088-q08,What section and subsection is this torque specification table from?,"Section 17-4 Radiator, subsection 17 22 Oil Cooler Pipes",1.0,kept,bmwtorquespecs-088-q08
exact-051,00-torque-specs-022,00-torque-specs-022-q08,What section and subsection is this torque specification table from?,"Section 11-12 Engine, subsection 11 14 Case covers",1.0,dropped,bmwtorquespecs-088-q08
exact-052,00-torque-specs-023,00-torque-specs-023-q01,What is the torque specification for the increment wheel on crankshaft?,M5 10.9 with 13 Nm (ft. lbs.),1.0,kept,00-torque-specs-023-q01
exact-052,00-torque-specs-11-13,00-torque-specs-11-13-q01,What is the torque specification for the increment wheel on crankshaft?,13 Nm (ft. lbs.),1.0,dropped,00-torque-specs-023-q01
exact-052,bmwtorquespecs-023,bmwtorquespecs-023-q01,What is the torque specification for the increment wheel on crankshaft?,M5 10.9 with 13 Nm (ft. lbs.),1.0,dropped,00-torque-specs-023-q01
exact-053,00-torque-specs-11-14,00-torque-specs-11-14-q05,What is the difference in torque between M40/M42/M43/M44/M51 Automatic/M52 Automatic and all other transmissions for new micro-encapsulated screws?,"M40/M42/M43/M44/M51 Automatic/M52 Automatic requires 120 Nm while all others require 105 Nm, a difference of 15 Nm.",1.0,kept,00-torque-specs-11-14-q05
exact-053,00-torque-specs-024,00-torque-specs-024-q05,What is the difference in torque between M40/M42/M43/M44/M51 Automatic/M52 Automatic and all other transmissions for new micro-encapsulated screws?,"M40/M42/M43/M44/M51 Automatic/M52 Automatic require 120 Nm while all others require 105 Nm, a difference of 15 Nm.",1.0,dropped,00-torque-specs-11-14-q05
exact-054,bmwtorquespecs-025,bmwtorquespecs-025-q01,What is the torque specification for the vee belt pulley on crankshaft?,190 Nm with M10 screw type.,1.0,kept,bmwtorquespecs-025-q01
exact-054,00-torque-specs-025,00-torque-specs-025-q01,What is the torque specification for the vee belt pulley on crankshaft?,190 Nm for M10 screw.,1.0,dropped,bmwtorquespecs-025-q01
exact-054,00-torque-specs-11-15,00-torque-specs-11-15-q01,What is the torque specification for the Vee belt pulley on crankshaft?,190 Nm with M10 screw.,1.0,dropped,bmwtorquespecs-025-q01
exact-055,bmwtorquespecs-125,bmwtorquespecs-125-q06,Which section of the manual does this page belong to?,27 - 2 Transfer Box - Four Wheel Drive,1.0,kept,bmwtorquespecs-125-q06
exact-055,00-torque-specs-026,00-torque-specs-026-q05,Which section of the manual does this page belong to?,Section 11-16 Engine,1.0,dropped,bmwtorquespecs-125-q06
exact-056,00-torque-specs-027,00-torque-specs-027-q01,What is the torque specification for the vee belt pulley/vibration damper on hub for S38 B36 engines?,34 Nm using M8 10.9 screw.,1.0,kept,00-torque-specs-027-q01
exact-056,bmwtorquespecs-027,bmwtorquespecs-027-q01,What is the torque specification for the vee belt pulley/vibration damper on hub for S38 B36 engines?,34 Nm with M8 10.9 screw.,1.0,dropped,00-torque-specs-027-q01
exact-057,00-torque-specs-027,00-torque-specs-027-q03,What is the torque specification for sprocket with hub or hub to crankshaft replace screw on M40 engines?,310 Nm using M16 x 1.5 screw.,1.0,kept,00-torque-specs-027-q03
exact-057,bmwtorquespecs-027,bmwtorquespecs-027-q03,What is the torque specification for sprocket with hub or hub to crankshaft replace screw on M40 engines?,310 Nm with M16 x 1.5 screw.,1.0,dropped,00-torque-specs-027-q03
exact-058,00-torque-specs-13-06,00-torque-specs-13-06-q07,What section and subsection does this torque specification table cover?,"Section 13-6 Fuel metering and regulation system, subsection 13 53 Fuel Injection Nozzles and Pipes.",1.0,kept,00-torque-specs-13-06-q07
exact-058,00-torque-specs-027,00-torque-specs-027-q09,What section and subsection does this torque specification table cover?,"Section 11-17 Engine, subsection 11 23 Vibration Damper.",1.0,dropped,00-torque-specs-13-06-q07
exact-058,00-torque-specs-032,00-torque-specs-032-q10,What section and subsection does this torque specification table cover?,"Section 11-22 Engine, subsection 11 31 Camshaft.",1.0,dropped,00-torque-specs-13-06-q07
exact-058,00-torque-specs-038,00-torque-specs-038-q08,What section and subsection does this torque specification table cover?,"Section 11-28 Engine, subsection 11 42 Oil Filter and Pipes.",1.0,dropped,00-torque-specs-13-06-q07
exact-058,00-torque-specs-059,00-torque-specs-059-q08,What section and subsection does this torque specification table cover?,"Section 12-9 Engine electrics, subsection 12 41 Starter and Mounting Parts",1.0,dropped,00-torque-specs-13-06-q07
exact-058,00-torque-specs-085,00-torque-specs-085-q10,What section and subsection does this torque specification table cover?,"Section 17-1 Radiator, subsection 17 00 Coolant",1.0,dropped,00-torque-specs-13-06-q07
exact-058,00-torque-specs-091,00-torque-specs-091-q06,What section and subsection does this torque specification table cover?,"Section 21-1 Clutch, subsection 21 11 Bell housing",1.0,dropped,00-torque-specs-13-06-q07
exact-058,00-torque-specs-093,00-torque-specs-093-q09,What section and subsection does this torque specification table cover?,"Section 21-3 Clutch, subsection 21 52 Clutch operation (hydraulic)",1.0,dropped,00-torque-specs-13-06-q07
exact-058,00-torque-specs-095,00-torque-specs-095-q08,What section and subsection does this torque specification table cover?,"This covers section 23-2 Manual transmission, subsection 23 00 Transmission Assembly.",1.0,dropped,00-torque-specs-13-06-q07
exact-058,00-torque-specs-113,00-torque-specs-113-q08,What section and subsection does this torque specification table cover?,"Section 24-11 Automatic Transmission, subsection 24 32 Governor.",1.0,dropped,00-torque-specs-13-06-q07
exact-058,00-torque-specs-23-02,00-torque-specs-23-02-q08,What section and subsection does this torque specification table cover?,"Section 23-2 Manual transmission, subsection 23 00 Transmission Assembly.",1.0,dropped,00-torque-specs-13-06-q07
exact-058,00-torque-specs-24-01,00-torque-specs-24-01-q09,What section and subsection does this torque specification table cover?,"Section 24-1 Automatic Transmission, subsection 24 00 Transmission in General",1.0,dropped,00-torque-specs-13-06-q07
exact-058,bmwtorquespecs-044,bmwtorquespecs-044-q08,What section and subsection does this torque specification table cover?,"This covers section 11-34 Engine, subsection 11 62 Exhaust manifold.",1.0,dropped,00-torque-specs-13-06-q07
exact-058,bmwtorquespecs-082,bmwtorquespecs-082-q09,What section and subsection does this torque specification table cover?,"Section 16-2 Fuel tank and fuel lines, subsection 16 12 Fuel Supply",1.0,dropped,00-torque-specs-13-06-q07
exact-058,bmwtorquespecs-113,bmwtorquespecs-113-q08,What section and subsection does this torque specification table cover?,"Section 24-11 Automatic Transmission, subsection 24 32 Governor.",1.0,dropped,00-torque-specs-13-06-q07
exact-058,bmwtorquespecs-123,bmwtorquespecs-123-q10,What section and subsection does this torque specification table cover?,"Section 26-2 Propeller Shaft, subsection 26 11 Propeller Shaft Complete.",1.0,dropped,00-torque-specs-13-06-q07
exact-059,00-torque-specs-034,00-torque-specs-034-q09,What component connects the toothed belt pulley according to this specification?,Intermediate shaft,1.0,kept,00-torque-specs-034-q09
exact-059,00-torque-specs-11-24,00-torque-specs-11-24-q08,What component connects the toothed belt pulley according to this specification?,Intermediate shaft,1.0,dropped,00-torque-specs-034-q09
exact-060,bmwtorquespecs-035,bmwtorquespecs-035-q01,What is the torque specification for the banjo bolt to VANOS controller?,32 Nm with M14 x 1.5 screw specification.,1.0,kept,bmwtorquespecs-035-q01
exact-060,00-torque-specs-035,00-torque-specs-035-q01,What is the torque specification for the banjo bolt to VANOS controller?,32 Nm using M14 x 1.5 screw.,1.0,dropped,bmwtorquespecs-035-q01
exact-061,bmwtorquespecs-038,bmwtorquespecs-038-q01,What is the torque specification for the oil filter drain plug hollow bolt?,The hollow bolt for the oil filter drain plug (4AZ) should be torqued to 20 Nm using an M21/S38 screw type.,1.0,kept,bmwtorquespecs-038-q01
exact-061,00-torque-specs-038,00-torque-specs-038-q01,What is the torque specification for the oil filter drain plug hollow bolt?,20 Nm for M21/S38 hollow bolt.,1.0,dropped,bmwtorquespecs-038-q01
exact-062,00-torque-specs-039,00-torque-specs-039-q01,What is the torque specification for the oil cooler oil pipes to oil filter housing?,22 Nm using M8 screw for all types.,1.0,kept,00-torque-specs-039-q01
exact-062,00-torque-specs-11-29,00-torque-specs-11-29-q01,What is the torque specification for the oil cooler oil pipes to oil filter housing?,22 Nm using M8 screws.,1.0,dropped,00-torque-specs-039-q01
exact-063,00-torque-specs-039,00-torque-specs-039-q02,What torque should be applied to the oil pipes to turbocharger connection?,22 Nm using M8 screw for all types.,1.0,kept,00-torque-specs-039-q02
exact-063,00-torque-specs-11-29,00-torque-specs-11-29-q03,What torque should be applied to the oil pipes to turbocharger connection?,22 Nm using M8 screws.,1.0,dropped,00-torque-specs-039-q02
exact-064,00-torque-specs-040,00-torque-specs-040-q03,Which section of the manual covers water pump and drive specifications?,Section 11 51 Water Pump and Drive,1.0,kept,00-torque-specs-040-q03
exact-064,bmwtorquespecs-040,bmwtorquespecs-040-q03,Which section of the manual covers Water Pump and Drive specifications?,Section 11 51,1.0,dropped,00-torque-specs-040-q03
exact-065,00-torque-specs-040,00-torque-specs-040-q10,How many different screw sizes are specified for water pump to crankcase installation?,Two different screw sizes are specified: M8 and M6,1.0,kept,00-torque-specs-040-q10
exact-065,bmwtorquespecs-040,bmwtorquespecs-040-q07,How many different screw sizes are specified for water pump to crankcase installation?,Two different screw sizes: M8 and M6,1.0,dropped,00-torque-specs-040-q10
exact-066,00-torque-specs-041,00-torque-specs-041-q03,What type of threads does the fan clutch coupling nut have?,Left-hand threads,1.0,kept,00-torque-specs-041-q03
exact-066,00-torque-specs-11-31,00-torque-specs-11-31-q02,What type of threads does the fan clutch coupling nut have?,Left-hand threads,1.0,dropped,00-torque-specs-041-q03
exact-066,bmwtorquespecs-041,bmwtorquespecs-041-q02,What type of threads does the fan clutch coupling nut have?,Left-hand threads,1.0,dropped,00-torque-specs-041-q03
exact-067,00-torque-specs-11-32,00-torque-specs-11-32-q01,What is the torque specification for the thermostat housing bolts?,The thermostat housing bolts should be torqued to 10 Nm using M6 screws.,1.0,kept,00-torque-specs-11-32-q01
exact-067,00-torque-specs-042,00-torque-specs-042-q01,What is the torque specification for the thermostat housing bolts?,The thermostat housing bolts require 10 Nm of torque with M6 screws.,1.0,dropped,00-torque-specs-11-32-q01
exact-068,00-torque-specs-042,00-torque-specs-042-q02,What size screws are used for the thermostat housing?,M6 screws are used for the thermostat housing.,1.0,kept,00-torque-specs-042-q02
exact-068,00-torque-specs-11-32,00-torque-specs-11-32-q02,What size screws are used for the thermostat housing?,M6 screws are used for the thermostat housing.,1.0,dropped,00-torque-specs-042-q02
exact-069,00-torque-specs-11-32,00-torque-specs-11-32-q03,What is the torque specification for the bleeder screw?,The bleeder screw should be torqued to 8 Nm using M8 threads.,1.0,kept,00-torque-specs-11-32-q03
exact-069,00-torque-specs-042,00-torque-specs-042-q03,What is the torque specification for the bleeder screw?,The bleeder screw requires 8 Nm of torque with M8 screws.,1.0,dropped,00-torque-specs-11-32-q03
exact-070,00-torque-specs-042,00-torque-specs-042-q07,Do these torque specifications apply to all vehicle types?,"Yes, both specifications show 'All' in the Type column, indicating they apply to all vehicle variants.",1.0,kept,00-torque-specs-042-q07
exact-070,00-torque-specs-11-30,00-torque-specs-11-30-q06,Do these torque specifications apply to all vehicle types?,"Yes, both specifications show 'All' in the Type column",1.0,dropped,00-torque-specs-042-q07
exact-071,00-torque-specs-042,00-torque-specs-042-q09,What is the reference code for the bleeder screw specification?,The reference code for the bleeder screw specification is 2AZ.,1.0,kept,00-torque-specs-042-q09
exact-071,bmwtorquespecs-042,bmwtorquespecs-042-q09,What is the reference code for the bleeder screw specification?,The reference code for the bleeder screw is 2AZ.,1.0,dropped,00-torque-specs-042-q09
exact-072,00-torque-specs-043,00-torque-specs-043-q06,What is the difference in torque between M8 and M6 screws on the intake manifold?,"M8 screws require 22 Nm while M6 screws require 10 Nm, a difference of 12 Nm",1.0,kept,00-torque-specs-043-q06
exact-072,00-torque-specs-11-33,00-torque-specs-11-33-q06,What is the difference in torque between M8 and M6 screws on the intake manifold?,"M8 screws require 22 Nm while M6 screws require 10 Nm, a difference of 12 Nm",1.0,dropped,00-torque-specs-043-q06
exact-073,00-torque-specs-044,00-torque-specs-044-q04,What is the torque specification for the upper row of staybolts installed with bolt cement?,22 Nm using M8 screws on all engine types.,1.0,kept,00-torque-specs-044-q04
exact-073,bmwtorquespecs-044,bmwtorquespecs-044-q05,What is the torque specification for the upper row of staybolts installed with bolt cement?,M8 bolts should be torqued to 22 Nm.,1.0,dropped,00-torque-specs-044-q04
exact-074,bmwtorquespecs-046,bmwtorquespecs-046-q01,What is the torque specification for the turbocharger to exhaust manifold connection?,"The turbocharger to exhaust manifold (1AZ) requires 25 Nm torque with M10 screws for M21 type, and 45 Nm for M30/M51/M41 types.",1.0,kept,bmwtorquespecs-046-q01
exact-074,00-torque-specs-046,00-torque-specs-046-q01,What is the torque specification for the turbocharger to exhaust manifold connection?,"25 Nm using M10 screws for M21 type, and 45 Nm for M30/M51/M41 types.",1.0,dropped,bmwtorquespecs-046-q01
exact-075,bmwtorquespecs-046,bmwtorquespecs-046-q03,How much torque should be applied to the ring nut to exhaust manifold?,The ring nut to exhaust manifold (3AZ) should be torqued to 220 Nm for M30 type.,1.0,kept,bmwtorquespecs-046-q03
exact-075,00-torque-specs-046,00-torque-specs-046-q03,How much torque should be applied to the ring nut to exhaust manifold?,220 Nm for M30 type.,1.0,dropped,bmwtorquespecs-046-q03
exact-076,bmwtorquespecs-046,bmwtorquespecs-046-q04,What is the torque specification for screws to bypass valve?,The screws to bypass valve (4AZ) require 10 Nm torque using M6 screws for M30 type.,1.0,kept,bmwtorquespecs-046-q04
exact-076,00-torque-specs-046,00-torque-specs-046-q04,What is the torque specification for screws to bypass valve?,10 Nm using M6 screws for M30 type.,1.0,dropped,bmwtorquespecs-046-q04
exact-077,00-torque-specs-11-36,00-torque-specs-11-36-q06,What is the torque specification for the oil return flange to turbocharger?,22 Nm for the M30 oil return flange to turbocharger with M8 bolts.,1.0,kept,00-torque-specs-11-36-q06
exact-077,00-torque-specs-046,00-torque-specs-046-q06,What is the torque specification for the oil return flange to turbocharger?,22 Nm using M8 screws for M30 type.,1.0,dropped,00-torque-specs-11-36-q06
exact-078,00-torque-specs-049,00-torque-specs-049-q06,What unit of measurement is used for the oxygen sensor torque specification?,Nm (Newton meters),1.0,kept,00-torque-specs-049-q06
exact-078,00-torque-specs-11-39,00-torque-specs-11-39-q05,What unit of measurement is used for the oxygen sensor torque specification?,Nm (Newton meters),1.0,dropped,00-torque-specs-049-q06
exact-079,00-torque-specs-051,00-torque-specs-051-q06,What is the difference in torque between M20 and M10/M30 distributor screws?,"M20 screws require 22 Nm while M10/M30 screws require 10 Nm, a difference of 12 Nm",1.0,kept,00-torque-specs-051-q06
exact-079,00-torque-specs-12-01,00-torque-specs-12-01-q07,What is the difference in torque between M20 and M10/M30 distributor screws?,12 Nm difference (M20 at 22 Nm vs M10/M30 at 10 Nm),1.0,dropped,00-torque-specs-051-q06
exact-080,00-torque-specs-12-02,00-torque-specs-12-02-q04,What is the difference in torque between M12x1.25 and M14x1.25 spark plugs?,The M14x1.25 spark plugs require 7 Nm more torque (30 ± 3 Nm) compared to M12x1.25 spark plugs (23 ± 3 Nm).,1.0,kept,00-torque-specs-12-02-q04
exact-080,00-torque-specs-052,00-torque-specs-052-q05,What is the difference in torque between M12x1.25 and M14x1.25 spark plugs?,The M14x1.25 spark plugs require 7 Nm more torque (30 ± 3 Nm) compared to M12x1.25 spark plugs (23 ± 3 Nm),1.0,dropped,00-torque-specs-12-02-q04
exact-081,00-torque-specs-053,00-torque-specs-053-q01,What is the torque specification for ignition coil Terminal 1?,3.0 Nm (ft. lbs.),1.0,kept,00-torque-specs-053-q01
exact-081,00-torque-specs-12-03,00-torque-specs-12-03-q01,What is the torque specification for ignition coil Terminal 1?,3.0 Nm (ft. lbs.),1.0,dropped,00-torque-specs-053-q01
exact-081,bmwtorquespecs-053,bmwtorquespecs-053-q01,What is the torque specification for ignition coil Terminal 1?,3.0 Nm (ft. lbs.),1.0,dropped,00-torque-specs-053-q01
exact-082,00-torque-specs-053,00-torque-specs-053-q02,What torque should be applied to ignition coil Terminal 15?,4.5 Nm (ft. lbs.),1.0,kept,00-torque-specs-053-q02
exact-082,00-torque-specs-12-03,00-torque-specs-12-03-q02,What torque should be applied to ignition coil Terminal 15?,4.5 Nm (ft. lbs.),1.0,dropped,00-torque-specs-053-q02
exact-083,00-torque-specs-054,00-torque-specs-054-q01,What is the torque specification for the TCI control unit?,2.5 Nm (ft. lbs.),1.0,kept,00-torque-specs-054-q01
exact-083,bmwtorquespecs-054,bmwtorquespecs-054-q01,What is the torque specification for the TCI control unit?,2.5 Nm (ft. lbs.),1.0,dropped,00-torque-specs-054-q01
exact-084,00-torque-specs-054,00-torque-specs-054-q05,What is the torque specification for the cover on control unit box for E38 models?,4.4 Nm (ft. lbs.),1.0,kept,00-torque-specs-054-q05
exact-084,00-torque-specs-12-04,00-torque-specs-12-04-q05,What is the torque specification for the cover on control unit box for E38 models?,4.4 Nm (ft. lbs.),1.0,dropped,00-torque-specs-054-q05
exact-085,00-torque-specs-054,00-torque-specs-054-q10,What section of the manual does this torque specification table belong to?,"Section 12-4 Engine Electrical System, subsection 12 14 Electronic Shift Units or Control Units",1.0,kept,00-torque-specs-054-q10
exact-085,00-torque-specs-060,00-torque-specs-060-q07,What section of the manual does this torque specification table belong to?,"Section 12-10 Engine Electrical Equipment, subsection 12 42 Wires to starter.",1.0,dropped,00-torque-specs-054-q10
exact-085,00-torque-specs-128,00-torque-specs-128-q06,What section of the manual does this torque specification table belong to?,Section 61-3 General Electrical system,1.0,dropped,00-torque-specs-054-q10
exact-085,bmwtorquespecs-020,bmwtorquespecs-020-q09,What section of the manual does this torque specification table belong to?,"Section 11-10 Engine, subsection 11 12 Cylinder Head and Cover",1.0,dropped,00-torque-specs-054-q10
exact-085,bmwtorquespecs-028,bmwtorquespecs-028-q10,What section of the manual does this torque specification table belong to?,"Section 11-18 Engine, specifically 11 24 Connecting Rods and Bearings",1.0,dropped,00-torque-specs-054-q10
exact-085,bmwtorquespecs-030,bmwtorquespecs-030-q08,What section of the manual does this torque specification table belong to?,"11 - 20 Engine, specifically 11 28 V-ribbed belt with tension and deflection element",1.0,dropped,00-torque-specs-054-q10
exact-085,bmwtorquespecs-050,bmwtorquespecs-050-q07,What section of the manual does this torque specification table belong to?,"11 - 40 Engine, specifically 11 81 Engine Suspension",1.0,dropped,00-torque-specs-054-q10
exact-085,bmwtorquespecs-062,bmwtorquespecs-062-q06,What section of the manual does this torque specification table belong to?,"12 - 12 Engine Electrical Equipment, section 12 51 Engine wiring harness.",1.0,dropped,00-torque-specs-054-q10
exact-085,bmwtorquespecs-064,bmwtorquespecs-064-q10,What section of the manual does this torque specification table belong to?,"12 - 14 Engine electrics, section 12 62 Coolant Temperature",1.0,dropped,00-torque-specs-054-q10
exact-085,bmwtorquespecs-111,bmwtorquespecs-111-q08,What section of the manual does this torque specification table belong to?,"Section 24-9 Automatic Transmission, specifically 24 30 Hydr./elec.control elements.",1.0,dropped,00-torque-specs-054-q10
exact-086,00-torque-specs-057,00-torque-specs-057-q03,What is the torque specification for the alternator pulley?,45 Nm (ft. lbs.),1.0,kept,00-torque-specs-057-q03
exact-086,00-torque-specs-12-07,00-torque-specs-12-07-q05,What is the torque specification for the alternator pulley?,45 Nm (ft. lbs.),1.0,dropped,00-torque-specs-057-q03
exact-087,00-torque-specs-057,00-torque-specs-057-q05,What is the torque specification for the alternator rear holder?,3.5 Nm (ft. lbs.),1.0,kept,00-torque-specs-057-q05
exact-087,00-torque-specs-12-07,00-torque-specs-12-07-q07,What is the torque specification for the alternator rear holder?,3.5 Nm (ft. lbs.),1.0,dropped,00-torque-specs-057-q05
exact-088,00-torque-specs-058,00-torque-specs-058-q09,How many different screw sizes are specified for the regulator switch?,Two different screw sizes: M4 and M5,1.0,kept,00-torque-specs-058-q09
exact-088,00-torque-specs-12-08,00-torque-specs-12-08-q04,How many different screw sizes are specified for the regulator switch?,Two different screw sizes: M4 and M5,1.0,dropped,00-torque-specs-058-q09
exact-088,bmwtorquespecs-058,bmwtorquespecs-058-q08,How many different screw sizes are specified for the regulator switch?,Two different screw sizes: M4 and M5,1.0,dropped,00-torque-specs-058-q09
exact-089,bmwtorquespecs-021,bmwtorquespecs-021-q10,What is the document reference number shown at the top of this page?,The document reference number is AZD11-10.frb dated 20/10/97.,1.0,kept,bmwtorquespecs-021-q10
exact-089,00-torque-specs-058,00-torque-specs-058-q10,What is the document reference number shown at the top of this page?,AZD12-5A.frb,1.0,dropped,bmwtorquespecs-021-q10
exact-089,00-torque-specs-24-05,00-torque-specs-24-05-q08,What is the document reference number shown at the top of this page?,AZD24-5.frb,1.0,dropped,bmwtorquespecs-021-q10
exact-090,bmwtorquespecs-060,bmwtorquespecs-060-q01,What is the torque specification for the battery positive connection point in the power distributor?,20 Nm using an M8 screw.,1.0,kept,bmwtorquespecs-060-q01
exact-090,00-torque-specs-060,00-torque-specs-060-q01,What is the torque specification for the battery positive connection point in the power distributor?,20 Nm with M8 screw.,1.0,dropped,bmwtorquespecs-060-q01
exact-090,00-torque-specs-12-10,00-torque-specs-12-10-q01,What is the torque specification for the battery positive connection point in the power distributor?,20 Nm with M8 screw.,1.0,dropped,bmwtorquespecs-060-q01
exact-091,00-torque-specs-24-13,00-torque-specs-24-13-q05,What section and subsection does this torque specification table belong to?,"Section 24-13 Automatic Transmission, subsection 24 35 Wire Harness, Shift Elements and Sensor.",1.0,kept,00-torque-specs-24-13-q05
exact-091,00-torque-specs-061,00-torque-specs-061-q09,What section and subsection does this torque specification table belong to?,"Section 12-11 Engine Electrical Equipment, subsection 12 52 Plug Connectors, Terminals.",1.0,dropped,00-torque-specs-24-13-q05
exact-091,00-torque-specs-24-08,00-torque-specs-24-08-q09,What section and subsection does this torque specification table belong to?,"Section 24-8 Automatic Transmission, subsection 24 23 Shift Clutches.",1.0,dropped,00-torque-specs-24-13-q05
exact-092,00-torque-specs-061,00-torque-specs-061-q10,What units are used for all torque specifications in this table?,All torque specifications are given in Newton meters (Nm).,1.0,kept,00-torque-specs-061-q10
exact-092,bmwtorquespecs-061,bmwtorquespecs-061-q08,What units are used for all torque specifications in this table?,Nm (Newton-meters),1.0,dropped,00-torque-specs-061-q10
exact-093,bmwtorquespecs-062,bmwtorquespecs-062-q01,What is the torque specification for the wiring harness on electrical cutout device?,2.5 Nm with M5 screw size.,1.0,kept,bmwtorquespecs-062-q01
exact-093,00-torque-specs-062,00-torque-specs-062-q01,What is the torque specification for the wiring harness on electrical cutout device?,2.5 Nm using an M5 screw.,1.0,dropped,bmwtorquespecs-062-q01
exact-094,bmwtorquespecs-062,bmwtorquespecs-062-q08,How many different wiring harness connections are specified in this table?,Two connections: wiring harness on electrical cutout device (1AZ) and wiring harness connection on distributor (2AZ).,1.0,kept,bmwtorquespecs-062-q08
exact-094,00-torque-specs-062,00-torque-specs-062-q09,How many different wiring harness connections are specified in this table?,Two wiring harness connections are specified: one for electrical cutout device (1AZ) and one for distributor (2AZ).,1.0,dropped,bmwtorquespecs-062-q08
exact-095,00-torque-specs-065,00-torque-specs-065-q06,What unit of measurement is used for the temperature switch torque specification?,Nm (Newton meters),1.0,kept,00-torque-specs-065-q06
exact-095,bmwtorquespecs-065,bmwtorquespecs-065-q06,What unit of measurement is used for the temperature switch torque specification?,Nm (Newton-meters),1.0,dropped,00-torque-specs-065-q06
exact-096,bmwtorquespecs-066,bmwtorquespecs-066-q05,What section of the manual covers these sender specifications?,"12 - 16 Engine Electrical System, subsection 12 72 Senders for Control Unit",1.0,kept,bmwtorquespecs-066-q05
exact-096,00-torque-specs-066,00-torque-specs-066-q06,What section of the manual covers these sender specifications?,"12-16 Engine Electrical System, subsection 12 72 Senders for Control Unit",1.0,dropped,bmwtorquespecs-066-q05
exact-097,00-torque-specs-067,00-torque-specs-067-q01,What is the torque specification for the assembly of upper and lower sections of the control unit housing?,5 Nm (ft. lbs.),1.0,kept,00-torque-specs-067-q01
exact-097,00-torque-specs-12-17,00-torque-specs-12-17-q01,What is the torque specification for the assembly of upper and lower sections of the control unit housing?,5 Nm (ft. lbs.),1.0,dropped,00-torque-specs-067-q01
exact-098,00-torque-specs-067,00-torque-specs-067-q05,What is the torque specification for the control unit holder in E box?,5 Nm (ft. lbs.),1.0,kept,00-torque-specs-067-q05
exact-098,00-torque-specs-12-17,00-torque-specs-12-17-q03,What is the torque specification for the control unit holder in E box?,5 Nm (ft. lbs.),1.0,dropped,00-torque-specs-067-q05
exact-099,00-torque-specs-069,00-torque-specs-069-q08,What is the difference in torque between the M8 and M12 fuel pipe coupling bolts?,"The M12 bolt requires 20 Nm while the M8 bolt requires 9 Nm, a difference of 11 Nm.",1.0,kept,00-torque-specs-069-q08
exact-099,bmwtorquespecs-069,bmwtorquespecs-069-q08,What is the difference in torque between the M8 and M12 fuel pipe coupling bolts?,"The M8 bolt requires 9 Nm while the M12 bolt requires 20 Nm, a difference of 11 Nm",1.0,dropped,00-torque-specs-069-q08
exact-100,bmwtorquespecs-075,bmwtorquespecs-075-q05,What section of the manual covers fuel delivery and metering system specifications?,Section 13-8 covers fuel delivery and metering system specifications.,1.0,kept,bmwtorquespecs-075-q05
exact-100,00-torque-specs-070,00-torque-specs-070-q10,What section of the manual covers fuel delivery and metering system specifications?,Section 13-3,1.0,dropped,bmwtorquespecs-075-q05
exact-100,00-torque-specs-13-08,00-torque-specs-13-08-q07,What section of the manual covers fuel delivery and metering system specifications?,Section 13-8.,1.0,dropped,bmwtorquespecs-075-q05
exact-101,00-torque-specs-071,00-torque-specs-071-q02,What screw type is used for the distributor injection pump to holder connection?,M21/M51/M41,1.0,kept,00-torque-specs-071-q02
exact-101,00-torque-specs-13-04,00-torque-specs-13-04-q02,What screw type is used for the distributor injection pump to holder connection?,M21/M51/M41,1.0,dropped,00-torque-specs-071-q02
exact-101,bmwtorquespecs-071,bmwtorquespecs-071-q02,What screw type is used for the distributor injection pump to holder connection?,M21/M51/M41,1.0,dropped,00-torque-specs-071-q02
exact-102,00-torque-specs-072,00-torque-specs-072-q10,What section of the service manual does this torque specification table belong to?,"13-5 Fuel delivery and metering system, specifically 13 52 Injection Pump Drive",1.0,kept,00-torque-specs-072-q10
exact-102,00-torque-specs-11-40,00-torque-specs-11-40-q07,What section of the service manual does this torque specification table belong to?,"Section 11-40 Engine, subsection 11 81 Engine Suspension",1.0,dropped,00-torque-specs-072-q10
exact-102,00-torque-specs-12-03,00-torque-specs-12-03-q08,What section of the service manual does this torque specification table belong to?,Section 12-3 Engine Electrical System,1.0,dropped,00-torque-specs-072-q10
exact-102,bmwtorquespecs-120,bmwtorquespecs-120-q09,What section of the service manual does this torque specification table belong to?,"Section 25-1 Shift Mechanism, specifically for Manual Transmission (25 11).",1.0,dropped,00-torque-specs-072-q10
exact-103,00-torque-specs-073,00-torque-specs-073-q01,What is the torque specification for the injection nozzle combination assembly?,80 Nm for M21/M51 type screws.,1.0,kept,00-torque-specs-073-q01
exact-103,00-torque-specs-13-06,00-torque-specs-13-06-q01,What is the torque specification for the injection nozzle combination assembly?,80 Nm for M21/M51 type screws.,1.0,dropped,00-torque-specs-073-q01
exact-104,00-torque-specs-13-07,00-torque-specs-13-07-q01,What is the torque specification for the temperature time switch (1AZ)?,18 Nm for M21/M51 type screws.,1.0,kept,00-torque-specs-13-07-q01
exact-104,00-torque-specs-074,00-torque-specs-074-q01,What is the torque specification for the temperature time switch (1AZ)?,18 Nm for M21/M51 engines.,1.0,dropped,00-torque-specs-13-07-q01
exact-105,bmwtorquespecs-075,bmwtorquespecs-075-q01,What is the torque specification for the fuel injector to intake manifold?,10 Nm using an M6 screw for all applications.,1.0,kept,bmwtorquespecs-075-q01
exact-105,00-torque-specs-075,00-torque-specs-075-q01,What is the torque specification for the fuel injector to intake manifold?,10 Nm using an M6 screw.,1.0,dropped,bmwtorquespecs-075-q01
exact-105,00-torque-specs-13-08,00-torque-specs-13-08-q01,What is the torque specification for the fuel injector to intake manifold?,10 Nm with M6 screw.,1.0,dropped,bmwtorquespecs-075-q01
exact-106,00-torque-specs-075,00-torque-specs-075-q05,What section of the manual covers fuel delivery and metering system torque specifications?,Section 13-8.,1.0,kept,00-torque-specs-075-q05
exact-106,bmwtorquespecs-069,bmwtorquespecs-069-q06,What section of the manual covers fuel delivery and metering system torque specifications?,Section 13-2,1.0,dropped,00-torque-specs-075-q05
exact-107,00-torque-specs-081,00-torque-specs-081-q01,What is the torque specification for the fuel tank to body screw on all models?,23 Nm (ft. lbs.) with M8 screw.,1.0,kept,00-torque-specs-081-q01
exact-107,00-torque-specs-16-01,00-torque-specs-16-01-q01,What is the torque specification for the fuel tank to body screw on all models?,23 Nm (ft. lbs.),1.0,dropped,00-torque-specs-081-q01
exact-107,bmwtorquespecs-081,bmwtorquespecs-081-q01,What is the torque specification for the fuel tank to body screw on all models?,23 Nm (ft. lbs.) with M8 screw.,1.0,dropped,00-torque-specs-081-q01
exact-108,00-torque-specs-081,00-torque-specs-081-q06,What is the torque specification for the heat shield to fuel tank on the E30 model?,8.5 Nm (ft. lbs.).,1.0,kept,00-torque-specs-081-q06
exact-108,bmwtorquespecs-081,bmwtorquespecs-081-q06,What is the torque specification for the heat shield to fuel tank on the E30 model?,8.5 Nm (ft. lbs.).,1.0,dropped,00-torque-specs-081-q06
exact-109,00-torque-specs-083,00-torque-specs-083-q04,Which BMW model requires the highest torque for the fuel vapor venting tank to body connection?,The E30 requires the highest torque at 4.5 Nm (ft. lbs.),1.0,kept,00-torque-specs-083-q04
exact-109,bmwtorquespecs-083,bmwtorquespecs-083-q04,Which BMW model requires the highest torque for the fuel vapor venting tank to body connection?,The E30 requires the highest torque at 4.5 Nm (ft. lbs.),1.0,dropped,00-torque-specs-083-q04
exact-110,00-torque-specs-085,00-torque-specs-085-q02,What size wrench is needed for the bleeder screw on the thermostat housing?,8 mm wrench size,1.0,kept,00-torque-specs-085-q02
exact-110,00-torque-specs-17-01,00-torque-specs-17-01-q02,What size wrench is needed for the bleeder screw on the thermostat housing?,8 mm wrench size,1.0,dropped,00-torque-specs-085-q02
exact-111,00-torque-specs-085,00-torque-specs-085-q09,What is the diameter range for the coolant hoses specified in item 1AZ?,32 to 48 mm diameter,1.0,kept,00-torque-specs-085-q09
exact-111,00-torque-specs-17-01,00-torque-specs-17-01-q09,What is the diameter range for the coolant hoses specified in item 1AZ?,32 to 48 mm diameter,1.0,dropped,00-torque-specs-085-q09
exact-112,00-torque-specs-088,00-torque-specs-088-q05,Which oil cooler pipe components apply to all vehicle types?,Pipes to engine oil cooler (1AZ) and holder on oil cooler pipes (3AZ),1.0,kept,00-torque-specs-088-q05
exact-112,bmwtorquespecs-088,bmwtorquespecs-088-q07,Which oil cooler pipe components apply to all vehicle types?,Pipes to engine oil cooler and holder on oil cooler pipes,1.0,dropped,00-torque-specs-088-q05
exact-113,00-torque-specs-088,00-torque-specs-088-q08,What is the difference in torque between pipes to engine oil cooler and pipes to oil filter head?,3 Nm (28 Nm vs 25 Nm),1.0,kept,00-torque-specs-088-q08
exact-113,00-torque-specs-17-04,00-torque-specs-17-04-q10,What is the difference in torque between pipes to engine oil cooler and pipes to oil filter head?,3 Nm (28 Nm - 25 Nm),1.0,dropped,00-torque-specs-088-q08
exact-114,00-torque-specs-090,00-torque-specs-090-q01,What is the torque specification for the exhaust pipe to exhaust manifold or turbocharger with compression springs?,10 Nm for M30/M70 type connections.,1.0,kept,00-torque-specs-090-q01
exact-114,00-torque-specs-18-01,00-torque-specs-18-01-q01,What is the torque specification for the exhaust pipe to exhaust manifold or turbocharger with compression springs?,10 Nm for M30/M70 type connections.,1.0,dropped,00-torque-specs-090-q01
exact-115,00-torque-specs-095,00-torque-specs-095-q01,What is the torque specification for the transmission to clutch housing bolts?,76 Nm using M12 screws for all transmission types.,1.0,kept,00-torque-specs-095-q01
exact-115,00-torque-specs-23-02,00-torque-specs-23-02-q01,What is the torque specification for the transmission to clutch housing bolts?,76 Nm using M12 screws.,1.0,dropped,00-torque-specs-095-q01
exact-115,bmwtorquespecs-095,bmwtorquespecs-095-q01,What is the torque specification for the transmission to clutch housing bolts?,76 Nm using M12 screws.,1.0,dropped,00-torque-specs-095-q01
exact-116,00-torque-specs-096,00-torque-specs-096-q08,Which component has the highest torque specification in this table?,The reverse gear shaft on intermediate housing at 49 Nm,1.0,kept,00-torque-specs-096-q08
exact-116,00-torque-specs-13-04,00-torque-specs-13-04-q04,Which component has the highest torque specification in this table?,The pressure valve holder to injection pump at 45 Nm,1.0,dropped,00-torque-specs-096-q08
exact-116,bmwtorquespecs-056,bmwtorquespecs-056-q09,Which component has the highest torque specification in this table?,The glow plug (1AZ) with 25 Nm,1.0,dropped,00-torque-specs-096-q08
exact-117,bmwtorquespecs-042,bmwtorquespecs-042-q06,What section of the manual does this torque specification table cover?,This table covers section 11 53 Thermostat and Connections under the Engine section 11-32.,1.0,kept,bmwtorquespecs-042-q06
exact-117,00-torque-specs-096,00-torque-specs-096-q09,What section of the manual does this torque specification table cover?,"Section 23-3 Manual transmission, specifically 23 11 Case and Covers",1.0,dropped,bmwtorquespecs-042-q06
exact-117,bmwtorquespecs-011,bmwtorquespecs-011-q10,What section of the manual does this torque specification table cover?,11 11 Crankcase under section 11 - 1 Engine,1.0,dropped,bmwtorquespecs-042-q06
exact-117,bmwtorquespecs-070,bmwtorquespecs-070-q06,What section of the manual does this torque specification table cover?,"Section 13-3 Fuel delivery and metering system, specifically 13 32 Fuel filter.",1.0,dropped,bmwtorquespecs-042-q06
exact-117,bmwtorquespecs-093,bmwtorquespecs-093-q08,What section of the manual does this torque specification table cover?,"Section 21-3 Clutch, specifically 21 52 Clutch operation (hydraulic)",1.0,dropped,bmwtorquespecs-042-q06
exact-117,bmwtorquespecs-098,bmwtorquespecs-098-q08,What section of the manual does this torque specification table cover?,"Section 23-5 Manual transmission, specifically 23 11 Case and Covers.",1.0,dropped,bmwtorquespecs-042-q06
exact-117,bmwtorquespecs-114,bmwtorquespecs-114-q09,What section of the manual does this torque specification table cover?,"Section 24-12 Automatic Transmission, specifically 24 34 Shift Valves, Parking Lock.",1.0,dropped,bmwtorquespecs-042-q06
exact-117,bmwtorquespecs-124,bmwtorquespecs-124-q09,What section of the manual does this torque specification table cover?,"Transfer Box - Four Wheel Drive, section 27-1",1.0,dropped,bmwtorquespecs-042-q06
exact-118,00-torque-specs-23-05,00-torque-specs-23-05-q01,What is the torque specification for the plug in rear casing section on all transmission types?,60 Nm using an M20 screw.,1.0,kept,00-torque-specs-23-05-q01
exact-118,00-torque-specs-098,00-torque-specs-098-q01,What is the torque specification for the plug in rear casing section on all transmission types?,"M20 screw, 60 Nm",1.0,dropped,00-torque-specs-23-05-q01
exact-118,bmwtorquespecs-098,bmwtorquespecs-098-q01,What is the torque specification for the plug in rear casing section on all transmission types?,60 Nm with M20 screw.,1.0,dropped,00-torque-specs-23-05-q01
exact-119,00-torque-specs-23-05,00-torque-specs-23-05-q02,What torque should be applied to the sealing caps on rear case section for 240/260/280 transmissions?,10 Nm using an M6 screw.,1.0,kept,00-torque-specs-23-05-q02
exact-119,00-torque-specs-098,00-torque-specs-098-q02,What torque should be applied to the sealing caps on rear case section for 240/260/280 transmissions?,"M6 screw, 10 Nm",1.0,dropped,00-torque-specs-23-05-q02
exact-120,00-torque-specs-099,00-torque-specs-099-q03,What is the torque value for the retaining plates for bearings on housing?,10 Nm (ft. lbs.).,1.0,kept,00-torque-specs-099-q03
exact-120,bmwtorquespecs-099,bmwtorquespecs-099-q03,What is the torque value for the retaining plates for bearings on housing?,10 Nm (ft. lbs.).,1.0,dropped,00-torque-specs-099-q03
exact-121,00-torque-specs-099,00-torque-specs-099-q04,Which transmission types use the retaining plates for bearings on housing (17AZ)?,S 5 D 310 Z/S 5 D 200 G/250 G transmissions.,1.0,kept,00-torque-specs-099-q04
exact-121,bmwtorquespecs-099,bmwtorquespecs-099-q04,Which transmission types use the retaining plates for bearings on housing (17AZ)?,S 5 D 310 Z/S 5 D 200 G/250 G.,1.0,dropped,00-torque-specs-099-q04
exact-122,00-torque-specs-13-10,00-torque-specs-13-10-q09,What is the document reference number shown at the top of the page?,AZD13-10.frb,1.0,kept,00-torque-specs-13-10-q09
exact-122,00-torque-specs-101,00-torque-specs-101-q08,What is the document reference number shown at the top of the page?,AZD23-8.frb,1.0,dropped,00-torque-specs-13-10-q09
exact-122,00-torque-specs-23-08,00-torque-specs-23-08-q09,What is the document reference number shown at the top of the page?,AZD23-8.frb,1.0,dropped,00-torque-specs-13-10-q09
exact-122,bmwtorquespecs-041,bmwtorquespecs-041-q09,What is the document reference number shown at the top of the page?,AZD11-28.frb,1.0,dropped,00-torque-specs-13-10-q09
exact-122,bmwtorquespecs-049,bmwtorquespecs-049-q08,What is the document reference number shown at the top of the page?,AZD11-35.frb,1.0,dropped,00-torque-specs-13-10-q09
exact-122,bmwtorquespecs-076,bmwtorquespecs-076-q09,What is the document reference number shown at the top of the page?,AZD13-9.frb,1.0,dropped,00-torque-specs-13-10-q09
exact-122,bmwtorquespecs-078,bmwtorquespecs-078-q07,What is the document reference number shown at the top of the page?,AZD13-11.frb,1.0,dropped,00-torque-specs-13-10-q09
exact-122,bmwtorquespecs-107,bmwtorquespecs-107-q07,What is the document reference number shown at the top of the page?,AZD24-5.frb,1.0,dropped,00-torque-specs-13-10-q09
exact-123,00-torque-specs-102,00-torque-specs-102-q07,What section of the manual covers transmission mounts?,Section 23 71 covers transmission mounts.,1.0,kept,00-torque-specs-102-q07
exact-123,bmwtorquespecs-102,bmwtorquespecs-102-q07,What section of the manual covers transmission mounts?,Section 23 71 covers transmission mounts.,1.0,dropped,00-torque-specs-102-q07
exact-124,00-torque-specs-23-09,00-torque-specs-23-09-q08,How many different torque values are specified for transmission mounts?,Two torque values: 42 Nm for M10 screws and 21 Nm for M8 screws.,1.0,kept,00-torque-specs-23-09-q08
exact-124,00-torque-specs-102,00-torque-specs-102-q10,How many different torque values are specified for transmission mounts?,Two different torque values are specified: 42 Nm and 21 Nm.,1.0,dropped,00-torque-specs-23-09-q08
exact-125,00-torque-specs-103,00-torque-specs-103-q05,How much torque should be applied to M10 Torx bolts?,42 Nm (ft. lbs.),1.0,kept,00-torque-specs-103-q05
exact-125,00-torque-specs-24-01,00-torque-specs-24-01-q05,How much torque should be applied to M10 Torx bolts?,42 Nm (ft. lbs.),1.0,dropped,00-torque-specs-103-q05
exact-126,00-torque-specs-106,00-torque-specs-106-q03,What is the screw size and torque specification for the plug component 9AZ?,M18 screw size with 43 Nm torque,1.0,kept,00-torque-specs-106-q03
exact-126,00-torque-specs-24-04,00-torque-specs-24-04-q03,What is the screw size and torque specification for the plug component 9AZ?,M18 screw with 43 Nm torque,1.0,dropped,00-torque-specs-106-q03
exact-127,00-torque-specs-24-07,00-torque-specs-24-07-q04,Which transmission types does this brake coupling specification apply to?,A5S 310Z/A5S 560Z transmission types.,1.0,kept,00-torque-specs-24-07-q04
exact-127,00-torque-specs-109,00-torque-specs-109-q06,Which transmission types does this brake coupling specification apply to?,A5S 310Z/A5S 560Z,1.0,dropped,00-torque-specs-24-07-q04
exact-128,bmwtorquespecs-017,bmwtorquespecs-017-q05,How many torque angle steps are required after the initial torque for cylinder head bolts?,Two torque angle steps of 90° each,1.0,kept,bmwtorquespecs-017-q05
exact-128,00-torque-specs-11-07,00-torque-specs-11-07-q05,How many torque angle steps are required after the initial torque for cylinder head bolts?,Two steps of 90° each,1.0,dropped,bmwtorquespecs-017-q05
exact-129,bmwtorquespecs-109,bmwtorquespecs-109-q09,What component is being torqued according to specification 1AZ?,Brake coupling DiG on gear box housing,1.0,kept,bmwtorquespecs-109-q09
exact-129,00-torque-specs-11-13,00-torque-specs-11-13-q07,What component is being torqued according to specification 1AZ?,Increment wheel on crankshaft,1.0,dropped,bmwtorquespecs-109-q09
exact-130,00-torque-specs-11-23,00-torque-specs-11-23-q10,What units are used for the torque measurements in this specification table?,Nm (Newton meters).,1.0,kept,00-torque-specs-11-23-q10
exact-130,00-torque-specs-132,00-torque-specs-132-q10,What units are used for the torque measurements in this specification table?,Nm (Newton meters),1.0,dropped,00-torque-specs-11-23-q10
exact-131,bmwtorquespecs-046,bmwtorquespecs-046-q08,What is the torque specification for the threaded plug to oil return?,The threaded plug to oil return (8AZ) requires 45 Nm torque using M16 screws for M30 type.,1.0,kept,bmwtorquespecs-046-q08
exact-131,00-torque-specs-11-36,00-torque-specs-11-36-q08,What is the torque specification for the threaded plug to oil return?,45 Nm for the M30 threaded plug to oil return with M16 threading.,1.0,dropped,bmwtorquespecs-046-q08
exact-132,00-torque-specs-110,00-torque-specs-110-q01,What is the torque specification for the Torx screws on the F clutch transmission case?,The Torx screws for F clutch on transmission case (4HP-22/4HP-24) require M6 screws torqued to 10 Nm.,1.0,kept,00-torque-specs-110-q01
exact-132,00-torque-specs-24-08,00-torque-specs-24-08-q01,What is the torque specification for the Torx screws on the F clutch transmission case?,10 Nm for M6 screws (4HP-22/4HP-24) and 23 Nm for M8 screws (A5S 560Z).,1.0,dropped,00-torque-specs-110-q01
exact-133,00-torque-specs-110,00-torque-specs-110-q03,What is the torque specification for the brake band adjusting screw?,"The brake band adjusting screw (A 4 S 270 R/A 4 S 310 R) uses a 5/16"" screw torqued to 5 Nm.",1.0,kept,00-torque-specs-110-q03
exact-133,00-torque-specs-24-08,00-torque-specs-24-08-q03,What is the torque specification for the brake band adjusting screw?,"5 Nm using a 5/16"" screw for both A 4 S 270 R/A 4 S 310 R transmissions.",1.0,dropped,00-torque-specs-110-q03
exact-134,00-torque-specs-110,00-torque-specs-110-q07,What is the difference in torque between the brake band adjusting screw and its lock nut?,"The lock nut requires 21 Nm while the brake band adjusting screw requires 5 Nm, a difference of 16 Nm.",1.0,kept,00-torque-specs-110-q07
exact-134,00-torque-specs-24-08,00-torque-specs-24-08-q06,What is the difference in torque between the brake band adjusting screw and its lock nut?,"The brake band adjusting screw requires 5 Nm while the lock nut requires 21 Nm, a difference of 16 Nm.",1.0,dropped,00-torque-specs-110-q07
exact-135,00-torque-specs-113,00-torque-specs-113-q01,What is the torque specification for the governor flange to transmission bolts?,16 Nm using M8 screws.,1.0,kept,00-torque-specs-113-q01
exact-135,00-torque-specs-24-11,00-torque-specs-24-11-q01,What is the torque specification for the governor flange to transmission bolts?,16 Nm using M8 screws.,1.0,dropped,00-torque-specs-113-q01
exact-136,bmwtorquespecs-113,bmwtorquespecs-113-q02,What size screw is used for the stud in centrifugal governor and what is its torque value?,M6 screw with 3 Nm torque.,1.0,kept,bmwtorquespecs-113-q02
exact-136,00-torque-specs-113,00-torque-specs-113-q02,What size screw is used for the stud in centrifugal governor and what is its torque value?,M6 screw torqued to 3 Nm.,1.0,dropped,bmwtorquespecs-113-q02
exact-137,00-torque-specs-24-11,00-torque-specs-24-11-q05,What is the torque specification for the hexagon head screw on centrifugal governor?,11 Nm using M6 screws.,1.0,kept,00-torque-specs-24-11-q05
exact-137,00-torque-specs-113,00-torque-specs-113-q04,What is the torque specification for the hexagon head screw on centrifugal governor?,11 Nm using M6 screw.,1.0,dropped,00-torque-specs-24-11-q05
exact-138,00-torque-specs-113,00-torque-specs-113-q06,What torque value is specified for the governor housing to hub bolts?,11 Nm using M6 screws.,1.0,kept,00-torque-specs-113-q06
exact-138,00-torque-specs-24-11,00-torque-specs-24-11-q07,What torque value is specified for the governor housing to hub bolts?,11 Nm using M6 screws.,1.0,dropped,00-torque-specs-113-q06
exact-139,00-torque-specs-113,00-torque-specs-113-q09,Which governor component requires the highest torque specification?,The governor flange to transmission requires the highest torque at 16 Nm.,1.0,kept,00-torque-specs-113-q09
exact-139,00-torque-specs-24-11,00-torque-specs-24-11-q08,Which governor component requires the highest torque specification?,The governor flange to transmission requires the highest torque at 16 Nm.,1.0,dropped,00-torque-specs-113-q09
exact-140,00-torque-specs-115,00-torque-specs-115-q01,What is the torque specification for the transmission socket to case connection on 4HP-22 EH/4HP-24EH/A5S 310Z transmissions?,12 Nm using M26 screw.,1.0,kept,00-torque-specs-115-q01
exact-140,bmwtorquespecs-115,bmwtorquespecs-115-q01,What is the torque specification for the transmission socket to case connection on 4HP-22 EH/4HP-24EH/A5S 310Z transmissions?,12 Nm with M26 screw.,1.0,dropped,00-torque-specs-115-q01
exact-141,00-torque-specs-115,00-torque-specs-115-q05,What component is being torqued according to the 1AZ specification?,Transmission socket to case.,1.0,kept,00-torque-specs-115-q05
exact-141,00-torque-specs-24-05,00-torque-specs-24-05-q07,What component is being torqued according to the 1AZ specification?,Slotted nut/output flange,1.0,dropped,00-torque-specs-115-q05
exact-141,bmwtorquespecs-115,bmwtorquespecs-115-q09,What component is being torqued according to the 1AZ specification?,Transmission socket to case.,1.0,dropped,00-torque-specs-115-q05
exact-142,00-torque-specs-116,00-torque-specs-116-q06,What component is being torqued according to the specifications shown in this table?,Torque converter to flywheel (1AZ),1.0,kept,00-torque-specs-116-q06
exact-142,bmwtorquespecs-108,bmwtorquespecs-108-q09,What component is being torqued according to the specifications shown in this table?,Output flange collar nut,1.0,dropped,00-torque-specs-116-q06
exact-143,00-torque-specs-24-11,00-torque-specs-24-11-q10,What section of the service manual is this torque specification table from?,"Section 24-11 Automatic Transmission, subsection 24 32 Governor.",1.0,kept,00-torque-specs-24-11-q10
exact-143,00-torque-specs-116,00-torque-specs-116-q08,What section of the service manual is this torque specification table from?,Section 24-14 Automatic Transmission,1.0,dropped,00-torque-specs-24-11-q10
exact-144,00-torque-specs-119,00-torque-specs-119-q09,Which transmission mount component has the highest torque specification?,The support tube to engine subframe at 42 Nm,1.0,kept,00-torque-specs-119-q09
exact-144,00-torque-specs-24-17,00-torque-specs-24-17-q06,Which transmission mount component has the highest torque specification?,The support tube to engine subframe at 42 Nm,1.0,dropped,00-torque-specs-119-q09
exact-145,00-torque-specs-12-05,00-torque-specs-12-05-q06,Which preheating relay component has the higher torque specification?,The terminal 30 wire to glow plug relay has the higher torque specification at 4 Nm compared to 2 Nm for the 80 A fuse.,1.0,kept,00-torque-specs-12-05-q06
exact-145,bmwtorquespecs-055,bmwtorquespecs-055-q06,Which preheating relay component has the higher torque specification?,The Terminal 30 wire to glow plug relay at 4 Nm,1.0,dropped,00-torque-specs-12-05-q06
exact-146,00-torque-specs-12-08,00-torque-specs-12-08-q05,What is the difference in torque between M4 and M5 screws for the regulator switch?,The M5 screws require 2 Nm more torque than M4 screws (4 Nm vs 2 Nm),1.0,kept,00-torque-specs-12-08-q05
exact-146,bmwtorquespecs-058,bmwtorquespecs-058-q09,What is the difference in torque between M4 and M5 screws for the regulator switch?,"2 Nm difference (M4 is 2 Nm, M5 is 4 Nm)",1.0,dropped,00-torque-specs-12-08-q05
exact-147,00-torque-specs-12-08,00-torque-specs-12-08-q07,What section of the manual covers Engine Electrical Equipment?,Section 12-8,1.0,kept,00-torque-specs-12-08-q07
exact-147,bmwtorquespecs-058,bmwtorquespecs-058-q04,What section of the manual covers Engine Electrical Equipment?,Section 12-8,1.0,dropped,00-torque-specs-12-08-q07
exact-148,00-torque-specs-120,00-torque-specs-120-q04,What is the torque specification for the aluminum shift arm console to transmission on the E30 M3?,21.5 Nm for E30 M3 models.,1.0,kept,00-torque-specs-120-q04
exact-148,00-torque-specs-25-01,00-torque-specs-25-01-q04,What is the torque specification for the aluminum shift arm console to transmission on the E30 M3?,21.5 Nm for E30 M3 models.,1.0,dropped,00-torque-specs-120-q04
exact-149,00-torque-specs-120,00-torque-specs-120-q07,What is the torque specification for the adjustable shift rod clamp?,23 Nm for E31 models.,1.0,kept,00-torque-specs-120-q07
exact-149,00-torque-specs-25-01,00-torque-specs-25-01-q07,What is the torque specification for the adjustable shift rod clamp?,23 Nm for E31 models.,1.0,dropped,00-torque-specs-120-q07
exact-150,00-torque-specs-120,00-torque-specs-120-q09,What section and subsection does this shift mechanism torque specification table belong to?,"Section 25-1 Shift Mechanism, subsection 25 11 Shift Console - Manual Transmission.",1.0,kept,00-torque-specs-120-q09
exact-150,00-torque-specs-25-01,00-torque-specs-25-01-q09,What section and subsection does this shift mechanism torque specification table belong to?,"Section 25-1 Shift Mechanism, subsection 25 11 Shift Console - Manual Transmission.",1.0,dropped,00-torque-specs-120-q09
exact-151,bmwtorquespecs-061,bmwtorquespecs-061-q07,Which component has the lowest torque specification in this table?,Cover on heating splash wall (3AZ) with 1.1 Nm,1.0,kept,bmwtorquespecs-061-q07
exact-151,00-torque-specs-121,00-torque-specs-121-q07,Which component has the lowest torque specification in this table?,The switch to shift console with 4.5 Nm,1.0,dropped,bmwtorquespecs-061-q07
exact-151,bmwtorquespecs-121,bmwtorquespecs-121-q08,Which component has the lowest torque specification in this table?,The switch to shift console at 4.5 Nm,1.0,dropped,bmwtorquespecs-061-q07
exact-152,00-torque-specs-25-02,00-torque-specs-25-02-q08,Do the shift console to tunnel and interlock cable on shift tower have the same torque specification?,"Yes, both the shift console to tunnel and interlock cable on shift tower have the same torque specification of 7 Nm",1.0,kept,00-torque-specs-25-02-q08
exact-152,00-torque-specs-121,00-torque-specs-121-q08,Do the shift console to tunnel and interlock cable on shift tower have the same torque specification?,"Yes, both require 7 Nm",1.0,dropped,00-torque-specs-25-02-q08
exact-153,00-torque-specs-124,00-torque-specs-124-q01,What is the torque specification for the transfer box to manual transmission bolts?,42 Nm using M10 screws.,1.0,kept,00-torque-specs-124-q01
exact-153,00-torque-specs-27-01,00-torque-specs-27-01-q01,What is the torque specification for the transfer box to manual transmission bolts?,42 Nm using M10 screws.,1.0,dropped,00-torque-specs-124-q01
exact-154,00-torque-specs-128,00-torque-specs-128-q01,What is the torque specification for the power window module to drive?,1 + 0.5 Nm,1.0,kept,00-torque-specs-128-q01
exact-154,00-torque-specs-61-03,00-torque-specs-61-03-q01,What is the torque specification for the power window module to drive?,1 ± 0.5 Nm,1.0,dropped,00-torque-specs-128-q01
exact-154,bmwtorquespecs-128,bmwtorquespecs-128-q01,What is the torque specification for the power window module to drive?,1 ± 0.5 Nm,1.0,dropped,00-torque-specs-128-q01
exact-155,00-torque-specs-61-04,00-torque-specs-61-04-q01,What is the torque specification for securing the wiper motor to the wiper bracket?,"7.5 Nm (ft. lbs.) for E31LL/E38 type, and 10 Nm (ft. lbs.) for E36/E31RL type.",1.0,kept,00-torque-specs-61-04-q01
exact-155,00-torque-specs-129,00-torque-specs-129-q01,What is the torque specification for securing the wiper motor to the wiper bracket?,7.5 Nm (ft. lbs.) using an M6 screw for E31LL/E38 models.,1.0,dropped,00-torque-specs-61-04-q01
exact-156,00-torque-specs-129,00-torque-specs-129-q02,What torque should be applied to the parked position stop to wiper console?,15 Nm (ft. lbs.) for E31 models.,1.0,kept,00-torque-specs-129-q02
exact-156,00-torque-specs-61-04,00-torque-specs-61-04-q02,What torque should be applied to the parked position stop to wiper console?,15 Nm (ft. lbs.) for type E31.,1.0,dropped,00-torque-specs-129-q02
exact-157,00-torque-specs-13-03,00-torque-specs-13-03-q07,Which fuel filter component requires the lowest torque specification?,The adapter requires the lowest torque at 9 Nm.,1.0,kept,00-torque-specs-13-03-q07
exact-157,bmwtorquespecs-070,bmwtorquespecs-070-q08,Which fuel filter component requires the lowest torque specification?,"The adapter, which requires 9 Nm.",1.0,dropped,00-torque-specs-13-03-q07
exact-158,00-torque-specs-13-05,00-torque-specs-13-05-q10,How many components are listed under the injection pump drive section?,"Three components: chain sprocket to injection pump, toothed belt pulley to injection pump, and chain tensioner",1.0,kept,00-torque-specs-13-05-q10
exact-158,bmwtorquespecs-072,bmwtorquespecs-072-q09,How many components are listed under the injection pump drive section?,"Three components: chain sprocket to injection pump, toothed belt pulley to injection pump, and chain tensioner",1.0,dropped,00-torque-specs-13-05-q10
exact-159,00-torque-specs-13-12,00-torque-specs-13-12-q06,What unit is used for the torque measurement in this specification?,Nm (Newton meters),1.0,kept,00-torque-specs-13-12-q06
exact-159,bmwtorquespecs-079,bmwtorquespecs-079-q05,What unit is used for the torque measurement in this specification?,Nm (Newton meters),1.0,dropped,00-torque-specs-13-12-q06
exact-160,bmwtorquespecs-130,bmwtorquespecs-130-q02,What torque should be applied to the wiper support bracket to firewall?,The wiper support bracket to firewall (8AZ) should be torqued to 10 Nm (ft. lbs.) using E36 type screws.,1.0,kept,bmwtorquespecs-130-q02
exact-160,00-torque-specs-130,00-torque-specs-130-q02,What torque should be applied to the wiper support bracket to firewall?,10 Nm (ft. lbs.) using type E36.,1.0,dropped,bmwtorquespecs-130-q02
exact-160,00-torque-specs-61-05,00-torque-specs-61-05-q02,What torque should be applied to the wiper support bracket to firewall?,10 Nm (ft. lbs.) with screw type E36.,1.0,dropped,bmwtorquespecs-130-q02
exact-161,00-torque-specs-61-05,00-torque-specs-61-05-q03,What is the torque specification for the wiper support bracket to wiper console?,10 Nm (ft. lbs.) with screw type E36.,1.0,kept,00-torque-specs-61-05-q03
exact-161,00-torque-specs-130,00-torque-specs-130-q03,What is the torque specification for the wiper support bracket to wiper console?,10 Nm (ft. lbs.) using type E36.,1.0,dropped,00-torque-specs-61-05-q03
exact-162,bmwtorquespecs-130,bmwtorquespecs-130-q04,What is the torque specification for the driver's side wiper arm?,The driver's side wiper arm should be torqued to 40 Nm (ft. lbs.) using E31 type screws.,1.0,kept,bmwtorquespecs-130-q04
exact-162,00-torque-specs-130,00-torque-specs-130-q05,What is the torque specification for the driver's side wiper arm?,40 Nm (ft. lbs.) using type E31.,1.0,dropped,bmwtorquespecs-130-q04
exact-162,00-torque-specs-61-05,00-torque-specs-61-05-q05,What is the torque specification for the driver's side wiper arm?,40 Nm (ft. lbs.) with screw type E31.,1.0,dropped,bmwtorquespecs-130-q04
exact-163,bmwtorquespecs-130,bmwtorquespecs-130-q06,What is the difference in torque between driver's side with WCPC and without WCPC?,"The driver's side with WCPC requires 21 Nm (ft. lbs.) while without WCPC requires 25 Nm (ft. lbs.), a difference of 4 Nm.",1.0,kept,bmwtorquespecs-130-q06
exact-163,00-torque-specs-130,00-torque-specs-130-q07,What is the difference in torque between driver's side with WCPC and without WCPC?,Driver's side with WCPC requires 21 Nm (ft. lbs.) while without WCPC requires 25 Nm (ft. lbs.).,1.0,dropped,bmwtorquespecs-130-q06
exact-163,00-torque-specs-61-05,00-torque-specs-61-05-q07,What is the difference in torque between driver's side with WCPC and without WCPC?,Driver's side with WCPC requires 21 Nm (ft. lbs.) while without WCPC requires 25 Nm (ft. lbs.).,1.0,dropped,bmwtorquespecs-130-q06
exact-164,bmwtorquespecs-133,bmwtorquespecs-133-q01,What is the torque specification for speedometer sender screws?,6.6 ... 8.4 Nm,1.0,kept,bmwtorquespecs-133-q01
exact-164,00-torque-specs-133,00-torque-specs-133-q01,What is the torque specification for speedometer sender screws?,6.6 to 8.4 Nm,1.0,dropped,bmwtorquespecs-133-q01
exact-165,00-torque-specs-136,00-torque-specs-136-q07,What type of bolt is used for the additional steel bracket for ITS head airbag on body?,Self-tapping M5 threaded bolt,1.0,kept,00-torque-specs-136-q07
exact-165,00-torque-specs-72-02,00-torque-specs-72-02-q08,What type of bolt is used for the additional steel bracket for ITS head airbag on body?,Self-tapping M5 threaded bolt,1.0,dropped,00-torque-specs-136-q07
exact-165,bmwtorquespecs-136,bmwtorquespecs-136-q08,What type of bolt is used for the additional steel bracket for ITS head airbag on body?,Self-tapping M5 threaded bolt,1.0,dropped,00-torque-specs-136-q07
exact-166,00-torque-specs-21-02,00-torque-specs-21-02-q06,What section and subsection does this clutch torque specification table belong to?,"Section 21-2 Clutch, subsection 21 21 Clutch disc and drive plate",1.0,kept,00-torque-specs-21-02-q06
exact-166,00-torque-specs-21-01,00-torque-specs-21-01-q09,What section and subsection does this clutch torque specification table belong to?,"Section 21-1 Clutch, subsection 21 11 Bell housing",1.0,dropped,00-torque-specs-21-02-q06
exact-167,bmwtorquespecs-101,bmwtorquespecs-101-q03,What section of the manual covers interior shift components?,23 31 Interior Shift Components,1.0,kept,bmwtorquespecs-101-q03
exact-167,00-torque-specs-23-08,00-torque-specs-23-08-q03,What section of the manual covers Interior Shift Components?,Section 23 31,1.0,dropped,bmwtorquespecs-101-q03
exact-168,00-torque-specs-23-09,00-torque-specs-23-09-q01,What is the torque specification for transmission mounts (rubber) to body?,42 Nm using M10 screws.,1.0,kept,00-torque-specs-23-09-q01
exact-168,bmwtorquespecs-102,bmwtorquespecs-102-q01,What is the torque specification for transmission mounts (rubber) to body?,42 Nm using M10 screws.,1.0,dropped,00-torque-specs-23-09-q01
exact-169,00-torque-specs-25-01,00-torque-specs-25-01-q01,What is the torque specification for the front console to shift console connection?,25 Nm for all vehicles with sheet metal console.,1.0,kept,00-torque-specs-25-01-q01
exact-169,bmwtorquespecs-120,bmwtorquespecs-120-q01,What is the torque specification for the front console to shift console connection?,25 Nm for all vehicles with sheet metal console.,1.0,dropped,00-torque-specs-25-01-q01
exact-170,00-torque-specs-25-01,00-torque-specs-25-01-q03,How much torque is required for the rear shift console to body connection?,11 Nm for all vehicles.,1.0,kept,00-torque-specs-25-01-q03
exact-170,bmwtorquespecs-120,bmwtorquespecs-120-q03,How much torque is required for the rear shift console to body connection?,11 Nm for all vehicles.,1.0,dropped,00-torque-specs-25-01-q03
exact-171,bmwtorquespecs-123,bmwtorquespecs-123-q07,What are the two different finned nut torque specifications listed for the propeller shaft?,43 Nm with M8 screw and 70 Nm with M10 screw.,1.0,kept,bmwtorquespecs-123-q07
exact-171,00-torque-specs-26-02,00-torque-specs-26-02-q05,What are the two different finned nut torque specifications listed for the propeller shaft?,43 Nm for M8 screw and 70 Nm for M10 screw.,1.0,dropped,bmwtorquespecs-123-q07
exact-172,00-torque-specs-61-04,00-torque-specs-61-04-q06,What is the torque specification for the wiper shaft nut to body?,12 Nm (ft. lbs.) for types E31/E36/E32/E34.,1.0,kept,00-torque-specs-61-04-q06
exact-172,bmwtorquespecs-129,bmwtorquespecs-129-q08,What is the torque specification for the wiper shaft nut to body?,12 Nm (ft. lbs.).,1.0,dropped,00-torque-specs-61-04-q06
exact-173,00-torque-specs-72-02,00-torque-specs-72-02-q04,What type of screw is used for the bracket of ITS head airbag on body?,self-tapping screw,1.0,kept,00-torque-specs-72-02-q04
exact-173,bmwtorquespecs-136,bmwtorquespecs-136-q04,What type of screw is used for the bracket of ITS head airbag on body?,self-tapping screw,1.0,dropped,00-torque-specs-72-02-q04
exact-174,41-206_body,41-206_body-q01,What is the page number and section shown in this manual page?,This is page 41-206 from Section 41 (Body section) of the BMW E30 M3 Service Manual.,1.0,kept,41-206_body-q01
exact-174,11-100_engine,11-100_engine-q01,What is the page number and section shown in this manual page?,This is page 11-100 from Section 11 (Engine) of the service manual.,1.0,dropped,41-206_body-q01
exact-175,11-74_engine,11-74_engine-q01,What is the tightening torque specification for spark plugs during installation?,The tightening torque for spark plugs is 20 ± 5 Nm (14.5 ± 3.5 ft. lbs.).,1.0,kept,11-74_engine-q01
exact-175,11-101_engine,11-101_engine-q01,What is the tightening torque specification for spark plugs during installation?,The tightening torque for spark plugs is 20 Nm (14.5 ft. lbs.).,1.0,dropped,11-74_engine-q01
exact-176,11-101_engine,11-101_engine-q09,What is the maximum allowable deviation between cylinder compression values?,The compression values of all cylinders should not deviate by more than 0.5 bar (7 psi) from each other.,1.0,kept,11-101_engine-q09
exact-176,11-51_engine,11-51_engine-q08,What is the maximum allowable deviation between cylinder compression values?,Values of all cylinders must not deviate by more than 0.5 bar (7 psi).,1.0,dropped,11-101_engine-q09
exact-177,11-52b_engine,11-52b_engine-q05,What is the tightening torque for engine mounts on the front axle carrier?,The tightening torque for engine mounts on the front axle carrier is 45 Nm (32.5 ft. lbs.).,1.0,kept,11-52b_engine-q05
exact-177,11-104_engine,11-104_engine-q04,What is the tightening torque for engine mounts on the front axle carrier?,45 Nm (32.5 ft. lbs.).,1.0,dropped,11-52b_engine-q05
exact-178,11-53_engine,11-53_engine-q02,What are the first steps to remove the cylinder head cover?,"First unscrew nuts (1), then pull off spark plug connectors, take off ignition lead tube, and loosen hose clamp (2) and pull off bleeder hose.",1.0,kept,11-53_engine-q02
exact-178,11-105_engine,11-105_engine-q02,What are the first steps to remove the cylinder head cover?,"Unscrew nuts (1), pull off spark plug connectors, take off ignition lead pipe, and loosen hose clamp (2) and pull off breather hose.",1.0,dropped,11-53_engine-q02
exact-179,23-171_manual-t,23-171_manual-t-q07,What does callout number 1 indicate in the upper diagram?,Callout number 1 indicates the oil groove in the guide sleeve that must be aligned with the oil bore.,1.0,kept,23-171_manual-t-q07
exact-179,11-105_engine,11-105_engine-q05,What does callout number 1 indicate in the upper diagram?,Callout number 1 indicates the nuts that need to be unscrewed to begin cylinder head cover removal.,1.0,dropped,23-171_manual-t-q07
exact-180,23-171_manual-t,23-171_manual-t-q12,What is the source of supply noted at the bottom of the page?,"The source of supply is HWB, as indicated by the double asterisk reference.",1.0,kept,23-171_manual-t-q12
exact-180,11-55a_engine,11-55a_engine-q09,What is the source of supply noted at the bottom of the page?,The source of supply is HWB.,1.0,dropped,23-171_manual-t-q12
exact-180,21-06_clutch,21-06_clutch-q11,What is the source of supply noted at the bottom of the page?,The source of supply is HWB.,1.0,dropped,23-171_manual-t-q12
exact-180,23-172_manual-t,23-172_manual-t-q12,What is the source of supply noted at the bottom of the page?,"The source of supply is HWB, as noted in the specifications section.",1.0,dropped,23-171_manual-t-q12
exact-181,23-177_manual-t,23-177_manual-t-q09,What should be done to the sealing lip of the radial oil seal before installation?,Lubricate the sealing lip of the radial oil seal with oil before installation.,1.0,kept,23-177_manual-t-q09
exact-181,11-58_engine,11-58_engine-q03,What should be done to the sealing lip of the radial oil seal before installation?,The sealing lip of the radial oil seal should be lubricated with oil.,1.0,dropped,23-177_manual-t-q09
exact-182,11-61_engine,11-61_engine-q02,How much lubricating grease should be used to fill the bore in the crankshaft?,Fill the bore in crankshaft with approximately 1 gram (0.035 oz.) of lubricating grease.,1.0,kept,11-61_engine-q02
exact-182,11-62_engine,11-62_engine-q03,How much lubricating grease should be used to fill the bore in the crankshaft?,Fill the bore in crankshaft with approximately 1 gram (0.035 oz.) of lubricating grease.,1.0,dropped,11-61_engine-q02
exact-183,11-71_engine,11-71_engine-q02,What temperature should the sprocket be heated to for installation?,The sprocket should be heated to max. 200° C (390° F) for installation.,1.0,kept,11-71_engine-q02
exact-183,11-61_engine,11-61_engine-q06,What temperature should the sprocket be heated to for installation?,Heat sprocket to max. 200°C (390°F) for installation.,1.0,dropped,11-71_engine-q02
exact-184,11-61a_engine,11-61a_engine-q04,What is the acceptable conrod bearing play range?,The conrod bearing play should be 0.024 to 0.064 mm (0.0009 to 0.0025 inches).,1.0,kept,11-61a_engine-q04
exact-184,11-64_engine,11-64_engine-q10,What is the acceptable conrod bearing play range?,"Conrod bearing play: 0.024 to 0.064 mm (0.0009 to 0.0025"").",1.0,dropped,11-61a_engine-q04
exact-185,51-212_body-equ,51-212_body-equ-q03,What is the first step shown in the removal procedure?,The first step is to unscrew bolts.,1.0,kept,51-212_body-equ-q03
exact-185,11-68_engine,11-68_engine-q12,What is the first step shown in the removal procedure?,Unscrew guide rail.,1.0,dropped,51-212_body-equ-q03
exact-186,11-70_engine,11-70_engine-q12,What inspection should be performed during installation according to the manual?,"Check O-ring, replacing if necessary. Check tensioning rail arrangement.",1.0,kept,11-70_engine-q12
exact-186,25-03_gear-shi,25-03_gear-shi-q07,What inspection should be performed during installation according to the manual?,Check for correct fit of cover.,1.0,dropped,11-70_engine-q12
exact-187,12-00-index-a_engine-e,12-00-index-a_engine-e-q01,What chapter number covers Engine Electrical Equipment?,Chapter 12 covers Engine Electrical Equipment.,1.0,kept,12-00-index-a_engine-e-q01
exact-187,12-00-index-c_engine-e,12-00-index-c_engine-e-q01,What chapter number covers Engine Electrical Equipment?,Chapter 12 covers Engine Electrical Equipment.,1.0,dropped,12-00-index-a_engine-e-q01
exact-187,12-00-index-e_engine-e,12-00-index-e_engine-e-q01,What chapter number covers Engine Electrical Equipment?,Chapter 12 covers Engine Electrical Equipment.,1.0,dropped,12-00-index-a_engine-e-q01
exact-188,12-00-index-e_engine-e,12-00-index-e_engine-e-q02,Which BMW models are covered in this Engine Electrical Equipment section?,Models 325 / 325 e / 325 es / 325 i / M 3 are covered in this section.,1.0,kept,12-00-index-e_engine-e-q02
exact-188,12-00-index-c_engine-e,12-00-index-c_engine-e-q02,Which BMW models are covered in this Engine Electrical Equipment section?,"Models 325, 325e, 325es, 325i, and M3 are covered in this section.",1.0,dropped,12-00-index-e_engine-e-q02
exact-189,12-131_engine-e,12-131_engine-e-q02,What safety precaution must be taken before working on the ignition system?,Always turn off ignition before working on dangerous high power ignition systems! Remove distributor cap - 12 11 091.,1.0,kept,12-131_engine-e-q02
exact-189,12-03_engine-e,12-03_engine-e-q01,What safety precaution must be taken before working on the ignition system?,Always turn off ignition before working on dangerous high power ignition systems.,1.0,dropped,12-131_engine-e-q02
exact-190,12-107_4_engine-e,12-107_4_engine-e-q10,What page number and section is this diagram from?,This diagram is from page 12-107/4 from the Holding Circuit Wiring Diagram section for M 1.1 Motronic.,1.0,kept,12-107_4_engine-e-q10
exact-190,1990-bmw-m3-electrical-troubleshooting-manual-1364-02,1990-bmw-m3-electrical-troubleshooting-manual-1364-02-q01,What page number and section is this diagram from?,This is page 1364-2 from the Injection Electronics section for the S14 Engine.,1.0,dropped,12-107_4_engine-e-q10
exact-191,12-108_engine-e,12-108_engine-e-q04,What component is labeled as item 1 in the diagram?,Item 1 in the diagram is the increment wheel for single-sender Motronic.,1.0,kept,12-108_engine-e-q04
exact-191,23-102_manual-t,23-102_manual-t-q02,What component is labeled as item 1 in the diagram?,Item 1 is the selector fork for 3rd/4th gear.,1.0,dropped,12-108_engine-e-q04
exact-192,23-119_manual-t,23-119_manual-t-q12,Where can the tightening torque specification be found?,"The tightening torque specification can be found in the Specifications section, as indicated by the asterisk and reference at the bottom of the page.",1.0,kept,23-119_manual-t-q12
exact-192,12-131_engine-e,12-131_engine-e-q12,Where can the tightening torque specification be found?,See Specifications section (referenced at bottom of page).,1.0,dropped,23-119_manual-t-q12
exact-192,23-178_manual-t,23-178_manual-t-q12,Where can the tightening torque specification be found?,See Specifications,1.0,dropped,23-119_manual-t-q12
exact-192,23-309_manual-t,23-309_manual-t-q07,Where can the tightening torque specification be found?,The tightening torque is marked with an asterisk and can be found in the Specifications section.,1.0,dropped,23-119_manual-t-q12
exact-192,25-12_gear-shi,25-12_gear-shi-q12,Where can the tightening torque specification be found?,See Specifications (as indicated by the asterisk and note at the bottom of the page).,1.0,dropped,23-119_manual-t-q12
exact-192,31-26_front-ax,31-26_front-ax-q09,Where can the tightening torque specification be found?,"The tightening torque specification can be found in the Specifications section, as indicated by the asterisk reference.",1.0,dropped,23-119_manual-t-q12
exact-192,64-500_heating-,64-500_heating--q12,Where can the tightening torque specification be found?,"The tightening torque specification can be found in the Specifications section, as indicated by the asterisk.",1.0,dropped,23-119_manual-t-q12
exact-192,64-501_heating-,64-501_heating--q09,Where can the tightening torque specification be found?,"The tightening torque specification can be found in the Specifications section, as indicated by the asterisk reference.",1.0,dropped,23-119_manual-t-q12
exact-193,12-140_engine-e,12-140_engine-e-q02,What should I do if the charge indicator lamp is NOT on with ignition turned on?,"Pull off connection plug D+/61 and connect with ground (term. 31). If charge lamp comes on, take off voltage regulator and check carbon brushes, replacing if necessary - see 12 32 000. Check slip rings for dirt or oxidation coat. If charge lamp still doesn't come on, check connections and wires for charge indicator lamp or replace light bulb - see 62 99.",1.0,kept,12-140_engine-e-q02
exact-193,12-40_engine-e,12-40_engine-e-q02,What should I do if the charge indicator lamp is NOT on with ignition turned on?,"Pull off connection plug D+/61 and connect with ground (term. 31). If charge lamp comes on, check connections. If charge lamp does not come on, take off voltage regulator and check carbon brushes, replacing if necessary - see 12 32 000. Check slip rings for dirt or oxidation coat.",1.0,dropped,12-140_engine-e-q02
exact-194,12-141_engine-e,12-141_engine-e-q01,What are the testing requirements before checking the alternator and voltage regulator?,"The testing requirements are: correct connections on charged battery, correct connections on alternator and starter, good ground connection between engine and body, and tight drive belt.",1.0,kept,12-141_engine-e-q01
exact-194,12-41_engine-e,12-41_engine-e-q02,What are the testing requirements before checking the alternator and voltage regulator?,"The testing requirements are: correct connections on charged battery, correct connections on alternator and starter, good ground connection between engine and body, and tight drive belt.",1.0,dropped,12-141_engine-e-q01
exact-195,12-142_1_engine-e,12-142_1_engine-e-q12,What type of alternator is being serviced in this procedure?,This procedure covers the Bosch 65 A Alternator disassembly and assembly.,1.0,kept,12-142_1_engine-e-q12
exact-195,12-143_1_engine-e,12-143_1_engine-e-q09,What type of alternator is being serviced in this procedure?,This procedure is for Bosch Alternators.,1.0,dropped,12-142_1_engine-e-q12
exact-196,1990-bmw-m3-electrical-troubleshooting-manual-8000-02,1990-bmw-m3-electrical-troubleshooting-manual-8000-02-q01,What section of the manual is this page from?,"This is page 8000-2 from the SPLICE LOCATION VIEWS section, specifically showing MAIN HARNESS SPLICE LOCATIONS.",1.0,kept,1990-bmw-m3-electrical-troubleshooting-manual-8000-02-q01
exact-196,12-142_2_engine-e,12-142_2_engine-e-q11,What section of the manual is this page from?,"Section 12, Engine Electrical Equipment.",1.0,dropped,1990-bmw-m3-electrical-troubleshooting-manual-8000-02-q01
exact-196,13-816_fuel-sys,13-816_fuel-sys-q09,What section of the manual is this page from?,This is page 13-816 from the Fuel System section (Section 13).,1.0,dropped,1990-bmw-m3-electrical-troubleshooting-manual-8000-02-q01
exact-196,26-11_propello,26-11_propello-q07,What section of the manual is this page from?,"This is from Section 26, which covers the Propellor Shaft.",1.0,dropped,1990-bmw-m3-electrical-troubleshooting-manual-8000-02-q01
exact-196,31-38_front-ax,31-38_front-ax-q10,What section of the manual is this page from?,This page is from section 31-38 of the manual.,1.0,dropped,1990-bmw-m3-electrical-troubleshooting-manual-8000-02-q01
exact-196,62-53_instrume,62-53_instrume-q03,What section of the manual is this page from?,This page is from the SERVICE INDICATOR RESETTING section.,1.0,dropped,1990-bmw-m3-electrical-troubleshooting-manual-8000-02-q01
exact-196,bmwtorquespecs-006,bmwtorquespecs-006-q09,What section of the manual is this page from?,00 - 5 General Instructions,1.0,dropped,1990-bmw-m3-electrical-troubleshooting-manual-8000-02-q01
exact-196,bmwtorquespecs-096,bmwtorquespecs-096-q09,What section of the manual is this page from?,"Section 23-3 Manual transmission, specifically 23 11 Case and Covers",1.0,dropped,1990-bmw-m3-electrical-troubleshooting-manual-8000-02-q01
exact-196,getrag-002,getrag-002-q12,What section of the manual is this page from?,This is page getrag-002 from the Getrag265:5_Rebuild_ShiftBMW section of the BMW E30 M3 Service Manual.,1.0,dropped,1990-bmw-m3-electrical-troubleshooting-manual-8000-02-q01
exact-197,12-152_engine-e,12-152_engine-e-q11,What reference is provided at the bottom of the page for additional information?,See Specifications is referenced at the bottom of the page for additional information.,1.0,kept,12-152_engine-e-q11
exact-197,26-03_propello,26-03_propello-q11,What reference is provided at the bottom of the page for additional information?,See Specifications is referenced at the bottom of the page.,1.0,dropped,12-152_engine-e-q11
exact-198,35-01_pedals,35-01_pedals-q08,What note appears at the bottom of the page regarding specifications?,"At the bottom of the page, there is a note that says 'See Specifications'.",1.0,kept,35-01_pedals-q08
exact-198,13-620_fuel-sys,13-620_fuel-sys-q12,What note appears at the bottom of the page regarding specifications?,See Specifications + nominal value microfilm.,1.0,dropped,35-01_pedals-q08
exact-199,13-710_fuel-sys,13-710_fuel-sys-q08,Where can you find the specifications referenced in this procedure?,See Specifications of Group 16 for the detailed specifications.,1.0,kept,13-710_fuel-sys-q08
exact-199,13-626_fuel-sys,13-626_fuel-sys-q12,Where can you find the specifications referenced in this procedure?,See Specifications (referenced at the bottom of the page).,1.0,dropped,13-710_fuel-sys-q08
exact-200,33-03_rear-axl,33-03_rear-axl-q11,Where can additional specifications for this procedure be found?,"Additional specifications can be found in the Specifications section, as indicated by the asterisk and note at the bottom of the page.",1.0,kept,33-03_rear-axl-q11
exact-200,13-627_fuel-sys,13-627_fuel-sys-q11,Where can additional specifications for this procedure be found?,See Specifications (as noted with an asterisk at the bottom of the page).,1.0,dropped,33-03_rear-axl-q11
exact-201,13-762_fuel-sys,13-762_fuel-sys-q11,What type of resistor technology does the coolant temperature sensor use?,"The sensor uses NTC (Negative Temperature Coefficient) resistor technology, where resistance drops with rising temperature.",1.0,kept,13-762_fuel-sys-q11
exact-201,13-629_fuel-sys,13-629_fuel-sys-q10,What type of resistor technology does the coolant temperature sensor use?,The coolant temperature sensor uses NTC (Negative Temperature Coefficient) resistor technology.,1.0,dropped,13-762_fuel-sys-q11
exact-202,13-643_fuel-sys,13-643_fuel-sys-q06,What should be checked on the O-rings during installation?,"Check O-rings (1), replacing when necessary. Check code number (2), check position of plastic washer (3), and check color of plug receptacle (5) or injector guard (4).",1.0,kept,13-643_fuel-sys-q06
exact-202,13-713_fuel-sys,13-713_fuel-sys-q06,What should be checked on the O-rings during installation?,Check O-rings (6) and replace them if necessary during installation.,1.0,dropped,13-643_fuel-sys-q06
exact-202,13-781_fuel-sys,13-781_fuel-sys-q05,What should be checked on the O-rings during installation?,"Check O-rings (1), replacing if necessary.",1.0,dropped,13-643_fuel-sys-q06
exact-203,13-643_fuel-sys,13-643_fuel-sys-q12,What reference is provided for additional specifications?,The page references 'See Specifications' for additional technical details.,1.0,kept,13-643_fuel-sys-q12
exact-203,31-37_front-ax,31-37_front-ax-q12,What reference is provided for additional specifications?,See Operating Material Specifications.,1.0,dropped,13-643_fuel-sys-q12
exact-204,13-800_fuel-sys,13-800_fuel-sys-q03,Where should measurements be taken when testing the electronic idle control unit?,Measurements are taken on the disconnected plug of the electronic idle control unit.,1.0,kept,13-800_fuel-sys-q03
exact-204,13-810_fuel-sys,13-810_fuel-sys-q03,Where should measurements be taken when testing the electronic idle control unit?,Measurements are taken on the disconnected plug of the electronic idle control unit.,1.0,dropped,13-800_fuel-sys-q03
exact-205,13-802_fuel-sys,13-802_fuel-sys-q05,What is the first step in checking the idle control valve?,"The first step is to pull off the plug on the idle control valve, then connect an ohmmeter to measure the resistance.",1.0,kept,13-802_fuel-sys-q05
exact-205,13-812_fuel-sys,13-812_fuel-sys-q01,What is the first step in checking the idle control valve?,Pull off plug on idle control valve and connect ohmmeter (M 06) on idle control valve.,1.0,dropped,13-802_fuel-sys-q05
exact-206,13-812_fuel-sys,13-812_fuel-sys-q04,How do you test the wiring between the control unit and idle control valve?,"Connect ammeter (M 03) between idle control valve and wire plug, run engine with operating temperature at idle speed, and check if ammeter displays 400 to 500 mA.",1.0,kept,13-812_fuel-sys-q04
exact-206,13-802_fuel-sys,13-802_fuel-sys-q07,How do you test the wiring between the control unit and idle control valve?,"Connect an ammeter (M 03) between the idle control valve and wire plug, then run the engine with operating temperature at idle speed and check for 400 to 500 mA.",1.0,dropped,13-812_fuel-sys-q04
exact-207,25-13_gear-shi,25-13_gear-shi-q11,What reference is provided for additional information?,The page references 'See Specifications' for additional technical details.,1.0,kept,25-13_gear-shi-q11
exact-207,13-804_fuel-sys,13-804_fuel-sys-q09,What reference is provided for additional information?,See Specifications (indicated by asterisk at bottom of page).,1.0,dropped,25-13_gear-shi-q11
exact-208,31-11_2_front-ax,31-11_2_front-ax-q07,What page number is this from the service manual?,This is page 31-11.2 from the service manual.,1.0,kept,31-11_2_front-ax-q07
exact-208,13-908_fuel-sys,13-908_fuel-sys-q07,What page number is this from the service manual?,This is page 13-908 from the service manual.,1.0,dropped,31-11_2_front-ax-q07
exact-208,13-910_fuel-sys,13-910_fuel-sys-q09,What page number is this from the service manual?,This is page 13-910.,1.0,dropped,31-11_2_front-ax-q07
exact-208,41-114c_body-con,41-114c_body-con-q09,What page number is this from the service manual?,This is page 41-114 C.,1.0,dropped,31-11_2_front-ax-q07
exact-208,41-210_body,41-210_body-q11,What page number is this from the service manual?,This is page 41-210.,1.0,dropped,31-11_2_front-ax-q07
exact-208,51-322_body-equ,51-322_body-equ-q12,What page number is this from the service manual?,This is page 51-322 from the service manual.,1.0,dropped,31-11_2_front-ax-q07
exact-208,51-345_body-equ,51-345_body-equ-q06,What page number is this from the service manual?,This is page 51-345.,1.0,dropped,31-11_2_front-ax-q07
exact-209,97-00-index-a_body-cav,97-00-index-a_body-cav-q02,What is the page number shown at the top of this manual page?,The page number shown at the top is 79.,1.0,kept,97-00-index-a_body-cav-q02
exact-209,13-911_fuel-sys,13-911_fuel-sys-q09,What is the page number shown at the top of this manual page?,The page number is 13-911.,1.0,dropped,97-00-index-a_body-cav-q02
exact-209,51-473_body-equ,51-473_body-equ-q11,What is the page number shown at the top of this manual page?,The page number is 51-473.,1.0,dropped,97-00-index-a_body-cav-q02
exact-210,16-06_fuel-tan,16-06_fuel-tan-q07,What page number is this in the service manual?,This is page 16-6 of the service manual.,1.0,kept,16-06_fuel-tan-q07
exact-210,25-14_gear-shi,25-14_gear-shi-q07,What page number is this in the service manual?,This is page 25-14.,1.0,dropped,16-06_fuel-tan-q07
exact-211,17-04_radiator,17-04_radiator-q07,What is the final step shown for radiator removal?,"Unscrew bolt and lift out radiator. For installation, install washers and sleeves as shown and apply tightening torque.",1.0,kept,17-04_radiator-q07
exact-211,17-04_1_radiator,17-04_1_radiator-q07,What is the final step shown for radiator removal?,Unscrew upper radiator mounting bolts and lift out radiator.,1.0,dropped,17-04_radiator-q07
exact-212,18-05_exhaust-,18-05_exhaust--q03,What is the preload specification for the final muffler holder?,The preload is 6 mm (0.236 inches) and the rubber ring should be preloaded during installation.,1.0,kept,18-05_exhaust--q03
exact-212,18-01_exhaust-,18-01_exhaust--q08,What is the preload specification for the final muffler holder?,"Preload: 6 mm (0.236"").",1.0,dropped,18-05_exhaust--q03
exact-212,18-02_exhaust-,18-02_exhaust--q09,What is the preload specification for the final muffler holder?,"Preload: 6 mm (0.236"").",1.0,dropped,18-05_exhaust--q03
exact-213,18-02_exhaust-,18-02_exhaust--q01,What is the procedure section number for replacing the final muffler?,The procedure section number is 18 12 031.,1.0,kept,18-02_exhaust--q01
exact-213,18-06_exhaust-,18-06_exhaust--q01,What is the procedure section number for replacing the final muffler?,18 12 031 REPLACING FINAL MUFFLER.,1.0,dropped,18-02_exhaust--q01
exact-214,18-06_exhaust-,18-06_exhaust--q12,What additional reference is mentioned at the bottom of the page for more detailed information?,See Specifications.,1.0,kept,18-06_exhaust--q12
exact-214,63-02a_lights,63-02a_lights-q11,What additional reference is mentioned at the bottom of the page for more detailed information?,See Specifications,1.0,dropped,18-06_exhaust--q12
exact-215,18-08_exhaust-,18-08_exhaust--q12,Where can the tightening torque specifications be found?,"The tightening torque specifications can be found in the Specifications section, as indicated by the asterisk reference.",1.0,kept,18-08_exhaust--q12
exact-215,31-32_front-ax,31-32_front-ax-q09,Where can the tightening torque specifications be found?,"The tightening torque specifications can be found in the Specifications section, as indicated by the asterisk note.",1.0,dropped,18-08_exhaust--q12
exact-215,33-07_rear-axl,33-07_rear-axl-q10,Where can the tightening torque specifications be found?,See Specifications (referenced at bottom of page) and See Specifications of Group 32.,1.0,dropped,18-08_exhaust--q12
exact-215,33-16_rear-axl,33-16_rear-axl-q11,Where can the tightening torque specifications be found?,"See Specifications for tightening torque values, and see Specifications of Gr. 32 for additional specifications.",1.0,dropped,18-08_exhaust--q12
exact-215,35-04_pedals,35-04_pedals-q12,Where can the tightening torque specifications be found?,See Specifications (referenced multiple times throughout the installation procedures).,1.0,dropped,18-08_exhaust--q12
exact-215,35-06_pedals,35-06_pedals-q12,Where can the tightening torque specifications be found?,See Specifications (referenced at the bottom of the page).,1.0,dropped,18-08_exhaust--q12
exact-216,1990-bmw-m3-electrical-troubleshooting-manual-0670-04,1990-bmw-m3-electrical-troubleshooting-manual-0670-04-q01,What is the amperage rating of FUSE 8?,FUSE 8 is rated at 15 AMP.,1.0,kept,1990-bmw-m3-electrical-troubleshooting-manual-0670-04-q01
exact-216,1990-bmw-m3-electrical-troubleshooting-manual-0670-07,1990-bmw-m3-electrical-troubleshooting-manual-0670-07-q02,What is the amperage rating of fuse 8?,Fuse 8 is rated at 25 AMP.,1.0,dropped,1990-bmw-m3-electrical-troubleshooting-manual-0670-04-q01
exact-217,1990-bmw-m3-electrical-troubleshooting-manual-0670-05,1990-bmw-m3-electrical-troubleshooting-manual-0670-05-q01,What is the amperage rating of fuse 21?,Fuse 21 has a 7.5 AMP rating.,1.0,kept,1990-bmw-m3-electrical-troubleshooting-manual-0670-05-q01
exact-217,1990-bmw-m3-electrical-troubleshooting-manual-0670-10,1990-bmw-m3-electrical-troubleshooting-manual-0670-10-q01,What is the amperage rating of fuse 21?,Fuse 21 is rated at 7.5 AMP.,1.0,dropped,1990-bmw-m3-electrical-troubleshooting-manual-0670-05-q01
exact-218,1990-bmw-m3-electrical-troubleshooting-manual-0670-06,1990-bmw-m3-electrical-troubleshooting-manual-0670-06-q05,What page reference is given for the Active Check Control Unit?,The Active Check Control Unit references PAGE 6216-0.,1.0,kept,1990-bmw-m3-electrical-troubleshooting-manual-0670-06-q05
exact-218,1990-bmw-m3-electrical-troubleshooting-manual-6300-00,1990-bmw-m3-electrical-troubleshooting-manual-6300-00-q05,What page reference is given for the Active Check Control Unit?,PAGE 6314-0,1.0,dropped,1990-bmw-m3-electrical-troubleshooting-manual-0670-06-q05
exact-219,1990-bmw-m3-electrical-troubleshooting-manual-0670-07,1990-bmw-m3-electrical-troubleshooting-manual-0670-07-q04,What connector designation is shown for the accessory connector?,The accessory connector is designated as C302.,1.0,kept,1990-bmw-m3-electrical-troubleshooting-manual-0670-07-q04
exact-219,1990-bmw-m3-electrical-troubleshooting-manual-0670-10,1990-bmw-m3-electrical-troubleshooting-manual-0670-10-q04,What connector designation is shown for the accessory connector?,The accessory connector is designated as C302.,1.0,dropped,1990-bmw-m3-electrical-troubleshooting-manual-0670-07-q04
exact-220,1990-bmw-m3-electrical-troubleshooting-manual-1364-04,1990-bmw-m3-electrical-troubleshooting-manual-1364-04-q08,What does the notation 'HOT AT ALL TIMES' indicate on this diagram?,The 'HOT AT ALL TIMES' notation indicates that the battery junction block provides continuous power regardless of ignition switch position.,1.0,kept,1990-bmw-m3-electrical-troubleshooting-manual-1364-04-q08
exact-220,1990-bmw-m3-electrical-troubleshooting-manual-0670-10,1990-bmw-m3-electrical-troubleshooting-manual-0670-10-q08,What does the notation 'HOT AT ALL TIMES' indicate on this diagram?,"The 'HOT AT ALL TIMES' notation indicates that fuse 21 has power supplied to it continuously, regardless of ignition switch position.",1.0,dropped,1990-bmw-m3-electrical-troubleshooting-manual-1364-04-q08
exact-221,1990-bmw-m3-electrical-troubleshooting-manual-0670-13,1990-bmw-m3-electrical-troubleshooting-manual-0670-13-q01,What is the page number and section title shown at the top of this wiring diagram?,"This is page 0670-13 from the POWER DISTRIBUTION section, specifically showing GROUND DISTRIBUTION G104 AND G200 (PARTIAL).",1.0,kept,1990-bmw-m3-electrical-troubleshooting-manual-0670-13-q01
exact-221,1990-bmw-m3-electrical-troubleshooting-manual-1364-03,1990-bmw-m3-electrical-troubleshooting-manual-1364-03-q01,What is the page number and section title shown at the top of this wiring diagram?,The page is numbered 1364-3 and the section is titled 'S14 ENGINE INJECTION ELECTRONICS'.,1.0,dropped,1990-bmw-m3-electrical-troubleshooting-manual-0670-13-q01
exact-222,1990-bmw-m3-electrical-troubleshooting-manual-0670-15,1990-bmw-m3-electrical-troubleshooting-manual-0670-15-q06,Where is the G200 partial ground point located according to the diagram?,"The G200 partial ground point is located under the left side of the dash, above the brake pedal.",1.0,kept,1990-bmw-m3-electrical-troubleshooting-manual-0670-15-q06
exact-222,1990-bmw-m3-electrical-troubleshooting-manual-0670-14,1990-bmw-m3-electrical-troubleshooting-manual-0670-14-q04,Where is the G200 partial ground point located according to the diagram?,"Under LH side of dash, above brake pedal",1.0,dropped,1990-bmw-m3-electrical-troubleshooting-manual-0670-15-q06
exact-223,bmwtorquespecs-008,bmwtorquespecs-008-q10,What section number and title is shown at the top of this page?,00 - 7 General Instructions,1.0,kept,bmwtorquespecs-008-q10
exact-223,1990-bmw-m3-electrical-troubleshooting-manual-0670-16,1990-bmw-m3-electrical-troubleshooting-manual-0670-16-q08,What section number and title is shown at the top of this page?,0670-16 POWER DISTRIBUTION,1.0,dropped,bmwtorquespecs-008-q10
exact-223,1990-bmw-m3-electrical-troubleshooting-manual-6413-02,1990-bmw-m3-electrical-troubleshooting-manual-6413-02-q01,What section number and title is shown at the top of this page?,6413-2 A/C BLOWER CONTROLS,1.0,dropped,bmwtorquespecs-008-q10
exact-224,1990-bmw-m3-electrical-troubleshooting-manual-5126-00,1990-bmw-m3-electrical-troubleshooting-manual-5126-00-q01,What is the section number and title for this wiring diagram?,5126-0 CENTRAL LOCKING,1.0,kept,1990-bmw-m3-electrical-troubleshooting-manual-5126-00-q01
exact-224,1990-bmw-m3-electrical-troubleshooting-manual-6325-00,1990-bmw-m3-electrical-troubleshooting-manual-6325-00-q01,What is the section number and title for this wiring diagram?,6325-0 STOP LIGHTS,1.0,dropped,1990-bmw-m3-electrical-troubleshooting-manual-5126-00-q01
exact-224,1990-bmw-m3-electrical-troubleshooting-manual-6571-00,1990-bmw-m3-electrical-troubleshooting-manual-6571-00-q01,What is the section number and title for this wiring diagram?,6571-0 CRUISE CONTROL,1.0,dropped,1990-bmw-m3-electrical-troubleshooting-manual-5126-00-q01
exact-225,1990-bmw-m3-electrical-troubleshooting-manual-6210-00,1990-bmw-m3-electrical-troubleshooting-manual-6210-00-q01,What is the fuse rating for Fuse 12 in the power distribution box?,Fuse 12 is rated at 7.5 AMP.,1.0,kept,1990-bmw-m3-electrical-troubleshooting-manual-6210-00-q01
exact-225,1990-bmw-m3-electrical-troubleshooting-manual-6500-00,1990-bmw-m3-electrical-troubleshooting-manual-6500-00-q01,What is the fuse rating for Fuse 12 in the power distribution box?,Fuse 12 is rated at 7.5 AMP.,1.0,dropped,1990-bmw-m3-electrical-troubleshooting-manual-6210-00-q01
exact-226,1990-bmw-m3-electrical-troubleshooting-manual-6210-03,1990-bmw-m3-electrical-troubleshooting-manual-6210-03-q01,What is the amperage rating of fuse 21 in the power distribution box?,Fuse 21 is rated at 7.5 AMP.,1.0,kept,1990-bmw-m3-electrical-troubleshooting-manual-6210-03-q01
exact-226,1990-bmw-m3-electrical-troubleshooting-manual-6216-03,1990-bmw-m3-electrical-troubleshooting-manual-6216-03-q01,What is the amperage rating of FUSE 21 in the power distribution box?,FUSE 21 is rated at 7.5 AMP.,1.0,dropped,1990-bmw-m3-electrical-troubleshooting-manual-6210-03-q01
exact-227,1990-bmw-m3-electrical-troubleshooting-manual-6413-00,1990-bmw-m3-electrical-troubleshooting-manual-6413-00-q01,What is the amperage rating of fuse 20 in the power distribution box?,Fuse 20 is rated at 30 AMP according to the power distribution box diagram.,1.0,kept,1990-bmw-m3-electrical-troubleshooting-manual-6413-00-q01
exact-227,1990-bmw-m3-electrical-troubleshooting-manual-6411-00,1990-bmw-m3-electrical-troubleshooting-manual-6411-00-q01,What is the amperage rating of Fuse 20 in the power distribution box?,Fuse 20 is rated at 30 AMP.,1.0,dropped,1990-bmw-m3-electrical-troubleshooting-manual-6413-00-q01
exact-228,1990-bmw-m3-electrical-troubleshooting-manual-9005-00,1990-bmw-m3-electrical-troubleshooting-manual-9005-00-q01,Where is the 150° Compressor Oil Temperature Switch located?,"The 150° Compressor Oil Temperature Switch is located on the lower RH side of engine compartment, on A/C compressor.",1.0,kept,1990-bmw-m3-electrical-troubleshooting-manual-9005-00-q01
exact-228,1990-bmw-m3-electrical-troubleshooting-manual-7000-04,1990-bmw-m3-electrical-troubleshooting-manual-7000-04-q01,Where is the 150° compressor oil temperature switch located?,The 150° compressor oil temperature switch (C151) is located on the lower RH side of the engine compartment.,1.0,dropped,1990-bmw-m3-electrical-troubleshooting-manual-9005-00-q01
exact-229,1990-bmw-m3-electrical-troubleshooting-manual-7000-12,1990-bmw-m3-electrical-troubleshooting-manual-7000-12-q07,How many figures are shown on this component location views page?,"There are 4 figures shown on this page: Figure 1 (LH Side of Trunk), Figure 2 (Center Rear of Trunk), Figure 3 (RH Side of Trunk), and Figure 4 (Center Rear of Trunk Lid).",1.0,kept,1990-bmw-m3-electrical-troubleshooting-manual-7000-12-q07
exact-229,1990-bmw-m3-electrical-troubleshooting-manual-7000-10,1990-bmw-m3-electrical-troubleshooting-manual-7000-10-q08,How many figures are shown on this component location views page?,"There are 6 figures shown on this component location views page, numbered from Figure 1 through Figure 6.",1.0,dropped,1990-bmw-m3-electrical-troubleshooting-manual-7000-12-q07
exact-230,bmwtorquespecs-110,bmwtorquespecs-110-q08,What section of the manual does this page belong to?,"This page belongs to section 24-8 Automatic Transmission, specifically covering Shift Clutches (24 23).",1.0,kept,bmwtorquespecs-110-q08
exact-230,1990-bmw-m3-electrical-troubleshooting-manual-8500-10,1990-bmw-m3-electrical-troubleshooting-manual-8500-10-q10,What section of the manual does this page belong to?,This page belongs to section 8500-10 CONNECTOR VIEWS of the electrical troubleshooting manual.,1.0,dropped,bmwtorquespecs-110-q08
exact-230,bmwtorquespecs-057,bmwtorquespecs-057-q10,What section of the manual does this page belong to?,"12-7 Engine Electrical System, specifically section 12 31 Alternator with Drive and Mounting Parts",1.0,dropped,bmwtorquespecs-110-q08
exact-230,bmwtorquespecs-083,bmwtorquespecs-083-q05,What section of the manual does this page belong to?,"Section 16-3, Fuel tank and fuel lines",1.0,dropped,bmwtorquespecs-110-q08
exact-230,bmwtorquespecs-121,bmwtorquespecs-121-q09,What section of the manual does this page belong to?,"Section 25-2 Shift Mechanism, specifically 25 16 Shift Console - Automatic Transmission",1.0,dropped,bmwtorquespecs-110-q08
exact-231,23-00-index-a_manual-t,23-00-index-a_manual-t-q01,What type of manual transmission is covered in section 23?,The Getrag 240 Five Speed Manual Transmission with Overdrive.,1.0,kept,23-00-index-a_manual-t-q01
exact-231,23-00-index-d_manual-t,23-00-index-d_manual-t-q01,What type of manual transmission is covered in section 23?,Getrag 260 Five Speed Manual Transmission with Overdrive.,1.0,dropped,23-00-index-a_manual-t-q01
exact-232,23-00-index-e_manual-t,23-00-index-e_manual-t-q01,What type of manual transmission is covered in this section?,GETRAG 265/6 Five Speed Manual Transmission with Overdrive,1.0,kept,23-00-index-e_manual-t-q01
exact-232,23-00-index-c_manual-t,23-00-index-c_manual-t-q01,What type of manual transmission is covered in this section?,GETRAG 260 Five Speed Manual Transmission with Overdrive,1.0,dropped,23-00-index-e_manual-t-q01
exact-233,23-00-index-d_manual-t,23-00-index-d_manual-t-q06,What is the reference number for the synchronization disassemble and assemble procedure?,23 23 505.,1.0,kept,23-00-index-d_manual-t-q06
exact-233,23-00-index-f_manual-t,23-00-index-f_manual-t-q05,What is the reference number for the synchronization disassemble and assemble procedure?,23 23 505.,1.0,dropped,23-00-index-d_manual-t-q06
exact-234,23-102_manual-t,23-102_manual-t-q01,What type of transmission is shown in this assembly drawing?,This is an assembly drawing of shift parts for the ZF S5-16 five speed overdrive manual transmission.,1.0,kept,23-102_manual-t-q01
exact-234,23-01_manual-t,23-01_manual-t-q01,What type of transmission is shown in this assembly drawing?,This is an assembly drawing of a Getrag 240 five speed overdrive manual transmission.,1.0,dropped,23-102_manual-t-q01
exact-234,23-02_manual-t,23-02_manual-t-q01,What type of transmission is shown in this assembly drawing?,This is an assembly drawing of shift parts for a 240 five speed overdrive manual transmission.,1.0,dropped,23-102_manual-t-q01
exact-234,23-101_manual-t,23-101_manual-t-q01,What type of transmission is shown in this assembly drawing?,This is a ZF - S5 - 16 five speed overdrive manual transmission.,1.0,dropped,23-102_manual-t-q01
exact-234,23-165_manual-t,23-165_manual-t-q01,What type of transmission is shown in this assembly drawing?,This is an assembly drawing of the Getrag 260 five speed overdrive manual transmission.,1.0,dropped,23-102_manual-t-q01
exact-235,23-01_manual-t,23-01_manual-t-q02,What does callout number 1 identify in the transmission diagram?,Callout number 1 identifies the first gear.,1.0,kept,23-01_manual-t-q02
exact-235,23-300_manual-t,23-300_manual-t-q02,What does callout number 1 identify in the transmission diagram?,Callout number 1 identifies the First gear.,1.0,dropped,23-01_manual-t-q02
exact-236,23-02_manual-t,23-02_manual-t-q02,What component is identified by callout number 1?,Callout number 1 identifies the selector rod for 1st/2nd gear.,1.0,kept,23-02_manual-t-q02
exact-236,23-166_manual-t,23-166_manual-t-q02,What component is identified by callout number 1?,Callout number 1 identifies the selector rod for 1st/2nd gear.,1.0,dropped,23-02_manual-t-q02
exact-237,23-166_manual-t,23-166_manual-t-q05,Where is the operating lever located in this assembly?,The operating lever is identified as callout number 12 and is located at the top right portion of the transmission assembly.,1.0,kept,23-166_manual-t-q05
exact-237,23-02_manual-t,23-02_manual-t-q05,Where is the operating lever located in this assembly?,The operating lever is located at position 12 at the top right of the assembly.,1.0,dropped,23-166_manual-t-q05
exact-238,23-312_manual-t,23-312_manual-t-q01,What special tools are required to drive in the radial oil seal?,Special Tools 23 1 180 and 00 5 500 are required to drive in the radial oil seal against the stop.,1.0,kept,23-312_manual-t-q01
exact-238,23-07_manual-t,23-07_manual-t-q03,What special tools are required to drive in the radial oil seal?,Special Tools 23 1 360 and 00 5 500 are required.,1.0,dropped,23-312_manual-t-q01
exact-239,23-08_manual-t,23-08_manual-t-q05,What happens to the radial oil seal during the removal process?,"The radial oil seal (8) will also be pulled out during the process, and it's noted as Important! that rollers are on the selector shaft.",1.0,kept,23-08_manual-t-q05
exact-239,23-174_manual-t,23-174_manual-t-q05,What happens to the radial oil seal during the removal process?,The radial oil seal (8) will also be pulled out and must be replaced during installation.,1.0,dropped,23-08_manual-t-q05
exact-240,23-308_manual-t,23-308_manual-t-q01,What Loctite number should be used when replacing the end cap?,Loctite No. 573 should be used when replacing and installing the end cap.,1.0,kept,23-308_manual-t-q01
exact-240,23-103_manual-t,23-103_manual-t-q08,What Loctite number should be used when replacing the end cap?,Use Loctite No. 573 when replacing the end cap and inserting it.,1.0,dropped,23-308_manual-t-q01
exact-241,23-107_manual-t,23-107_manual-t-q11,What special tool is used to drive in the radial oil seal for the selector shaft?,Special Tool 23 1 240 is used to drive in the radial oil seal for the selector shaft.,1.0,kept,23-107_manual-t-q11
exact-241,23-173_manual-t,23-173_manual-t-q01,What special tool is used to drive in the radial oil seal for the selector shaft?,Special Tool 23 1 240 is used to drive in the radial oil seal for the selector shaft.,1.0,dropped,23-107_manual-t-q11
exact-242,23-172_manual-t,23-172_manual-t-q05,What special tools are needed to drive in the radial oil seal?,Special Tools 23 1 380 and 00 5 500 are needed to drive in the radial oil seal.,1.0,kept,23-172_manual-t-q05
exact-242,23-108_manual-t,23-108_manual-t-q03,What special tools are needed to drive in the radial oil seal?,Special Tools 23 1 360 and 00 5 500.,1.0,dropped,23-172_manual-t-q05
exact-243,23-176_manual-t,23-176_manual-t-q06,How should the lockpin be installed in the selector rod?,"Install lockpin (1) in selector rod with grease, push in selector rod up to bore, with opening in selector rod faces up.",1.0,kept,23-176_manual-t-q06
exact-243,23-10_manual-t,23-10_manual-t-q05,How should the lockpin be installed in the selector rod?,Install lockpin (1) in selector rod with grease. Push in selector rod up to bore. Opening in selector rod faces up.,1.0,dropped,23-176_manual-t-q06
exact-244,23-176_manual-t,23-176_manual-t-q07,What size pin should be driven into the 3rd/4th gear selector fork?,Drive a 6 x 26 mm pin into the 3rd/4th gear selector fork (counterhold).,1.0,kept,23-176_manual-t-q07
exact-244,23-10_manual-t,23-10_manual-t-q08,What size pin should be driven into the 3rd/4th gear selector fork?,Drive 6 x 24 mm pin into 3rd/4th gear selector fork (counterhold).,1.0,dropped,23-176_manual-t-q07
exact-245,23-181_manual-t,23-181_manual-t-q02,What special tool is required to press on the guide sleeve?,Special Tool 23 1 290 is required to press on the guide sleeve to fit it tight.,1.0,kept,23-181_manual-t-q02
exact-245,23-115_manual-t,23-115_manual-t-q01,What special tool is required to press on the guide sleeve?,Special Tool 23 1 290 is required to press on the guide sleeve to fit tight.,1.0,dropped,23-181_manual-t-q02
exact-245,23-14_manual-t,23-14_manual-t-q02,What special tool is required to press on the guide sleeve?,Special Tool 23 1 290 is required to press on guide sleeve to fit tight.,1.0,dropped,23-181_manual-t-q02
exact-245,23-15_manual-t,23-15_manual-t-q01,What special tool is required to press on the guide sleeve?,Special Tool 23 1 290 is required to press on the guide sleeve to fit tight.,1.0,dropped,23-181_manual-t-q02
exact-246,23-118_manual-t,23-118_manual-t-q02,Which special tool is used to pull out the bearing outer race?,Special Tool 00 8 550 is used to pull out the bearing outer race (without supports) along with tool 33 1 356.,1.0,kept,23-118_manual-t-q02
exact-246,23-119_manual-t,23-119_manual-t-q03,Which special tool is used to pull out the bearing outer race?,Special Tool 00 8 550 and support are used to pull out bearing outer race (1).,1.0,dropped,23-118_manual-t-q02
exact-247,23-11_manual-t,23-11_manual-t-q05,What size pin should be driven in as a counterhold?,A 6 x 26 mm pin should be driven in as a counterhold.,1.0,kept,23-11_manual-t-q05
exact-247,23-177_manual-t,23-177_manual-t-q05,What size pin should be driven in as a counterhold?,A 6 x 26 mm pin should be driven in as a counterhold.,1.0,dropped,23-11_manual-t-q05
exact-248,23-172_manual-t,23-172_manual-t-q01,What special tool is needed to pull out the radial oil seal?,Special Tool 00 5 010 is needed to pull out the radial oil seal.,1.0,kept,23-172_manual-t-q01
exact-248,23-311_manual-t,23-311_manual-t-q01,What special tool is needed to pull out the radial oil seal?,Special Tool 00 5 010 is needed to pull out the radial oil seal.,1.0,dropped,23-172_manual-t-q01
exact-249,23-173a_manual-t,23-173a_manual-t-q07,What special tool is needed to pull off the output flange?,Special Tool 33 1 150 is needed to pull off the output flange.,1.0,kept,23-173a_manual-t-q07
exact-249,23-311_manual-t,23-311_manual-t-q06,What special tool is needed to pull off the output flange?,Special Tool 33 1 150 is needed to pull off the output flange.,1.0,dropped,23-173a_manual-t-q07
exact-250,34-18_brakes,34-18_brakes-q10,Where can the tightening torque specification be found for this procedure?,"The tightening torque specification is referenced to the Specifications section, as indicated by the asterisk and note at the bottom of the page.",1.0,kept,34-18_brakes-q10
exact-250,23-173a_manual-t,23-173a_manual-t-q12,Where can the tightening torque specification be found for this procedure?,"The tightening torque specification can be found in the Specifications section, as indicated by the asterisk.",1.0,dropped,34-18_brakes-q10
exact-251,23-308_manual-t,23-308_manual-t-q06,What special tool is required for driving in the radial oil seal?,Special Tool 23 1 370 is required to drive in the radial oil seal flush.,1.0,kept,23-308_manual-t-q06
exact-251,23-177_manual-t,23-177_manual-t-q02,What special tool is required for driving in the radial oil seal?,Special Tool 23 1 240 is required for driving in the radial oil seal.,1.0,dropped,23-308_manual-t-q06
exact-252,23-18_manual-t,23-18_manual-t-q02,What is the procedure number for replacing bearings of all transmission shafts?,The procedure number is 23 21 703 for replacing bearings of all transmission shafts.,1.0,kept,23-18_manual-t-q02
exact-252,23-184_manual-t,23-184_manual-t-q01,What is the procedure number for replacing bearings of all transmission shafts?,The procedure number is 23 21 703.,1.0,dropped,23-18_manual-t-q02
exact-253,23-185_manual-t,23-185_manual-t-q05,What tools are needed to drive out the grooved ball bearing?,Special Tools 23 1 120 and 00 5 500 are needed to drive out the grooved ball bearing.,1.0,kept,23-185_manual-t-q05
exact-253,23-19_manual-t,23-19_manual-t-q03,What tools are needed to drive out the grooved ball bearing?,Special Tools 23 1 120 and 00 5 500 are needed to drive out the grooved ball bearing.,1.0,dropped,23-185_manual-t-q05
exact-254,23-20_manual-t,23-20_manual-t-q01,What temperature should the rear case section be heated to in the area of the grooved ball bearing?,The rear case section should be heated to about 80°C (175°F) in the area of the grooved ball bearing.,1.0,kept,23-20_manual-t-q01
exact-254,23-186_manual-t,23-186_manual-t-q01,What temperature should the rear case section be heated to in the area of the grooved ball bearing?,The rear case section should be heated to about 80°C (175°F) with a hot air blower.,1.0,dropped,23-20_manual-t-q01
exact-255,23-188_manual-t,23-188_manual-t-q02,What type of synchromesh rings should be used for repairs?,Only use molybdenum-coated synchromesh rings for repairs.,1.0,kept,23-188_manual-t-q02
exact-255,23-22_manual-t,23-22_manual-t-q01,What type of synchromesh rings should be used for repairs?,Only use molybdenum coated synchromesh rings for repairs.,1.0,dropped,23-188_manual-t-q02
exact-256,36-06_wheels-a,36-06_wheels-a-q12,What is the source of supply reference mentioned at the bottom of the page?,HWB (Hella-Werk Behr) is listed as the source of supply.,1.0,kept,36-06_wheels-a-q12
exact-256,23-303_manual-t,23-303_manual-t-q12,What is the source of supply reference mentioned at the bottom of the page?,Source of Supply: HWB (as noted in the footnote).,1.0,dropped,36-06_wheels-a-q12
exact-257,23-322_manual-t,23-322_manual-t-q01,What temperature should the ball bearing inner race be heated to for installation?,The ball bearing inner race should be heated to approximately 80°C (175°F) with a hot air blower and slide on to output shaft.,1.0,kept,23-322_manual-t-q01
exact-257,23-306_manual-t,23-306_manual-t-q03,What temperature should the ball bearing inner race be heated to for installation?,Heat the ball bearing inner race (8) to about 80° C (175° F) with a hot air blower and slide it onto the input shaft.,1.0,dropped,23-322_manual-t-q01
exact-258,23-319_manual-t,23-319_manual-t-q04,What temperature should the bearing inner race be heated to during installation?,The bearing inner race (7) should be heated to approximately 80° C (175° F) with a hot air blower before installation.,1.0,kept,23-319_manual-t-q04
exact-258,23-308_manual-t,23-308_manual-t-q02,What temperature should the bearing inner race be heated to during installation?,Heat the bearing inner race to about 80°C (175°F) with a hot air blower and slide onto the output shaft.,1.0,dropped,23-319_manual-t-q04
exact-258,23-321_manual-t,23-321_manual-t-q01,What temperature should the bearing inner race be heated to during installation?,The bearing inner race should be heated to approximately 80°C (175°F) during installation.,1.0,dropped,23-319_manual-t-q04
exact-259,23-309_manual-t,23-309_manual-t-q12,What page number is shown at the top of this manual page?,Page number 23-309 is shown at the top of this manual page.,1.0,kept,23-309_manual-t-q12
exact-259,34-33_brakes,34-33_brakes-q10,What page number is shown at the top of this manual page?,The page number shown is 34-33.,1.0,dropped,23-309_manual-t-q12
exact-259,41-00-index-g_body-con,41-00-index-g_body-con-q06,What page number is shown at the top of this manual page?,Page 64 is shown at the top of this manual page.,1.0,dropped,23-309_manual-t-q12
exact-259,41-107_body,41-107_body-q12,What page number is shown at the top of this manual page?,Page 41-107 is shown at the top of this manual page.,1.0,dropped,23-309_manual-t-q12
exact-259,41-203c_body-con,41-203c_body-con-q09,What page number is shown at the top of this manual page?,The page number shown is 41-203 C.,1.0,dropped,23-309_manual-t-q12
exact-259,41-308_body,41-308_body-q09,What page number is shown at the top of this manual page?,The page number shown is 41-308.,1.0,dropped,23-309_manual-t-q12
exact-259,41-315_body,41-315_body-q10,What page number is shown at the top of this manual page?,Page 41-315 is shown at the top of the manual page.,1.0,dropped,23-309_manual-t-q12
exact-259,41-323_body,41-323_body-q12,What page number is shown at the top of this manual page?,The page number shown at the top is 41-323.,1.0,dropped,23-309_manual-t-q12
exact-260,65-103_radio-an,65-103_radio-an-q02,What component is labeled as number 1 in the diagram?,Component number 1 indicates the antenna wire that needs to be plugged into the jack of the radio.,1.0,kept,65-103_radio-an-q02
exact-260,25-02_gear-shi,25-02_gear-shi-q02,What component is labeled as number 1 in the diagram?,Component number 1 is the shift lever.,1.0,dropped,65-103_radio-an-q02
exact-261,25-04_gear-shi,25-04_gear-shi-q07,How should the spherical plate be positioned during installation?,Apply spherical plate so that tabs on spherical plate are aligned with openings in shift console.,1.0,kept,25-04_gear-shi-q07
exact-261,25-06_gear-shi,25-06_gear-shi-q03,How should the spherical plate be positioned during installation?,Apply spherical plate so that tabs on spherical plate are aligned with openings in shift console.,1.0,dropped,25-04_gear-shi-q07
exact-262,51-310_body-equ,51-310_body-equ-q09,What inspection should be performed during installation?,"Check rubber frame and filler strip, replacing if necessary during installation.",1.0,kept,51-310_body-equ-q09
exact-262,25-05_gear-shi,25-05_gear-shi-q08,What inspection should be performed during installation?,Check length of bolts during installation.,1.0,dropped,51-310_body-equ-q09
exact-263,25-08_gear-shi,25-08_gear-shi-q09,What is the first step in disassembling the shift lever components?,Pull off cap (1) and remove retainer (2).,1.0,kept,25-08_gear-shi-q09
exact-263,25-07_gear-shi,25-07_gear-shi-q06,What is the first step in disassembling the shift lever components?,Pull off cap (1).,1.0,dropped,25-08_gear-shi-q09
exact-264,25-11_gear-shi,25-11_gear-shi-q11,What are the BMW part numbers shown in the diagrams?,"The diagrams show part numbers 30 25 030, 30 25 047, 30 25 034, 30 25 035, and 32 25 053.",1.0,kept,25-11_gear-shi-q11
exact-264,33-01_1_rear-axl,33-01_1_rear-axl-q05,What are the BMW part numbers shown in the diagrams?,32 26 015 for the upper image and 32 26 016 for the lower image.,1.0,dropped,25-11_gear-shi-q11
exact-264,64-117_heating-,64-117_heating--q08,What are the BMW part numbers shown in the diagrams?,"The diagrams show BMW part numbers 30 64 149, 30 64 148, 30 64 147, and 30 64 146.",1.0,dropped,25-11_gear-shi-q11
exact-265,25-22_gear-shi,25-22_gear-shi-q08,What components are visible in the upper diagram?,The upper diagram shows the shift lever assembly and cable adjustment area for the range selection lever.,1.0,kept,25-22_gear-shi-q08
exact-265,26-13_propello,26-13_propello-q07,What components are visible in the upper diagram?,The upper diagram shows the front propeller shaft with the cap that needs to be removed.,1.0,dropped,25-22_gear-shi-q08
exact-265,64-122_heating-,64-122_heating--q06,What components are visible in the upper diagram?,The upper diagram shows the water valve with pipe lines and bolts that need to be unscrewed for removal.,1.0,dropped,25-22_gear-shi-q08
exact-266,26-04_propello,26-04_propello-q08,What lubricant should be used when checking the center bearing?,"Check the center, lubricating with Molykote Longterm 2 if necessary.",1.0,kept,26-04_propello-q08
exact-266,26-07_propello,26-07_propello-q09,What lubricant should be used when checking the center bearing?,"Check center, lubricating with Molykote Longterm 2 if necessary.",1.0,dropped,26-04_propello-q08
exact-267,31-24_front-ax,31-24_front-ax-q12,What reference is provided for additional information at the bottom of the page?,The reference 'See Specifications' is provided at the bottom of the page for additional information.,1.0,kept,31-24_front-ax-q12
exact-267,26-06_propello,26-06_propello-q11,What reference is provided for additional information at the bottom of the page?,See Specifications is referenced at the bottom right of the page for additional information.,1.0,dropped,31-24_front-ax-q12
exact-267,26-14_propello,26-14_propello-q11,What reference is provided for additional information at the bottom of the page?,See Specifications is referenced at the bottom of the page.,1.0,dropped,31-24_front-ax-q12
exact-268,26-08_propello,26-08_propello-q12,Where can the specific tightening torque values be found?,The tightening torque values are referenced with asterisks and can be found in the Specifications section.,1.0,kept,26-08_propello-q12
exact-268,31-06_1_front-ax,31-06_1_front-ax-q12,Where can the specific tightening torque values be found?,See Specifications (referenced by asterisk *).,1.0,dropped,26-08_propello-q12
exact-268,31-17_front-ax,31-17_front-ax-q07,Where can the specific tightening torque values be found?,See Specifications section as indicated by the asterisk notation.,1.0,dropped,26-08_propello-q12
exact-269,31-05_2_front-ax,31-05_2_front-ax-q10,What is the first step shown in the procedure?,Unscrew left and right stabilizer mounts.,1.0,kept,31-05_2_front-ax-q10
exact-269,41-320_body,41-320_body-q07,What is the first step shown in the procedure?,Mount side panel and mark cutting line.,1.0,dropped,31-05_2_front-ax-q10
exact-270,31-07_front-ax,31-07_front-ax-q07,What is the first step when removing the control arm bracket?,"Punch mark center of control arm, then unscrew control arm bracket and remove heat shield if applicable.",1.0,kept,31-07_front-ax-q07
exact-270,31-06_1_front-ax,31-06_1_front-ax-q03,What is the first step when removing the control arm bracket?,Unscrew control arm bracket.,1.0,dropped,31-07_front-ax-q07
exact-271,31-08_front-ax,31-08_front-ax-q08,What does callout number 1 indicate in the installation diagram?,Callout number 1 indicates the cast boss on the bracket where the arrow on the rubber mount should face.,1.0,kept,31-08_front-ax-q08
exact-271,54-05_hood-sun,54-05_hood-sun-q05,What does callout number 1 indicate in the installation diagram?,The 4 mm hexagon key,1.0,dropped,31-08_front-ax-q08
exact-272,51-122_body-equ,51-122_body-equ-q10,Where can additional specifications be found for this procedure?,Additional specifications can be found in the Specifications section as noted at the bottom of the page.,1.0,kept,51-122_body-equ-q10
exact-272,31-16_front-ax,31-16_front-ax-q11,Where can additional specifications be found for this procedure?,See Specifications of Gr. 31 for additional information.,1.0,dropped,51-122_body-equ-q10
exact-272,64-118_heating-,64-118_heating--q12,Where can additional specifications be found for this procedure?,See Specifications and Spare Part Microfilm.,1.0,dropped,51-122_body-equ-q10
exact-273,31-32_front-ax,31-32_front-ax-q07,What should be done with the new shaft seal before installation?,The new shaft seal should be dipped in gear lube and driven in against the stop with Special Tools 00 5 500 and 31 5 030.,1.0,kept,31-32_front-ax-q07
exact-273,31-29_front-ax,31-29_front-ax-q10,What should be done with the new shaft seal before installation?,The new shaft seal should be dipped in gear lube before being driven in against the stop with the special tools.,1.0,dropped,31-32_front-ax-q07
exact-274,33-11_rear-axl,33-11_rear-axl-q02,What does callout number 1 represent in the diagram?,"Callout number 1 represents the forward direction, as shown in the legend on the right side of the page.",1.0,kept,33-11_rear-axl-q02
exact-274,33-10_rear-axl,33-10_rear-axl-q02,What does callout number 1 represent in the diagram?,Callout number 1 represents the forward direction.,1.0,dropped,33-11_rear-axl-q02
exact-275,33-10_rear-axl,33-10_rear-axl-q04,What does the graph on the left side of the page show?,"The graph shows the relationship between displacement angle (horizontal axis from 0 to 4.5) and toe change in mm (vertical axis from 0 to 1.2), with a curved line indicating the toe change characteristics.",1.0,kept,33-10_rear-axl-q04
exact-275,33-11_rear-axl,33-11_rear-axl-q04,What does the graph on the left side of the page show?,"The graph shows the relationship between displacement angle (callout 11) and toe change (callout 12), with values ranging from 0 to 4.5 on the x-axis and 0 to 1.2 on the y-axis.",1.0,dropped,33-10_rear-axl-q04
exact-276,33-10_rear-axl,33-10_rear-axl-q08,What is the reference number shown at the bottom right of the page?,The reference number shown at the bottom right is 730 33 186.,1.0,kept,33-10_rear-axl-q08
exact-276,64-02_heating-,64-02_heating--q04,What is the reference number shown at the bottom right of the page?,The reference number shown is 30 64 001.,1.0,dropped,33-10_rear-axl-q08
exact-277,34-31_brakes,34-31_brakes-q06,How do you remove the indicator lamp from the instrument cluster?,Pull indicator lamp with bulb holder out of instrument cluster.,1.0,kept,34-31_brakes-q06
exact-277,34-33_brakes,34-33_brakes-q08,How do you remove the indicator lamp from the instrument cluster?,Pull indicator lamp with bulb holder out of instrument cluster.,1.0,dropped,34-31_brakes-q06
exact-278,34-34a_brakes,34-34a_brakes-q02,What does component 370 represent in this ABS wiring diagram?,Component 370 is the Electronic relay according to the legend.,1.0,kept,34-34a_brakes-q02
exact-278,34-34b_brakes,34-34b_brakes-q03,What does component 370 represent in this ABS wiring diagram?,Component 370 is the Electronic relay.,1.0,dropped,34-34a_brakes-q02
exact-279,35-02_pedals,35-02_pedals-q01,What is the title of this diagram section?,Control Distances for Pedal Side Clearance,1.0,kept,35-02_pedals-q01
exact-279,65-90_radio-an,65-90_radio-an-q01,What is the title of this diagram section?,SOUND SYSTEM LAYOUT,1.0,dropped,35-02_pedals-q01
exact-280,35-05_1_pedals,35-05_1_pedals-q01,What distance should the brake pedal be adjusted to on the brake master cylinder push rod?,The brake pedal should be adjusted to distance (A) on the brake master cylinder push rod.,1.0,kept,35-05_1_pedals-q01
exact-280,35-04_pedals,35-04_pedals-q02,What distance should the brake pedal be adjusted to on the brake master cylinder push rod?,Adjust brake pedal to distance (A) on the brake master cylinder push rod.,1.0,dropped,35-05_1_pedals-q01
exact-281,35-04_pedals,35-04_pedals-q03,What important limitation exists regarding movement in the brake master cylinder?,"Movement must be limited in the brake master cylinder and may not be accomplished with, for example, the stop light switch (distance B).",1.0,kept,35-04_pedals-q03
exact-281,35-05_1_pedals,35-05_1_pedals-q02,What important limitation exists regarding movement in the brake master cylinder?,"Movement must be limited in the brake master cylinder and may not be accomplished with, for example, the stop light switch (distance B).",1.0,dropped,35-04_pedals-q03
exact-282,35-05_1_pedals,35-05_1_pedals-q04,What distance should the stop light switch be adjusted to?,The stop light switch should be adjusted to distance (B).,1.0,kept,35-05_1_pedals-q04
exact-282,35-04_pedals,35-04_pedals-q05,What distance should the stop light switch be adjusted to?,Adjust stop light switch to distance (B).,1.0,dropped,35-05_1_pedals-q04
exact-283,41-012_body,41-012_body-q10,How should the transparent plastic sheet be removed?,Pull off transparent plastic sheet on one side.,1.0,kept,41-012_body-q10
exact-283,41-014_body,41-014_body-q11,How should the transparent plastic sheet be removed?,Pull off transparent plastic sheet on one side.,1.0,dropped,41-012_body-q10
exact-284,41-103_body,41-103_body-q05,Where should the car be positioned during this repair procedure?,Set up car on straightening bench. Fit in engine carrier.,1.0,kept,41-103_body-q05
exact-284,41-109_body,41-109_body-q03,Where should the car be positioned during this repair procedure?,Take up car on straightening bench.,1.0,dropped,41-103_body-q05
exact-285,65-151a_radio-an,65-151a_radio-an-q10,What section and page number is this information from?,This is page 65-151a from Section 65 covering radio and antenna procedures.,1.0,kept,65-151a_radio-an-q10
exact-285,41-103c_body-con,41-103c_body-con-q05,What section and page number is this information from?,This is page 41-103C from the service manual.,1.0,dropped,65-151a_radio-an-q10
exact-285,41-326_body,41-326_body-q08,What section and page number is this information from?,This is from page 41-326 of the service manual.,1.0,dropped,65-151a_radio-an-q10
exact-286,41-204_body,41-204_body-q02,What page should you refer to for information before starting this procedure?,Page 41-001 for information on removing or disconnecting following parts.,1.0,kept,41-204_body-q02
exact-286,41-104c_body-con,41-104c_body-con-q02,What page should you refer to for information before starting this procedure?,Refer to information on page 41 - 001 before starting this procedure.,1.0,dropped,41-204_body-q02
exact-286,41-306_body,41-306_body-q03,What page should you refer to for information before starting this procedure?,You should refer to information on page 41-001.,1.0,dropped,41-204_body-q02
exact-287,41-105_body,41-105_body-q08,What should be done if the anti-drumming compound is damaged?,Replace damaged anti-drumming compound.,1.0,kept,41-105_body-q08
exact-287,41-107_body,41-107_body-q06,What should be done if the anti-drumming compound is damaged?,Replace damaged anti-drumming compound.,1.0,dropped,41-105_body-q08
exact-288,41-106_body,41-106_body-q02,What reference page should be consulted before beginning this procedure?,Page 41-001 for information on removing or disconnecting following parts.,1.0,kept,41-106_body-q02
exact-288,41-116_body,41-116_body-q02,What reference page should be consulted before beginning this procedure?,Refer to information on page 41-001 before beginning this procedure.,1.0,dropped,41-106_body-q02
exact-289,41-108_body,41-108_body-q06,What should be done with the wire harness during this procedure?,The wire harness should be disconnected as required.,1.0,kept,41-108_body-q06
exact-289,41-306_body,41-306_body-q06,What should be done with the wire harness during this procedure?,The wire harness should be disconnected partially.,1.0,dropped,41-108_body-q06
exact-290,41-109_body,41-109_body-q01,What should be done to prepare mating surfaces before spot welding?,"Remove scrap metal, straighten and grind mating surfaces, then coat mating surfaces required for spot welding with zinc dust paint.",1.0,kept,41-109_body-q01
exact-290,41-113c_body-con,41-113c_body-con-q04,What should be done to prepare mating surfaces before spot welding?,Grind all mating surfaces to prepare them for spot welding.,1.0,dropped,41-109_body-q01
exact-291,41-109c_body-con,41-109c_body-con-q01,What is the specified spacing between plug spot welding holes?,"The spacing between holes is 40 mm (1.575"").",1.0,kept,41-109c_body-con-q01
exact-291,41-113c_body-con,41-113c_body-con-q01,What is the specified spacing between plug spot welding holes?,"The spacing between holes is 40 mm (1.575"").",1.0,dropped,41-109c_body-con-q01
exact-292,41-110c_body-con,41-110c_body-con-q06,What method is specified for applying the anti-drumming compound?,The anti-drumming compound should be sprayed on the specified areas.,1.0,kept,41-110c_body-con-q06
exact-292,41-114c_body-con,41-114c_body-con-q08,What method is specified for applying the anti-drumming compound?,The anti-drumming compound should be sprayed on the specified areas.,1.0,dropped,41-110c_body-con-q06
exact-293,41-309_body,41-309_body-q02,What page should you refer to for additional information before starting this procedure?,You should refer to information on page 41-001 before starting this procedure.,1.0,kept,41-309_body-q02
exact-293,41-111_body,41-111_body-q02,What page should you refer to for additional information before starting this procedure?,Refer to information on page 41 - 001.,1.0,dropped,41-309_body-q02
exact-293,41-114_body,41-114_body-q04,What page should you refer to for additional information before starting this procedure?,Refer to information on page 41 - 001.,1.0,dropped,41-309_body-q02
exact-293,41-115c_body-con,41-115c_body-con-q02,What page should you refer to for additional information before starting this procedure?,You should refer to information on page 41-001.,1.0,dropped,41-309_body-q02
exact-293,41-122_body,41-122_body-q02,What page should you refer to for additional information before starting this procedure?,You should refer to information on page 41-001.,1.0,dropped,41-309_body-q02
exact-294,41-111_body,41-111_body-q10,What coating should be applied to mating surfaces required for spot welding?,Coat mating surfaces required for spot welding with zinc dust paint.,1.0,kept,41-111_body-q10
exact-294,41-201_body,41-201_body-q09,What coating should be applied to mating surfaces required for spot welding?,Coat mating surfaces required for spot welding with zinc dust paint.,1.0,dropped,41-111_body-q10
exact-295,41-114c_body-con,41-114c_body-con-q03,Where should the anti-drumming compound be applied?,"Spray an anti-drumming compound on underside of car, wheel housings and tail panel from underneath.",1.0,kept,41-114c_body-con-q03
exact-295,41-305c_body-con,41-305c_body-con-q07,Where should the anti-drumming compound be applied?,Replace damaged anti-drumming compound in trunk and on outside.,1.0,dropped,41-114c_body-con-q03
exact-296,54-19_hood-sun,54-19_hood-sun-q10,What is the source reference indicated at the bottom of the page?,"The source reference is HWB, as indicated by the asterisk at the bottom of the page.",1.0,kept,54-19_hood-sun-q10
exact-296,41-120_body,41-120_body-q06,What is the source reference indicated at the bottom of the page?,Source: HWB,1.0,dropped,54-19_hood-sun-q10
exact-297,41-208_body,41-208_body-q05,Where should holes be drilled for plug spot welding?,Drill holes for plug spot welding at joint with entrance.,1.0,kept,41-208_body-q05
exact-297,41-214_body,41-214_body-q02,Where should holes be drilled for plug spot welding?,Drill holes for plug spot welding in rear mating surface.,1.0,dropped,41-208_body-q05
exact-298,41-209_body,41-209_body-q01,What is the first step shown in the body panel repair sequence?,Braze outside edge on entrance.,1.0,kept,41-209_body-q01
exact-298,41-316_body,41-316_body-q01,What is the first step shown in the body panel repair sequence?,Braze B pillar joint.,1.0,dropped,41-209_body-q01
exact-299,41-210_body,41-210_body-q07,What is the source reference noted at the bottom of the page?,The source reference is HWB.,1.0,kept,41-210_body-q07
exact-299,41-311_body,41-311_body-q10,What is the source reference noted at the bottom of the page?,The source reference is HWB.,1.0,dropped,41-210_body-q07
exact-299,41-333_body,41-333_body-q10,What is the source reference noted at the bottom of the page?,The source reference is HWB.,1.0,dropped,41-210_body-q07
exact-300,41-315_body,41-315_body-q07,How many different spot welding locations are shown for the side panel?,"Four different spot welding locations are shown for the side panel: general side panel, side panel in wheel opening, side panel area, and side panel in area of trunk.",1.0,kept,41-315_body-q07
exact-300,41-303c_body-con,41-303c_body-con-q10,How many different spot welding locations are shown for the side panel?,"Four different spot welding locations are shown: top box, wheel opening surface, side member cover and B pillar, and trunk floor plate.",1.0,dropped,41-315_body-q07
exact-301,41-501_body,41-501_body-q05,What thickness washers should be used for basic door adjustments?,"Basic adjustments should be made with 1 mm (0.039"") thick washers (1).",1.0,kept,41-501_body-q05
exact-301,41-505_body,41-505_body-q04,What thickness washers should be used for basic door adjustments?,"Make basic adjustments with 1 mm (0.039"") thick washers.",1.0,dropped,41-501_body-q05
exact-302,41-502_body,41-502_body-q01,What is the first step when adjusting the door lock?,Loosen the Torx bolts.,1.0,kept,41-502_body-q01
exact-302,41-506_body,41-506_body-q01,What is the first step when adjusting the door lock?,Loosen the Torx bolts.,1.0,dropped,41-502_body-q01
exact-303,51-123_body-equ,51-123_body-equ-q11,What measurement dimension is labeled as 'A' in the bottom diagram?,Dimension 'A' represents the critical distance that must not be less than 39 mm (1.535 inches) after repairing accident damage.,1.0,kept,51-123_body-equ-q11
exact-303,51-116_body-equ,51-116_body-equ-q11,What measurement dimension is labeled as 'A' in the bottom diagram?,"Dimension 'A' represents the distance that must not be less than 52 ± 1 mm (2.047 ± 0.039"") after repairing accident damage.",1.0,dropped,51-123_body-equ-q11
exact-304,51-215_body-equ,51-215_body-equ-q06,What should be done with damaged plastic sheet during installation?,Replace damaged plastic sheet.,1.0,kept,51-215_body-equ-q06
exact-304,51-320_body-equ,51-320_body-equ-q04,What should be done with damaged plastic sheet during installation?,Replace damaged plastic sheet.,1.0,dropped,51-215_body-equ-q06
exact-305,51-712_body-equ,51-712_body-equ-q12,What are the BMW part numbers visible in the diagrams?,"30 51 648, 30 51 649, 30 51 650, 30 51 651, 30 51 652, and 30 51 656 are visible as diagram reference numbers.",1.0,kept,51-712_body-equ-q12
exact-305,51-230_body-equ,51-230_body-equ-q12,What are the BMW part numbers visible in the diagrams?,"30 51 347, 30 51 348, 30 51 349, and 30 51 351 are visible in the diagrams.",1.0,dropped,51-712_body-equ-q12
exact-306,51-325_body-equ,51-325_body-equ-q02,What should be done with the plastic sheet during installation?,Replace the damaged plastic sheet during installation.,1.0,kept,51-325_body-equ-q02
exact-306,51-261_body-equ,51-261_body-equ-q03,What should be done with the plastic sheet during installation?,Replace damaged plastic sheet.,1.0,dropped,51-325_body-equ-q02
exact-307,51-324_body-equ,51-324_body-equ-q11,What should be done with damaged plastic sheet on convertibles?,Replace damaged plastic sheet during installation.,1.0,kept,51-324_body-equ-q11
exact-307,51-330_body-equ,51-330_body-equ-q10,What should be done with damaged plastic sheet on convertibles?,Replace damaged plastic sheet.,1.0,dropped,51-324_body-equ-q11
exact-308,51-710_body-equ,51-710_body-equ-q04,What does callout number 1 indicate in the diagram?,Callout number 1 indicates the temperature sensor that should be pulled off if applicable during spoiler removal.,1.0,kept,51-710_body-equ-q04
exact-308,52-201_seats,52-201_seats-q05,What does callout number 1 indicate in the diagram?,Callout number 1 indicates the bolt that needs to be unscrewed to remove the seat cushion.,1.0,dropped,51-710_body-equ-q04
exact-309,51-711_body-equ,51-711_body-equ-q08,What special preparation is required for grommets before installation?,Grommets must have softened for some time in water before installation.,1.0,kept,51-711_body-equ-q08
exact-309,51-716_body-equ,51-716_body-equ-q03,What special preparation is required for grommets before installation?,Grommets must be softened in water for some time prior to installation.,1.0,dropped,51-711_body-equ-q08
exact-310,52-201_seats,52-201_seats-q11,What is the reference number shown at the bottom of the diagram?,The reference number shown at the bottom is 30 52 033.,1.0,kept,52-201_seats-q11
exact-310,51-713_body-equ,51-713_body-equ-q12,What is the reference number shown at the bottom of the diagram?,The reference number shown is 430 51 653.,1.0,dropped,52-201_seats-q11
exact-311,51-804_body-equ,51-804_body-equ-q05,What should I do if there's a break in the blue or white wire to the drive?,Repair the break in the (blue) or (white) wire to drive.,1.0,kept,51-804_body-equ-q05
exact-311,51-803_body-equ,51-803_body-equ-q05,What should I do if there's a break in the blue or white wire to the drive?,Repair the wire break.,1.0,dropped,51-804_body-equ-q05
exact-312,62-04_instrume,62-04_instrume-q08,What is shown in diagram 30 62 013?,The diagram shows instruments with carrier being taken out of housing and the instrument cluster components.,1.0,kept,62-04_instrume-q08
exact-312,62-03_instrume,62-03_instrume-q07,What is shown in diagram 30 62 013?,Taking instruments with carrier out of housing.,1.0,dropped,62-04_instrume-q08
exact-313,64-502_heating-,64-502_heating--q03,What components are labeled as 1 and 2 in the first diagram?,The diagram shows plugs 1 and 2 that need to be pulled off during the procedure.,1.0,kept,64-502_heating--q03
exact-313,64-10_heating-,64-10_heating--q03,What components are labeled as 1 and 2 in the first diagram?,Component 1 is the protective cap and component 2 is the valve core remover.,1.0,dropped,64-502_heating--q03
exact-314,64-113_heating-,64-113_heating--q07,What is the installation requirement for the cable sleeve?,Cable sleeve (1) must be flush with stop (2).,1.0,kept,64-113_heating--q07
exact-314,64-110_heating-,64-110_heating--q09,What is the installation requirement for the cable sleeve?,Cable sleeve (1) must be flush on stop (2).,1.0,dropped,64-113_heating--q07
exact-315,65-151a_radio-an,65-151a_radio-an-q05,Where should the backrest be engaged during installation?,Engage the backrest in the upper holder during installation.,1.0,kept,65-151a_radio-an-q05
exact-315,65-101a_radio-an,65-101a_radio-an-q08,Where should the backrest be engaged during installation?,Engage backrest in (upper) holder.,1.0,dropped,65-151a_radio-an-q05
exact-316,bmwtorquespecs-004,bmwtorquespecs-004-q04,What BMW standard document should I refer to for the applicable range of tightening torques?,BMW N 600 02.0,1.0,kept,bmwtorquespecs-004-q04
exact-316,bmwtorquespecs-006,bmwtorquespecs-006-q04,What BMW standard document should I refer to for the applicable range of tightening torques?,BMW N 600 02.0,1.0,dropped,bmwtorquespecs-004-q04
exact-317,bmwtorquespecs-009,bmwtorquespecs-009-q08,What two thread types are covered in this torque specification table?,M16 thread and M16x1.5 thread,1.0,kept,bmwtorquespecs-009-q08
exact-317,bmwtorquespecs-006,bmwtorquespecs-006-q08,What two thread types are covered in this torque specification table?,M10 thread and M10x1 thread,1.0,dropped,bmwtorquespecs-009-q08
exact-318,bmwtorquespecs-062,bmwtorquespecs-062-q09,What unit of measurement is used for all torque values in this table?,Nm (Newton meters).,1.0,kept,bmwtorquespecs-062-q09
exact-318,bmwtorquespecs-008,bmwtorquespecs-008-q09,What unit of measurement is used for all torque values in this table?,Nm (ft. lbs.),1.0,dropped,bmwtorquespecs-062-q09
exact-319,bmwtorquespecs-033,bmwtorquespecs-033-q07,Which section of the manual does this torque specification table belong to?,"11 - 23 Engine, section 11 33 Rocker Arms/Drag Arms and Bearings",1.0,kept,bmwtorquespecs-033-q07
exact-319,bmwtorquespecs-027,bmwtorquespecs-027-q08,Which section of the manual does this torque specification table belong to?,"Section 11-17 Engine, subsection 11 23 Vibration Damper.",1.0,dropped,bmwtorquespecs-033-q07
exact-319,bmwtorquespecs-037,bmwtorquespecs-037-q08,Which section of the manual does this torque specification table belong to?,"11 - 27 Engine, section 11 42 Oil Filter and Pipes",1.0,dropped,bmwtorquespecs-033-q07
exact-319,bmwtorquespecs-063,bmwtorquespecs-063-q06,Which section of the manual does this torque specification table belong to?,12 - 13 Engine Electrical System,1.0,dropped,bmwtorquespecs-033-q07
exact-320,bmwtorquespecs-046,bmwtorquespecs-046-q10,Which section of the manual does this torque specification table cover?,This table covers section 11 65 Turbocharger and Control under the 11 - 36 Engine category.,1.0,kept,bmwtorquespecs-046-q10
exact-320,bmwtorquespecs-036,bmwtorquespecs-036-q07,Which section of the manual does this torque specification table cover?,11 41 Oil Pump with Strainer and Drive under section 11 - 26 Engine,1.0,dropped,bmwtorquespecs-046-q10
exact-320,bmwtorquespecs-061,bmwtorquespecs-061-q04,Which section of the manual does this torque specification table cover?,"12-11 Engine Electrical Equipment, specifically 12 52 Plug Connectors, Terminals",1.0,dropped,bmwtorquespecs-046-q10
exact-320,bmwtorquespecs-095,bmwtorquespecs-095-q06,Which section of the manual does this torque specification table cover?,"Section 23-2 Manual transmission, specifically 23 00 Transmission Assembly.",1.0,dropped,bmwtorquespecs-046-q10
exact-321,bmwtorquespecs-043,bmwtorquespecs-043-q07,What component is referenced as 1AZ in the torque specifications?,Intake manifold on cylinder head,1.0,kept,bmwtorquespecs-043-q07
exact-321,bmwtorquespecs-111,bmwtorquespecs-111-q09,What component is referenced as 1AZ in the torque specifications?,Valve body to transmission.,1.0,dropped,bmwtorquespecs-043-q07
exact-322,bmwtorquespecs-117,bmwtorquespecs-117-q10,What document reference and date are shown at the top of this page?,Document reference AZD24-15.frb dated 20/10/97.,1.0,kept,bmwtorquespecs-117-q10
exact-322,bmwtorquespecs-058,bmwtorquespecs-058-q10,What document reference and date are shown at the top of this page?,AZD12-5A.frb dated 20/10/97,1.0,dropped,bmwtorquespecs-117-q10
exact-323,bmwtorquespecs-127,bmwtorquespecs-127-q08,What special note is provided for the oil pressure switch installation?,Note: oil and screw in,1.0,kept,bmwtorquespecs-127-q08
exact-323,bmwtorquespecs-063,bmwtorquespecs-063-q05,What special note is provided for the oil pressure switch installation?,Oil and screw in,1.0,dropped,bmwtorquespecs-127-q08
exact-324,bmwtorquespecs-073,bmwtorquespecs-073-q07,What section of the manual does this page cover?,"This page covers section 13-6, Fuel metering and regulation system, specifically 13 53 Fuel Injection Nozzles and Pipes.",1.0,kept,bmwtorquespecs-073-q07
exact-324,bmwtorquespecs-084,bmwtorquespecs-084-q10,What section of the manual does this page cover?,"16-4 Fuel Tank and Fuel Lines, specifically 16 14 Fuel Pump",1.0,dropped,bmwtorquespecs-073-q07
exact-325,bmwtorquespecs-099,bmwtorquespecs-099-q10,What chapter does this torque specification table belong to?,Chapter 23-6 Manual Transmission.,1.0,kept,bmwtorquespecs-099-q10
exact-325,bmwtorquespecs-078,bmwtorquespecs-078-q05,What chapter does this torque specification table belong to?,13 - 11 Fuel System,1.0,dropped,bmwtorquespecs-099-q10
exact-326,html-320is-techspec,html-320is-techspec-q11,What is the 1200 kg?,The 1200 kg for the BMW E30 320is is 1190 kg .,1.0,kept,html-320is-techspec-q11
exact-326,html-m3-techspec,html-m3-techspec-q11,What is the 1200 kg?,The 1200 kg for the BMW E30 M3 is ??? kg .,1.0,dropped,html-320is-techspec-q11
semantic-001,getrag-001,getrag-001-q07,How many new springs for the syncro hubs were obtained?,Nine new springs for the syncro hubs were obtained.,0.9722858667373657,kept,getrag-001-q07
semantic-001,-001,-001-q06,How many new springs were bought for the syncro hubs?,9 new springs were bought for the syncro hubs.,0.9722858667373657,dropped,getrag-001-q07
semantic-002,getrag-001,getrag-001-q08,What additional parts were purchased along with the syncro rings and springs?,Gaskets and seals were purchased along with the syncro rings and springs.,0.9896976947784424,kept,getrag-001-q08
semantic-002,-001,-001-q07,What additional parts were purchased besides syncro rings and springs?,Gaskets/seals were also purchased prior to disassembly.,0.9896976947784424,dropped,getrag-001-q08
semantic-003,-001,-001-q10,What issue did the author encounter when trying to remove the gearbox?,The weight of the gearbox was unexpected and it did not help that the author had the drain bung out while trying to manhandle it out from under the M3 on axle stands.,0.9111340641975403,kept,-001-q10
semantic-003,-001,-001-q09,Was removing the gearbox difficult according to the author?,"Removing the gearbox was straightforward enough except for the weight, which the author was not expecting.",0.9111340641975403,dropped,-001-q10
semantic-004,getrag-002,getrag-002-q10,What type of damage was observed on the input shaft shim?,"The shim showed signs of impact damage, appearing cracked as if it had taken a pounding.",0.9616268277168274,kept,getrag-002-q10
semantic-004,-002,-002-q03,What specific damage was found on one of the input shaft shims?,One of the input shaft shims looked like it had taken a pounding and was all cracked.,0.9616268277168274,dropped,getrag-002-q10
semantic-004,-002,-002-q11,What type of damage pattern was observed on the problematic input shaft shim?,"The shim looked like it had taken a pounding, suggesting impact or stress damage.",0.9616268277168274,dropped,getrag-002-q10
semantic-004,getrag-002,getrag-002-q02,What damage was found to one of the input shaft shims?,One of the input shaft shims looked like it had taken a pounding and was all cracked.,0.9616268277168274,dropped,getrag-002-q10
semantic-005,-002,-002-q05,What type of tool is recommended to remove the main selector shaft detent spring and plunger?,It is recommended to use a hammer to pry it out with screwdrivers type of thing.,0.9146413207054138,kept,-002-q05
semantic-005,getrag-002,getrag-002-q06,What type of tool is recommended for removing the detent spring and plunger?,A hammer and pry bar with screwdrivers type of thing is recommended for removal.,0.9146413207054138,dropped,-002-q05
semantic-006,-002,-002-q06,What transmission components are visible in the disassembled state in the lower image?,"The input shaft, various seals, gaskets, and what appears to be the front housing with the transmission case are visible.",0.916358470916748,kept,-002-q06
semantic-006,-016,-016-q04,What transmission components are visible in the disassembled parts?,"Gears with teeth, bearings, a main housing/case component, and various rings or synchronizer components.",0.916358470916748,dropped,-002-q06
semantic-007,getrag-002,getrag-002-q11,How should the detent spring and plunger be removed?,Use a hammer to pry it out with screwdrivers-type tools to remove the components from the front housing.,0.9538664221763611,kept,getrag-002-q11
semantic-007,-002,-002-q10,What method is suggested for removing the detent spring and plunger?,Using a hammer to pry it out with screwdrivers is the suggested method.,0.9538664221763611,dropped,getrag-002-q11
semantic-008,getrag-003,getrag-003-q01,What component is being held in the hand in the top image?,"A roll pin, specifically the 2nd 3rd hub roll pin that needs to be removed during the rebuild process.",0.9477691054344177,kept,getrag-003-q01
semantic-008,-003,-003-q04,What component is being held in the person's hand in the top image?,A small roll pin is being held in the person's palm.,0.9477691054344177,dropped,getrag-003-q01
semantic-009,getrag-004,getrag-004-q05,What brand of measuring calipers is shown in the image?,Mitutoyo brand digital calipers are shown in the image.,0.9105269908905029,kept,getrag-004-q05
semantic-009,-004,-004-q03,What brand of digital calipers is being used for the measurement?,Mitutoyo ABSOLUTE digital calipers are being used.,0.9105269908905029,dropped,getrag-004-q05
semantic-010,getrag-004,getrag-004-q04,Which seal is specifically mentioned as being important to measure before removal?,The input shaft seal is specifically mentioned as being important to measure before removal.,0.9970255494117737,kept,getrag-004-q04
semantic-010,-004,-004-q04,Which seal is specifically mentioned as important to measure before removal?,The input shaft seal is specifically mentioned as important to measure before removal.,0.9970255494117737,dropped,getrag-004-q04
semantic-011,-004,-004-q08,What precision do the digital calipers provide for measurements?,The digital calipers provide measurements to 0.01 mm precision based on the display showing 1.74 mm.,0.9214412569999695,kept,-004-q08
semantic-011,getrag-004,getrag-004-q09,What type of measurement precision is shown by the caliper?,The caliper shows measurement precision to 0.01 mm (hundredths of a millimeter).,0.9214412569999695,dropped,-004-q08
semantic-012,31-03_front-ax,31-03_front-ax-q09,What component is shown being removed in the top left image?,The top left image shows the engine damper being unscrewed from the front axle carrier on four cylinder models.,0.9600168466567993,kept,31-03_front-ax-q09
semantic-012,-005,-005-q01,What component is shown being removed in the first image?,4-5 sync hub removed.,0.9600168466567993,dropped,31-03_front-ax-q09
semantic-012,getrag-005,getrag-005-q01,What component has been removed in the first image?,The 4-5 sync hub has been removed.,0.9600168466567993,dropped,31-03_front-ax-q09
semantic-013,-006,-006-q09,What is the condition of the shaft shown in the image?,"The shaft appears to be in good condition with clean, machined surfaces and intact splined sections.",0.9852357506752014,kept,-006-q09
semantic-013,getrag-006,getrag-006-q11,What is the condition of the shaft shown in the photograph?,"The shaft appears to be in good condition with clean, undamaged splines and gear teeth visible.",0.9852357506752014,dropped,-006-q09
semantic-014,getrag-008,getrag-008-q08,What type of surface is this component resting on in the image?,The component is resting on what appears to be a colorful striped shop rag or towel.,0.969826877117157,kept,getrag-008-q08
semantic-014,-006,-006-q11,What type of surface is the component resting on in the image?,The component is resting on a colorful striped cloth or towel surface.,0.969826877117157,dropped,getrag-008-q08
semantic-015,getrag-007,getrag-007-q03,Where were the replacement ball bearings sourced from?,"The bearing shop told them it was an unusual size and BMW NLA part, so replacement ball bearings were found through a quick search on eBay.",0.9297996759414673,kept,getrag-007-q03
semantic-015,-007,-007-q04,Where were the replacement bearings sourced from?,The replacement bearings were found on eBay after a lucky quick search.,0.9297996759414673,dropped,getrag-007-q03
semantic-016,getrag-009,getrag-009-q01,What coating process was used on the hardware parts after bead blasting?,The hardware parts were gold Zinc coated after bead blasting.,0.9705457091331482,kept,getrag-009-q01
semantic-016,-009,-009-q02,What type of coating was applied to the hardware parts after bead blasting?,Gold Zinc coating was applied to the hardware parts.,0.9705457091331482,dropped,getrag-009-q01
semantic-017,-009,-009-q07,What solution was used to address the reverse gear shimming problem?,A shim from a classic Mini suspension ball joint was used to solve the reverse gear shimming issue.,0.9391031265258789,kept,-009-q07
semantic-017,-009,-009-q06,What issue was encountered during the shimming process for reverse gear?,Shimming for reverse was dodgy with too thin a shim in there.,0.9391031265258789,dropped,-009-q07
semantic-017,getrag-009,getrag-009-q04,What problem was encountered during shimming for reverse gear?,Shimming for reverse was dodgy with too thin a shim in there.,0.9391031265258789,dropped,-009-q07
semantic-018,-010,-010-q10,What is visible in the background of this image?,A small container or bottle with labeling is visible in the background on what appears to be a work surface.,0.9565029740333557,kept,-010-q10
semantic-018,getrag-010,getrag-010-q11,What is visible in the background of the image?,There appears to be a small container or bottle with markings visible in the background.,0.9565029740333557,dropped,-010-q10
semantic-019,getrag-012,getrag-012-q07,What type of workspace setup is shown in the bottom image?,"A workshop bench setup with the transmission disassembled, showing the internal components laid out for inspection or repair work.",0.956312894821167,kept,getrag-012-q07
semantic-019,-012,-012-q11,What workspace setup is shown in the lower image?,"A workshop bench with laptop, specialized tools, and transmission components laid out for repair work.",0.956312894821167,dropped,getrag-012-q07
semantic-020,getrag-014,getrag-014-q03,What gear components are visible in the top image?,"The top image shows the reverse gear loose and 1st reverse synchro hub assembly with helical gear teeth, along with the transmission case housing.",0.9072707891464233,kept,getrag-014-q03
semantic-020,-014,-014-q03,What type of gear is visible in the top left portion of the first image?,A gear with teeth that appears to be part of the reverse gear assembly.,0.9072707891464233,dropped,getrag-014-q03
semantic-020,getrag-007,getrag-007-q06,What type of gear is shown in the main photograph?,"The photograph shows a helical gear with angled teeth, likely the 2nd gear that was being removed from the syncro hub.",0.9072707891464233,dropped,getrag-014-q03
semantic-021,-015,-015-q03,What cleaning method worked best for general cleaning of the transmission components?,"Scrubbing with brass pot scrub pad worked best for general cleaning, though this made areas extra shiny which was not what the author was trying to achieve.",0.9428338408470154,kept,-015-q03
semantic-021,getrag-015,getrag-015-q03,What cleaning method worked best for general cleaning of the transmission parts?,"Scrubbing with brass pot scrub pad worked best for general cleaning, though this made areas extra shiny which was not the desired result.",0.9428338408470154,dropped,-015-q03
semantic-021,getrag-016,getrag-016-q01,What cleaning method is described for treating transmission components?,"Soaking in hot water with clothes wash powder, which has the effect of lightly eating at the surface by being slightly acidic.",0.9428338408470154,dropped,-015-q03
semantic-021,getrag-022,getrag-022-q07,What cleaning method is being used for the transmission components?,An ultrasonic cleaning basket is being used to clean the transmission components.,0.9428338408470154,dropped,-015-q03
semantic-022,-015,-015-q04,What approach did the author take when wiring the hub assembly?,The author wired all the hub assembly together and tried not to mix up things too much.,0.9866683483123779,kept,-015-q04
semantic-022,getrag-015,getrag-015-q04,What approach did the author take when wiring the hub assembly together?,The author wired all the hub assembly together and tried not to mix up things too much.,0.9866683483123779,dropped,-015-q04
semantic-023,getrag-015,getrag-015-q05,What types of gears are visible in the transmission disassembly?,"Various helical gears of different sizes are visible, including what appears to be input shaft gears and layshaft gears with different tooth counts.",0.9213014245033264,kept,getrag-015-q05
semantic-023,-015,-015-q05,What types of gears are visible in the transmission components?,"Multiple helical gears of different sizes are visible, including what appears to be input shaft gears and layshaft gears with machined teeth.",0.9213014245033264,dropped,getrag-015-q05
semantic-024,-015,-015-q10,What issue did the brass pot scrub pad create during cleaning?,"The brass pot scrub pad made areas extra shiny, which was not what the author was trying to achieve during the cleaning process.",0.9427788257598877,kept,-015-q10
semantic-024,getrag-015,getrag-015-q11,What was the undesired result when using brass pot scrub pad for cleaning?,"Using the brass pot scrub pad made areas extra shiny, which was not what the author was trying to achieve.",0.9427788257598877,dropped,-015-q10
semantic-025,getrag-016,getrag-016-q06,What research method was mentioned before trying the cleaning procedure?,Researching on the computer before trying the soaking method with hot water and clothes wash powder.,0.9857383370399475,kept,getrag-016-q06
semantic-025,-016,-016-q06,What research method was used before attempting the cleaning procedure?,Researching on the computer.,0.9857383370399475,dropped,getrag-016-q06
semantic-026,getrag-016,getrag-016-q08,What is the final step in the cleaning and protection process?,Finally coating the parts in oiodine to form a protective layer against future corrosion.,0.9768275022506714,kept,getrag-016-q08
semantic-026,-016,-016-q09,What is the final step in the cleaning and protection procedure?,Finally coated in oiodine to form a protective layer.,0.9768275022506714,dropped,getrag-016-q08
semantic-027,getrag-017,getrag-017-q05,What is the author's approach to restoration work mentioned in the text?,The author likes the challenge of not only trying to fix things but bringing them to factory new condition.,0.9628278017044067,kept,getrag-017-q05
semantic-027,-017,-017-q07,What is the author's approach to restoration work?,The author likes the challenge of not only trying to fix things but bring them to factory new condition.,0.9628278017044067,dropped,getrag-017-q05
semantic-028,-019,-019-q05,What surface are the transmission components placed on in the first image?,The transmission components are placed on grass in the first image.,0.9309117197990417,kept,-019-q05
semantic-028,getrag-019,getrag-019-q07,What type of surface are the transmission parts placed on in the top image?,The transmission parts are placed on grass.,0.9309117197990417,dropped,-019-q05
semantic-029,-020,-020-q01,What is the mileage mentioned for the wear assessment of the syncros?,The wear from 160K od KMs is quite minimal according to the text shown.,0.9489205479621887,kept,-020-q01
semantic-029,getrag-020,getrag-020-q01,What is the mileage mentioned for the wear assessment in the syncro comparison?,"160K od KMs (160,000 kilometers)",0.9489205479621887,dropped,-020-q01
semantic-030,getrag-012,getrag-012-q03,What type of transmission components are visible in the top image?,"The top image shows transmission components including what appears to be a starter drive gear or pinion gear with splined teeth, along with bearing races or seals.",0.912261962890625,kept,getrag-012-q03
semantic-030,-020,-020-q05,What can be seen in the top image regarding transmission components?,The top image shows a large gear with teeth and what appears to be a bearing assembly or synchronizer hub with a golden/brass colored ring.,0.912261962890625,dropped,getrag-012-q03
semantic-031,getrag-021,getrag-021-q10,What is the specification range for forward syncros?,Forward syncros 1.0 to 1.3mm.,0.9333082437515259,kept,getrag-021-q10
semantic-031,-021,-021-q06,What is the specification range for forward synchronizers?,Forward syncos 1.0 to 1.3mm.,0.9333082437515259,dropped,getrag-021-q10
semantic-032,23-181_manual-t,23-181_manual-t-q11,What are the BMW part numbers shown for the components in this assembly sequence?,"The BMW part numbers shown are 630 23 253, 630 23 254, 630 23 255, 630 23 256, 630 23 293, and 630 23 294.",0.9231119751930237,kept,23-181_manual-t-q11
semantic-032,-021,-021-q09,What part numbers are visible on the BMW parts packages in the image?,Part numbers visible include 23-12-1-282-394-B0E and 23-23-1-202-739-M260.,0.9231119751930237,dropped,23-181_manual-t-q11
semantic-032,23-309_manual-t,23-309_manual-t-q05,What BMW part numbers are shown in the upper diagram?,"Part numbers 23 1 210, 23 1 200, and 23 0 020 are shown in the upper diagram.",0.9231119751930237,dropped,23-181_manual-t-q11
semantic-032,41-329_body,41-329_body-q10,What BMW part number is shown in the bottom right image?,BMW part number 30 41 401 is shown in the bottom right image.,0.9231119751930237,dropped,23-181_manual-t-q11
semantic-032,51-770_body-equ,51-770_body-equ-q12,What are the BMW part numbers shown in the images?,"The images show BMW part numbers 30 51 616, 30 51 614, and 30 51 615.",0.9231119751930237,dropped,23-181_manual-t-q11
semantic-033,getrag-022,getrag-022-q01,Which shift rod from the left is identified as the input shaft?,The shift rod 2nd from the left is the input shaft and you can notice the rings around it.,0.9844350814819336,kept,getrag-022-q01
semantic-033,-022,-022-q01,Which shift rod from the left is the input shaft?,The shift rod 2nd from the left is the input shaft.,0.9844350814819336,dropped,getrag-022-q01
semantic-034,-022,-022-q03,What is the shaft coated in to prevent corrosion?,The shaft is coated in what looks like zinc to stop corrosion.,0.9467282295227051,kept,-022-q03
semantic-034,getrag-022,getrag-022-q02,What coating is applied to the shaft to prevent corrosion?,The shaft is coated in what looks like zinc to stop corrosion.,0.9467282295227051,dropped,-022-q03
semantic-035,-022,-022-q06,What component is shown in the ultrasonic cleaner basket?,A transmission component with multiple bolt holes and a central shaft opening is shown in the ultrasonic cleaner basket.,0.9792620539665222,kept,-022-q06
semantic-035,getrag-022,getrag-022-q06,What component is shown in the ultrasonic cleaning basket?,A transmission component with visible bolt holes and mounting points is shown in the ultrasonic cleaning basket.,0.9792620539665222,dropped,-022-q06
semantic-036,35-05_1_pedals,35-05_1_pedals-q10,What component is shown in the lower photograph on the page?,The lower photograph shows the stop light switch component with part number 30 35 468.,0.9198682904243469,kept,35-05_1_pedals-q10
semantic-036,-022,-022-q10,What component is shown in the lower image?,A polished shift rod or shaft component is shown in the lower image.,0.9198682904243469,dropped,35-05_1_pedals-q10
semantic-036,12-101_engine-e,12-101_engine-e-q08,What component is shown in the bottom right corner image?,Pressure sensor (see Gr. 13).,0.9198682904243469,dropped,35-05_1_pedals-q10
semantic-036,getrag-008,getrag-008-q02,What type of component is shown in the main image?,A synchronizer assembly or synchro ring component from the transmission.,0.9198682904243469,dropped,35-05_1_pedals-q10
semantic-037,-023,-023-q02,What does the author note about the cost of this gearbox part?,This is the single most expensive part I bought for the gearbox enough to make your eyes water.,0.9458203911781311,kept,-023-q02
semantic-037,getrag-023,getrag-023-q02,"According to the text, what is notable about the cost of this gearbox part?",This is the single most expensive part I bought for the gearbox enough to make your eyes water.,0.9458203911781311,dropped,-023-q02
semantic-038,00-07_maintena,00-07_maintena-q07,What type of inspection is required for the exhaust system and catalytic converter?,"Visual inspection for correct installation, routing, damage or leaks.",0.9147151112556458,kept,00-07_maintena-q07
semantic-038,00-01_maintena,00-01_maintena-q11,What type of inspection is required for the exhaust system?,Visual inspection to check exhaust system for correct installation.,0.9147151112556458,dropped,00-07_maintena-q07
semantic-039,00-02_maintena,00-02_maintena-q12,What reference note is provided at the bottom of the page regarding operating fluids?,After Introduction of: Operating-Fluids-File is noted at the bottom of the page.,0.9631977677345276,kept,00-02_maintena-q12
semantic-039,00-01_maintena,00-01_maintena-q12,What reference is provided at the bottom of the page regarding operating fluids?,After Introduction of: Operating-Fluids-File.,0.9631977677345276,dropped,00-02_maintena-q12
semantic-040,00-01_torque-s,00-01_torque-s-q03,By what percentage must the tightening torque be reduced for cadmium-plated screws compared to the table values?,The tightening torque must be 30% less than shown in the table.,0.9603341817855835,kept,00-01_torque-s-q03
semantic-040,00-torque-specs-002,00-torque-specs-002-q05,By what percentage must the tightening torque be reduced for cadmium-plated screws?,30% less than shown in the table,0.9603341817855835,dropped,00-01_torque-s-q03
semantic-040,bmwtorquespecs-002,bmwtorquespecs-002-q04,"For cadmium-plated screws or nuts, what percentage less should the tightening torque be compared to the table values?",30% less than shown in the table,0.9603341817855835,dropped,00-01_torque-s-q03
semantic-041,00-03_maintena,00-03_maintena-q09,Which special equipment items should be checked during pre-delivery inspection?,"Check function of other special equipment, e.g.: electric windows front and rear, sun roof in all positions, fog lights and aiming, electric radio antenna and speaker balance control. Check other equipment installed by dealer.",0.9141314029693604,kept,00-03_maintena-q09
semantic-041,00-02_maintena,00-02_maintena-q11,What additional items should be checked if applicable according to the pre-delivery inspection?,"If applicable, program on board computer and check operation of lever and push button control.",0.9141314029693604,dropped,00-03_maintena-q09
semantic-042,00-02_torque-s,00-02_torque-s-q01,What is the maximum tightening torque for an M4 8.8 screw?,2.9 Nm (ft. lbs.),0.9200634956359863,kept,00-02_torque-s-q01
semantic-042,00-torque-specs-003,00-torque-specs-003-q01,What is the torque specification for an M4 8.8 screw?,2.9 Nm (ft. lbs.),0.9200634956359863,dropped,00-02_torque-s-q01
semantic-043,00-02_torque-s,00-02_torque-s-q09,What is the torque specification for an M5 12.9 bolt?,10.0 Nm (ft. lbs.),0.9311418533325195,kept,00-02_torque-s-q09
semantic-043,00-02_torque-s,00-02_torque-s-q02,What torque specification should I use for an M5 10.9 bolt?,8.3 Nm (ft. lbs.),0.9311418533325195,dropped,00-02_torque-s-q09
semantic-043,00-04_torque-s,00-04_torque-s-q02,What torque specification should I use for an M8 10.9 bolt?,34 Nm (ft. lbs.),0.9311418533325195,dropped,00-02_torque-s-q09
semantic-043,00-07_torque-s,00-07_torque-s-q02,What torque specification should I use for an M14 10.9 bolt?,180 Nm (ft. lbs.),0.9311418533325195,dropped,00-02_torque-s-q09
semantic-043,00-torque-specs-003,00-torque-specs-003-q02,What torque should I use for an M5 10.9 bolt?,8.3 Nm (ft. lbs.),0.9311418533325195,dropped,00-02_torque-s-q09
semantic-043,bmwtorquespecs-005,bmwtorquespecs-005-q02,What torque specification should I use for an M8x1 10.9 bolt?,36 Nm (ft. lbs.),0.9311418533325195,dropped,00-02_torque-s-q09
semantic-043,bmwtorquespecs-007,bmwtorquespecs-007-q02,What torque specification should I use for an M12x1.5 10.9 bolt?,123 Nm (ft. lbs.),0.9311418533325195,dropped,00-02_torque-s-q09
semantic-044,00-02_torque-s,00-02_torque-s-q03,What is the difference in torque between M4 8.8 and M4 12.9 screws?,"M4 8.8 requires 2.9 Nm while M4 12.9 requires 4.9 Nm, a difference of 2.0 Nm.",0.9189662337303162,kept,00-02_torque-s-q03
semantic-044,00-torque-specs-003,00-torque-specs-003-q04,What is the torque difference between M5 8.8 and M5 12.9 screws?,"M5 8.8 requires 5.9 Nm while M5 12.9 requires 10.0 Nm, a difference of 4.1 Nm",0.9189662337303162,dropped,00-02_torque-s-q03
semantic-045,00-02_torque-s,00-02_torque-s-q04,What is the highest torque specification listed for M5 thread bolts?,10.0 Nm (ft. lbs.) for M5 12.9 bolts,0.9118357300758362,kept,00-02_torque-s-q04
semantic-045,00-05_torque-s,00-05_torque-s-q05,What is the highest torque specification listed for M10x1 thread bolts?,91 Nm (ft. lbs.) for M10x1 12.9,0.9118357300758362,dropped,00-02_torque-s-q04
semantic-045,bmwtorquespecs-005,bmwtorquespecs-005-q06,What is the highest torque value listed for M8x1 thread bolts?,44 Nm (ft. lbs.) for M8x1 12.9,0.9118357300758362,dropped,00-02_torque-s-q04
semantic-045,bmwtorquespecs-006,bmwtorquespecs-006-q07,What is the highest torque specification shown for M10x1 thread bolts?,91 Nm (ft. lbs.) for M10x1 12.9,0.9118357300758362,dropped,00-02_torque-s-q04
semantic-046,00-02_torque-s,00-02_torque-s-q05,Where can I find the applicable range for tightening torques?,Refer to extract from company standard BMW N 600 02.0,0.9598394632339478,kept,00-02_torque-s-q05
semantic-046,00-torque-specs-003,00-torque-specs-003-q05,Where can I find the applicable range for these tightening torques?,Refer to extract from company standard BMW N 600 02.0,0.9598394632339478,dropped,00-02_torque-s-q05
semantic-047,00-02_torque-s,00-02_torque-s-q07,Which has a higher torque specification: M5 8.8 or M4 12.9?,M5 8.8 has a higher torque specification at 5.9 Nm compared to M4 12.9 at 4.9 Nm.,0.9340624809265137,kept,00-02_torque-s-q07
semantic-047,00-03_torque-s,00-03_torque-s-q10,Which has a higher torque specification: M6 12.9 or M7 8.8?,M6 12.9 has 16.5 Nm compared to M7 8.8 with 14.8 Nm,0.9340624809265137,dropped,00-02_torque-s-q07
semantic-048,1990-bmw-m3-electrical-troubleshooting-manual-5126A-00,1990-bmw-m3-electrical-troubleshooting-manual-5126A-00-q01,What should you check first when troubleshooting the central locking system?,Check the fuse by operating the Interior Light Timer for either Dome Light.,0.9316786527633667,kept,1990-bmw-m3-electrical-troubleshooting-manual-5126A-00-q01
semantic-048,00-03_maintena,00-03_maintena-q10,What should be checked regarding the central locking system?,Check operation of central locking system,0.9316786527633667,dropped,1990-bmw-m3-electrical-troubleshooting-manual-5126A-00-q01
semantic-049,00-03_torque-s,00-03_torque-s-q08,What BMW standard should be referenced for tightening torque ranges?,BMW N 600 02.0,0.948841392993927,kept,00-03_torque-s-q08
semantic-049,00-06_torque-s,00-06_torque-s-q08,What BMW standard should I refer to for tightening torques?,BMW N 600 02.0,0.948841392993927,dropped,00-03_torque-s-q08
semantic-049,00-torque-specs-002,00-torque-specs-002-q01,What BMW standard is referenced for the maximum tightening torques?,BMW N 600 02.0,0.948841392993927,dropped,00-03_torque-s-q08
semantic-049,00-torque-specs-003,00-torque-specs-003-q09,What BMW standard should be referenced for maximum tightening torques?,BMW N 600 02.0,0.948841392993927,dropped,00-03_torque-s-q08
semantic-049,00-torque-specs-004,00-torque-specs-004-q08,What BMW standard should be referenced for the applicable range of tightening torques?,BMW N 600 02.0,0.948841392993927,dropped,00-03_torque-s-q08
semantic-049,00-torque-specs-005,00-torque-specs-005-q05,What BMW standard should I reference for the applicable range of these tightening torques?,BMW N 600 02.0,0.948841392993927,dropped,00-03_torque-s-q08
semantic-049,00-torque-specs-006,00-torque-specs-006-q07,Which BMW standard should I refer to for applicable tightening torque ranges?,BMW N 600 02.0,0.948841392993927,dropped,00-03_torque-s-q08
semantic-049,00-torque-specs-007,00-torque-specs-007-q04,What BMW specification should I refer to for the applicable range of tightening torques?,BMW N 600 02.0,0.948841392993927,dropped,00-03_torque-s-q08
semantic-049,00-torque-specs-010,00-torque-specs-010-q07,What BMW standard document should I reference for the applicable range of these tightening torques?,BMW N 600 02.0,0.948841392993927,dropped,00-03_torque-s-q08
semantic-049,bmwtorquespecs-008,bmwtorquespecs-008-q04,What BMW standard document should be referenced for the applicable range of tightening torques?,BMW N 600 02.0,0.948841392993927,dropped,00-03_torque-s-q08
semantic-049,bmwtorquespecs-009,bmwtorquespecs-009-q07,Which BMW standard should I refer to for the applicable range of these tightening torques?,BMW N 600 02.0,0.948841392993927,dropped,00-03_torque-s-q08
semantic-050,00-torque-specs-005,00-torque-specs-005-q03,What is the difference in torque between M8 10.9 and M8 12.9 bolts?,"M8 10.9 requires 34 Nm while M8 12.9 requires 40 Nm, a difference of 6 Nm.",0.9374871850013733,kept,00-torque-specs-005-q03
semantic-050,00-03_torque-s,00-03_torque-s-q09,What is the difference in torque between M7 8.8 and M7 12.9 bolts?,10.7 Nm (25.5 Nm - 14.8 Nm),0.9374871850013733,dropped,00-torque-specs-005-q03
semantic-050,00-08_torque-s,00-08_torque-s-q08,What is the difference in torque between M16 8.8 and M16 12.9 bolts?,140 Nm (340 Nm - 200 Nm),0.9374871850013733,dropped,00-torque-specs-005-q03
semantic-051,00-04_maintena,00-04_maintena-q01,What is the procedure code for Pre-Delivery Inspection?,The procedure code for Pre-Delivery Inspection is 00 00 009.,0.965623140335083,kept,00-04_maintena-q01
semantic-051,00-05_maintena,00-05_maintena-q01,What is the inspection code for the Pre-Delivery Inspection procedure?,The inspection code is 00 00 009 Pre-Delivery Inspection.,0.965623140335083,dropped,00-04_maintena-q01
semantic-052,00-04_torque-s,00-04_torque-s-q04,What torque should I apply to an M8x1 8.8 threaded fastener?,26 Nm (ft. lbs.),0.9302002787590027,kept,00-04_torque-s-q04
semantic-052,00-06_torque-s,00-06_torque-s-q04,What torque should I use for M12x1.5 8.8 threaded fasteners?,87 Nm (ft. lbs.),0.9302002787590027,dropped,00-04_torque-s-q04
semantic-053,00-06_torque-s,00-06_torque-s-q05,What is the maximum tightening torque for M12x1.5 10.9 bolts?,123 Nm (ft. lbs.),0.9217703342437744,kept,00-06_torque-s-q05
semantic-053,00-04_torque-s,00-04_torque-s-q05,What is the maximum tightening torque for an M8x1 10.9 bolt?,36 Nm (ft. lbs.),0.9217703342437744,dropped,00-06_torque-s-q05
semantic-054,00-torque-specs-009,00-torque-specs-009-q06,What torque specification applies to M16x1.5 12.9 screws?,364 Nm (ft. lbs.),0.9287808537483215,kept,00-torque-specs-009-q06
semantic-054,00-04_torque-s,00-04_torque-s-q06,What torque specification applies to an M8x1 12.9 screw?,44 Nm (ft. lbs.),0.9287808537483215,dropped,00-torque-specs-009-q06
semantic-055,bmwtorquespecs-005,bmwtorquespecs-005-q07,What is the difference in torque between M8 10.9 and M8x1 10.9 bolts?,"M8 10.9 is 34 Nm and M8x1 10.9 is 36 Nm, a difference of 2 Nm",0.9025857448577881,kept,bmwtorquespecs-005-q07
semantic-055,00-04_torque-s,00-04_torque-s-q09,What is the difference in torque between M8x1 10.9 and M8 10.9 fasteners?,2 Nm difference (36 Nm for M8x1 vs 34 Nm for M8),0.9025857448577881,dropped,bmwtorquespecs-005-q07
semantic-056,00-09_torque-s,00-09_torque-s-q07,Which has a higher torque specification: M18 8.8 or M18x1.5 8.8?,M18x1.5 8.8 has a higher torque specification at 313 Nm compared to M18 8.8 at 280 Nm.,0.9070135354995728,kept,00-09_torque-s-q07
semantic-056,00-04_torque-s,00-04_torque-s-q10,Which has a higher torque specification: M8x1 8.8 or M8 10.9?,M8 10.9 has a higher torque specification at 34 Nm compared to M8x1 8.8 at 26 Nm,0.9070135354995728,dropped,00-09_torque-s-q07
semantic-056,00-torque-specs-010,00-torque-specs-010-q08,Which has a higher torque specification: M18x1.5 8.8 or M18 8.8?,M18x1.5 8.8 has a higher specification at 313 Nm compared to M18 8.8 at 280 Nm.,0.9070135354995728,dropped,00-09_torque-s-q07
semantic-057,00-13_maintena,00-13_maintena-q11,What caution is given regarding brake systems with Politex brake linings?,"On systems with Politex brake linings, there is increased braking effect. See Repair Manual Gr. 34 10 014 for breaking in parking brake procedures.",0.9393750429153442,kept,00-13_maintena-q11
semantic-057,00-05_maintena,00-05_maintena-q03,What specific brake system caution is mentioned for Politex brake linings?,"Caution: On systems with Politex brake linings, there is an increased braking effect.",0.9393750429153442,dropped,00-13_maintena-q11
semantic-058,00-07_torque-s,00-07_torque-s-q04,What torque should I apply to an M14x1.5 8.8 thread bolt?,143 Nm (ft. lbs.),0.9298579096794128,kept,00-07_torque-s-q04
semantic-058,00-05_torque-s,00-05_torque-s-q02,What torque specification should I use for an M10x1 10.9 thread bolt?,75 Nm (ft. lbs.),0.9298579096794128,dropped,00-07_torque-s-q04
semantic-058,00-torque-specs-005,00-torque-specs-005-q02,What torque specification should I use for an M8x1 thread bolt with grade 10.9?,36 Nm (ft. lbs.),0.9298579096794128,dropped,00-07_torque-s-q04
semantic-058,00-torque-specs-006,00-torque-specs-006-q02,What torque specification should I use for an M10x1 10.9 threaded fastener?,75 Nm (ft. lbs.),0.9298579096794128,dropped,00-07_torque-s-q04
semantic-058,00-torque-specs-007,00-torque-specs-007-q02,What torque should I use for an M12x1.5 10.9 thread?,123 Nm (ft. lbs.),0.9298579096794128,dropped,00-07_torque-s-q04
semantic-058,00-torque-specs-008,00-torque-specs-008-q02,What torque specification should I use for an M14x1.5 12.9 bolt?,240 Nm (ft. lbs.),0.9298579096794128,dropped,00-07_torque-s-q04
semantic-058,bmwtorquespecs-006,bmwtorquespecs-006-q02,What torque specification should I use for an M10x1 10.9 bolt?,75 Nm (ft. lbs.),0.9298579096794128,dropped,00-07_torque-s-q04
semantic-059,bmwtorquespecs-007,bmwtorquespecs-007-q09,What is the torque specification for the strongest M12x1.5 bolt shown?,147 Nm (ft. lbs.) for M12x1.5 12.9,0.9334874749183655,kept,bmwtorquespecs-007-q09
semantic-059,00-05_torque-s,00-05_torque-s-q07,What is the torque specification for an M10x1 8.8 bolt?,54 Nm (ft. lbs.),0.9334874749183655,dropped,bmwtorquespecs-007-q09
semantic-059,00-08_torque-s,00-08_torque-s-q04,What is the torque specification for an M16x1.5 8.8 bolt?,216 Nm (ft. lbs.),0.9334874749183655,dropped,bmwtorquespecs-007-q09
semantic-059,00-09_torque-s,00-09_torque-s-q06,What torque specification applies to an M18x1.5 12.9 bolt?,527 Nm (ft. lbs.),0.9334874749183655,dropped,bmwtorquespecs-007-q09
semantic-059,00-torque-specs-008,00-torque-specs-008-q06,What is the torque specification for an M14 10.9 bolt?,180 Nm (ft. lbs.),0.9334874749183655,dropped,bmwtorquespecs-007-q09
semantic-059,bmwtorquespecs-005,bmwtorquespecs-005-q05,What is the torque specification for an M8x1 8.8 bolt?,26 Nm (ft. lbs.),0.9334874749183655,dropped,bmwtorquespecs-007-q09
semantic-059,bmwtorquespecs-006,bmwtorquespecs-006-q05,What is the tightening torque for an M10x1 8.8 bolt?,54 Nm (ft. lbs.),0.9334874749183655,dropped,bmwtorquespecs-007-q09
semantic-059,bmwtorquespecs-007,bmwtorquespecs-007-q05,What is the torque specification for an M12x1.5 8.8 bolt?,87 Nm (ft. lbs.),0.9334874749183655,dropped,bmwtorquespecs-007-q09
semantic-059,bmwtorquespecs-008,bmwtorquespecs-008-q08,What is the torque specification for M14 10.9 bolts?,180 Nm (ft. lbs.),0.9334874749183655,dropped,bmwtorquespecs-007-q09
semantic-059,bmwtorquespecs-009,bmwtorquespecs-009-q06,What torque specification applies to an M16x1.5 12.9 bolt?,364 Nm (ft. lbs.),0.9334874749183655,dropped,bmwtorquespecs-007-q09
semantic-060,00-05_torque-s,00-05_torque-s-q08,Which has a higher torque requirement: M10 12.9 or M10x1 10.9?,M10 12.9 has a higher torque requirement at 79 Nm (ft. lbs.) compared to M10x1 10.9 at 75 Nm (ft. lbs.),0.9341467022895813,kept,00-05_torque-s-q08
semantic-060,00-08_torque-s,00-08_torque-s-q09,Which has a higher torque specification: M16x1.5 8.8 or M16 10.9?,M16 10.9 has a higher specification at 280 Nm compared to M16x1.5 8.8 at 216 Nm,0.9341467022895813,dropped,00-05_torque-s-q08
semantic-060,00-torque-specs-007,00-torque-specs-007-q05,Which has a higher torque specification: M12 10.9 or M12x1.5 8.8?,M12 10.9 has a higher torque at 115 Nm compared to M12x1.5 8.8 at 87 Nm.,0.9341467022895813,dropped,00-05_torque-s-q08
semantic-060,00-torque-specs-008,00-torque-specs-008-q07,Which has a higher torque specification: M14x1.5 10.9 or M14x1.5 12.9?,M14x1.5 12.9 has a higher torque at 240 Nm compared to M14x1.5 10.9 at 200 Nm (ft. lbs.),0.9341467022895813,dropped,00-05_torque-s-q08
semantic-061,00-torque-specs-23-06,00-torque-specs-23-06-q10,What section of the manual covers these torque specifications?,Section 23.11 - Case and Cover under Manual Transmission (23-6),0.9530312418937683,kept,00-torque-specs-23-06-q10
semantic-061,00-05_torque-s,00-05_torque-s-q09,What section of the manual contains these torque specifications?,Section 00-5 General Instructions,0.9530312418937683,dropped,00-torque-specs-23-06-q10
semantic-061,00-torque-specs-041,00-torque-specs-041-q04,What section of the manual is this torque specification from?,"11 - 31 Engine, subsection 11 52 Fan",0.9530312418937683,dropped,00-torque-specs-23-06-q10
semantic-061,bmwtorquespecs-034,bmwtorquespecs-034-q04,Which section of the manual does this torque specification belong to?,11 35 Intermediate Shaft,0.9530312418937683,dropped,00-torque-specs-23-06-q10
semantic-061,bmwtorquespecs-043,bmwtorquespecs-043-q06,What section of the manual does this torque specification page belong to?,11 - 33 Engine,0.9530312418937683,dropped,00-torque-specs-23-06-q10
semantic-061,bmwtorquespecs-076,bmwtorquespecs-076-q05,What section of the manual does this torque specification belong to?,13 - 9 Fuel System,0.9530312418937683,dropped,00-torque-specs-23-06-q10
semantic-062,00-06_torque-s,00-06_torque-s-q03,What is the tightening torque for M12 12.9 grade bolts?,140 Nm (ft. lbs.),0.9351865649223328,kept,00-06_torque-s-q03
semantic-062,00-08_torque-s,00-08_torque-s-q03,What is the tightening torque for an M16 12.9 bolt?,340 Nm (ft. lbs.),0.9351865649223328,dropped,00-06_torque-s-q03
semantic-062,00-09_torque-s,00-09_torque-s-q03,What is the tightening torque for an M18 12.9 bolt?,470 Nm (ft. lbs.),0.9351865649223328,dropped,00-06_torque-s-q03
semantic-062,00-torque-specs-009,00-torque-specs-009-q03,What is the tightening torque for M16 12.9 grade screws?,340 Nm (ft. lbs.),0.9351865649223328,dropped,00-06_torque-s-q03
semantic-062,bmwtorquespecs-007,bmwtorquespecs-007-q03,What is the tightening torque for an M12 12.9 screw?,140 Nm (ft. lbs.),0.9351865649223328,dropped,00-06_torque-s-q03
semantic-062,bmwtorquespecs-008,bmwtorquespecs-008-q03,What is the tightening torque for M14 12.9 bolts?,220 Nm (ft. lbs.),0.9351865649223328,dropped,00-06_torque-s-q03
semantic-063,00-06_torque-s,00-06_torque-s-q06,What torque specification applies to M12x1.5 12.9 grade fasteners?,147 Nm (ft. lbs.),0.9071593284606934,kept,00-06_torque-s-q06
semantic-063,00-09_torque-s,00-09_torque-s-q02,What torque specification applies to an M18 10.9 fastener?,390 Nm (ft. lbs.),0.9071593284606934,dropped,00-06_torque-s-q06
semantic-063,00-torque-specs-006,00-torque-specs-006-q09,What is the torque specification for an M10x1 12.9 threaded fastener?,91 Nm (ft. lbs.),0.9071593284606934,dropped,00-06_torque-s-q06
semantic-064,00-10_maintena,00-10_maintena-q11,What does the asterisk (*) notation refer to at the bottom of the page?,The asterisk (*) refers to procedures that should be performed after introduction of the Operating-Fluids-File.,0.9530903100967407,kept,00-10_maintena-q11
semantic-064,00-07_maintena,00-07_maintena-q11,What does the asterisk (*) notation indicate at the bottom of the page?,After introduction of: Operating-Fluids-File.,0.9530903100967407,dropped,00-10_maintena-q11
semantic-064,17-04_1_radiator,17-04_1_radiator-q11,What do the asterisks (*) and double asterisks (**) indicate at the bottom of the page?,"Single asterisk (*) refers to Service Information of Gr. 00, and double asterisk (**) refers to Specifications.",0.9530903100967407,dropped,00-10_maintena-q11
semantic-065,00-07_torque-s,00-07_torque-s-q01,What is the maximum tightening torque for an M14 8.8 thread?,130 Nm (ft. lbs.),0.9292576313018799,kept,00-07_torque-s-q01
semantic-065,00-07_torque-s,00-07_torque-s-q05,What is the maximum tightening torque for an M14x1.5 10.9 thread?,200 Nm (ft. lbs.),0.9292576313018799,dropped,00-07_torque-s-q01
semantic-065,00-08_torque-s,00-08_torque-s-q01,What is the maximum tightening torque for an M16 8.8 bolt?,200 Nm (ft. lbs.),0.9292576313018799,dropped,00-07_torque-s-q01
semantic-065,00-09_torque-s,00-09_torque-s-q01,What is the maximum tightening torque for an M18 8.8 bolt?,280 Nm (ft. lbs.),0.9292576313018799,dropped,00-07_torque-s-q01
semantic-066,00-07_torque-s,00-07_torque-s-q03,What is the tightening torque for an M14 12.9 thread?,220 Nm (ft. lbs.),0.908168375492096,kept,00-07_torque-s-q03
semantic-066,bmwtorquespecs-009,bmwtorquespecs-009-q03,What is the tightening torque for an M16 12.9 screw?,340 Nm (ft. lbs.),0.908168375492096,dropped,00-07_torque-s-q03
semantic-067,00-07_torque-s,00-07_torque-s-q06,What torque specification applies to an M14x1.5 12.9 thread bolt?,240 Nm (ft. lbs.),0.9291286468505859,kept,00-07_torque-s-q06
semantic-067,00-torque-specs-007,00-torque-specs-007-q06,What is the torque specification for an M12x1.5 12.9 thread?,147 Nm (ft. lbs.),0.9291286468505859,dropped,00-07_torque-s-q06
semantic-068,bmwtorquespecs-010,bmwtorquespecs-010-q07,What is the difference in torque between M18x1.5 10.9 and M18x1.5 12.9 threads?,87 Nm (527 - 440 = 87 Nm),0.9160022139549255,kept,bmwtorquespecs-010-q07
semantic-068,00-07_torque-s,00-07_torque-s-q09,What is the difference in torque between M14 10.9 and M14 12.9 threads?,40 Nm (220 Nm - 180 Nm),0.9160022139549255,dropped,bmwtorquespecs-010-q07
semantic-069,00-08_maintena,00-08_maintena-q02,What type of oil should be used for the final drive and front axle oil replacement at 325 iX?,"Use approved oil only, as specified in the Important Remarks column.",0.9786053895950317,kept,00-08_maintena-q02
semantic-069,00-15_maintena,00-15_maintena-q02,What type of oil should be used when replacing the final drive and front axle oil 325 iX?,Use approved oil only.,0.9786053895950317,dropped,00-08_maintena-q02
semantic-070,00-18_maintena,00-18_maintena-q12,What type of brake fluid should be used?,Use only approved brake fluids.,0.963426411151886,kept,00-18_maintena-q12
semantic-070,00-08_maintena,00-08_maintena-q06,What type of brake fluid should be used according to the important remarks?,Use approved brake fluid only.,0.963426411151886,dropped,00-18_maintena-q12
semantic-071,00-08_maintena,00-08_maintena-q12,What does the asterisk note at the bottom of the page indicate?,"After introduction of: Operating-Fluids-File, indicating this information applies after a specific technical update.",0.9020190238952637,kept,00-08_maintena-q12
semantic-071,23-12_manual-t,23-12_manual-t-q09,What are the two asterisk notes at the bottom of the page referring to?,See Specifications for tightening torque and Source: HWB.,0.9020190238952637,dropped,00-08_maintena-q12
semantic-072,00-08_torque-s,00-08_torque-s-q05,How much torque should I apply to an M16x1.5 10.9 bolt?,303 Nm (ft. lbs.),0.9280486702919006,kept,00-08_torque-s-q05
semantic-072,00-torque-specs-008,00-torque-specs-008-q09,What torque should I apply to an M14x1.5 8.8 bolt?,143 Nm (ft. lbs.),0.9280486702919006,dropped,00-08_torque-s-q05
semantic-073,00-08_torque-s,00-08_torque-s-q06,What is the maximum tightening torque for an M16x1.5 12.9 bolt?,364 Nm (ft. lbs.),0.9138925671577454,kept,00-08_torque-s-q06
semantic-073,00-torque-specs-007,00-torque-specs-007-q03,What is the maximum tightening torque for an M12 12.9 screw?,140 Nm (ft. lbs.),0.9138925671577454,dropped,00-08_torque-s-q06
semantic-073,00-torque-specs-009,00-torque-specs-009-q05,What is the maximum tightening torque for M16x1.5 10.9 screws?,303 Nm (ft. lbs.),0.9138925671577454,dropped,00-08_torque-s-q06
semantic-073,bmwtorquespecs-009,bmwtorquespecs-009-q05,What is the maximum tightening torque for an M16x1.5 10.9 screw?,303 Nm (ft. lbs.),0.9138925671577454,dropped,00-08_torque-s-q06
semantic-074,00-09_torque-s,00-09_torque-s-q04,What torque value should I use for an M18x1.5 8.8 thread?,313 Nm (ft. lbs.),0.9306358695030212,kept,00-09_torque-s-q04
semantic-074,00-torque-specs-009,00-torque-specs-009-q04,What torque value should I use for M16x1.5 8.8 fine thread screws?,216 Nm (ft. lbs.),0.9306358695030212,dropped,00-09_torque-s-q04
semantic-074,00-torque-specs-010,00-torque-specs-010-q04,What is the torque specification for an M18x1.5 8.8 thread?,313 Nm (ft. lbs.),0.9306358695030212,dropped,00-09_torque-s-q04
semantic-074,bmwtorquespecs-009,bmwtorquespecs-009-q04,What torque value is specified for an M16x1.5 8.8 thread?,216 Nm (ft. lbs.),0.9306358695030212,dropped,00-09_torque-s-q04
semantic-075,00-16_maintena,00-16_maintena-q04,How often should coolant be completely drained and renewed?,"Coolant must be drained completely and renewed every 2 years, and antifreeze protection should be checked against extra charge.",0.9001106023788452,kept,00-16_maintena-q04
semantic-075,00-10_maintena,00-10_maintena-q05,How often must the coolant be drained and replaced?,Coolant must be drained completely and replaced every 2 years.,0.9001106023788452,dropped,00-16_maintena-q04
semantic-076,00-15_maintena,00-15_maintena-q09,How do you complete the Service Indicator reset procedure?,"Release the inspection button and the green lamp goes out, completing the reset.",0.9266073107719421,kept,00-15_maintena-q09
semantic-076,00-15_maintena,00-15_maintena-q05,What is the first step when resetting the Service Indicator?,Switch off all electrical equipment and turn on ignition.,0.9266073107719421,dropped,00-15_maintena-q09
semantic-077,51-212_body-equ,51-212_body-equ-q07,What part numbers are shown in the diagrams?,The part numbers shown are 30 51 472 for the two door arrangement and 30 51 473 for the four door arrangement.,0.9156844615936279,kept,51-212_body-equ-q07
semantic-077,00-15_maintena,00-15_maintena-q11,What part number is shown in the diagram and what does it represent?,Part number 62 1 100 is shown in the diagram and represents the Service Indicator resetter tool.,0.9156844615936279,dropped,51-212_body-equ-q07
semantic-077,51-112_body-equ,51-112_body-equ-q05,What is the part number shown at the bottom of the diagram?,The part number shown at the bottom of the diagram is 30 51 823.,0.9156844615936279,dropped,51-212_body-equ-q07
semantic-077,51-120_body-equ,51-120_body-equ-q04,What is the part number shown at the bottom right of the diagram?,The part number shown is 30 51 825.,0.9156844615936279,dropped,51-212_body-equ-q07
semantic-077,65-103_radio-an,65-103_radio-an-q04,What is the part number reference shown in the diagram?,The part number reference shown is 28 65 023.,0.9156844615936279,dropped,51-212_body-equ-q07
semantic-078,00-18_maintena,00-18_maintena-q03,How often should brake fluid be replaced according to this maintenance schedule?,Brake fluid should be replaced at least annually.,0.9171741604804993,kept,00-18_maintena-q03
semantic-078,34-02_brakes,34-02_brakes-q01,How often must brake fluid be replaced according to the service manual?,Brake fluid must be replaced annually.,0.9171741604804993,dropped,00-18_maintena-q03
semantic-079,00-torque-specs-008,00-torque-specs-008-q03,Which M14 screw grade has the highest torque specification?,M14 12.9 has the highest torque at 220 Nm (ft. lbs.),0.9006174206733704,kept,00-torque-specs-008-q03
semantic-079,00-torque-specs-003,00-torque-specs-003-q03,What's the highest torque specification shown for M4 screws?,4.9 Nm (ft. lbs.) for M4 12.9,0.9006174206733704,dropped,00-torque-specs-008-q03
semantic-080,00-torque-specs-003,00-torque-specs-003-q06,What torque specification applies to M4 10.9 screws?,4.1 Nm (ft. lbs.),0.9352247714996338,kept,00-torque-specs-003-q06
semantic-080,00-torque-specs-009,00-torque-specs-009-q02,What torque specification applies to M16 10.9 screws?,280 Nm (ft. lbs.),0.9352247714996338,dropped,00-torque-specs-003-q06
semantic-080,bmwtorquespecs-003,bmwtorquespecs-003-q04,What is the torque value for M4 10.9 screws?,4.1 Nm (ft. lbs.),0.9352247714996338,dropped,00-torque-specs-003-q06
semantic-080,bmwtorquespecs-003,bmwtorquespecs-003-q10,What is the torque specification for M5 10.9 screws?,8.3 Nm (ft. lbs.),0.9352247714996338,dropped,00-torque-specs-003-q06
semantic-080,bmwtorquespecs-008,bmwtorquespecs-008-q02,What torque specification applies to M14x1.5 10.9 screws?,200 Nm (ft. lbs.),0.9352247714996338,dropped,00-torque-specs-003-q06
semantic-081,00-torque-specs-005,00-torque-specs-005-q09,What is the torque specification for the lowest grade M8x1 bolt listed?,26 Nm (ft. lbs.) for M8x1 8.8 grade.,0.9082791805267334,kept,00-torque-specs-005-q09
semantic-081,00-torque-specs-005,00-torque-specs-005-q06,What is the torque specification for an M8x1 thread bolt with 8.8 grade?,26 Nm (ft. lbs.),0.9082791805267334,dropped,00-torque-specs-005-q09
semantic-082,00-torque-specs-005,00-torque-specs-005-q08,What are the three different bolt grades listed for M8 thread specifications?,"The three grades are 8.8, 10.9, and 12.9.",0.9306563138961792,kept,00-torque-specs-005-q08
semantic-082,bmwtorquespecs-005,bmwtorquespecs-005-q09,What are the three different strength grades shown for M8 thread bolts?,"8.8, 10.9, and 12.9",0.9306563138961792,dropped,00-torque-specs-005-q08
semantic-083,00-torque-specs-010,00-torque-specs-010-q09,What is the torque specification for an M18 10.9 screw?,390 Nm (ft. lbs.),0.9186641573905945,kept,00-torque-specs-010-q09
semantic-083,00-torque-specs-006,00-torque-specs-006-q03,How much torque is required for an M10 12.9 screw?,79 Nm (ft. lbs.),0.9186641573905945,dropped,00-torque-specs-010-q09
semantic-083,bmwtorquespecs-006,bmwtorquespecs-006-q03,What is the torque value for an M10 12.9 screw?,79 Nm (ft. lbs.),0.9186641573905945,dropped,00-torque-specs-010-q09
semantic-083,bmwtorquespecs-007,bmwtorquespecs-007-q08,What torque should I apply to an M12 10.9 screw?,115 Nm (ft. lbs.),0.9186641573905945,dropped,00-torque-specs-010-q09
semantic-084,00-torque-specs-010,00-torque-specs-010-q03,How much torque difference is there between an M18 10.9 and M18 12.9 screw?,"The M18 12.9 requires 470 Nm while the M18 10.9 requires 390 Nm, a difference of 80 Nm.",0.9210583567619324,kept,00-torque-specs-010-q03
semantic-084,00-torque-specs-006,00-torque-specs-006-q05,What's the difference in torque between an M10 10.9 and M10x1 10.9 screw?,"M10 10.9 requires 66 Nm while M10x1 10.9 requires 75 Nm, a difference of 9 Nm.",0.9210583567619324,dropped,00-torque-specs-010-q03
semantic-085,bmwtorquespecs-008,bmwtorquespecs-008-q06,What is the highest torque value shown for M14x1.5 thread screws?,240 Nm (ft. lbs.) for M14x1.5 12.9,0.9434535503387451,kept,bmwtorquespecs-008-q06
semantic-085,00-torque-specs-006,00-torque-specs-006-q06,What is the highest torque specification shown for M10x1 thread screws?,91 Nm (ft. lbs.) for M10x1 12.9,0.9434535503387451,dropped,bmwtorquespecs-008-q06
semantic-085,00-torque-specs-007,00-torque-specs-007-q07,What is the lowest torque value shown for M12 thread screws?,82 Nm (ft. lbs.) for M12 8.8,0.9434535503387451,dropped,bmwtorquespecs-008-q06
semantic-085,bmwtorquespecs-010,bmwtorquespecs-010-q05,What is the highest torque specification shown for M18 thread screws?,470 Nm (ft. lbs.) for M18 12.9,0.9434535503387451,dropped,bmwtorquespecs-008-q06
semantic-086,00-torque-specs-009,00-torque-specs-009-q08,What is the difference in torque between M16 8.8 and M16 12.9 screws?,140 Nm (340 Nm for M16 12.9 minus 200 Nm for M16 8.8),0.9544377326965332,kept,00-torque-specs-009-q08
semantic-086,00-torque-specs-007,00-torque-specs-007-q08,What is the torque difference between M12 8.8 and M12 12.9 screws?,58 Nm (140 Nm - 82 Nm),0.9544377326965332,dropped,00-torque-specs-009-q08
semantic-087,bmwtorquespecs-007,bmwtorquespecs-007-q07,What is the highest torque specification shown for M12x1.5 bolts?,147 Nm (ft. lbs.) for M12x1.5 12.9,0.9006209969520569,kept,bmwtorquespecs-007-q07
semantic-087,00-torque-specs-008,00-torque-specs-008-q08,What is the lowest torque specification shown for M14 bolts?,130 Nm (ft. lbs.) for M14 8.8,0.9006209969520569,dropped,bmwtorquespecs-007-q07
semantic-088,00-torque-specs-72-01,00-torque-specs-72-01-q08,Which components require the highest torque specification according to this table?,Safety bolt on body (except for B-pillar) and safety bolt on seat/touring rear seat backrest both require 48 Nm,0.9258926510810852,kept,00-torque-specs-72-01-q08
semantic-088,00-torque-specs-008,00-torque-specs-008-q10,What is the highest torque specification listed in this table?,240 Nm (ft. lbs.) for M14x1.5 12.9,0.9258926510810852,dropped,00-torque-specs-72-01-q08
semantic-088,bmwtorquespecs-009,bmwtorquespecs-009-q09,What is the highest torque value listed in this table?,364 Nm (ft. lbs.) for M16x1.5 12.9,0.9258926510810852,dropped,00-torque-specs-72-01-q08
semantic-088,bmwtorquespecs-114,bmwtorquespecs-114-q10,What is the highest torque value shown in this table and for which component?,"25 Nm for the cover for servo piston on shift unit (A4S 270R/A4S 310R with 5/16"" screw).",0.9258926510810852,dropped,00-torque-specs-72-01-q08
semantic-089,00-torque-specs-010,00-torque-specs-010-q06,What torque should I apply to an M18x1.5 10.9 screw?,440 Nm (ft. lbs.),0.943945050239563,kept,00-torque-specs-010-q06
semantic-089,bmwtorquespecs-010,bmwtorquespecs-010-q03,What is the torque value for an M18 10.9 screw?,390 Nm (ft. lbs.),0.943945050239563,dropped,00-torque-specs-010-q06
semantic-089,bmwtorquespecs-010,bmwtorquespecs-010-q06,What torque should I apply to an M18x1.5 8.8 screw?,313 Nm (ft. lbs.),0.943945050239563,dropped,00-torque-specs-010-q06
semantic-090,00-torque-specs-012,00-torque-specs-012-q09,What instruction is provided for replacing main bearing screws in both 1AZ and 2AZ applications?,"Replace, wash and oil main bearing screws for 1AZ, and replace main bearing screws for 2AZ.",0.9055843353271484,kept,00-torque-specs-012-q09
semantic-090,00-torque-specs-012,00-torque-specs-012-q08,What special instruction is given for the 2AZ main bearing screws?,Do not wash off coating on main bearing screw.,0.9055843353271484,dropped,00-torque-specs-012-q09
semantic-090,00-torque-specs-11-01,00-torque-specs-11-01-q10,What special instruction is given for 2AZ main bearing screws regarding coating?,Do not wash off coating on main bearing screw,0.9055843353271484,dropped,00-torque-specs-012-q09
semantic-090,bmwtorquespecs-012,bmwtorquespecs-012-q08,What important instruction is given regarding main bearing screws for 2AZ engines?,Do not wash off coating on main bearing screw,0.9055843353271484,dropped,00-torque-specs-012-q09
semantic-091,00-torque-specs-11-02,00-torque-specs-11-02-q05,What thread size and torque is specified for the drain plug for coolant on engine block?,M14 x 1.5 thread size with 25 Nm torque specification.,0.9766724705696106,kept,00-torque-specs-11-02-q05
semantic-091,00-torque-specs-013,00-torque-specs-013-q05,What is the thread specification and torque for the drain plug for coolant on engine block?,M14 x 1.5 thread with 25 Nm torque,0.9766724705696106,dropped,00-torque-specs-11-02-q05
semantic-092,bmwtorquespecs-017,bmwtorquespecs-017-q02,What are the torque angles specified for cylinder head bolts after the initial torque?,90° for both torque angle steps,0.9492529034614563,kept,bmwtorquespecs-017-q02
semantic-092,00-torque-specs-014,00-torque-specs-014-q02,What torque angle should be applied after the initial torque on cylinder head bolts?,90 degrees,0.9492529034614563,dropped,bmwtorquespecs-017-q02
semantic-092,00-torque-specs-11-07,00-torque-specs-11-07-q02,What are the torque angle specifications for cylinder head bolts after the initial torque?,90° followed by another 90°,0.9492529034614563,dropped,bmwtorquespecs-017-q02
semantic-092,bmwtorquespecs-014,bmwtorquespecs-014-q02,What torque angle should be applied after the initial torque for cylinder head bolts?,90 degrees,0.9492529034614563,dropped,bmwtorquespecs-017-q02
semantic-093,00-torque-specs-014,00-torque-specs-014-q06,How many torque angle steps are required for cylinder head bolts?,Two torque angle steps of 90 degrees each,0.9636457562446594,kept,00-torque-specs-014-q06
semantic-093,00-torque-specs-017,00-torque-specs-017-q06,How many torque angle steps are specified for the cylinder head bolts?,Two torque angle steps of 90° each,0.9636457562446594,dropped,00-torque-specs-014-q06
semantic-093,00-torque-specs-11-04,00-torque-specs-11-04-q10,How many torque angle steps are specified for cylinder head bolts?,Two torque angle steps of 90° each,0.9636457562446594,dropped,00-torque-specs-014-q06
semantic-093,00-torque-specs-11-08,00-torque-specs-11-08-q08,How many torque angle steps are required for 8AZ cylinder head bolts?,Two torque angle steps of 80° each,0.9636457562446594,dropped,00-torque-specs-014-q06
semantic-093,bmwtorquespecs-014,bmwtorquespecs-014-q06,How many torque angle steps are required for cylinder head bolt installation?,Two torque angle steps of 90 degrees each,0.9636457562446594,dropped,00-torque-specs-014-q06
semantic-094,00-torque-specs-014,00-torque-specs-014-q09,What section of the manual covers cylinder head and cover specifications?,Section 11 12 - Cylinder Head and Cover,0.9607770442962646,kept,00-torque-specs-014-q09
semantic-094,bmwtorquespecs-014,bmwtorquespecs-014-q08,What section of the manual covers cylinder head and cover information?,Section 11 12 Cylinder Head and Cover,0.9607770442962646,dropped,00-torque-specs-014-q09
semantic-095,bmwtorquespecs-016,bmwtorquespecs-016-q09,What important instruction is given for M52 aluminum block cylinder head bolts?,Fit new cylinder head bolts. Do not wash away coating on cylinder head screws,0.9328360557556152,kept,bmwtorquespecs-016-q09
semantic-095,00-torque-specs-016,00-torque-specs-016-q08,What special instruction is given for M52 aluminum engine block cylinder head bolts?,Do not wash away coating on cylinder head screws,0.9328360557556152,dropped,bmwtorquespecs-016-q09
semantic-095,00-torque-specs-11-06,00-torque-specs-11-06-q10,What important instruction is given for M52 cast aluminum engine block cylinder head bolts regarding coating?,Do not wash away coating on cylinder head screws,0.9328360557556152,dropped,bmwtorquespecs-016-q09
semantic-096,00-torque-specs-11-09,00-torque-specs-11-09-q05,What are the torque angles specified for the 10AZ cylinder head bolts?,"After the initial torque, apply 60° then an additional 70° torque angle.",0.9037056565284729,kept,00-torque-specs-11-09-q05
semantic-096,00-torque-specs-017,00-torque-specs-017-q03,What are the torque angle specifications for cylinder head bolts?,90° for both torque angle steps,0.9037056565284729,dropped,00-torque-specs-11-09-q05
semantic-097,11-108_engine,11-108_engine-q05,What is the three-step tightening sequence for cylinder head bolts?,"Step 1 = 50 + 2 Nm (36 + 1.4 ft. lbs.), Step 2 = 80 + 2 Nm (58 + 1.4 ft. lbs.), Step 3 = 100 + 2 Nm (72 + 1.4 ft. lbs.) with a 15-minute wait between steps 2 and 3.",0.9322564005851746,kept,11-108_engine-q05
semantic-097,00-torque-specs-017,00-torque-specs-017-q09,What is the complete tightening sequence for cylinder head bolts?,"Torque to 30 Nm, then apply 90° torque angle, then apply another 90° torque angle",0.9322564005851746,dropped,11-108_engine-q05
semantic-098,bmwtorquespecs-016,bmwtorquespecs-016-q04,What are the torque angles specified for the 5AZ cylinder head bolts?,90 degrees for each torque angle step,0.9459457993507385,kept,bmwtorquespecs-016-q04
semantic-098,00-torque-specs-018,00-torque-specs-018-q02,What torque angles are specified for the 7AZ cylinder head bolts after the initial torque?,60° for both torque angle steps,0.9459457993507385,dropped,bmwtorquespecs-016-q04
semantic-098,00-torque-specs-11-08,00-torque-specs-11-08-q02,What are the torque angle specifications for 7AZ cylinder head bolts after the initial torque?,60° for both torque angle steps,0.9459457993507385,dropped,bmwtorquespecs-016-q04
semantic-098,bmwtorquespecs-018,bmwtorquespecs-018-q02,What are the torque angles specified for 7AZ engine cylinder head bolts?,60° for both torque angle steps,0.9459457993507385,dropped,bmwtorquespecs-016-q04
semantic-098,bmwtorquespecs-018,bmwtorquespecs-018-q06,What are the torque angles for 8AZ engine cylinder head bolts?,80° for both torque angle steps,0.9459457993507385,dropped,bmwtorquespecs-016-q04
semantic-099,bmwtorquespecs-018,bmwtorquespecs-018-q03,Which engine types use M70/S70/M73 cylinder head bolts?,Engine type 7AZ uses M70/S70/M73 cylinder head bolts,0.9960636496543884,kept,bmwtorquespecs-018-q03
semantic-099,00-torque-specs-018,00-torque-specs-018-q03,What engine types use M70/S70/M73 cylinder head bolts?,7AZ engine,0.9960636496543884,dropped,bmwtorquespecs-018-q03
semantic-100,00-torque-specs-11-08,00-torque-specs-11-08-q03,What engine types use the M60/1/M60/2/M62 cylinder head bolt specification?,M60/1/M60/2/M62 engine types use this specification under section 8AZ,0.9701926708221436,kept,00-torque-specs-11-08-q03
semantic-100,00-torque-specs-018,00-torque-specs-018-q07,What engine types are associated with M60/1/M60/2/M62 cylinder head bolts?,8AZ engine,0.9701926708221436,dropped,00-torque-specs-11-08-q03
semantic-100,bmwtorquespecs-018,bmwtorquespecs-018-q09,Which engine types are specified for M60/1/M60/2/M62 cylinder head bolts?,Engine type 8AZ uses M60/1/M60/2/M62 cylinder head bolts,0.9701926708221436,dropped,00-torque-specs-11-08-q03
semantic-101,00-torque-specs-021,00-torque-specs-021-q03,What are the torque specifications for oil pan to engine block bolts?,Oil pan on engine block (2AZ) uses M6 8.8 bolts torqued to 10 Nm and M6 10.9 bolts torqued to 12 Nm.,0.914423942565918,kept,00-torque-specs-021-q03
semantic-101,00-torque-specs-11-11,00-torque-specs-11-11-q03,What is the torque specification for M6 10.9 bolts on the oil pan to engine block?,M6 10.9 bolts on the oil pan to engine block should be torqued to 12 Nm.,0.914423942565918,dropped,00-torque-specs-021-q03
semantic-101,bmwtorquespecs-021,bmwtorquespecs-021-q02,What are the torque values for mounting the oil pan to the engine block?,The oil pan on engine block has two torque specifications: M6 8.8 at 10 Nm and M6 10.9 at 12 Nm.,0.914423942565918,dropped,00-torque-specs-021-q03
semantic-102,00-torque-specs-11-11,00-torque-specs-11-11-q07,What is the difference in torque between M6 8.8 and M6 10.9 bolts for the oil pan?,"The difference is 2 Nm, with M6 8.8 bolts requiring 10 Nm and M6 10.9 bolts requiring 12 Nm.",0.9247279167175293,kept,00-torque-specs-11-11-q07
semantic-102,00-torque-specs-021,00-torque-specs-021-q05,What is the difference in torque between the two M6 oil pan bolts?,"The M6 10.9 bolts require 12 Nm while the M6 8.8 bolts require 10 Nm, a difference of 2 Nm.",0.9247279167175293,dropped,00-torque-specs-11-11-q07
semantic-103,00-torque-specs-021,00-torque-specs-021-q08,What section and subsection does this torque specification page cover?,"This page covers section 11-11 Engine, subsection 11 13 Oil Pan.",0.9119840860366821,kept,00-torque-specs-021-q08
semantic-103,bmwtorquespecs-087,bmwtorquespecs-087-q08,What is the main section title for this torque specification page?,17 - 3 Radiator,0.9119840860366821,dropped,00-torque-specs-021-q08
semantic-103,bmwtorquespecs-118,bmwtorquespecs-118-q09,What is the main section title shown on this torque specification page?,24 - 16 Automatic Transmission,0.9119840860366821,dropped,00-torque-specs-021-q08
semantic-104,00-torque-specs-11-12,00-torque-specs-11-12-q05,Which engine types use the timing case cover bolt specification of M42x1.5?,M51/M41 engines.,0.9304109811782837,kept,00-torque-specs-11-12-q05
semantic-104,00-torque-specs-022,00-torque-specs-022-q04,Which engines use M42x1.5 bolts on the timing case cover?,M51/M41 engines,0.9304109811782837,dropped,00-torque-specs-11-12-q05
semantic-105,00-torque-specs-023,00-torque-specs-023-q04,What unit of measurement is used for the increment wheel torque specification?,Nm (ft. lbs.),0.9454771876335144,kept,00-torque-specs-023-q04
semantic-105,00-torque-specs-11-13,00-torque-specs-11-13-q10,In what units is the torque specification for the increment wheel given?,Nm (ft. lbs.),0.9454771876335144,dropped,00-torque-specs-023-q04
semantic-106,00-torque-specs-024,00-torque-specs-024-q04,Should screw retaining compound be used when installing flywheel to crankshaft bolts?,"No, do not install with screw retaining compound. Bolts are a component part of the flywheel. Screw threads oiled.",0.9513351917266846,kept,00-torque-specs-024-q04
semantic-106,00-torque-specs-11-14,00-torque-specs-11-14-q04,Should I use screw retaining compound when installing flywheel to crankshaft bolts?,"No, do not install with screw retaining compound. Bolts are a component part of the flywheel. Screw threads oiled.",0.9513351917266846,dropped,00-torque-specs-024-q04
semantic-106,bmwtorquespecs-024,bmwtorquespecs-024-q08,Should screw retaining compound be used when installing the flywheel?,"No, do not install with screw retaining compound.",0.9513351917266846,dropped,00-torque-specs-024-q04
semantic-107,00-torque-specs-024,00-torque-specs-024-q10,Which transmission types require the higher torque specification of 120 Nm for new micro-encapsulated screws?,M40/M42/M43/M44/M51 Automatic/M52 Automatic,0.9814316034317017,kept,00-torque-specs-024-q10
semantic-107,bmwtorquespecs-024,bmwtorquespecs-024-q07,Which transmission types require 120 Nm torque for new micro-encapsulated screws?,M40/M42/M43/M44/M51 Automatic/M52 Automatic,0.9814316034317017,dropped,00-torque-specs-024-q10
semantic-108,00-torque-specs-11-15,00-torque-specs-11-15-q02,What screw size and torque is required for the vibration damper hub on crankshaft when replacing screws?,"M20/M21/M50/M52/S50 US/S52 screws with M18 x 1.5 thread, torqued to 410 Nm.",0.9108689427375793,kept,00-torque-specs-11-15-q02
semantic-108,00-torque-specs-025,00-torque-specs-025-q02,What torque value is specified for vibration damper hub on crankshaft with M18 x 1.5 screws?,410 Nm for M20/M21/M50/M52/S50 US/S52 engines.,0.9108689427375793,dropped,00-torque-specs-11-15-q02
semantic-109,00-torque-specs-11-15,00-torque-specs-11-15-q07,What are the torque angle specifications for M70/S70/M73 engines after initial torque?,Two torque angle steps: 60° and 60°.,0.9387041926383972,kept,00-torque-specs-11-15-q07
semantic-109,00-torque-specs-025,00-torque-specs-025-q05,What initial torque value is applied before the torque angle sequence for M70/S70/M73 engines?,100 Nm for M18 x 1.5 screws.,0.9387041926383972,dropped,00-torque-specs-11-15-q07
semantic-110,bmwtorquespecs-025,bmwtorquespecs-025-q08,What is the torque specification for S38 B36 engine screws?,M20 x 1.5 screws with 150 Nm torque.,0.9348172545433044,kept,bmwtorquespecs-025-q08
semantic-110,00-torque-specs-025,00-torque-specs-025-q06,What torque specification applies to S38 B36 engines with M20 x 1.5 screws?,150 Nm initial torque.,0.9348172545433044,dropped,bmwtorquespecs-025-q08
semantic-110,00-torque-specs-11-15,00-torque-specs-11-15-q08,What is the torque specification for S38 B36 screws?,150 Nm with M20 x 1.5 thread.,0.9348172545433044,dropped,bmwtorquespecs-025-q08
semantic-111,00-torque-specs-025,00-torque-specs-025-q09,How many torque angle steps of 60° are specified for the S38 B36 sequence?,Two steps of 60° torque angle.,0.9052384495735168,kept,00-torque-specs-025-q09
semantic-111,00-torque-specs-025,00-torque-specs-025-q10,What is the final torque angle step for the S38 B36 engine after the two 60° steps?,30° torque angle.,0.9052384495735168,dropped,00-torque-specs-025-q09
semantic-112,bmwtorquespecs-026,bmwtorquespecs-026-q03,What are the torque angle specifications listed for this component?,Two torque angle entries both showing 50 degrees,0.9361147284507751,kept,bmwtorquespecs-026-q03
semantic-112,00-torque-specs-026,00-torque-specs-026-q04,What are the torque angle specifications listed in the table?,50° for both torque angle entries,0.9361147284507751,dropped,bmwtorquespecs-026-q03
semantic-112,00-torque-specs-026,00-torque-specs-026-q10,How many torque angle specifications are shown in the table?,"Two torque angle specifications, both at 50°",0.9361147284507751,dropped,bmwtorquespecs-026-q03
semantic-113,00-torque-specs-24-15,00-torque-specs-24-15-q05,What component is covered under section 24 51?,External shift linkage,0.9028471112251282,kept,00-torque-specs-24-15-q05
semantic-113,00-torque-specs-026,00-torque-specs-026-q07,What component is covered under section 11 23?,Vibration Damper,0.9028471112251282,dropped,00-torque-specs-24-15-q05
semantic-113,00-torque-specs-11-16,00-torque-specs-11-16-q06,What component is being specified under section 11 23?,Vibration Damper,0.9028471112251282,dropped,00-torque-specs-24-15-q05
semantic-114,00-torque-specs-026,00-torque-specs-026-q08,Are there different engine types listed for the vibration damper specifications?,"Yes, S38 B38 and S50 engine types are listed",0.9723408818244934,kept,00-torque-specs-026-q08
semantic-114,00-torque-specs-11-16,00-torque-specs-11-16-q09,What are the different engine types mentioned for the vibration damper specifications?,S38 B38 and S50,0.9723408818244934,dropped,00-torque-specs-026-q08
semantic-115,00-torque-specs-11-16,00-torque-specs-11-16-q07,What is the part designation 2AZ referring to?,Vibration damper hub on crankshaft Replace screws,0.9163621664047241,kept,00-torque-specs-11-16-q07
semantic-115,00-torque-specs-026,00-torque-specs-026-q09,What is the specific part being referenced as 2AZ?,Vibration damper hub on crankshaft,0.9163621664047241,dropped,00-torque-specs-11-16-q07
semantic-116,bmwtorquespecs-027,bmwtorquespecs-027-q02,What screw type is used for the pulley to vibration damper on S38 B 35 engines?,M8 8.8 screw with 22 Nm torque specification.,0.9531362652778625,kept,bmwtorquespecs-027-q02
semantic-116,00-torque-specs-027,00-torque-specs-027-q02,What screw type and torque should be used for pulley to vibration damper on S38 B 35 engines?,M8 8.8 screw torqued to 22 Nm.,0.9531362652778625,dropped,bmwtorquespecs-027-q02
semantic-117,00-torque-specs-027,00-torque-specs-027-q04,How does the torque specification differ between M40 and M42/M43/M44 engines for the sprocket with hub or hub to crankshaft replace screw?,"M40 engines require 310 Nm while M42/M43/M44 engines require 330 Nm, both using M16 x 1.5 screws.",0.9551677703857422,kept,00-torque-specs-027-q04
semantic-117,bmwtorquespecs-027,bmwtorquespecs-027-q05,What is the difference in torque specification between M40 and M42/M43/M44 engines for the sprocket to crankshaft screw?,"The M42/M43/M44 engines require 330 Nm while M40 engines require 310 Nm, a difference of 20 Nm.",0.9551677703857422,dropped,00-torque-specs-027-q04
semantic-118,00-torque-specs-027,00-torque-specs-027-q06,What is the torque specification for pulley to vibration damper on S50 engines?,22 Nm using M8 8.8 screw.,0.9884516000747681,kept,00-torque-specs-027-q06
semantic-118,bmwtorquespecs-027,bmwtorquespecs-027-q07,What is the torque specification for the S50 engine pulley to vibration damper?,22 Nm with M8 8.8 screw.,0.9884516000747681,dropped,00-torque-specs-027-q06
semantic-119,00-torque-specs-11-19,00-torque-specs-11-19-q10,What procedure should be followed when installing connecting rod bolts?,"Replace, wash and oil connecting rod bolts before installation",0.9406801462173462,kept,00-torque-specs-11-19-q10
semantic-119,00-torque-specs-028,00-torque-specs-028-q09,What procedure should be followed for connecting rod bolts replacement?,"Replace, wash and oil conrod bolts",0.9406801462173462,dropped,00-torque-specs-11-19-q10
semantic-119,00-torque-specs-11-18,00-torque-specs-11-18-q02,What should be done with connecting rod bolts during replacement?,"Replace, wash and oil conrod bolts",0.9406801462173462,dropped,00-torque-specs-11-19-q10
semantic-120,00-torque-specs-029,00-torque-specs-029-q08,How does the main torque differ between S38 and S50 connecting rod bolts?,S38 requires 30 Nm while S50 requires 20 Nm,0.9080557823181152,kept,00-torque-specs-029-q08
semantic-120,00-torque-specs-11-19,00-torque-specs-11-19-q09,Do S38 and S50 engines use the same application torque for connecting rod bolts?,"Yes, both use 5 Nm application torque",0.9080557823181152,dropped,00-torque-specs-029-q08
semantic-121,00-torque-specs-029,00-torque-specs-029-q10,What procedure should be followed when replacing connecting rod bolts according to code 1AZ?,"Replace, wash and oil conrod bolts",0.9370114207267761,kept,00-torque-specs-029-q10
semantic-121,bmwtorquespecs-029,bmwtorquespecs-029-q09,What procedure is specified for connecting rod bolts according to code 1AZ?,"Replace, wash and oil conrod bolts",0.9370114207267761,dropped,00-torque-specs-029-q10
semantic-122,00-torque-specs-030,00-torque-specs-030-q05,Which component has the higher torque specification - the idler lever screw or the bearing pin screw plug?,The idler lever to alternator bracket screw has the higher torque specification at 90 Nm compared to the bearing pin screw plug at 20 Nm.,0.9855132102966309,kept,00-torque-specs-030-q05
semantic-122,00-torque-specs-11-20,00-torque-specs-11-20-q05,Which component requires the higher torque specification - the idler lever screw or the bearing pin screw plug?,The idler lever to alternator bracket screw requires higher torque at 90 Nm compared to the bearing pin screw plug at 20 Nm,0.9855132102966309,dropped,00-torque-specs-030-q05
semantic-123,00-torque-specs-031,00-torque-specs-031-q09,How does the torque specification differ between M6 and M8 camshaft bearing cap screws?,M6 screws require 10 Nm while M8 screws require 20 Nm,0.9831941723823547,kept,00-torque-specs-031-q09
semantic-123,00-torque-specs-11-21,00-torque-specs-11-21-q03,What is the difference in torque between M6 and M8 camshaft bearing cap screws?,M6 screws require 10 Nm while M8 screws require 20 Nm,0.9831941723823547,dropped,00-torque-specs-031-q09
semantic-124,00-torque-specs-032,00-torque-specs-032-q01,What is the torque specification for the flange to camshaft bolt?,145 Nm with an M30 screw type.,0.9355219602584839,kept,00-torque-specs-032-q01
semantic-124,00-torque-specs-11-22,00-torque-specs-11-22-q01,What is the torque specification for the flange to camshaft (6AZ)?,145 Nm using M30 screws.,0.9355219602584839,dropped,00-torque-specs-032-q01
semantic-125,00-torque-specs-032,00-torque-specs-032-q03,What torque should be applied to the cylinder for chain tensioner plunger on M50/M52/S52/S50 US engines?,70 Nm with M26 x 1.5 screw type.,0.9621488451957703,kept,00-torque-specs-032-q03
semantic-125,00-torque-specs-11-22,00-torque-specs-11-22-q04,What is the torque specification for the cylinder for chain tensioner plunger on M50/M52/S52/S50 US engines?,70 Nm using M26 x 1.5 screws.,0.9621488451957703,dropped,00-torque-specs-032-q03
semantic-126,00-torque-specs-11-22,00-torque-specs-11-22-q05,What torque should be applied to the bearing flange on engine block?,13 Nm using M6 screws for M60/1/M60/2 type engines.,0.94475257396698,kept,00-torque-specs-11-22-q05
semantic-126,00-torque-specs-032,00-torque-specs-032-q04,What is the torque specification for the bearing flange on engine block?,13 Nm with M6 screw for M60/1/M60/2 engine types.,0.94475257396698,dropped,00-torque-specs-11-22-q05
semantic-127,00-torque-specs-11-22,00-torque-specs-11-22-q06,What is the torque specification for the reversing rail on engine block?,13 Nm using M6 screws for M62 type engines.,0.940618634223938,kept,00-torque-specs-11-22-q06
semantic-127,00-torque-specs-032,00-torque-specs-032-q05,How much torque is required for the reversing rail on engine block?,13 Nm with M6 screw for M62 engine type.,0.940618634223938,dropped,00-torque-specs-11-22-q06
semantic-128,00-torque-specs-032,00-torque-specs-032-q06,What is the torque value for the screw-in pin on camshaft?,15 Nm with M7 screw type for all engine applications.,0.9299793839454651,kept,00-torque-specs-032-q06
semantic-128,00-torque-specs-11-22,00-torque-specs-11-22-q07,How much torque should be applied to the screw-in pin on camshaft?,15 Nm using M7 screws for all engine types.,0.9299793839454651,dropped,00-torque-specs-032-q06
semantic-129,00-torque-specs-032,00-torque-specs-032-q07,What torque should be applied to the nut on screw-in pin?,10 Nm with M6 screw type for all applications.,0.9115082025527954,kept,00-torque-specs-032-q07
semantic-129,00-torque-specs-11-22,00-torque-specs-11-22-q08,What is the torque specification for the nut on screw-in pin?,10 Nm using M6 screws for all engine types.,0.9115082025527954,dropped,00-torque-specs-032-q07
semantic-130,00-torque-specs-033,00-torque-specs-033-q05,What type designation applies to the rocker arm clamping bolt?,M10/M20/M30,0.9821451902389526,kept,00-torque-specs-033-q05
semantic-130,bmwtorquespecs-033,bmwtorquespecs-033-q04,What type designation is given for the clamping bolt in the rocker arm?,M10/M20/M30,0.9821451902389526,dropped,00-torque-specs-033-q05
semantic-131,00-torque-specs-11-23,00-torque-specs-11-23-q05,Is there a difference in torque between rocker arm and drag arm clamping bolts?,"Yes, rocker arm clamping bolts require 10 Nm while drag arm clamping bolts require 8 Nm.",0.9305357933044434,kept,00-torque-specs-11-23-q05
semantic-131,00-torque-specs-033,00-torque-specs-033-q07,What is the difference in torque specifications between the rocker arm and drag arm clamping bolts?,"2 Nm (rocker arm is 10 Nm, drag arm is 8 Nm)",0.9305357933044434,dropped,00-torque-specs-11-23-q05
semantic-132,00-torque-specs-035,00-torque-specs-035-q02,What torque should be applied to the plug to hydraulic plunger?,60 Nm using M36x1 screw.,0.9759834408760071,kept,00-torque-specs-035-q02
semantic-132,00-torque-specs-11-25,00-torque-specs-11-25-q04,How much torque should be applied to the plug to hydraulic plunger?,60 Nm with M36x1 thread,0.9759834408760071,dropped,00-torque-specs-035-q02
semantic-133,bmwtorquespecs-035,bmwtorquespecs-035-q04,What is the torque value for the collar nut on toothed shaft that is secured with Loctite?,9 Nm with M6 screw specification on S50 engines.,0.9805312156677246,kept,bmwtorquespecs-035-q04
semantic-133,00-torque-specs-035,00-torque-specs-035-q03,What is the torque specification for the collar nut on toothed shaft that is secured with Loctite?,9 Nm using M6 screw.,0.9805312156677246,dropped,bmwtorquespecs-035-q04
semantic-133,00-torque-specs-11-25,00-torque-specs-11-25-q06,What torque specification is given for the collar nut on toothed shaft with Loctite?,9 Nm with M6 thread on S50 engines,0.9805312156677246,dropped,bmwtorquespecs-035-q04
semantic-134,bmwtorquespecs-036,bmwtorquespecs-036-q03,What is the screw size and torque specification for mounting the oil pump to crankcase?,M8 screws with 22 Nm torque,0.939733624458313,kept,bmwtorquespecs-036-q03
semantic-134,00-torque-specs-036,00-torque-specs-036-q03,What screw size and torque specification is used for oil pump to crankcase?,M8 screw with 22 Nm torque,0.939733624458313,dropped,bmwtorquespecs-036-q03
semantic-134,00-torque-specs-11-26,00-torque-specs-11-26-q03,What is the torque specification for the oil pump to crankcase bolts?,22 Nm with M8 screws,0.939733624458313,dropped,bmwtorquespecs-036-q03
semantic-135,bmwtorquespecs-036,bmwtorquespecs-036-q04,What torque specification is required for the oil pump cover bolts?,10 Nm using M6 screws,0.9157872200012207,kept,bmwtorquespecs-036-q04
semantic-135,00-torque-specs-036,00-torque-specs-036-q04,What is the torque specification for the oil pump cover?,10 Nm with M6 screw,0.9157872200012207,dropped,bmwtorquespecs-036-q04
semantic-135,00-torque-specs-11-26,00-torque-specs-11-26-q04,What torque is required for the oil pump cover bolts?,10 Nm with M6 screws,0.9157872200012207,dropped,bmwtorquespecs-036-q04
semantic-136,bmwtorquespecs-036,bmwtorquespecs-036-q05,What is the torque value for the sprocket to oil pump connection?,10 Nm with M6 screws,0.9292646050453186,kept,bmwtorquespecs-036-q05
semantic-136,00-torque-specs-036,00-torque-specs-036-q05,How much torque should be applied to the sprocket to oil pump connection?,10 Nm with M6 screw,0.9292646050453186,dropped,bmwtorquespecs-036-q05
semantic-137,00-torque-specs-036,00-torque-specs-036-q06,What are the two different torque specifications shown for M10 screws in this oil pump section?,47 Nm for M10 screws and 25 Nm for M10x1 screws,0.9326853156089783,kept,00-torque-specs-036-q06
semantic-137,bmwtorquespecs-036,bmwtorquespecs-036-q06,What are the two different M10 torque specifications shown in the oil pump section?,47 Nm for M10 and 25 Nm for M10x1,0.9326853156089783,dropped,00-torque-specs-036-q06
semantic-138,bmwtorquespecs-038,bmwtorquespecs-038-q02,What torque value should be applied to the solid aluminum screw on the oil filter drain plug?,The solid aluminum screw should be torqued to 10 Nm using an M21 screw type.,0.9227286577224731,kept,bmwtorquespecs-038-q02
semantic-138,00-torque-specs-038,00-torque-specs-038-q02,What torque should be applied to the solid aluminium screw on the oil filter?,10 Nm for M21 solid aluminium screw.,0.9227286577224731,dropped,bmwtorquespecs-038-q02
semantic-139,bmwtorquespecs-038,bmwtorquespecs-038-q05,What is the torque specification for the oil line to bearing points and camshaft lubrication?,The oil line to bearing points and camshaft lubrication (6AZ) should be torqued to 10 Nm using an M6 screw for all types.,0.9571260809898376,kept,bmwtorquespecs-038-q05
semantic-139,00-torque-specs-038,00-torque-specs-038-q05,What torque is specified for the oil line to bearing points and camshaft lubrication?,10 Nm for M6 screws on all engines.,0.9571260809898376,dropped,bmwtorquespecs-038-q05
semantic-139,00-torque-specs-11-28,00-torque-specs-11-28-q06,What screw size and torque value is specified for the oil line to bearing points and camshaft lubrication?,M6 screw with 10 Nm torque,0.9571260809898376,dropped,bmwtorquespecs-038-q05
semantic-140,bmwtorquespecs-046,bmwtorquespecs-046-q07,What torque specification applies to the oil supply for turbocharger and engine block hollow bolt?,The oil supply for turbocharger and engine block hollow bolt (7AZ) requires 25 Nm torque for M51/M41 types.,0.9433666467666626,kept,bmwtorquespecs-046-q07
semantic-140,00-torque-specs-039,00-torque-specs-039-q03,What is the torque specification for the oil lines from turbocharger to engine block hollow bolt?,40 Nm using M16 x 1.5 thread for all types.,0.9433666467666626,dropped,bmwtorquespecs-046-q07
semantic-140,00-torque-specs-046,00-torque-specs-046-q07,How much torque is required for the oil supply hollow bolt for turbocharger and engine block?,25 Nm for M51/M41 type.,0.9433666467666626,dropped,bmwtorquespecs-046-q07
semantic-140,00-torque-specs-11-29,00-torque-specs-11-29-q02,What size and torque are specified for the oil lines from turbocharger to engine block hollow bolt?,M16 x 1.5 bolts torqued to 40 Nm.,0.9433666467666626,dropped,bmwtorquespecs-046-q07
semantic-140,bmwtorquespecs-039,bmwtorquespecs-039-q03,What is the torque specification for the hollow bolt on oil lines from turbocharger to engine block?,40 Nm with M16 x 1.5 screw.,0.9433666467666626,dropped,bmwtorquespecs-046-q07
semantic-141,00-torque-specs-039,00-torque-specs-039-q07,What thread specification is used for the oil lines from turbocharger to engine block?,M16 x 1.5 thread specification.,0.939811646938324,kept,00-torque-specs-039-q07
semantic-141,bmwtorquespecs-039,bmwtorquespecs-039-q07,What thread specification is used for the oil lines from turbocharger to engine block hollow bolt?,M16 x 1.5.,0.939811646938324,dropped,00-torque-specs-039-q07
semantic-142,00-torque-specs-040,00-torque-specs-040-q06,What is the difference in torque specification between M8 and M6 screws for water pump installation?,"The M8 screws require 22 Nm while M6 screws require 10 Nm, a difference of 12 Nm",0.976628839969635,kept,00-torque-specs-040-q06
semantic-142,00-torque-specs-11-30,00-torque-specs-11-30-q05,What is the difference in torque between the M8 and M6 screws for the water pump mounting?,The difference is 12 Nm (M8 at 22 Nm minus M6 at 10 Nm),0.976628839969635,dropped,00-torque-specs-040-q06
semantic-142,bmwtorquespecs-040,bmwtorquespecs-040-q08,What is the difference in torque values between the M8 and M6 screws for water pump installation?,12 Nm (M8 requires 22 Nm while M6 requires 10 Nm),0.976628839969635,dropped,00-torque-specs-040-q06
semantic-143,00-torque-specs-041,00-torque-specs-041-q02,Which component uses the 1AZ specification code?,Fan clutch on water pump coupling nut (left-hand threads),0.9918683767318726,kept,00-torque-specs-041-q02
semantic-143,00-torque-specs-11-33,00-torque-specs-11-33-q08,What component uses the 1AZ specification code?,Intake manifold on cylinder head,0.9918683767318726,dropped,00-torque-specs-041-q02
semantic-144,00-torque-specs-041,00-torque-specs-041-q07,What unit of measurement is used for the fan clutch torque specification?,Nm (Newton meters),0.9270849823951721,kept,00-torque-specs-041-q07
semantic-144,bmwtorquespecs-041,bmwtorquespecs-041-q06,What is the unit of measurement for the fan clutch coupling nut torque specification?,Nm (Newton meters),0.9270849823951721,dropped,00-torque-specs-041-q07
semantic-145,00-torque-specs-041,00-torque-specs-041-q09,What is special about the threading on the fan clutch coupling nut?,"It has left-hand threads, which means it tightens counterclockwise",0.9029118418693542,kept,00-torque-specs-041-q09
semantic-145,bmwtorquespecs-041,bmwtorquespecs-041-q08,What special characteristic should be noted about the fan clutch coupling nut threading?,It has left-hand threads,0.9029118418693542,dropped,00-torque-specs-041-q09
semantic-146,bmwtorquespecs-042,bmwtorquespecs-042-q04,What screw size is specified for the bleeder screw?,M8 screws are specified for the bleeder screw.,0.9529188871383667,kept,bmwtorquespecs-042-q04
semantic-146,00-torque-specs-042,00-torque-specs-042-q04,What size screws are used for the bleeder screw?,M8 screws are used for the bleeder screw.,0.9529188871383667,dropped,bmwtorquespecs-042-q04
semantic-147,bmwtorquespecs-042,bmwtorquespecs-042-q05,"Which component has a higher torque specification, the thermostat housing or the bleeder screw?",The thermostat housing has a higher torque specification at 10 Nm compared to the bleeder screw at 8 Nm.,0.9582468867301941,kept,bmwtorquespecs-042-q05
semantic-147,00-torque-specs-042,00-torque-specs-042-q05,Which component requires higher torque - the thermostat housing or the bleeder screw?,The thermostat housing requires higher torque at 10 Nm compared to the bleeder screw at 8 Nm.,0.9582468867301941,dropped,bmwtorquespecs-042-q05
semantic-147,00-torque-specs-11-32,00-torque-specs-11-32-q06,Which component requires the higher torque value - the thermostat housing or bleeder screw?,The thermostat housing requires the higher torque value at 10 Nm compared to the bleeder screw at 8 Nm.,0.9582468867301941,dropped,bmwtorquespecs-042-q05
semantic-147,00-torque-specs-11-32,00-torque-specs-11-32-q10,What is the difference in torque between the thermostat housing and bleeder screw?,The thermostat housing torque is 2 Nm higher than the bleeder screw torque (10 Nm vs 8 Nm).,0.9582468867301941,dropped,bmwtorquespecs-042-q05
semantic-148,00-torque-specs-042,00-torque-specs-042-q06,What section of the manual covers thermostat and connections specifications?,Section 11 53 covers thermostat and connections specifications.,0.9577845335006714,kept,00-torque-specs-042-q06
semantic-148,00-torque-specs-11-32,00-torque-specs-11-32-q07,What section of the manual covers thermostat and connections?,Section 11 53 covers Thermostat and Connections.,0.9577845335006714,dropped,00-torque-specs-042-q06
semantic-149,00-torque-specs-043,00-torque-specs-043-q05,What component is covered under section 11 61 in the torque specifications?,Intake manifold,0.9135727882385254,kept,00-torque-specs-043-q05
semantic-149,00-torque-specs-21-01,00-torque-specs-21-01-q05,What component is covered under section 21 11 according to this torque specification table?,Bell housing,0.9135727882385254,dropped,00-torque-specs-043-q05
semantic-150,00-torque-specs-043,00-torque-specs-043-q08,Which screw size has the highest torque specification on the intake manifold?,M8 screws with 22 Nm,0.9542523622512817,kept,00-torque-specs-043-q08
semantic-150,00-torque-specs-11-33,00-torque-specs-11-33-q10,What is the highest torque specification shown for intake manifold screws?,22 Nm for M8 screws,0.9542523622512817,dropped,00-torque-specs-043-q08
semantic-151,00-torque-specs-044,00-torque-specs-044-q01,What is the torque specification for exhaust manifold to cylinder head screws on all engine types?,10 Nm using M6 screws with Molykote HSC compound coat on screw connections.,0.9764711856842041,kept,00-torque-specs-044-q01
semantic-151,00-torque-specs-11-34,00-torque-specs-11-34-q01,What is the torque specification for the exhaust manifold to cylinder head screws?,M6 screws should be torqued to 10 Nm.,0.9764711856842041,dropped,00-torque-specs-044-q01
semantic-151,bmwtorquespecs-044,bmwtorquespecs-044-q01,What is the torque specification for exhaust manifold to cylinder head screws on all vehicle types?,M6 screws should be torqued to 10 Nm.,0.9764711856842041,dropped,00-torque-specs-044-q01
semantic-152,00-torque-specs-044,00-torque-specs-044-q02,What torque should be applied to M50/M52/S52/S50 US engine exhaust manifold connections?,20 Nm using M7 screws.,0.9337537884712219,kept,00-torque-specs-044-q02
semantic-152,00-torque-specs-044,00-torque-specs-044-q03,How much torque is required for exhaust manifold connections on all engines other than M50/M52/S52/S50 US?,15 Nm using M7 screws.,0.9337537884712219,dropped,00-torque-specs-044-q02
semantic-153,00-torque-specs-11-34,00-torque-specs-11-34-q02,What compound should be used on exhaust manifold screw connections?,Molykote HSC compound coat should be used on screw connections on exhaust.,0.9788726568222046,kept,00-torque-specs-11-34-q02
semantic-153,00-torque-specs-044,00-torque-specs-044-q07,What special compound should be applied to exhaust manifold screw connections?,Molykote HSC compound coat.,0.9788726568222046,dropped,00-torque-specs-11-34-q02
semantic-154,00-torque-specs-044,00-torque-specs-044-q10,What procedure must be followed before retorquing M21 engine bolts after 2000 km?,The bolt must be loosened first before applying the 12 Nm torque specification.,0.9007814526557922,kept,00-torque-specs-044-q10
semantic-154,bmwtorquespecs-044,bmwtorquespecs-044-q10,What procedure should be followed before retorquing bolts after 2000 km?,Loosen bolt first before retorquing.,0.9007814526557922,dropped,00-torque-specs-044-q10
semantic-155,00-torque-specs-045,00-torque-specs-045-q06,What is the protrusion specification for short studs from the cylinder head?,88 ± 1.0 mm,0.9287440776824951,kept,00-torque-specs-045-q06
semantic-155,00-torque-specs-11-35,00-torque-specs-11-35-q05,What is the protrusion measurement for short studs from the cylinder head?,88 + 1.0 mm,0.9287440776824951,dropped,00-torque-specs-045-q06
semantic-156,bmwtorquespecs-046,bmwtorquespecs-046-q02,What screw size and torque is specified for the bypass valve to flow section?,The bypass valve to flow section (2AZ) uses M8 screws with 25 Nm torque specification for M30 type.,0.9494413137435913,kept,bmwtorquespecs-046-q02
semantic-156,00-torque-specs-046,00-torque-specs-046-q02,What screw size and torque value is required for the bypass valve to flow section?,M8 screws with 25 Nm torque for M30 type.,0.9494413137435913,dropped,bmwtorquespecs-046-q02
semantic-156,00-torque-specs-11-36,00-torque-specs-11-36-q03,What is the torque specification for the bypass valve to flow section?,25 Nm for the M30 bypass valve to flow section with M8 screws.,0.9494413137435913,dropped,bmwtorquespecs-046-q02
semantic-157,bmwtorquespecs-046,bmwtorquespecs-046-q05,What torque specification is required for the charge tract to exhaust manifold connection?,The charge tract to exhaust manifold (5AZ) requires 22 Nm torque using M8 screws for M30 type.,0.9670714139938354,kept,bmwtorquespecs-046-q05
semantic-157,00-torque-specs-046,00-torque-specs-046-q05,What torque value is specified for the charge tract to exhaust manifold connection?,22 Nm using M8 screws for M30 type.,0.9670714139938354,dropped,bmwtorquespecs-046-q05
semantic-157,00-torque-specs-11-36,00-torque-specs-11-36-q05,What torque is required for the charge tract to exhaust manifold connection?,22 Nm for the M30 charge tract to exhaust manifold with M8 bolts.,0.9670714139938354,dropped,bmwtorquespecs-046-q05
semantic-158,bmwtorquespecs-046,bmwtorquespecs-046-q09,What torque should be applied to the control pipe to bypass valve/turbocharger connection?,The control pipe to bypass valve/turbocharger (9AZ) requires 30 Nm torque for M30 type.,0.9497231245040894,kept,bmwtorquespecs-046-q09
semantic-158,00-torque-specs-046,00-torque-specs-046-q09,What is the torque specification for the control pipe to bypass valve/turbocharger?,30 Nm for M30 type.,0.9497231245040894,dropped,bmwtorquespecs-046-q09
semantic-158,00-torque-specs-11-36,00-torque-specs-11-36-q09,What torque is required for the control pipe to bypass valve/turbocharger connection?,30 Nm for the M30 control pipe to bypass valve/turbocharger.,0.9497231245040894,dropped,bmwtorquespecs-046-q09
semantic-159,00-torque-specs-047,00-torque-specs-047-q07,What component section is covered under reference 11 66?,Vacuum pump,0.908281683921814,kept,00-torque-specs-047-q07
semantic-159,bmwtorquespecs-047,bmwtorquespecs-047-q05,What component is referenced under section 11 66?,Vacuum pump,0.908281683921814,dropped,00-torque-specs-047-q07
semantic-160,00-torque-specs-049,00-torque-specs-049-q02,What component is covered under section 11 78 for emissions control?,Lambda oxygen sensor,0.9741881489753723,kept,00-torque-specs-049-q02
semantic-160,bmwtorquespecs-049,bmwtorquespecs-049-q02,What component is covered under section 11 78 in the emissions-control system?,Lambda oxygen sensor,0.9741881489753723,dropped,00-torque-specs-049-q02
semantic-161,00-torque-specs-049,00-torque-specs-049-q07,What is the complete description for the component specified under code 1AZ?,Oxygen sensor and oxygen monitor sensor,0.9133786559104919,kept,00-torque-specs-049-q07
semantic-161,bmwtorquespecs-065,bmwtorquespecs-065-q09,What is the complete description of component 1AZ?,Temperature switch for electronic box,0.9133786559104919,dropped,00-torque-specs-049-q07
semantic-162,00-torque-specs-049,00-torque-specs-049-q10,What emissions control component requires a 55 Nm torque specification?,Lambda oxygen sensor (oxygen sensor and oxygen monitor sensor),0.9729004502296448,kept,00-torque-specs-049-q10
semantic-162,bmwtorquespecs-049,bmwtorquespecs-049-q07,Which emissions control component has a torque specification of 55 Nm?,Lambda oxygen sensor (oxygen sensor and oxygen monitor sensor),0.9729004502296448,dropped,00-torque-specs-049-q10
semantic-163,00-torque-specs-051,00-torque-specs-051-q07,Which distributor component has the lowest torque specification?,The distributor rotor to adapter with DME (2AZ) has the lowest torque at 2.8 Nm,0.9478142261505127,kept,00-torque-specs-051-q07
semantic-163,00-torque-specs-12-01,00-torque-specs-12-01-q05,Which distributor component requires the highest torque value?,The distributor with M20 screws requires the highest torque at 22 Nm,0.9478142261505127,dropped,00-torque-specs-051-q07
semantic-163,00-torque-specs-12-01,00-torque-specs-12-01-q10,What is the lowest torque specification shown for distributor components?,2.8 Nm for the distributor rotor to adapter with DME,0.9478142261505127,dropped,00-torque-specs-051-q07
semantic-163,bmwtorquespecs-051,bmwtorquespecs-051-q09,Which distributor component requires the highest torque specification?,The M20 distributor at 22 Nm,0.9478142261505127,dropped,00-torque-specs-051-q07
semantic-164,bmwtorquespecs-095,bmwtorquespecs-095-q09,What component is referenced by code 3AZ in this specification table?,Reinforcement plate to transmission.,0.913690984249115,kept,bmwtorquespecs-095-q09
semantic-164,00-torque-specs-051,00-torque-specs-051-q10,What component is designated as 3AZ in this specification table?,High-tension distributor cap,0.913690984249115,dropped,bmwtorquespecs-095-q09
semantic-165,00-torque-specs-052,00-torque-specs-052-q09,What unit is used for measuring spark plug torque specifications?,Nm (Newton meters),0.9337948560714722,kept,00-torque-specs-052-q09
semantic-165,00-torque-specs-12-02,00-torque-specs-12-02-q09,What units are used for the spark plug torque measurements?,Nm (Newton-meters),0.9337948560714722,dropped,00-torque-specs-052-q09
semantic-166,bmwtorquespecs-036,bmwtorquespecs-036-q10,Are all the torque specifications in this table given for the same vehicle types?,"No, the pressure relief valve plug has specific thread types (M10/M30 and M20), while the other components specify 'All' for type",0.9327348470687866,kept,bmwtorquespecs-036-q10
semantic-166,00-torque-specs-052,00-torque-specs-052-q10,Are these torque specifications applicable to all vehicle types?,"Yes, the specifications show 'All' in the Type column for both spark plug sizes",0.9327348470687866,dropped,bmwtorquespecs-036-q10
semantic-166,00-torque-specs-102,00-torque-specs-102-q06,Are the torque specifications the same for all vehicle types listed?,"Yes, all specifications show 'All' in the Type column, indicating they apply to all variants.",0.9327348470687866,dropped,bmwtorquespecs-036-q10
semantic-166,00-torque-specs-11-27,00-torque-specs-11-27-q08,Do all the torque specifications in this section apply to all vehicle types?,"Yes, all specifications are marked as applying to 'All' vehicle types",0.9327348470687866,dropped,bmwtorquespecs-036-q10
semantic-166,00-torque-specs-12-08,00-torque-specs-12-08-q06,Which vehicle types do these torque specifications apply to?,All vehicle types,0.9327348470687866,dropped,bmwtorquespecs-036-q10
semantic-166,00-torque-specs-21-01,00-torque-specs-21-01-q07,Do these torque specifications apply to all vehicle types in this manual?,"Yes, all specifications show 'All' in the Type column, indicating they apply to all vehicle types",0.9327348470687866,dropped,bmwtorquespecs-036-q10
semantic-167,00-torque-specs-053,00-torque-specs-053-q04,How much torque is required for the ignition coil on wheel arch?,16 Nm (ft. lbs.),0.9486123919487,kept,00-torque-specs-053-q04
semantic-167,00-torque-specs-053,00-torque-specs-053-q03,What is the torque specification for the ignition coil on wheel arch/end wall?,5 Nm (ft. lbs.),0.9486123919487,dropped,00-torque-specs-053-q04
semantic-167,00-torque-specs-12-03,00-torque-specs-12-03-q04,What torque specification is required for the ignition coil on wheel arch/end wall?,5 Nm (ft. lbs.),0.9486123919487,dropped,00-torque-specs-053-q04
semantic-167,00-torque-specs-12-03,00-torque-specs-12-03-q06,What is the torque specification for the ignition coil on wheel arch?,16 Nm (ft. lbs.),0.9486123919487,dropped,00-torque-specs-053-q04
semantic-167,bmwtorquespecs-053,bmwtorquespecs-053-q04,What is the torque specification for the ignition coil mounted on the wheel arch?,16 Nm (ft. lbs.),0.9486123919487,dropped,00-torque-specs-053-q04
semantic-167,bmwtorquespecs-053,bmwtorquespecs-053-q06,What torque should be applied when installing the ignition coil on the wheel arch/end wall?,5 Nm (ft. lbs.),0.9486123919487,dropped,00-torque-specs-053-q04
semantic-168,00-torque-specs-053,00-torque-specs-053-q05,What screw type is used for the ignition coil on wheel arch/end wall?,M42/M43/M44,0.9834579229354858,kept,00-torque-specs-053-q05
semantic-168,00-torque-specs-12-03,00-torque-specs-12-03-q03,What is the screw type used for the ignition coil on wheel arch/end wall?,M42/M43/M44,0.9834579229354858,dropped,00-torque-specs-053-q05
semantic-168,bmwtorquespecs-053,bmwtorquespecs-053-q03,What screw types are used for the ignition coil on wheel arch/end wall mounting?,M42/M43/M44,0.9834579229354858,dropped,00-torque-specs-053-q05
semantic-169,00-torque-specs-12-03,00-torque-specs-12-03-q07,Which ignition coil connection requires the highest torque specification?,"The ignition coil on wheel arch requires 16 Nm (ft. lbs.), which is the highest torque specification listed.",0.9818028807640076,kept,00-torque-specs-12-03-q07
semantic-169,00-torque-specs-053,00-torque-specs-053-q07,Which ignition coil connection requires the highest torque value?,"The ignition coil on wheel arch requires 16 Nm (ft. lbs.), which is the highest torque specification shown.",0.9818028807640076,dropped,00-torque-specs-12-03-q07
semantic-170,00-torque-specs-054,00-torque-specs-054-q02,What torque value should be used for the knock sensor on E23 models?,13 Nm (ft. lbs.),0.9742574691772461,kept,00-torque-specs-054-q02
semantic-170,00-torque-specs-12-04,00-torque-specs-12-04-q02,What torque should be applied to the knock sensor on E23 models?,13 Nm (ft. lbs.),0.9742574691772461,dropped,00-torque-specs-054-q02
semantic-171,00-torque-specs-054,00-torque-specs-054-q04,How much torque should be applied to speed and reference mark senders on all models with DME?,7 Nm (ft. lbs.),0.9254138469696045,kept,00-torque-specs-054-q04
semantic-171,00-torque-specs-12-04,00-torque-specs-12-04-q04,What torque is specified for the speed and reference mark senders on models with DME?,7 Nm (ft. lbs.),0.9254138469696045,dropped,00-torque-specs-054-q04
semantic-171,bmwtorquespecs-054,bmwtorquespecs-054-q03,What is the torque value for speed and reference mark senders on engines with DME?,7 Nm (ft. lbs.),0.9254138469696045,dropped,00-torque-specs-054-q04
semantic-172,00-torque-specs-054,00-torque-specs-054-q06,What torque value is specified for the angle impulse sensor on cylinder head using M52 fasteners?,5.0 Nm (ft. lbs.),0.9486363530158997,kept,00-torque-specs-054-q06
semantic-172,00-torque-specs-12-04,00-torque-specs-12-04-q06,What torque should be applied to the angle impulse sensor on cylinder head with M52 designation?,5.0 Nm (ft. lbs.),0.9486363530158997,dropped,00-torque-specs-054-q06
semantic-173,00-torque-specs-055,00-torque-specs-055-q07,What are the two components listed under the Preheating Relay section?,Terminal 30 wire to glow plug relay (1AZ) and 80 A fuse on glow plug relay (2AZ),0.9699329733848572,kept,00-torque-specs-055-q07
semantic-173,00-torque-specs-12-05,00-torque-specs-12-05-q08,What components are listed under the preheating relay section?,Terminal 30 wire to glow plug relay and 80 A fuse on glow plug relay.,0.9699329733848572,dropped,00-torque-specs-055-q07
semantic-174,00-torque-specs-055,00-torque-specs-055-q09,What is the difference in torque specifications between the two preheating relay components?,"The difference is 2 Nm, with the Terminal 30 wire requiring 4 Nm and the 80 A fuse requiring 2 Nm.",0.965630829334259,kept,00-torque-specs-055-q09
semantic-174,00-torque-specs-12-05,00-torque-specs-12-05-q07,What is the difference in torque between the two preheating relay components?,The difference is 2 Nm (4 Nm for terminal 30 wire minus 2 Nm for 80 A fuse).,0.965630829334259,dropped,00-torque-specs-055-q09
semantic-175,00-torque-specs-056,00-torque-specs-056-q05,Which components use M21/M41/M51 screw types?,"The 4"" glow plug (2AZ) and wire to glow plug (3AZ) both use M21/M41/M51 screw types.",0.9087371230125427,kept,00-torque-specs-056-q05
semantic-175,bmwtorquespecs-073,bmwtorquespecs-073-q06,Which component uses M43/M44 screw type?,The feed line on injection panel (4AZ) uses M43/M44 screw type.,0.9087371230125427,dropped,00-torque-specs-056-q05
semantic-176,00-torque-specs-12-06,00-torque-specs-12-06-q10,Which glow plug components have the same torque specification?,"None of the glow plug components share the same torque specification - they are 25 Nm, 20 Nm, and 4 Nm respectively",0.9543251991271973,kept,00-torque-specs-12-06-q10
semantic-176,00-torque-specs-056,00-torque-specs-056-q08,Which glow plug component has the lowest torque specification?,The wire to glow plug (3AZ) has the lowest torque specification at 4 Nm.,0.9543251991271973,dropped,00-torque-specs-12-06-q10
semantic-176,00-torque-specs-12-06,00-torque-specs-12-06-q04,Which glow plug component requires the highest torque specification?,The standard glow plug (1AZ) at 25 Nm,0.9543251991271973,dropped,00-torque-specs-12-06-q10
semantic-177,00-torque-specs-056,00-torque-specs-056-q10,How many different glow plug related components are listed in this specification table?,"Three components are listed: glow plug (1AZ), glow plug 4"" (2AZ), and wire to glow plug (3AZ).",0.9779194593429565,kept,00-torque-specs-056-q10
semantic-177,bmwtorquespecs-056,bmwtorquespecs-056-q07,How many different glow plug related components are listed in this table?,"3 components: glow plug, glow plug 4-inch, and wire to glow plug",0.9779194593429565,dropped,00-torque-specs-056-q10
semantic-178,00-torque-specs-057,00-torque-specs-057-q01,What is the torque specification for the Kl. D+ terminal on M10/M20 engines?,5 Nm (ft. lbs.),0.9623619318008423,kept,00-torque-specs-057-q01
semantic-178,bmwtorquespecs-057,bmwtorquespecs-057-q01,What is the torque specification for the KI. D+ terminal on M10/M20 engines?,5 Nm (ft. lbs.),0.9623619318008423,dropped,00-torque-specs-057-q01
semantic-179,00-torque-specs-057,00-torque-specs-057-q09,What is the difference in torque between Kl. B+ terminals on S38 B 38 engines versus all other engines?,S38 B 38 engines require 8 Nm (ft. lbs.) while all other engines require 13 Nm (ft. lbs.),0.9119464159011841,kept,00-torque-specs-057-q09
semantic-179,00-torque-specs-057,00-torque-specs-057-q02,What torque should be applied to the Kl. B+ terminal on S38 B 38 engines?,8 Nm (ft. lbs.),0.9119464159011841,dropped,00-torque-specs-057-q09
semantic-179,bmwtorquespecs-057,bmwtorquespecs-057-q03,What is the torque specification for the KI. B+ terminal on S38 B 38 engines?,8 Nm (ft. lbs.),0.9119464159011841,dropped,00-torque-specs-057-q09
semantic-180,00-torque-specs-057,00-torque-specs-057-q04,How much torque should be applied to the pulley for the ribbed drive belt?,60 Nm (ft. lbs.),0.9617834091186523,kept,00-torque-specs-057-q04
semantic-180,00-torque-specs-12-07,00-torque-specs-12-07-q06,What torque should be applied to the pulley for the ribbed drive belt?,60 Nm (ft. lbs.),0.9617834091186523,dropped,00-torque-specs-057-q04
semantic-180,bmwtorquespecs-057,bmwtorquespecs-057-q05,How much torque should be applied to the pulley for the ribbed drive belt (3AZ)?,60 Nm (ft. lbs.),0.9617834091186523,dropped,00-torque-specs-057-q04
semantic-181,00-torque-specs-057,00-torque-specs-057-q06,What torque should be applied to the fillister head screw for the wire holder?,3.5 Nm (ft. lbs.),0.9511477947235107,kept,00-torque-specs-057-q06
semantic-181,00-torque-specs-12-07,00-torque-specs-12-07-q08,How much torque should be applied to the fillister head screw for the wire holder?,3.5 Nm (ft. lbs.),0.9511477947235107,dropped,00-torque-specs-057-q06
semantic-181,bmwtorquespecs-057,bmwtorquespecs-057-q07,What torque should be applied to the fillister head screw for wire holder (5AZ)?,3.5 Nm (ft. lbs.),0.9511477947235107,dropped,00-torque-specs-057-q06
semantic-182,00-torque-specs-057,00-torque-specs-057-q07,What is the torque specification for mounting the alternator on the bearing block?,43 Nm (ft. lbs.),0.9719204902648926,kept,00-torque-specs-057-q07
semantic-182,00-torque-specs-12-07,00-torque-specs-12-07-q09,What is the torque specification for the alternator on bearing block?,43 Nm (ft. lbs.),0.9719204902648926,dropped,00-torque-specs-057-q07
semantic-183,00-torque-specs-059,00-torque-specs-059-q02,What size screw is used for the support to starter and what torque should it be tightened to?,M5 screw tightened to 5 Nm,0.9410780072212219,kept,00-torque-specs-059-q02
semantic-183,00-torque-specs-12-09,00-torque-specs-12-09-q02,What screw size and torque is specified for the support to starter?,M5 screw with 5 Nm torque,0.9410780072212219,dropped,00-torque-specs-059-q02
semantic-184,00-torque-specs-060,00-torque-specs-060-q05,What is the difference in torque between the battery positive connection and the wiring harness on distributor?,"The battery positive connection requires 20 Nm while the wiring harness on distributor requires 10 Nm, a difference of 10 Nm.",0.9486479759216309,kept,00-torque-specs-060-q05
semantic-184,00-torque-specs-12-10,00-torque-specs-12-10-q06,How much more torque is required for the battery positive connection compared to the wiring harness on distributor?,The battery positive connection requires 10 Nm more torque (20 Nm vs 10 Nm).,0.9486479759216309,dropped,00-torque-specs-060-q05
semantic-185,00-torque-specs-12-11,00-torque-specs-12-11-q10,What are the torque specifications for all three plug connector components listed?,"Holder for modules: 9 Nm, Ground connections flange nut: 16 Nm, Cover on heating splash wall: 1.1 Nm.",0.9165231585502625,kept,00-torque-specs-12-11-q10
semantic-185,00-torque-specs-061,00-torque-specs-061-q08,How many different torque specifications are listed for plug connectors and terminals?,"Three different torque specifications: 9 Nm, 16 Nm, and 1.1 Nm.",0.9165231585502625,dropped,00-torque-specs-12-11-q10
semantic-186,00-torque-specs-11-32,00-torque-specs-11-32-q09,What units are used for the torque measurements in this table?,The torque measurements are specified in Newton-meters (Nm).,0.9351775050163269,kept,00-torque-specs-11-32-q09
semantic-186,00-torque-specs-062,00-torque-specs-062-q10,What are the units used for all torque measurements in this specification table?,Nm (Newton meters).,0.9351775050163269,dropped,00-torque-specs-11-32-q09
semantic-186,00-torque-specs-077,00-torque-specs-077-q05,What is the unit of measurement for the torque specification listed?,Nm (Newton meters),0.9351775050163269,dropped,00-torque-specs-11-32-q09
semantic-186,00-torque-specs-12-05,00-torque-specs-12-05-q09,What units are used for the torque measurements in this section?,Nm (Newton-meters),0.9351775050163269,dropped,00-torque-specs-11-32-q09
semantic-186,00-torque-specs-12-10,00-torque-specs-12-10-q09,What unit of measurement is used for all torque values in this section?,All torque values are measured in Nm (Newton-meters).,0.9351775050163269,dropped,00-torque-specs-11-32-q09
semantic-186,00-torque-specs-24-06,00-torque-specs-24-06-q07,What units are used for the torque measurements in this automatic transmission specification table?,Nm (Newton meters),0.9351775050163269,dropped,00-torque-specs-11-32-q09
semantic-186,bmwtorquespecs-006,bmwtorquespecs-006-q10,What units are used for all the torque values in this table?,Nm (ft. lbs.),0.9351775050163269,dropped,00-torque-specs-11-32-q09
semantic-186,bmwtorquespecs-049,bmwtorquespecs-049-q06,What unit of measurement is used for the torque specification in this table?,Nm (Newton meters),0.9351775050163269,dropped,00-torque-specs-11-32-q09
semantic-186,bmwtorquespecs-052,bmwtorquespecs-052-q08,What is the unit of measurement used for the torque specifications?,Nm (Newton meters),0.9351775050163269,dropped,00-torque-specs-11-32-q09
semantic-186,bmwtorquespecs-091,bmwtorquespecs-091-q07,What units are used for all the torque measurements in this table?,Nm (Newton meters),0.9351775050163269,dropped,00-torque-specs-11-32-q09
semantic-186,bmwtorquespecs-093,bmwtorquespecs-093-q10,What are the units used for all torque measurements in this table?,Nm (Newton meters),0.9351775050163269,dropped,00-torque-specs-11-32-q09
semantic-187,00-torque-specs-61-02,00-torque-specs-61-02-q10,What special note is mentioned for the oil pressure switch installation?,The note states 'oil and screw in' for the oil pressure switch installation.,0.9378430247306824,kept,00-torque-specs-61-02-q10
semantic-187,00-torque-specs-063,00-torque-specs-063-q06,What special note is provided for the oil pressure/temperature switch installation?,Oil and screw in,0.9378430247306824,dropped,00-torque-specs-61-02-q10
semantic-188,00-torque-specs-12-13,00-torque-specs-12-13-q08,How many different torque specifications are listed for the oil pressure switch?,"Three different specifications: 20 Nm, 27 Nm, and 35 Nm",0.9240285158157349,kept,00-torque-specs-12-13-q08
semantic-188,00-torque-specs-063,00-torque-specs-063-q08,What is the highest torque specification listed for the oil pressure switch installation?,35 Nm for all other engine types,0.9240285158157349,dropped,00-torque-specs-12-13-q08
semantic-189,00-torque-specs-127,00-torque-specs-127-q09,What is the difference in torque specification between the oil pressure switches for different engine types?,"The M10/M40/M42/M21/M51/M20/M30/M50/M60/1/M60/2/M70/S70 engines require 40 Nm, while the S14/S50/S38/M43 engines require 20 Nm",0.9186956882476807,kept,00-torque-specs-127-q09
semantic-189,00-torque-specs-063,00-torque-specs-063-q10,What are all three different torque specifications shown for the oil pressure switch across different engine types?,"20 Nm for S14/S50/S38, 27 Nm for M60/M62/M73, and 35 Nm for all others",0.9186956882476807,dropped,00-torque-specs-127-q09
semantic-189,bmwtorquespecs-063,bmwtorquespecs-063-q08,How many different torque specifications are listed for oil pressure switches?,"Three different torque specifications: 20 Nm, 27 Nm, and 35 Nm",0.9186956882476807,dropped,00-torque-specs-127-q09
semantic-190,00-torque-specs-13-11,00-torque-specs-13-11-q10,What is the complete specification entry for component 1AZ?,"Air intake line on low-pressure unit, type 316g/518g, torque specification 22 Nm",0.9594364166259766,kept,00-torque-specs-13-11-q10
semantic-190,00-torque-specs-065,00-torque-specs-065-q08,What type of specification is provided for component 1AZ?,Screw torque specification,0.9594364166259766,dropped,00-torque-specs-13-11-q10
semantic-191,00-torque-specs-066,00-torque-specs-066-q04,What vehicle types does the pedal value sender to pedal console specification apply to?,E32/E34/E31,0.9076011776924133,kept,00-torque-specs-066-q04
semantic-191,00-torque-specs-12-16,00-torque-specs-12-16-q05,What type designation applies to the pedal value sender to pedal console?,E32/E34/E31,0.9076011776924133,dropped,00-torque-specs-066-q04
semantic-192,00-torque-specs-12-16,00-torque-specs-12-16-q03,Which component has the higher torque specification - the lever to pedal value sender or the pedal value sender to pedal console?,The lever to pedal value sender has the higher torque specification at 9 Nm compared to 5 Nm for the pedal value sender to pedal console.,0.9203948378562927,kept,00-torque-specs-12-16-q03
semantic-192,00-torque-specs-066,00-torque-specs-066-q05,What is the difference in torque between the lever to pedal value sender and the pedal value sender to pedal console?,"The lever to pedal value sender requires 9 Nm while the pedal value sender to pedal console requires 5 Nm, a difference of 4 Nm.",0.9203948378562927,dropped,00-torque-specs-12-16-q03
semantic-193,00-torque-specs-066,00-torque-specs-066-q07,Which sender specification has the higher torque requirement?,The lever to pedal value sender (1AZ) has the higher torque requirement at 9 Nm compared to 5 Nm for the pedal value sender to pedal console (2AZ).,0.9367788434028625,kept,00-torque-specs-066-q07
semantic-193,bmwtorquespecs-066,bmwtorquespecs-066-q09,Which sender component has the higher torque specification?,The lever to pedal value sender (1AZ) with 9 Nm,0.9367788434028625,dropped,00-torque-specs-066-q07
semantic-194,00-torque-specs-067,00-torque-specs-067-q07,What torque value is required for the control unit box cover?,4.4 Nm (ft. lbs.),0.9612953662872314,kept,00-torque-specs-067-q07
semantic-194,00-torque-specs-12-17,00-torque-specs-12-17-q04,How much torque is required for the control unit box cover?,4.4 Nm (ft. lbs.),0.9612953662872314,dropped,00-torque-specs-067-q07
semantic-195,00-torque-specs-072,00-torque-specs-072-q06,Which component has the highest torque specification in the injection pump drive section?,The toothed belt pulley to injection pump at 50 Nm,0.9906694889068604,kept,00-torque-specs-072-q06
semantic-195,00-torque-specs-13-05,00-torque-specs-13-05-q05,Which component has the highest torque specification in the injection pump drive system?,The toothed belt pulley to injection pump at 50 Nm,0.9906694889068604,dropped,00-torque-specs-072-q06
semantic-195,bmwtorquespecs-072,bmwtorquespecs-072-q07,Which component in the injection pump drive section has the highest torque specification?,The toothed belt pulley to injection pump at 50 Nm,0.9906694889068604,dropped,00-torque-specs-072-q06
semantic-196,00-torque-specs-073,00-torque-specs-073-q02,What torque should be applied to the injection nozzle combination to cylinder head connection?,40 Nm for M21 type screws and 65 Nm for M51/M41 type screws.,0.9856610298156738,kept,00-torque-specs-073-q02
semantic-196,00-torque-specs-13-06,00-torque-specs-13-06-q02,What torque should be applied when connecting the injection nozzle combination to the cylinder head?,40 Nm for M21 type screws.,0.9856610298156738,dropped,00-torque-specs-073-q02
semantic-197,00-torque-specs-13-06,00-torque-specs-13-06-q04,What torque specification is used for the injection pipe coupling nut to injection pump and nozzle combination?,20 Nm for M21/M51/M41 type connections.,0.9921703934669495,kept,00-torque-specs-13-06-q04
semantic-197,00-torque-specs-073,00-torque-specs-073-q03,What is the torque specification for the injection pipe coupling nut to injection pump and nozzle combination?,20 Nm for M21/M51/M41 type screws.,0.9921703934669495,dropped,00-torque-specs-13-06-q04
semantic-198,bmwtorquespecs-073,bmwtorquespecs-073-q08,What is the torque value for the feed line on injection panel (4AZ)?,The torque value for the feed line on injection panel (4AZ) is 20 Nm.,0.9480499029159546,kept,bmwtorquespecs-073-q08
semantic-198,00-torque-specs-073,00-torque-specs-073-q04,What torque value is specified for the feed line on injection panel?,20 Nm for M43/M44 type screws.,0.9480499029159546,dropped,bmwtorquespecs-073-q08
semantic-198,00-torque-specs-13-06,00-torque-specs-13-06-q05,What is the torque value for the feed line on injection panel?,20 Nm for M43/M44 type connections.,0.9480499029159546,dropped,bmwtorquespecs-073-q08
semantic-199,bmwtorquespecs-073,bmwtorquespecs-073-q02,What screw type is used for the injection nozzle combination to cylinder head (2AZ)?,The screw type used for the injection nozzle combination to cylinder head (2AZ) is M21.,0.9042484760284424,kept,bmwtorquespecs-073-q02
semantic-199,00-torque-specs-073,00-torque-specs-073-q06,What are the different screw types used for the injection nozzle combination to cylinder head?,M21 and M51/M41 type screws.,0.9042484760284424,dropped,bmwtorquespecs-073-q02
semantic-200,00-torque-specs-073,00-torque-specs-073-q07,Which components share the same 20 Nm torque specification?,"The injection pipe coupling nut to injection pump and nozzle combination, and the feed line on injection panel both use 20 Nm.",0.9462059736251831,kept,00-torque-specs-073-q07
semantic-200,00-torque-specs-130,00-torque-specs-130-q10,Which components use the same 10 Nm torque specification?,Both the wiper support bracket to firewall and wiper support bracket to wiper console use 10 Nm (ft. lbs.).,0.9462059736251831,dropped,00-torque-specs-073-q07
semantic-200,00-torque-specs-23-03,00-torque-specs-23-03-q09,Which components share the same 25 Nm torque specification?,M8x30 screws and the retaining plate for reverse gear shaft on intermediate housing,0.9462059736251831,dropped,00-torque-specs-073-q07
semantic-201,00-torque-specs-074,00-torque-specs-074-q04,What is the torque specification for the temperature switch (3AZ)?,28 Nm for all applications.,0.947155773639679,kept,00-torque-specs-074-q04
semantic-201,00-torque-specs-13-07,00-torque-specs-13-07-q03,How much torque is required for the temperature switch (3AZ)?,28 Nm for all types.,0.947155773639679,dropped,00-torque-specs-074-q04
semantic-202,00-torque-specs-074,00-torque-specs-074-q05,What torque should be applied to the temperature sensor - air (4AZ)?,13 Nm for all applications.,0.938781201839447,kept,00-torque-specs-074-q05
semantic-202,00-torque-specs-13-07,00-torque-specs-13-07-q04,What is the torque specification for the temperature sensor - air (4AZ)?,13 Nm for all types.,0.938781201839447,dropped,00-torque-specs-074-q05
semantic-203,00-torque-specs-13-07,00-torque-specs-13-07-q05,What torque should be applied to the charge pressure sensor on holder (5AZ)?,4 Nm for M51/M41 type screws.,0.947681725025177,kept,00-torque-specs-13-07-q05
semantic-203,00-torque-specs-074,00-torque-specs-074-q06,What is the torque specification for the charge pressure sensor on holder (5AZ)?,4 Nm for M51/M41 engines.,0.947681725025177,dropped,00-torque-specs-13-07-q05
semantic-204,00-torque-specs-13-07,00-torque-specs-13-07-q06,What is the torque specification for the twin temperature sensor with 4-pin plug-in connection (6AZ)?,13 Nm for M41/M43/M44/S50/S52/M52/M62/M73 type screws.,0.9837501049041748,kept,00-torque-specs-13-07-q06
semantic-204,00-torque-specs-074,00-torque-specs-074-q08,What torque is specified for the twin temperature sensor with 4-pin plug-in connection (6AZ)?,13 Nm for M41/M43/M44/S50/S52/M52/M62/M73 engines.,0.9837501049041748,dropped,00-torque-specs-13-07-q06
semantic-205,bmwtorquespecs-075,bmwtorquespecs-075-q10,What is the difference in torque values between the fuel injector mounting and the coupling nut?,"The coupling nut requires 25 Nm while the fuel injector mounting requires 10 Nm, a difference of 15 Nm.",0.930599570274353,kept,bmwtorquespecs-075-q10
semantic-205,00-torque-specs-075,00-torque-specs-075-q02,What torque value should be used for the coupling nut on fuel injector?,25 Nm for all vehicles with K-Jetr.,0.930599570274353,dropped,bmwtorquespecs-075-q10
semantic-205,bmwtorquespecs-075,bmwtorquespecs-075-q03,What is the torque specification for the coupling nut on fuel injector?,25 Nm for all applications with K-Jetr.,0.930599570274353,dropped,bmwtorquespecs-075-q10
semantic-206,bmwtorquespecs-075,bmwtorquespecs-075-q04,Which engine types require the 25 Nm torque specification for the coupling nut on fuel injector?,All applications with K-Jetr require the 25 Nm torque specification.,0.9367031455039978,kept,bmwtorquespecs-075-q04
semantic-206,00-torque-specs-075,00-torque-specs-075-q04,Which vehicles require the 25 Nm torque specification for the fuel injector coupling nut?,All vehicles with K-Jetr.,0.9367031455039978,dropped,bmwtorquespecs-075-q04
semantic-207,00-torque-specs-13-10,00-torque-specs-13-10-q03,Which section of the manual covers fuel system specifications?,Section 13-10 Fuel System,0.9318103790283203,kept,00-torque-specs-13-10-q03
semantic-207,00-torque-specs-077,00-torque-specs-077-q07,What is the complete section reference for the fuel system specifications shown?,13 - 10 Fuel System,0.9318103790283203,dropped,00-torque-specs-13-10-q03
semantic-208,00-torque-specs-077,00-torque-specs-077-q08,Which column contains the torque values in this specification table?,The Measure column,0.9007387161254883,kept,00-torque-specs-077-q08
semantic-208,00-torque-specs-13-12,00-torque-specs-13-12-q03,Which section does this torque specification table belong to?,13-12 Fuel System,0.9007387161254883,dropped,00-torque-specs-077-q08
semantic-209,00-torque-specs-13-10,00-torque-specs-13-10-q08,What component requires a 3 Nm torque specification?,The screw plug on the low-pressure regulator,0.9772107005119324,kept,00-torque-specs-13-10-q08
semantic-209,00-torque-specs-077,00-torque-specs-077-q09,What component requires a 3 Nm torque specification according to this page?,Screw plug on low-pressure regulator,0.9772107005119324,dropped,00-torque-specs-13-10-q08
semantic-210,00-torque-specs-078,00-torque-specs-078-q02,What component type is specified for item 1AZ in the fuel system section?,Air intake line on low-pressure unit,0.9551950693130493,kept,00-torque-specs-078-q02
semantic-210,00-torque-specs-079,00-torque-specs-079-q04,What component is specified under item 1AZ in the fuel system?,MAP sensor on holder,0.9551950693130493,dropped,00-torque-specs-078-q02
semantic-211,bmwtorquespecs-019,bmwtorquespecs-019-q10,Which section of the service manual does this torque specification table belong to?,"11 - 9 Engine, 11 12 Cylinder Head and Cover",0.9312119483947754,kept,bmwtorquespecs-019-q10
semantic-211,00-torque-specs-078,00-torque-specs-078-q04,Which section of the service manual does this torque specification page belong to?,13 - 11 Fuel System,0.9312119483947754,dropped,bmwtorquespecs-019-q10
semantic-212,00-torque-specs-078,00-torque-specs-078-q08,What document number and date is shown at the top of this page?,AZD13-11.frb dated 20/10/97,0.9054901599884033,kept,00-torque-specs-078-q08
semantic-212,bmwtorquespecs-133,bmwtorquespecs-133-q10,What document reference and date appear at the top of this page?,AZD62-1.frb 20/10/97,0.9054901599884033,dropped,00-torque-specs-078-q08
semantic-213,bmwtorquespecs-108,bmwtorquespecs-108-q07,What chapter and section does this torque specification table belong to?,Chapter 24-6 Automatic Transmission,0.9025160670280457,kept,bmwtorquespecs-108-q07
semantic-213,00-torque-specs-079,00-torque-specs-079-q03,Which section does this torque specification belong to?,13 - 12 Fuel System,0.9025160670280457,dropped,bmwtorquespecs-108-q07
semantic-214,00-torque-specs-079,00-torque-specs-079-q07,What is the full description of the fuel system component 13 82?,"Mixture and metering system, low-pressure reducer",0.9186729788780212,kept,00-torque-specs-079-q07
semantic-214,bmwtorquespecs-079,bmwtorquespecs-079-q03,Which fuel system component is referenced under section 13 82?,"Mixture and metering system, low-pressure reducer",0.9186729788780212,dropped,00-torque-specs-079-q07
semantic-215,00-torque-specs-080,00-torque-specs-080-q05,Which component has the lowest torque specification in this fuel system table?,The holder for filler connections on body (4AZ) has the lowest torque specification at 3 Nm,0.917403519153595,kept,00-torque-specs-080-q05
semantic-215,00-torque-specs-081,00-torque-specs-081-q09,Which component has the lowest torque specification shown in this fuel tank section?,The heat shield to fuel tank on the E24 model at 1.0 Nm (ft. lbs.).,0.917403519153595,dropped,00-torque-specs-080-q05
semantic-215,00-torque-specs-13-13,00-torque-specs-13-13-q05,Which component in the fuel system has the highest torque specification?,The support frame on body at 45 Nm,0.917403519153595,dropped,00-torque-specs-080-q05
semantic-215,00-torque-specs-16-02,00-torque-specs-16-02-q05,Which component has the lowest torque specification in the fuel supply section?,Electric connections on fuel pump with M4 screws at 1.2 Nm,0.917403519153595,dropped,00-torque-specs-080-q05
semantic-216,00-torque-specs-080,00-torque-specs-080-q08,Which components use the 316g/518g screw type?,The support frame on body (1AZ) and the gas density sensor on non-return cock of gas tank (2AZ),0.954096794128418,kept,00-torque-specs-080-q08
semantic-216,00-torque-specs-13-12,00-torque-specs-13-12-q02,What component uses screw type 316g/518g?,MAP sensor on holder,0.954096794128418,dropped,00-torque-specs-080-q08
semantic-216,bmwtorquespecs-079,bmwtorquespecs-079-q02,What component uses the screw type 316g/518g?,MAP sensor on holder,0.954096794128418,dropped,00-torque-specs-080-q08
semantic-217,00-torque-specs-081,00-torque-specs-081-q02,How much torque should be applied to the fuel tank nut on the E30 model?,25 Nm (ft. lbs.) with M8 screw.,0.9457495212554932,kept,00-torque-specs-081-q02
semantic-217,00-torque-specs-16-01,00-torque-specs-16-01-q02,What torque should I use for the fuel tank mounting nuts on the E30?,25 Nm (ft. lbs.),0.9457495212554932,dropped,00-torque-specs-081-q02
semantic-217,bmwtorquespecs-081,bmwtorquespecs-081-q02,What torque should be applied to the fuel tank nut on the E30 model?,25 Nm (ft. lbs.) with M8 screw.,0.9457495212554932,dropped,00-torque-specs-081-q02
semantic-218,00-torque-specs-081,00-torque-specs-081-q03,What is the torque difference between the E30 and E24 fuel tank nuts?,"The E30 requires 25 Nm (ft. lbs.) while the E24 requires 45 Nm (ft. lbs.), both using M8 screws.",0.9873830080032349,kept,00-torque-specs-081-q03
semantic-218,00-torque-specs-16-01,00-torque-specs-16-01-q03,What is the difference in torque values between the E30 and E24 fuel tank nuts?,The E30 uses 25 Nm (ft. lbs.) while the E24 uses 45 Nm (ft. lbs.),0.9873830080032349,dropped,00-torque-specs-081-q03
semantic-219,00-torque-specs-081,00-torque-specs-081-q04,What torque specification is required for the retaining strap on the E39?,23 Nm (ft. lbs.) with M8 screw.,0.9693856239318848,kept,00-torque-specs-081-q04
semantic-219,00-torque-specs-16-01,00-torque-specs-16-01-q05,What torque specification applies to the E39 retaining strap?,23 Nm (ft. lbs.),0.9693856239318848,dropped,00-torque-specs-081-q04
semantic-219,bmwtorquespecs-081,bmwtorquespecs-081-q04,What is the torque specification for the retaining strap on the E39 model?,23 Nm (ft. lbs.) with M8 screw.,0.9693856239318848,dropped,00-torque-specs-081-q04
semantic-220,00-torque-specs-081,00-torque-specs-081-q05,How much torque is specified for the connecting pipe to fuel tank on the E30?,25 Nm (ft. lbs.).,0.967686653137207,kept,00-torque-specs-081-q05
semantic-220,00-torque-specs-16-01,00-torque-specs-16-01-q06,What is the torque value for the connecting pipe to fuel tank on the E30?,25 Nm (ft. lbs.),0.967686653137207,dropped,00-torque-specs-081-q05
semantic-220,bmwtorquespecs-081,bmwtorquespecs-081-q05,What torque value should be used for the connecting pipe to fuel tank on the E30?,25 Nm (ft. lbs.).,0.967686653137207,dropped,00-torque-specs-081-q05
semantic-221,00-torque-specs-081,00-torque-specs-081-q08,What torque should be applied to the drain plug on the fuel tank for all models?,25 Nm (ft. lbs.).,0.9425013065338135,kept,00-torque-specs-081-q08
semantic-221,00-torque-specs-16-01,00-torque-specs-16-01-q10,What torque specification applies to the drain plug on fuel tank for all models?,25 Nm (ft. lbs.),0.9425013065338135,dropped,00-torque-specs-081-q08
semantic-221,bmwtorquespecs-081,bmwtorquespecs-081-q09,What is the torque specification for the drain plug on fuel tank for all models?,25 Nm (ft. lbs.).,0.9425013065338135,dropped,00-torque-specs-081-q08
semantic-222,00-torque-specs-082,00-torque-specs-082-q07,Which components require the highest torque specification in the fuel supply system?,The pump assembly to metal-bonded mount and holder to fuel pump or fuel reservoir both require 6.5 Nm,0.9606646299362183,kept,00-torque-specs-082-q07
semantic-222,bmwtorquespecs-080,bmwtorquespecs-080-q07,Which fuel system component requires the highest torque specification?,Support frame on body (1AZ) at 45 Nm,0.9606646299362183,dropped,00-torque-specs-082-q07
semantic-223,00-torque-specs-16-02,00-torque-specs-16-02-q10,What is the torque difference between M4 and M5 electric connections on the fuel pump?,"The M5 connections use 1.6 Nm while M4 connections use 1.2 Nm, a difference of 0.4 Nm",0.9940412640571594,kept,00-torque-specs-16-02-q10
semantic-223,00-torque-specs-082,00-torque-specs-082-q10,What is the difference in torque between M4 and M5 electric connections on fuel pump?,M5 connections require 0.4 Nm more torque than M4 connections (1.6 Nm vs 1.2 Nm),0.9940412640571594,dropped,00-torque-specs-16-02-q10
semantic-224,00-torque-specs-083,00-torque-specs-083-q03,What is the specified torque for the fuel vapor venting tank to body connection on the E39?,4.0 Nm (ft. lbs.),0.9482158422470093,kept,00-torque-specs-083-q03
semantic-224,00-torque-specs-083,00-torque-specs-083-q01,What is the torque specification for the fuel vapor venting tank to body connection on the E24?,3 Nm (ft. lbs.),0.9482158422470093,dropped,00-torque-specs-083-q03
semantic-224,00-torque-specs-16-03,00-torque-specs-16-03-q01,What is the torque specification for fuel vapor venting tank to body connection on E24 models?,3 Nm (ft. lbs.),0.9482158422470093,dropped,00-torque-specs-083-q03
semantic-224,00-torque-specs-16-03,00-torque-specs-16-03-q03,What is the specified torque for the fuel vapor venting tank to body connection on E39 models?,4.0 Nm (ft. lbs.),0.9482158422470093,dropped,00-torque-specs-083-q03
semantic-224,bmwtorquespecs-083,bmwtorquespecs-083-q01,What is the torque specification for the fuel vapor venting tank to body connection on an E24?,3 Nm (ft. lbs.),0.9482158422470093,dropped,00-torque-specs-083-q03
semantic-224,bmwtorquespecs-083,bmwtorquespecs-083-q03,What is the correct torque specification for the E39 fuel vapor venting tank to body connection?,4.0 Nm (ft. lbs.),0.9482158422470093,dropped,00-torque-specs-083-q03
semantic-225,00-torque-specs-083,00-torque-specs-083-q02,What torque should be applied to the fuel vapor venting tank to body connection on the E30?,4.5 Nm (ft. lbs.),0.9712162017822266,kept,00-torque-specs-083-q02
semantic-225,00-torque-specs-16-03,00-torque-specs-16-03-q02,What torque should be applied to the fuel vapor venting tank to body connection on E30 models?,4.5 Nm (ft. lbs.),0.9712162017822266,dropped,00-torque-specs-083-q02
semantic-225,bmwtorquespecs-083,bmwtorquespecs-083-q02,What torque value should be used for the fuel vapor venting tank to body on an E30?,4.5 Nm (ft. lbs.),0.9712162017822266,dropped,00-torque-specs-083-q02
semantic-226,00-torque-specs-083,00-torque-specs-083-q05,Which BMW model has the lowest torque specification for the fuel vapor venting tank to body connection?,The E24 has the lowest torque specification at 3 Nm (ft. lbs.),0.9769009351730347,kept,00-torque-specs-083-q05
semantic-226,00-torque-specs-16-03,00-torque-specs-16-03-q04,Which BMW model has the highest torque specification for the fuel vapor venting tank to body connection?,E30 model with 4.5 Nm (ft. lbs.),0.9769009351730347,dropped,00-torque-specs-083-q05
semantic-226,bmwtorquespecs-083,bmwtorquespecs-083-q07,Which BMW model has the lowest torque requirement for the fuel vapor venting tank to body?,The E24 has the lowest torque requirement at 3 Nm (ft. lbs.),0.9769009351730347,dropped,00-torque-specs-083-q05
semantic-227,00-torque-specs-083,00-torque-specs-083-q08,How much more torque is required for the E30 compared to the E24 fuel vapor venting connection?,1.5 Nm (ft. lbs.) more torque is required for the E30 compared to the E24,0.9163210988044739,kept,00-torque-specs-083-q08
semantic-227,00-torque-specs-16-03,00-torque-specs-16-03-q09,How much higher is the E30 torque specification compared to the E24 for fuel vapor venting tank to body?,1.5 Nm (ft. lbs.) higher (4.5 vs 3),0.9163210988044739,dropped,00-torque-specs-083-q08
semantic-228,00-torque-specs-085,00-torque-specs-085-q04,What wrench size is required for the level switch to coolant expansion tank?,30 mm wrench size,0.9918843507766724,kept,00-torque-specs-085-q04
semantic-228,00-torque-specs-17-01,00-torque-specs-17-01-q04,What size wrench is required for the level switch to coolant expansion tank?,30 mm wrench size,0.9918843507766724,dropped,00-torque-specs-085-q04
semantic-229,00-torque-specs-085,00-torque-specs-085-q06,Which coolant system component has the highest torque specification?,The bleeder screw on thermostat housing at 8 Nm,0.9157328605651855,kept,00-torque-specs-085-q06
semantic-229,00-torque-specs-17-01,00-torque-specs-17-01-q06,Which component has the highest torque specification in the radiator coolant section?,The bleeder screw on thermostat housing at 8 Nm,0.9157328605651855,dropped,00-torque-specs-085-q06
semantic-230,00-torque-specs-086,00-torque-specs-086-q06,What temperature range is specified for the temperature switch to radiator?,91°C to 99°C maximum,0.9134162068367004,kept,00-torque-specs-086-q06
semantic-230,00-torque-specs-17-02,00-torque-specs-17-02-q05,What is the maximum temperature rating specified for the temperature switch to radiator?,91°C / 99°C max,0.9134162068367004,dropped,00-torque-specs-086-q06
semantic-231,00-torque-specs-087,00-torque-specs-087-q07,What is the difference in torque specifications between the engine oil cooler to body and the vapor extraction guide connections?,"The engine oil cooler to body requires 14 Nm while the vapor extraction guide requires only 4 Nm, a difference of 10 Nm.",0.9627944231033325,kept,00-torque-specs-087-q07
semantic-231,00-torque-specs-17-03,00-torque-specs-17-03-q09,What is the difference in torque between the oil cooler to body and the vapor extraction guide connections?,"The oil cooler to body uses 14 Nm while the vapor extraction guide uses 4 Nm, a difference of 10 Nm.",0.9627944231033325,dropped,00-torque-specs-087-q07
semantic-232,00-torque-specs-087,00-torque-specs-087-q08,What component uses the 1AZ designation?,The engine oil cooler to body connection uses the 1AZ designation.,0.9351345896720886,kept,00-torque-specs-087-q08
semantic-232,00-torque-specs-12-13,00-torque-specs-12-13-q06,What is the component designation 1AZ referring to?,Oil-pressure switch/oil-temperature switch,0.9351345896720886,dropped,00-torque-specs-087-q08
semantic-232,00-torque-specs-12-15,00-torque-specs-12-15-q10,What type of component is the 1AZ designation referring to?,Temperature switch for electronic box,0.9351345896720886,dropped,00-torque-specs-087-q08
semantic-232,bmwtorquespecs-030,bmwtorquespecs-030-q06,What component does the 1AZ reference refer to?,Idler lever to alternator bracket Replace screw,0.9351345896720886,dropped,00-torque-specs-087-q08
semantic-233,00-torque-specs-087,00-torque-specs-087-q10,Which oil cooler component has a higher torque requirement?,The engine oil cooler to body connection has the higher torque requirement at 14 Nm compared to the vapor extraction guide at 4 Nm.,0.9258294701576233,kept,00-torque-specs-087-q10
semantic-233,00-torque-specs-088,00-torque-specs-088-q09,Which oil cooler pipe component has the lowest torque specification?,Holder on oil cooler pipes at 6 Nm,0.9258294701576233,dropped,00-torque-specs-087-q10
semantic-233,00-torque-specs-17-03,00-torque-specs-17-03-q10,Which engine oil cooler connection requires the higher torque specification?,The engine oil cooler to body connection requires the higher torque at 14 Nm.,0.9258294701576233,dropped,00-torque-specs-087-q10
semantic-233,00-torque-specs-17-04,00-torque-specs-17-04-q09,Which oil cooler component has the lowest torque specification?,Holder on oil cooler pipes at 6 Nm,0.9258294701576233,dropped,00-torque-specs-087-q10
semantic-234,bmwtorquespecs-089,bmwtorquespecs-089-q02,What torque should be applied to the cap nut on transmission oil cooler for 5HP30 transmission?,28 Nm with M22x1.5 thread specification.,0.9815905094146729,kept,bmwtorquespecs-089-q02
semantic-234,00-torque-specs-089,00-torque-specs-089-q02,How much torque should be applied to the cap nut on transmission oil cooler for 5HP30 transmission?,28 Nm with M22x1.5 thread,0.9815905094146729,dropped,bmwtorquespecs-089-q02
semantic-234,00-torque-specs-17-05,00-torque-specs-17-05-q02,What torque should I use for the cap nut on transmission oil cooler for 5HP30 transmissions?,28 Nm with M22x1.5 screw thread.,0.9815905094146729,dropped,bmwtorquespecs-089-q02
semantic-235,bmwtorquespecs-089,bmwtorquespecs-089-q03,What is the torque specification for oil line hollow bolts on transmission for all vehicle types?,37 Nm with M16 x 1.5 thread specification.,0.9779105186462402,kept,bmwtorquespecs-089-q03
semantic-235,00-torque-specs-089,00-torque-specs-089-q03,What is the torque specification for oil line hollow bolts on the transmission?,37 Nm with M16x1.5 thread for all models,0.9779105186462402,dropped,bmwtorquespecs-089-q03
semantic-235,00-torque-specs-17-05,00-torque-specs-17-05-q03,What is the torque specification for the hollow bolt on oil lines on transmission?,37 Nm with M16 x 1.5 screw thread.,0.9779105186462402,dropped,bmwtorquespecs-089-q03
semantic-236,00-torque-specs-090,00-torque-specs-090-q04,What torque should be applied to the exhaust pipe to flow section connection?,25 Nm for E23 type connections.,0.9208464622497559,kept,00-torque-specs-090-q04
semantic-236,00-torque-specs-18-01,00-torque-specs-18-01-q04,What is the torque specification for the exhaust pipe to flow section connection?,25 Nm for E23 type connections.,0.9208464622497559,dropped,00-torque-specs-090-q04
semantic-237,00-torque-specs-090,00-torque-specs-090-q05,What is the clamp torque specification for the final muffler?,15 Nm using M8 screws for all applications.,0.937568187713623,kept,00-torque-specs-090-q05
semantic-237,00-torque-specs-18-01,00-torque-specs-18-01-q05,What torque should be used for the clamp on the final muffler?,15 Nm for M8 screws on all types.,0.937568187713623,dropped,00-torque-specs-090-q05
semantic-237,bmwtorquespecs-090,bmwtorquespecs-090-q07,What torque value and screw size is specified for the clamp for final muffler?,15 Nm with M8 screw,0.937568187713623,dropped,00-torque-specs-090-q05
semantic-238,00-torque-specs-18-01,00-torque-specs-18-01-q10,What is the difference in torque specifications between the compression spring version and non-compression spring version for exhaust manifold connections?,"The compression spring version (M30/M70) uses 10 Nm, while the non-compression spring version (S50) uses 30 Nm.",0.9399376511573792,kept,00-torque-specs-18-01-q10
semantic-238,00-torque-specs-090,00-torque-specs-090-q07,What is the difference in torque specifications between compression spring and non-compression spring exhaust connections?,"Compression spring connections (M30/M70) use 10 Nm, while non-compression spring connections (S50) use 30 Nm.",0.9399376511573792,dropped,00-torque-specs-18-01-q10
semantic-239,bmwtorquespecs-091,bmwtorquespecs-091-q08,How many different screw sizes are specified for the clutch housing to crankcase connection?,"Three different screw sizes: M8, M10, and M12",0.9297918081283569,kept,bmwtorquespecs-091-q08
semantic-239,00-torque-specs-091,00-torque-specs-091-q07,How many different bolt sizes are specified for the clutch housing to crankcase assembly?,"Three bolt sizes: M8, M10, and M12",0.9297918081283569,dropped,bmwtorquespecs-091-q08
semantic-240,00-torque-specs-21-02,00-torque-specs-21-02-q04,What is the difference in torque between M8 8.8 and M8 10.9 bolts in the clutch assembly?,"The M8 10.9 bolts require 34 Nm while the M8 8.8 bolt requires 24 Nm, a difference of 10 Nm.",0.9719672203063965,kept,00-torque-specs-21-02-q04
semantic-240,00-torque-specs-092,00-torque-specs-092-q05,What is the difference in torque between M8 8.8 and M8 10.9 bolts for clutch mounting?,"The M8 8.8 bolts require 24 Nm while M8 10.9 bolts require 34 Nm, a difference of 10 Nm.",0.9719672203063965,dropped,00-torque-specs-21-02-q04
semantic-241,00-torque-specs-093,00-torque-specs-093-q10,Which hydraulic clutch component requires the highest torque specification?,"Three components share the highest specification at 22 Nm: master cylinder to console, master cylinder setscrew, and slave cylinder to clutch housing or transmission case",0.9537761211395264,kept,00-torque-specs-093-q10
semantic-241,00-torque-specs-093,00-torque-specs-093-q06,Which hydraulic clutch component has the lowest torque specification?,The master cylinder to pedal assembly at 10 Nm,0.9537761211395264,dropped,00-torque-specs-093-q10
semantic-241,00-torque-specs-21-03,00-torque-specs-21-03-q06,Which component in the hydraulic clutch system has the lowest torque requirement?,Master cylinder to pedal assembly at 10 Nm,0.9537761211395264,dropped,00-torque-specs-093-q10
semantic-242,00-torque-specs-094,00-torque-specs-094-q07,Which has a higher torque specification: M8 hex screws or M8 Torx bolts?,M8 hex screws have a higher torque specification at 25 Nm compared to M8 Torx bolts at 22 Nm,0.9546219110488892,kept,00-torque-specs-094-q07
semantic-242,bmwtorquespecs-094,bmwtorquespecs-094-q05,What is the difference in torque specification between M8 hex screws and M8 Torx bolts?,M8 hex screws require 25 Nm while M8 Torx bolts require 22 Nm,0.9546219110488892,dropped,00-torque-specs-094-q07
semantic-243,00-torque-specs-094,00-torque-specs-094-q10,What manual section covers manual transmission specifications?,"Section 23-1 Manual Transmission, subsection 23 00 Transmission in general",0.9123378396034241,kept,00-torque-specs-094-q10
semantic-243,00-torque-specs-24-15,00-torque-specs-24-15-q04,Which section of the service manual covers automatic transmission specifications?,Section 24-15 Automatic Transmission,0.9123378396034241,dropped,00-torque-specs-094-q10
semantic-244,00-torque-specs-095,00-torque-specs-095-q02,What size screws are used for the reinforcement plate to transmission connection?,M8 screws are used for the reinforcement plate to transmission connection.,0.9716333150863647,kept,00-torque-specs-095-q02
semantic-244,00-torque-specs-23-02,00-torque-specs-23-02-q02,What size screw is used for the reinforcement plate to transmission connection?,M8 screw with a torque specification of 23 Nm.,0.9716333150863647,dropped,00-torque-specs-095-q02
semantic-245,11-109_engine,11-109_engine-q02,What torque should be applied to the oil drain plug?,The oil drain plug should be tightened to 33 Nm (24 ft. lbs.).,0.9340139031410217,kept,11-109_engine-q02
semantic-245,00-torque-specs-095,00-torque-specs-095-q04,How much torque should be applied to the oil drain plug/filler plug?,50 Nm for all transmission types.,0.9340139031410217,dropped,11-109_engine-q02
semantic-246,00-torque-specs-097,00-torque-specs-097-q01,What is the torque specification for the reverse gear shaft to case on all transmission types?,25 Nm using M8 screws.,0.992757260799408,kept,00-torque-specs-097-q01
semantic-246,00-torque-specs-23-04,00-torque-specs-23-04-q01,What is the torque specification for the reverse gear shaft to case on all manual transmission types?,25 Nm using M8 screws.,0.992757260799408,dropped,00-torque-specs-097-q01
semantic-247,00-torque-specs-097,00-torque-specs-097-q02,What torque should be applied to the reverse gear shaft to case on the S 5 D 310 Z transmission?,20 Nm using M8 screws.,0.9710675477981567,kept,00-torque-specs-097-q02
semantic-247,00-torque-specs-23-04,00-torque-specs-23-04-q02,What torque should be applied to the reverse gear shaft to case on S 5 D 310 Z transmissions?,20 Nm using M8 screws.,0.9710675477981567,dropped,00-torque-specs-097-q02
semantic-247,bmwtorquespecs-097,bmwtorquespecs-097-q06,What torque specification is required for the S 5 D 310 Z transmission type when installing the reverse gear shaft to case?,20 Nm using M8 screws.,0.9710675477981567,dropped,00-torque-specs-097-q02
semantic-248,00-torque-specs-097,00-torque-specs-097-q03,What is the torque specification for the support for reverse gear shaft on 240/260 transmissions?,25 Nm using M8 screws.,0.9802801609039307,kept,00-torque-specs-097-q03
semantic-248,00-torque-specs-23-04,00-torque-specs-23-04-q04,What torque is required for the support for reverse gear shaft on 240/260 transmissions?,25 Nm using M8 screws.,0.9802801609039307,dropped,00-torque-specs-097-q03
semantic-249,00-torque-specs-097,00-torque-specs-097-q05,What is the torque specification for mounting tabs for sealing cover on the 280 transmission?,10 Nm using M6 screws.,0.9137669205665588,kept,00-torque-specs-097-q05
semantic-249,00-torque-specs-23-04,00-torque-specs-23-04-q06,How much torque should be applied to the mounting tabs for sealing cover on 280 transmissions?,10 Nm using M6 screws.,0.9137669205665588,dropped,00-torque-specs-097-q05
semantic-250,00-torque-specs-097,00-torque-specs-097-q07,How does the torque specification for bearing on countershaft differ between S 5 D 310 Z and 280 transmissions?,"S 5 D 310 Z requires 30 Nm while 280 transmission requires 60 Nm, both using M10 screws.",0.9147706031799316,kept,00-torque-specs-097-q07
semantic-250,00-torque-specs-23-04,00-torque-specs-23-04-q08,What torque is specified for the bearing on countershaft for S 5 D 310 Z transmissions?,30 Nm using M10 screws.,0.9147706031799316,dropped,00-torque-specs-097-q07
semantic-251,bmwtorquespecs-098,bmwtorquespecs-098-q04,How much torque should be applied to clamping claws to rear case section?,33 Nm for ZF S-5-16/5 S D 310 Z transmissions.,0.9542686939239502,kept,bmwtorquespecs-098-q04
semantic-251,00-torque-specs-098,00-torque-specs-098-q04,What is the torque specification for clamping claws to rear case section?,33 Nm for ZF S-5-16/5 5 D 310 Z transmissions,0.9542686939239502,dropped,bmwtorquespecs-098-q04
semantic-251,00-torque-specs-23-05,00-torque-specs-23-05-q04,How much torque is required for the clamping claws to rear case section?,33 Nm using ZF S-5-16/S 5 D 310 Z screw type.,0.9542686939239502,dropped,bmwtorquespecs-098-q04
semantic-252,bmwtorquespecs-098,bmwtorquespecs-098-q05,What is the torque value for screws on detent plate?,9 Nm for ZF S-5-16/5 S D 310 Z transmissions.,0.9336482286453247,kept,bmwtorquespecs-098-q05
semantic-252,00-torque-specs-098,00-torque-specs-098-q05,What torque should be applied to screws on detent plate?,9 Nm for ZF S-5-16/5 5 D 310 Z transmissions,0.9336482286453247,dropped,bmwtorquespecs-098-q05
semantic-252,00-torque-specs-23-05,00-torque-specs-23-05-q05,What torque specification applies to screws on the detent plate?,9 Nm using ZF S-5-16/S 5 D 310 Z screw type.,0.9336482286453247,dropped,bmwtorquespecs-098-q05
semantic-253,00-torque-specs-23-05,00-torque-specs-23-05-q06,Which transmission types use M16 screws for the plug in rear casing section?,The 240 transmission type uses M16 screws.,0.9585039615631104,kept,00-torque-specs-23-05-q06
semantic-253,00-torque-specs-098,00-torque-specs-098-q06,Which transmission type uses M16 screws with 40 Nm torque for the plug in rear casing section?,240 transmission type,0.9585039615631104,dropped,00-torque-specs-23-05-q06
semantic-253,bmwtorquespecs-098,bmwtorquespecs-098-q06,Which transmission types use M16 screws with 40 Nm torque for the plug in rear casing section?,240 type transmissions.,0.9585039615631104,dropped,00-torque-specs-23-05-q06
semantic-254,00-torque-specs-098,00-torque-specs-098-q08,Which components in this section require the lowest torque specification?,Screws on detent plate require the lowest torque at 9 Nm,0.9230954051017761,kept,00-torque-specs-098-q08
semantic-254,00-torque-specs-13-05,00-torque-specs-13-05-q07,Which component has the lowest torque specification in section 13.52?,The chain tensioner at 15 Nm,0.9230954051017761,dropped,00-torque-specs-098-q08
semantic-254,00-torque-specs-13-13,00-torque-specs-13-13-q09,Which component has the lowest torque specification in section 13 83?,The holder for filler connections on body at 3 Nm,0.9230954051017761,dropped,00-torque-specs-098-q08
semantic-254,00-torque-specs-17-01,00-torque-specs-17-01-q08,Which component has the lowest torque specification in this section?,The level switch to coolant expansion tank at 3 Nm,0.9230954051017761,dropped,00-torque-specs-098-q08
semantic-255,bmwtorquespecs-099,bmwtorquespecs-099-q01,What is the torque specification for the holder to transfer case (16AZ)?,9 Nm (ft. lbs.) with M6 screw for 265 Sport type.,0.9396361112594604,kept,bmwtorquespecs-099-q01
semantic-255,00-torque-specs-099,00-torque-specs-099-q01,What is the torque specification for the holder to transfer case (16AZ) on the 265 Sport transmission?,9 Nm (ft. lbs.) with M6 screw.,0.9396361112594604,dropped,bmwtorquespecs-099-q01
semantic-255,00-torque-specs-23-06,00-torque-specs-23-06-q01,What is the torque specification for the holder to transfer case on the 265 Sport transmission?,9 Nm (ft. lbs.),0.9396361112594604,dropped,bmwtorquespecs-099-q01
semantic-256,00-torque-specs-099,00-torque-specs-099-q05,What section of the manual covers the Case and Cover specifications?,Section 23.11 Case and Cover.,0.9241465330123901,kept,00-torque-specs-099-q05
semantic-256,bmwtorquespecs-099,bmwtorquespecs-099-q05,What section of the manual covers the case and cover components?,Section 23 11 Case and Cover.,0.9241465330123901,dropped,00-torque-specs-099-q05
semantic-257,00-torque-specs-23-01,00-torque-specs-23-01-q09,What section and subsection covers these manual transmission torque specifications?,"Section 23-1 Manual Transmission, subsection 23 00 Transmission in general",0.9089959859848022,kept,00-torque-specs-23-01-q09
semantic-257,00-torque-specs-100,00-torque-specs-100-q05,What section and subsection number covers these transmission shaft torque specifications?,"23-7, subsection 23 21 Transmission Shafts",0.9089959859848022,dropped,00-torque-specs-23-01-q09
semantic-257,00-torque-specs-23-07,00-torque-specs-23-07-q09,What section and subsection covers these transmission shaft specifications?,"Section 23-7 Manual transmission, subsection 23 21 Transmission Shafts",0.9089959859848022,dropped,00-torque-specs-23-01-q09
semantic-258,00-torque-specs-100,00-torque-specs-100-q07,What is the difference between initial and final torque values for the output flange collar nut?,70 Nm (190 Nm initial minus 120 Nm final),0.9781579375267029,kept,00-torque-specs-100-q07
semantic-258,00-torque-specs-23-07,00-torque-specs-23-07-q07,What is the difference between initial and final torque for the output flange collar nut?,70 Nm (190 Nm initial minus 120 Nm final),0.9781579375267029,dropped,00-torque-specs-100-q07
semantic-259,00-torque-specs-101,00-torque-specs-101-q02,What type of screw is used for the shift arms to transmission case connection?,S 5 D 310 Z,0.9698649644851685,kept,00-torque-specs-101-q02
semantic-259,00-torque-specs-23-08,00-torque-specs-23-08-q02,What type of screw is used for attaching shift arms to the transmission case?,S 5 D 310 Z,0.9698649644851685,dropped,00-torque-specs-101-q02
semantic-259,bmwtorquespecs-101,bmwtorquespecs-101-q02,What screw type is specified for the shift arms to transmission case connection?,S 5 D 310 Z,0.9698649644851685,dropped,00-torque-specs-101-q02
semantic-260,bmwtorquespecs-038,bmwtorquespecs-038-q08,Which section of the manual does this page cover?,This page covers section 11 42 Oil Filter and Pipes under chapter 11 - 28 Engine.,0.9094216227531433,kept,bmwtorquespecs-038-q08
semantic-260,00-torque-specs-101,00-torque-specs-101-q03,What section does this manual page belong to?,23 - 8 Manual transmission,0.9094216227531433,dropped,bmwtorquespecs-038-q08
semantic-261,00-torque-specs-102,00-torque-specs-102-q01,What is the torque specification for the transmission mount rubber to body?,42 Nm using M10 screw for all variants.,0.921394944190979,kept,00-torque-specs-102-q01
semantic-261,bmwtorquespecs-125,bmwtorquespecs-125-q04,What torque specification is required for the transmission cross member to rubber mounts?,80 Nm with M12 screws,0.921394944190979,dropped,00-torque-specs-102-q01
semantic-262,00-torque-specs-23-09,00-torque-specs-23-09-q02,What screw size is used for the transmission cross member to body mounting?,M10 screws.,0.9634753465652466,kept,00-torque-specs-23-09-q02
semantic-262,00-torque-specs-102,00-torque-specs-102-q02,What screw size is used for the transmission cross member to body connection?,M10 screw.,0.9634753465652466,dropped,00-torque-specs-23-09-q02
semantic-262,bmwtorquespecs-102,bmwtorquespecs-102-q02,What size screws are used for the transmission cross member to body connection?,M10 screws.,0.9634753465652466,dropped,00-torque-specs-23-09-q02
semantic-263,00-torque-specs-102,00-torque-specs-102-q03,What is the torque value for the mount bracket to transmission connection?,21 Nm using M8 screw for all variants.,0.9221259951591492,kept,00-torque-specs-102-q03
semantic-263,00-torque-specs-23-09,00-torque-specs-23-09-q03,What torque value should I use when installing the mount bracket to transmission?,21 Nm using M8 screws.,0.9221259951591492,dropped,00-torque-specs-102-q03
semantic-264,00-torque-specs-102,00-torque-specs-102-q04,Which transmission mount connections use M8 screws?,The mount bracket to transmission connection uses M8 screws.,0.9542705416679382,kept,00-torque-specs-102-q04
semantic-264,00-torque-specs-23-09,00-torque-specs-23-09-q06,Which transmission mount components use M8 screws?,The mount bracket to transmission connection uses M8 screws.,0.9542705416679382,dropped,00-torque-specs-102-q04
semantic-265,bmwtorquespecs-103,bmwtorquespecs-103-q01,What is the torque specification for M8 hex screws on the transmission to engine?,M8 hex screws should be torqued to 24 Nm (ft. lbs.).,0.988777756690979,kept,bmwtorquespecs-103-q01
semantic-265,00-torque-specs-103,00-torque-specs-103-q01,What is the torque specification for M8 hex screws on the transmission to engine connection?,24 Nm (ft. lbs.),0.988777756690979,dropped,bmwtorquespecs-103-q01
semantic-265,00-torque-specs-24-01,00-torque-specs-24-01-q01,What is the torque specification for M8 hex screws when connecting the transmission to engine?,24 Nm (ft. lbs.),0.988777756690979,dropped,bmwtorquespecs-103-q01
semantic-266,00-torque-specs-103,00-torque-specs-103-q02,What torque should I use for M10 hex screws in the transmission?,45 Nm (ft. lbs.),0.9526233673095703,kept,00-torque-specs-103-q02
semantic-266,00-torque-specs-24-01,00-torque-specs-24-01-q02,What torque should be applied to M10 hex screws in the transmission to engine connection?,45 Nm (ft. lbs.),0.9526233673095703,dropped,00-torque-specs-103-q02
semantic-267,bmwtorquespecs-103,bmwtorquespecs-103-q05,What is the torque specification for M12 Torx bolts in the transmission assembly?,M12 Torx bolts should be torqued to 72 Nm (ft. lbs.).,0.9195496439933777,kept,bmwtorquespecs-103-q05
semantic-267,00-torque-specs-103,00-torque-specs-103-q04,What is the torque specification for M8 Torx bolts?,21 Nm (ft. lbs.),0.9195496439933777,dropped,bmwtorquespecs-103-q05
semantic-267,00-torque-specs-24-01,00-torque-specs-24-01-q04,What torque specification is required for M8 Torx bolts in the transmission assembly?,21 Nm (ft. lbs.),0.9195496439933777,dropped,bmwtorquespecs-103-q05
semantic-267,00-torque-specs-24-01,00-torque-specs-24-01-q06,What is the torque specification for M12 Torx bolts in the transmission?,72 Nm (ft. lbs.),0.9195496439933777,dropped,bmwtorquespecs-103-q05
semantic-268,00-torque-specs-24-01,00-torque-specs-24-01-q07,What torque is specified for the reinforcement plate to transmission connection?,23 Nm (ft. lbs.) for M8 screws,0.9680343866348267,kept,00-torque-specs-24-01-q07
semantic-268,00-torque-specs-103,00-torque-specs-103-q07,What torque should be used for the reinforcement plate to transmission connection?,23 Nm (ft. lbs.),0.9680343866348267,dropped,00-torque-specs-24-01-q07
semantic-269,bmwtorquespecs-094,bmwtorquespecs-094-q04,Which section of the manual covers these transmission torque specifications?,"Section 23-1 Manual Transmission, specifically 23 00 Transmission in general, subsection 1AZ Transmission to engine",0.9562171697616577,kept,bmwtorquespecs-094-q04
semantic-269,00-torque-specs-103,00-torque-specs-103-q10,What section of the manual covers these transmission torque specifications?,"Section 24-1 Automatic Transmission, subsection 24 00 Transmission in General",0.9562171697616577,dropped,bmwtorquespecs-094-q04
semantic-269,00-torque-specs-108,00-torque-specs-108-q04,What section of the service manual contains these automatic transmission torque specifications?,"24-6 Automatic Transmission, section 24 21 Input, Intermediate and Output Shafts",0.9562171697616577,dropped,bmwtorquespecs-094-q04
semantic-269,00-torque-specs-24-04,00-torque-specs-24-04-q10,What section of the manual covers these automatic transmission torque specifications?,"Section 24-4 Automatic Transmission, specifically subsection 24 11 Transmission Case, Oil Sump",0.9562171697616577,dropped,bmwtorquespecs-094-q04
semantic-269,00-torque-specs-24-17,00-torque-specs-24-17-q10,What section of the service manual contains these transmission mount torque specifications?,Section 24-17 Automatic Transmission,0.9562171697616577,dropped,bmwtorquespecs-094-q04
semantic-270,bmwtorquespecs-104,bmwtorquespecs-104-q03,What are the torque specifications for the converter bell housing on A4S 270R/A4S 310R transmissions?,"For A4S 270R/A4S 310R transmissions, the converter bell housing uses 5/16"" screws torqued to 32 Nm and 1/2"" screws torqued to 42 Nm.",0.9654285907745361,kept,bmwtorquespecs-104-q03
semantic-270,00-torque-specs-104,00-torque-specs-104-q03,What is the torque specification for the converter bell housing on A4S 270R/A4S 310R models?,"32 Nm using a 5/16"" screw for A4S 270R/A4S 310R models.",0.9654285907745361,dropped,bmwtorquespecs-104-q03
semantic-271,00-torque-specs-24-02,00-torque-specs-24-02-q10,What section and subsection of the manual does this torque specification table belong to?,"This table belongs to section 24-2 Automatic Transmission, specifically subsection 24 11 for Transmission Case, Oil Sump.",0.9457269310951233,kept,00-torque-specs-24-02-q10
semantic-271,00-torque-specs-104,00-torque-specs-104-q08,What section and subsection number does this torque specification table belong to?,"Section 24-2 Automatic Transmission, subsection 24 11 Transmission Case, Oil Sump.",0.9457269310951233,dropped,00-torque-specs-24-02-q10
semantic-271,00-torque-specs-23-08,00-torque-specs-23-08-q05,Which manual section does this torque specification table belong to?,Section 23-8 Manual transmission,0.9457269310951233,dropped,00-torque-specs-24-02-q10
semantic-271,bmwtorquespecs-024,bmwtorquespecs-024-q10,What is the general section this torque specification table covers?,11 - 14 Engine,0.9457269310951233,dropped,00-torque-specs-24-02-q10
semantic-271,bmwtorquespecs-080,bmwtorquespecs-080-q09,What section and subsection number does this torque specification table cover?,"Section 13-13 Fuel System, subsection 13 83 Gas tank with attachment",0.9457269310951233,dropped,00-torque-specs-24-02-q10
semantic-271,bmwtorquespecs-104,bmwtorquespecs-104-q07,What section and subsection number is this torque specification table for?,"This is section 24-2 for Automatic Transmission, specifically subsection 24 11 for Transmission Case, Oil Sump.",0.9457269310951233,dropped,00-torque-specs-24-02-q10
semantic-271,bmwtorquespecs-131,bmwtorquespecs-131-q10,What section number and title does this torque specification table fall under?,"Section 61-6 General Electrical system, subsection 61 62 Tailgate Window Wiper",0.9457269310951233,dropped,00-torque-specs-24-02-q10
semantic-271,bmwtorquespecs-133,bmwtorquespecs-133-q02,What section does this torque specification table cover?,62 - 1 Instruments,0.9457269310951233,dropped,00-torque-specs-24-02-q10
semantic-272,00-torque-specs-24-03,00-torque-specs-24-03-q01,What is the torque specification for the oil pan on transmission 4HP-22/4HP-24/A5S 310Z?,M6 screws torqued to 6 Nm.,0.9511717557907104,kept,00-torque-specs-24-03-q01
semantic-272,00-torque-specs-105,00-torque-specs-105-q01,What is the torque specification for the oil pan bolts on the 4HP-22/4HP-24/A5S 310Z transmission?,6 Nm with M6 screws.,0.9511717557907104,dropped,00-torque-specs-24-03-q01
semantic-272,bmwtorquespecs-105,bmwtorquespecs-105-q01,What is the torque specification for the oil pan on a 4HP-22/4HP-24/A5S 310Z transmission?,6 Nm using M6 screws.,0.9511717557907104,dropped,00-torque-specs-24-03-q01
semantic-273,00-torque-specs-24-03,00-torque-specs-24-03-q07,What is the torque specification for the oil pan on A4S 270R/A4S 310R transmission?,M6 screws torqued to 12 Nm.,0.9531099796295166,kept,00-torque-specs-24-03-q07
semantic-273,00-torque-specs-105,00-torque-specs-105-q10,What is the oil pan bolt torque for the A4S 270R/A4S 310R transmission?,12 Nm with M6 screws.,0.9531099796295166,dropped,00-torque-specs-24-03-q07
semantic-273,bmwtorquespecs-105,bmwtorquespecs-105-q07,What is the torque specification for the oil pan on an A4S 270R/A4S 310R transmission?,12 Nm using M6 screws.,0.9531099796295166,dropped,00-torque-specs-24-03-q07
semantic-274,00-torque-specs-106,00-torque-specs-106-q04,What are the two different torque values for oil bore plugs depending on the transmission type?,8 Nm for ASS 300J transmissions and 15 Nm for ASS 310Z/ASS 560Z transmissions,0.9988095760345459,kept,00-torque-specs-106-q04
semantic-274,00-torque-specs-24-04,00-torque-specs-24-04-q05,What are the two different torque values for oil bore plugs depending on transmission type?,8 Nm for A5S 300J and 15 Nm for A5S 310Z/A5S 560Z,0.9988095760345459,dropped,00-torque-specs-106-q04
semantic-275,00-torque-specs-106,00-torque-specs-106-q05,What torque specification is required for the damper cover on transmission case for ASS 300J?,10 Nm with M6 screws,0.9248116612434387,kept,00-torque-specs-106-q05
semantic-275,00-torque-specs-24-04,00-torque-specs-24-04-q06,What is the torque specification for the damper cover on transmission case for A5S 300J?,10 Nm with M6 screw,0.9248116612434387,dropped,00-torque-specs-106-q05
semantic-276,00-torque-specs-106,00-torque-specs-106-q08,What screw size and torque are specified for the intermediate plate on intermediate housing?,"5/16"" screws with 25 Nm torque",0.943914532661438,kept,00-torque-specs-106-q08
semantic-276,00-torque-specs-24-04,00-torque-specs-24-04-q08,What is the torque specification for the intermediate plate on intermediate housing?,25 Nm with 5/16 inch screw,0.943914532661438,dropped,00-torque-specs-106-q08
semantic-277,00-torque-specs-24-05,00-torque-specs-24-05-q06,How many different automatic transmission types are listed for the slotted nut/output flange specification?,"Three transmission types: A5S 310Z, A 5 S 440 Z, and A5S 560Z",0.9174172878265381,kept,00-torque-specs-24-05-q06
semantic-277,00-torque-specs-107,00-torque-specs-107-q03,What transmission types does the slotted nut/output flange specification apply to?,A5S 310Z/A 5 S 440 Z/A5S 560Z,0.9174172878265381,dropped,00-torque-specs-24-05-q06
semantic-277,00-torque-specs-24-05,00-torque-specs-24-05-q02,Which transmission types does the slotted nut/output flange torque specification apply to?,A5S 310Z/A 5 S 440 Z/A5S 560Z,0.9174172878265381,dropped,00-torque-specs-24-05-q06
semantic-278,00-torque-specs-24-05,00-torque-specs-24-05-q04,"What section and subsection covers transmission extension, bearings, and seals?","Section 24-5 Automatic Transmission, subsection 24 13",0.9125071167945862,kept,00-torque-specs-24-05-q04
semantic-278,00-torque-specs-107,00-torque-specs-107-q04,"What section of the manual covers transmission extension, bearings, and seals?",Section 24 13,0.9125071167945862,dropped,00-torque-specs-24-05-q04
semantic-279,00-torque-specs-107,00-torque-specs-107-q06,What unit of measurement is used for the slotted nut/output flange torque?,Nm (Newton meters),0.9944536685943604,kept,00-torque-specs-107-q06
semantic-279,00-torque-specs-24-05,00-torque-specs-24-05-q05,What unit of measurement is used for the slotted nut/output flange torque specification?,Nm (Newton meters),0.9944536685943604,dropped,00-torque-specs-107-q06
semantic-280,00-torque-specs-24-06,00-torque-specs-24-06-q05,What is the difference in torque specifications between A5S 300J and other transmissions for the output flange collar nut?,The difference is 125 Nm (225 Nm for A5S 300J versus 100 Nm for all others),0.9253095388412476,kept,00-torque-specs-24-06-q05
semantic-280,00-torque-specs-108,00-torque-specs-108-q05,How much higher is the torque specification for the A5S 300J output flange collar nut compared to all other transmission types?,The A5S 300J requires 125 Nm more torque (225 Nm vs 100 Nm),0.9253095388412476,dropped,00-torque-specs-24-06-q05
semantic-280,bmwtorquespecs-108,bmwtorquespecs-108-q06,How much higher is the torque specification for ASS 300J compared to all other transmission types for the output flange collar nut?,125 Nm higher (225 Nm - 100 Nm = 125 Nm),0.9253095388412476,dropped,00-torque-specs-24-06-q05
semantic-281,00-torque-specs-24-06,00-torque-specs-24-06-q04,Which transmission type requires a higher torque specification for the output flange collar nut?,"A5S 300J transmission requires 225 Nm, which is higher than the 100 Nm required for all other transmissions",0.9565214514732361,kept,00-torque-specs-24-06-q04
semantic-281,00-torque-specs-108,00-torque-specs-108-q07,Which automatic transmission type requires the higher torque specification for the output flange collar nut?,A5S 300J transmission requires the higher torque specification,0.9565214514732361,dropped,00-torque-specs-24-06-q04
semantic-282,00-torque-specs-108,00-torque-specs-108-q09,Are there different torque specifications for the same component depending on the transmission type?,"Yes, the output flange collar nut has different torque specifications: 225 Nm for A5S 300J and 100 Nm for all others",0.9695770144462585,kept,00-torque-specs-108-q09
semantic-282,bmwtorquespecs-108,bmwtorquespecs-108-q10,Are there different torque specifications based on transmission type for this component?,"Yes, ASS 300J requires 225 Nm while all others require 100 Nm",0.9695770144462585,dropped,00-torque-specs-108-q09
semantic-283,00-torque-specs-11-09,00-torque-specs-11-09-q10,What section and subsection does this cylinder head bolt specification belong to?,"This belongs to section 11-9 Engine, subsection 11.12 Cylinder Head and Cover.",0.9385719299316406,kept,00-torque-specs-11-09-q10
semantic-283,00-torque-specs-11-04,00-torque-specs-11-04-q07,What section and subsection covers cylinder head bolt specifications?,"Section 11-4 Engine, subsection 11 12 Cylinder Head and Cover",0.9385719299316406,dropped,00-torque-specs-11-09-q10
semantic-283,00-torque-specs-11-07,00-torque-specs-11-07-q08,What section and subsection number covers this cylinder head bolt specification?,"Section 11-7, subsection 11 12",0.9385719299316406,dropped,00-torque-specs-11-09-q10
semantic-284,00-torque-specs-11-04,00-torque-specs-11-04-q09,What procedure should be followed with cylinder head bolts?,"Replace, wash and oil cylinder head bolts.",0.9243360161781311,kept,00-torque-specs-11-04-q09
semantic-284,00-torque-specs-11-07,00-torque-specs-11-07-q04,What procedure should be followed for the cylinder head bolts according to this specification?,"Replace, wash and oil cylinder head bolts",0.9243360161781311,dropped,00-torque-specs-11-04-q09
semantic-284,bmwtorquespecs-014,bmwtorquespecs-014-q09,What should be done to cylinder head bolts during replacement?,"Replace, wash and oil cylinder head bolts",0.9243360161781311,dropped,00-torque-specs-11-04-q09
semantic-284,bmwtorquespecs-017,bmwtorquespecs-017-q04,What procedure is specified for the cylinder head bolts before installation?,"Replace, wash and oil cylinder head bolts",0.9243360161781311,dropped,00-torque-specs-11-04-q09
semantic-284,bmwtorquespecs-018,bmwtorquespecs-018-q10,What is the procedure specified for cylinder head bolts installation?,Fit new cylinder head bolts,0.9243360161781311,dropped,00-torque-specs-11-04-q09
semantic-285,bmwtorquespecs-017,bmwtorquespecs-017-q10,What is the complete torque sequence for cylinder head bolts?,"30 Nm initial torque, followed by 90° torque angle, then another 90° torque angle",0.9347345232963562,kept,bmwtorquespecs-017-q10
semantic-285,00-torque-specs-11-07,00-torque-specs-11-07-q07,What is the complete torque sequence for cylinder head bolts including all steps?,"30 Nm initial torque, then 90° torque angle, then another 90° torque angle",0.9347345232963562,dropped,bmwtorquespecs-017-q10
semantic-286,00-torque-specs-11-09,00-torque-specs-11-09-q01,What is the torque specification for cylinder head bolts on the 9AZ engine type?,"The torque sequence is 50 Nm, then 80 Nm, followed by a 15 minute settling time, then final torque to 100 Nm.",0.9335463643074036,kept,00-torque-specs-11-09-q01
semantic-286,00-torque-specs-11-09,00-torque-specs-11-09-q07,What is the final torque value for 9AZ engine cylinder head bolts?,The final torque value is 100 Nm.,0.9335463643074036,dropped,00-torque-specs-11-09-q01
semantic-287,00-torque-specs-11-11,00-torque-specs-11-11-q10,What component is identified as 2AZ in this torque specification table?,Component 2AZ is identified as 'Oil pan on engine block'.,0.947283923625946,kept,00-torque-specs-11-11-q10
semantic-287,bmwtorquespecs-050,bmwtorquespecs-050-q05,Which component is identified by code 2AZ in this torque specification table?,Rubber mount to engine console,0.947283923625946,dropped,00-torque-specs-11-11-q10
semantic-288,00-torque-specs-11-12,00-torque-specs-11-12-q08,What is the highest torque value specified for case covers in this section?,65 Nm for M42x1.5 bolts on timing case cover for M51/M41 engines.,0.9041279554367065,kept,00-torque-specs-11-12-q08
semantic-288,00-torque-specs-23-05,00-torque-specs-23-05-q10,What is the lowest torque specification shown in the Case and Covers section?,9 Nm for the screws on detent plate.,0.9041279554367065,dropped,00-torque-specs-11-12-q08
semantic-289,00-torque-specs-11-15,00-torque-specs-11-15-q04,What torque angles are specified after the initial torque for the vibration damper?,"Three torque angle steps: 60°, 60°, and 30°.",0.9388571381568909,kept,00-torque-specs-11-15-q04
semantic-289,00-torque-specs-11-16,00-torque-specs-11-16-q04,What are the torque angles specified for the vibration damper installation?,50° for both torque angle specifications,0.9388571381568909,dropped,00-torque-specs-11-15-q04
semantic-290,00-torque-specs-11-17,00-torque-specs-11-17-q05,What is the torque specification for the M40 sprocket with hub or hub to crankshaft replace screw?,310 Nm using M16 x 1.5 screw.,0.9036856293678284,kept,00-torque-specs-11-17-q05
semantic-290,bmwtorquespecs-027,bmwtorquespecs-027-q04,What torque value should be applied to the sprocket with hub or hub to crankshaft replace screw on M42/M43/M44 engines?,330 Nm with M16 x 1.5 screw.,0.9036856293678284,dropped,00-torque-specs-11-17-q05
semantic-291,00-torque-specs-11-22,00-torque-specs-11-22-q03,How does the torque specification differ for the chain tensioner plug between M50/S50 US engines and all others?,"M50/S50 US engines require 50 Nm while all others require 40 Nm, both using M22 x 1.5 screws.",0.9019255042076111,kept,00-torque-specs-11-22-q03
semantic-291,00-torque-specs-11-22,00-torque-specs-11-22-q02,What torque should be applied to the plug for chain tensioner on M50/S50 US engines?,50 Nm using M22 x 1.5 screws.,0.9019255042076111,dropped,00-torque-specs-11-22-q03
semantic-292,00-torque-specs-24-06,00-torque-specs-24-06-q09,What page number and date are shown on this service manual page?,Page AZD24-6 frb dated 20/10/97,0.9268455505371094,kept,00-torque-specs-24-06-q09
semantic-292,00-torque-specs-11-24,00-torque-specs-11-24-q10,What page number and date is shown on this manual page?,"Page 11-24, dated 20/10/97",0.9268455505371094,dropped,00-torque-specs-24-06-q09
semantic-293,00-torque-specs-11-25,00-torque-specs-11-25-q08,What are the two different torque specifications for the cover for solenoid valve on VANOS control unit?,"6 Nm for S50 B 30 engines with M5 8.8 screws, and 8 Nm for S50 B 32 engines with M5 10.9 screws",0.9825805425643921,kept,00-torque-specs-11-25-q08
semantic-293,bmwtorquespecs-035,bmwtorquespecs-035-q06,What are the different torque specifications for the cover for solenoid valve on VANOS control unit?,"6 Nm for S50 B 30 with M5 8.8 screws, and 8 Nm for S50 B 32 with M5 10.9 screws.",0.9825805425643921,dropped,00-torque-specs-11-25-q08
semantic-294,bmwtorquespecs-035,bmwtorquespecs-035-q09,What torque should be applied to the cover on VANOS control unit for hydraulic pistons on the exhaust side?,13 Nm with M6 10.9 screw specification on S50 B 32 engines.,0.9436538815498352,kept,bmwtorquespecs-035-q09
semantic-294,00-torque-specs-11-25,00-torque-specs-11-25-q10,What is the torque specification for the cover on VANOS control unit on the hydraulic pistons exhaust side?,13 Nm with M6 10.9 screws on S50 B 32 engines,0.9436538815498352,dropped,bmwtorquespecs-035-q09
semantic-295,00-torque-specs-11-27,00-torque-specs-11-27-q03,How should the oil filter one-way cartridge (1AZ) be tightened?,Tightening torque by hand in accordance with specification on spin-on oil filter,0.9287832975387573,kept,00-torque-specs-11-27-q03
semantic-295,bmwtorquespecs-037,bmwtorquespecs-037-q04,How should the oil filter one-way cartridge be tightened?,Tightening torque by hand in acc. with specification on spin-on oil filter,0.9287832975387573,dropped,00-torque-specs-11-27-q03
semantic-296,bmwtorquespecs-039,bmwtorquespecs-039-q06,Which components in section 11 42 are related to oil filter and pipes?,"Oil cooler oil pipes to oil filter housing, oil pipes to turbocharger, oil lines from turbocharger to engine block hollow bolt, and oil supply pipe to turbocharger.",0.9288505911827087,kept,bmwtorquespecs-039-q06
semantic-296,00-torque-specs-11-27,00-torque-specs-11-27-q07,Which components are covered under section 11 42 Oil Filter and Pipes?,"Oil filter (one-way cartridge), full flow oil filter (cover), and oil filter housing and lines on crankcase",0.9288505911827087,dropped,bmwtorquespecs-039-q06
semantic-297,00-torque-specs-11-29,00-torque-specs-11-29-q09,What section number covers the oil filter and pipes torque specifications?,Section 11 42 covers the Oil Filter and Pipes torque specifications.,0.9111664891242981,kept,00-torque-specs-11-29-q09
semantic-297,00-torque-specs-11-27,00-torque-specs-11-27-q10,What section and subsection does this oil filter and pipes torque specification belong to?,"Section 11-27 Engine, subsection 11 42 Oil Filter and Pipes",0.9111664891242981,dropped,00-torque-specs-11-29-q09
semantic-298,00-torque-specs-24-13,00-torque-specs-24-13-q10,What component is being fastened according to this torque specification table?,"Transmission socket to case connection for wire harness, shift elements and sensor applications.",0.9330006241798401,kept,00-torque-specs-24-13-q10
semantic-298,00-torque-specs-11-30,00-torque-specs-11-30-q07,What component is being fastened with these torque specifications?,Water pump to crankcase,0.9330006241798401,dropped,00-torque-specs-24-13-q10
semantic-299,00-torque-specs-11-31,00-torque-specs-11-31-q04,What component is referenced as 1AZ in the fan section?,Fan clutch on water pump coupling nut (left-hand threads),0.9929527640342712,kept,00-torque-specs-11-31-q04
semantic-299,bmwtorquespecs-041,bmwtorquespecs-041-q03,Which component is referenced as 1AZ in the fan section?,Fan clutch on water pump coupling nut (left-hand threads),0.9929527640342712,dropped,00-torque-specs-11-31-q04
semantic-300,00-torque-specs-11-33,00-torque-specs-11-33-q05,What torque specification applies to the soundproofing hood to holder attachment?,8 Nm with M6 screws,0.9517353773117065,kept,00-torque-specs-11-33-q05
semantic-300,bmwtorquespecs-043,bmwtorquespecs-043-q05,What torque specification is required for the soundproofing hood to holder mounting?,8 Nm with M6 screws,0.9517353773117065,dropped,00-torque-specs-11-33-q05
semantic-301,00-torque-specs-11-34,00-torque-specs-11-34-q03,What is the torque specification for M50/M52/S52/S50 US engines compared to all others?,"M50/M52/S52/S50 US engines use M7 screws torqued to 20 Nm, while all others use M7 screws torqued to 15 Nm.",0.9617863297462463,kept,00-torque-specs-11-34-q03
semantic-301,bmwtorquespecs-044,bmwtorquespecs-044-q03,What is the torque specification for M50/M52/S52/S50 US engine types?,M7 screws should be torqued to 20 Nm.,0.9617863297462463,dropped,00-torque-specs-11-34-q03
semantic-302,00-torque-specs-11-38,00-torque-specs-11-38-q10,Which component has the highest torque specification in the air pump system?,The cap nut on air intake tube has the highest torque specification at 30 Nm,0.9965187907218933,kept,00-torque-specs-11-38-q10
semantic-302,bmwtorquespecs-048,bmwtorquespecs-048-q10,Which component in the air pump system has the highest torque specification?,The cap nut on air intake tube (1AZ) with 30 Nm,0.9965187907218933,dropped,00-torque-specs-11-38-q10
semantic-303,00-torque-specs-11-39,00-torque-specs-11-39-q06,Is there a different torque specification for different vehicle types for the oxygen sensor?,"No, the specification applies to all vehicle types with the same 55 Nm torque value",0.948144257068634,kept,00-torque-specs-11-39-q06
semantic-303,00-torque-specs-11-39,00-torque-specs-11-39-q02,Which vehicle types does the oxygen sensor torque specification apply to?,All vehicle types,0.948144257068634,dropped,00-torque-specs-11-39-q06
semantic-304,72-113_equipmen,72-113_equipmen-q10,What reference is made at the bottom of the page for torque specifications?,The page references 'See Specifications' with an asterisk (*) for tightening torque values.,0.9050174951553345,kept,72-113_equipmen-q10
semantic-304,00-torque-specs-11-39,00-torque-specs-11-39-q07,What page reference is shown for this torque specification table?,AZD11-35.frb dated 20/10/97,0.9050174951553345,dropped,72-113_equipmen-q10
semantic-305,00-torque-specs-110,00-torque-specs-110-q04,What torque value is required for the lock nut of the brake band adjusting screw?,"The lock nut of brake band adjusting screw (A 4 S 270 R/A 4 S 310 R) uses a 5/16"" screw torqued to 21 Nm.",0.9505611062049866,kept,00-torque-specs-110-q04
semantic-305,00-torque-specs-24-08,00-torque-specs-24-08-q04,How much torque should be applied to the lock nut of the brake band adjusting screw?,"21 Nm using a 5/16"" screw for both A 4 S 270 R/A 4 S 310 R transmissions.",0.9505611062049866,dropped,00-torque-specs-110-q04
semantic-305,bmwtorquespecs-110,bmwtorquespecs-110-q03,What is the torque value for the brake band adjusting screw?,"The brake band adjusting screw (A 4 S 270 R/A 4 S 310 R) requires 5 Nm torque with a 5/16"" screw size.",0.9505611062049866,dropped,00-torque-specs-110-q04
semantic-305,bmwtorquespecs-110,bmwtorquespecs-110-q06,What is the torque specification for the lock nut of brake band adjusting screw?,The lock nut of brake band adjusting screw (A 4 S 270 R/A 4 S 310 R) requires 21 Nm torque.,0.9505611062049866,dropped,00-torque-specs-110-q04
semantic-306,bmwtorquespecs-110,bmwtorquespecs-110-q07,What transmission types are specified for the Torx screws in item 1AZ?,The Torx screws for F clutch are specified for 4HP-22/4HP-24 transmission types.,0.9360278248786926,kept,bmwtorquespecs-110-q07
semantic-306,00-torque-specs-110,00-torque-specs-110-q06,What transmission types are referenced for the Torx screws specification?,The Torx screws specification references 4HP-22 and 4HP-24 transmission types.,0.9360278248786926,dropped,bmwtorquespecs-110-q07
semantic-307,bmwtorquespecs-111,bmwtorquespecs-111-q01,What is the torque specification for the valve body to transmission on a 3HP-22?,11 Nm using M6 screws.,0.9802461862564087,kept,bmwtorquespecs-111-q01
semantic-307,00-torque-specs-111,00-torque-specs-111-q01,What is the torque specification for the valve body to transmission on the 3HP-22?,11 Nm with M6 screw.,0.9802461862564087,dropped,bmwtorquespecs-111-q01
semantic-307,00-torque-specs-24-09,00-torque-specs-24-09-q01,What is the torque specification for valve body to transmission bolts on the 3HP-22?,11 Nm with M6 screws.,0.9802461862564087,dropped,bmwtorquespecs-111-q01
semantic-308,bmwtorquespecs-111,bmwtorquespecs-111-q03,What is the torque specification for A4S 270R/A4S 310R transmissions?,20 Nm using 5/16 inch screws.,0.9120659232139587,kept,bmwtorquespecs-111-q03
semantic-308,00-torque-specs-111,00-torque-specs-111-q03,What is the torque specification for the A4S 270R/A4S 310R valve body to transmission?,"20 Nm with 5/16"" screw.",0.9120659232139587,dropped,bmwtorquespecs-111-q03
semantic-309,00-torque-specs-24-10,00-torque-specs-24-10-q09,What is the torque specification for the hollow bolt on A5S 440Z transmissions?,25 Nm using an M18x1.5 hollow bolt on A5S 440Z transmissions.,0.9256327748298645,kept,00-torque-specs-24-10-q09
semantic-309,00-torque-specs-112,00-torque-specs-112-q09,What thread size and torque specification applies to the hollow bolt for A5S 440Z?,M18x1.5 thread with 25 Nm torque,0.9256327748298645,dropped,00-torque-specs-24-10-q09
semantic-309,bmwtorquespecs-112,bmwtorquespecs-112-q08,What thread size and torque is specified for the hollow bolt on A5S 440Z transmissions?,M18x1.5 thread with 25 Nm torque,0.9256327748298645,dropped,00-torque-specs-24-10-q09
semantic-310,00-torque-specs-24-10,00-torque-specs-24-10-q10,How does the cap screw torque compare to the hollow bolt torque on A5S 440Z transmissions?,"The cap screw requires 20 Nm while the hollow bolt requires 25 Nm, both using M18x1.5 threads on A5S 440Z transmissions.",0.913012683391571,kept,00-torque-specs-24-10-q10
semantic-310,00-torque-specs-112,00-torque-specs-112-q10,What is the torque difference between the hollow bolt and cap screw for A5S 440Z?,"The hollow bolt requires 25 Nm while the cap screw requires 20 Nm, a difference of 5 Nm.",0.913012683391571,dropped,00-torque-specs-24-10-q10
semantic-311,00-torque-specs-113,00-torque-specs-113-q07,Which governor components use M6 screws?,"The stud in centrifugal governor, hexagon head screw on centrifugal governor, and governor housing to hub all use M6 screws.",0.9713622331619263,kept,00-torque-specs-113-q07
semantic-311,bmwtorquespecs-113,bmwtorquespecs-113-q07,Which components in the governor section use M6 screws?,"The stud in centrifugal governor, hexagon head screw on centrifugal governor, and governor housing to hub all use M6 screws.",0.9713622331619263,dropped,00-torque-specs-113-q07
semantic-312,00-torque-specs-113,00-torque-specs-113-q10,Which governor components are applicable to all transmission types versus specific ones?,"Components 1AZ through 4AZ are applicable to all transmission types, while 5AZ (governor housing to hub) is specific to 4 HP-22 H transmission type.",0.9153696894645691,kept,00-torque-specs-113-q10
semantic-312,bmwtorquespecs-113,bmwtorquespecs-113-q09,Are there different transmission types specified for these governor components?,"Yes, most components apply to 'All' transmission types, but the governor housing to hub specifically applies to '4 HP-22 H' transmission type.",0.9153696894645691,dropped,00-torque-specs-113-q10
semantic-313,bmwtorquespecs-114,bmwtorquespecs-114-q01,What is the torque specification for the pressure regulator to valve housing on the 4HP-22 EH/4 HP-24EH/A5S 310Z transmission?,M6 screw torqued to 5 Nm.,0.9899815320968628,kept,bmwtorquespecs-114-q01
semantic-313,00-torque-specs-114,00-torque-specs-114-q01,What is the torque specification for the pressure regulator to valve housing on 4HP-22 EH/4 HP-24EH/A5S 310Z transmissions?,5 Nm with M6 screw.,0.9899815320968628,dropped,bmwtorquespecs-114-q01
semantic-314,bmwtorquespecs-114,bmwtorquespecs-114-q05,What is the torque specification for the cover for servo piston on shift unit for A4S 270R/A4S 310R transmissions?,"5/16"" screw torqued to 25 Nm.",0.978620171546936,kept,bmwtorquespecs-114-q05
semantic-314,00-torque-specs-114,00-torque-specs-114-q05,What torque is required for the cover for servo piston on shift unit for A4S 270R/A4S 310R transmissions?,"25 Nm with 5/16"" screw.",0.978620171546936,dropped,bmwtorquespecs-114-q05
semantic-315,00-torque-specs-24-12,00-torque-specs-24-12-q09,What torque is required for the retaining plate for solenoid valves and pressure regulator on the shift unit?,M5 bolts require 5 Nm torque for the A5S 440Z transmission.,0.9435140490531921,kept,00-torque-specs-24-12-q09
semantic-315,00-torque-specs-114,00-torque-specs-114-q07,What torque specification is used for the retaining plate for solenoid valves and pressure regulator on shift unit?,5 Nm with M5 screw for A5S 440Z transmission.,0.9435140490531921,dropped,00-torque-specs-24-12-q09
semantic-315,bmwtorquespecs-114,bmwtorquespecs-114-q08,What is the torque specification for the retaining plate for solenoid valves and pressure regulator on A5S 440Z shift unit?,M5 screw torqued to 5 Nm.,0.9435140490531921,dropped,00-torque-specs-24-12-q09
semantic-316,00-torque-specs-115,00-torque-specs-115-q09,Which transmission type requires higher torque for the socket to case connection?,The A4S 270R/A4S 310R requires higher torque at 14 Nm compared to the 4HP-22 EH/4HP-24EH/A5S 310Z at 12 Nm.,0.9849429130554199,kept,00-torque-specs-115-q09
semantic-316,00-torque-specs-24-13,00-torque-specs-24-13-q04,Which transmission type requires a higher torque specification for the socket to case connection?,"A4S 270R/A4S 310R requires 14 Nm, which is higher than the 12 Nm required for 4HP-22 EH/4HP-24EH/A5S 310Z.",0.9849429130554199,dropped,00-torque-specs-115-q09
semantic-316,bmwtorquespecs-115,bmwtorquespecs-115-q10,Which transmission type requires the higher torque value for the socket to case connection?,The A4S 270R/A4S 310R transmission requires the higher torque value of 14 Nm.,0.9849429130554199,dropped,00-torque-specs-115-q09
semantic-317,bmwtorquespecs-097,bmwtorquespecs-097-q08,Which component uses M10 screws with 45 Nm torque for all transmission types?,The reverse gear shaft to case uses M10 screws with 45 Nm torque for all transmission types.,0.920547604560852,kept,bmwtorquespecs-097-q08
semantic-317,00-torque-specs-116,00-torque-specs-116-q04,Which transmission types use the lower 45 Nm torque specification for M10 screws?,A4S 270R/A4S 310R/A5S 310Z/A5S 300J/A5S 440Z/A5S 560Z,0.920547604560852,dropped,bmwtorquespecs-097-q08
semantic-318,00-torque-specs-116,00-torque-specs-116-q07,How many different torque specifications are listed for the torque converter to flywheel connection?,"Three different specifications: 26 Nm for M8 screws, 45 Nm for specific transmissions with M10 screws, and 49 Nm for all other transmissions with M10 screws",0.9200684428215027,kept,00-torque-specs-116-q07
semantic-318,00-torque-specs-24-14,00-torque-specs-24-14-q08,What are the three different torque values specified for torque converter to flywheel connections?,"26 Nm for all types with M8 screws, 45 Nm for specific A4S/A5S models with M10 screws, and 49 Nm for all others with M10 screws.",0.9200684428215027,dropped,00-torque-specs-116-q07
semantic-318,bmwtorquespecs-116,bmwtorquespecs-116-q01,What is the torque specification for the torque converter to flywheel connection for all transmission types?,"M8 screw, 26 Nm",0.9200684428215027,dropped,00-torque-specs-116-q07
semantic-319,00-torque-specs-24-14,00-torque-specs-24-14-q04,What screw size is used for the standard torque converter to flywheel connection on most transmissions?,M8 screws are used for the standard connection requiring 26 Nm.,0.9192004799842834,kept,00-torque-specs-24-14-q04
semantic-319,00-torque-specs-116,00-torque-specs-116-q09,Which screw size has the lowest torque specification for the torque converter to flywheel connection?,M8 screws at 26 Nm,0.9192004799842834,dropped,00-torque-specs-24-14-q04
semantic-320,00-torque-specs-117,00-torque-specs-117-q03,What is the difference in torque values between the M8x1 and M8 screws for the selector lever on transmission?,"The M8x1 screw requires 10 Nm while the M8 screw requires 15 Nm, a difference of 5 Nm.",0.9476518630981445,kept,00-torque-specs-117-q03
semantic-320,00-torque-specs-24-15,00-torque-specs-24-15-q08,What is the difference in torque specifications between the M8x1 and M8 screws for the selector lever?,"The M8x1 screw requires 10 Nm while the M8 screw requires 15 Nm, a difference of 5 Nm",0.9476518630981445,dropped,00-torque-specs-117-q03
semantic-321,bmwtorquespecs-117,bmwtorquespecs-117-q05,How many different torque specifications are listed for the selector lever on transmission?,Two specifications: 10 Nm for All types and 15 Nm for ASS 300J type.,0.9427134990692139,kept,bmwtorquespecs-117-q05
semantic-321,00-torque-specs-117,00-torque-specs-117-q05,What types are specified for the selector lever on transmission torque specifications?,All types and ASS 300J type,0.9427134990692139,dropped,bmwtorquespecs-117-q05
semantic-321,bmwtorquespecs-117,bmwtorquespecs-117-q01,What is the torque specification for the selector lever on transmission for all types?,M8x1 screw torqued to 10 Nm.,0.9427134990692139,dropped,bmwtorquespecs-117-q05
semantic-322,00-torque-specs-117,00-torque-specs-117-q09,Are the torque specifications different between 'All' types and 'ASS 300J' for the selector lever on transmission?,"Yes, 'All' types use M8x1 screws with 10 Nm torque, while 'ASS 300J' uses M8 screws with 15 Nm torque.",0.9236940741539001,kept,00-torque-specs-117-q09
semantic-322,bmwtorquespecs-117,bmwtorquespecs-117-q07,What is the difference in torque between the All types and ASS 300J selector lever specifications?,The ASS 300J requires 5 Nm more torque (15 Nm vs 10 Nm).,0.9236940741539001,dropped,00-torque-specs-117-q09
semantic-323,00-torque-specs-118,00-torque-specs-118-q02,What screw type is used for the A5S 300J transmission and what is its torque specification?,M14x1.5 screw with 35 Nm torque specification,0.9188894033432007,kept,00-torque-specs-118-q02
semantic-323,00-torque-specs-24-16,00-torque-specs-24-16-q02,What screw type and torque value is specified for the A5S 300J transmission shift segment to shaft?,M14x1.5 screw with 35 Nm torque,0.9188894033432007,dropped,00-torque-specs-118-q02
semantic-324,00-torque-specs-12-08,00-torque-specs-12-08-q03,What component is covered under section 12 32 Governor?,Regulator switch (1AZ),0.9391981959342957,kept,00-torque-specs-12-08-q03
semantic-324,bmwtorquespecs-058,bmwtorquespecs-058-q03,Which component is listed under section 12 32 Governor?,Regulator switch (1AZ),0.9391981959342957,dropped,00-torque-specs-12-08-q03
semantic-325,bmwtorquespecs-059,bmwtorquespecs-059-q08,Are all the components in this section applicable to all vehicle types?,"Yes, all components listed show 'All' in the Type column, indicating they apply to all vehicle types.",0.9089525938034058,kept,bmwtorquespecs-059-q08
semantic-325,00-torque-specs-12-09,00-torque-specs-12-09-q09,Do all the components in section 12.41 apply to all vehicle types?,"Yes, all components listed under section 12.41 apply to 'All' vehicle types",0.9089525938034058,dropped,bmwtorquespecs-059-q08
semantic-326,bmwtorquespecs-060,bmwtorquespecs-060-q06,Under which section are these wire to starter specifications listed?,"Section 12-10 Engine Electrical Equipment, subsection 12.42 Wires to starter.",0.9009996652603149,kept,bmwtorquespecs-060-q06
semantic-326,00-torque-specs-12-10,00-torque-specs-12-10-q07,What section number covers the wires to starter specifications?,Section 12.42 covers wires to starter specifications.,0.9009996652603149,dropped,bmwtorquespecs-060-q06
semantic-327,bmwtorquespecs-063,bmwtorquespecs-063-q10,Which engine types require the lowest torque specification for the oil pressure switch?,S14/S50/S38 engines require the lowest torque at 20 Nm,0.9896590709686279,kept,bmwtorquespecs-063-q10
semantic-327,00-torque-specs-12-13,00-torque-specs-12-13-q04,Which engine types have the lowest torque requirement for the oil pressure switch?,S14/S50/S38 engines at 20 Nm,0.9896590709686279,dropped,bmwtorquespecs-063-q10
semantic-328,00-torque-specs-12-15,00-torque-specs-12-15-q09,What document reference appears at the top of this page?,AZD12-10.frb dated 20/10/97,0.9057269096374512,kept,00-torque-specs-12-15-q09
semantic-328,00-torque-specs-13-12,00-torque-specs-13-12-q08,What document reference number is shown at the top of this page?,AZD13-12.frb,0.9057269096374512,dropped,00-torque-specs-12-15-q09
semantic-329,00-torque-specs-12-16,00-torque-specs-12-16-q10,What unit of measurement is used for the torque specifications of the control unit senders?,Nm (Newton meters),0.9258047342300415,kept,00-torque-specs-12-16-q10
semantic-329,bmwtorquespecs-066,bmwtorquespecs-066-q06,What unit of measurement is used for both sender torque specifications?,Nm (Newton meters),0.9258047342300415,dropped,00-torque-specs-12-16-q10
semantic-330,00-torque-specs-120,00-torque-specs-120-q02,What torque should I use for the shift console to transmission connection?,23 Nm for all vehicles with sheet metal console.,0.9420826435089111,kept,00-torque-specs-120-q02
semantic-330,00-torque-specs-25-01,00-torque-specs-25-01-q02,What torque should be applied when connecting the shift console to transmission?,23 Nm for all vehicles with sheet metal console.,0.9420826435089111,dropped,00-torque-specs-120-q02
semantic-330,bmwtorquespecs-120,bmwtorquespecs-120-q02,What torque value should be used when connecting the shift console to transmission?,23 Nm for all vehicles with sheet metal console.,0.9420826435089111,dropped,00-torque-specs-120-q02
semantic-331,bmwtorquespecs-120,bmwtorquespecs-120-q04,What is the specific torque requirement for the aluminum shift arm console to transmission on E30 M3?,21.5 Nm for E30 M3 vehicles.,0.9342923164367676,kept,bmwtorquespecs-120-q04
semantic-331,00-torque-specs-120,00-torque-specs-120-q05,What torque should be applied to the aluminum shift arm to console screws on the E30 M3?,11 Nm for E30 M3 models.,0.9342923164367676,dropped,bmwtorquespecs-120-q04
semantic-331,00-torque-specs-25-01,00-torque-specs-25-01-q05,What torque should be used for the aluminum shift arm to console on E30 M3?,11 Nm for E30 M3 models.,0.9342923164367676,dropped,bmwtorquespecs-120-q04
semantic-331,bmwtorquespecs-120,bmwtorquespecs-120-q05,What torque specification applies to the aluminum shift arm to console connection on E30 M3?,11 Nm for E30 M3 vehicles.,0.9342923164367676,dropped,bmwtorquespecs-120-q04
semantic-332,00-torque-specs-25-02,00-torque-specs-25-02-q07,Which component has the lowest torque specification in the shift console automatic transmission section?,The switch to shift console connection has the lowest torque specification at 4.5 Nm,0.9262487888336182,kept,00-torque-specs-25-02-q07
semantic-332,00-torque-specs-121,00-torque-specs-121-q06,Which component has the highest torque specification in the shift console section?,The Bowden cable on shift tower/transmission with 15 Nm,0.9262487888336182,dropped,00-torque-specs-25-02-q07
semantic-332,bmwtorquespecs-121,bmwtorquespecs-121-q06,Which component has the highest torque specification in the automatic transmission shift console table?,The Bowden cable on shift tower/transmission at 15 Nm,0.9262487888336182,dropped,00-torque-specs-25-02-q07
semantic-333,00-torque-specs-122,00-torque-specs-122-q04,What is the torque specification for the aluminum propeller shaft flexible disk connection to the propeller shaft on E39 models?,M12 10.9 screw with 100 Nm torque.,0.9499830603599548,kept,00-torque-specs-122-q04
semantic-333,00-torque-specs-26-01,00-torque-specs-26-01-q04,What torque specification applies to the aluminum propeller shaft flexible disk on propeller shaft for E39 models?,100 Nm using M12 10.9 screws,0.9499830603599548,dropped,00-torque-specs-122-q04
semantic-333,00-torque-specs-26-01,00-torque-specs-26-01-q05,How much torque is required for the aluminum propeller shaft flexible disk on transmission for E39?,90 Nm using M12 10.9 screws,0.9499830603599548,dropped,00-torque-specs-122-q04
semantic-333,bmwtorquespecs-122,bmwtorquespecs-122-q04,What is the torque value for the aluminum propeller shaft flexible disk connection to the propeller shaft on E39 models?,100 Nm with M12 10.9 screw,0.9499830603599548,dropped,00-torque-specs-122-q04
semantic-334,bmwtorquespecs-123,bmwtorquespecs-123-q03,What is the torque specification for the constant velocity joint compression nut?,32 Nm with M8 screw size.,0.9736042022705078,kept,bmwtorquespecs-123-q03
semantic-334,00-torque-specs-123,00-torque-specs-123-q03,What is the compression nut torque for the constant velocity joint?,32 Nm for the M8 screw.,0.9736042022705078,dropped,bmwtorquespecs-123-q03
semantic-334,00-torque-specs-26-02,00-torque-specs-26-02-q03,What is the compression nut torque for the constant velocity joint version?,32 Nm for M8 screw.,0.9736042022705078,dropped,bmwtorquespecs-123-q03
semantic-335,00-torque-specs-123,00-torque-specs-123-q04,What special instruction is given for the universal joint compression nut after loosening?,After loosening connection only use ribbed nuts with higher tightening torque.,0.9347720146179199,kept,00-torque-specs-123-q04
semantic-335,00-torque-specs-26-02,00-torque-specs-26-02-q08,What special instruction is given for the universal joint compression nut?,After loosening connection only use ribbed nuts with higher tightening torque.,0.9347720146179199,dropped,00-torque-specs-123-q04
semantic-336,00-torque-specs-124,00-torque-specs-124-q02,What size screws are used for the transfer box on automatic transmission and what torque should they be tightened to?,M8 screws tightened to 23 Nm.,0.9670098423957825,kept,00-torque-specs-124-q02
semantic-336,00-torque-specs-27-01,00-torque-specs-27-01-q02,What size screws are used for the transfer box on automatic transmission and what's their torque spec?,M8 screws torqued to 23 Nm.,0.9670098423957825,dropped,00-torque-specs-124-q02
semantic-336,bmwtorquespecs-124,bmwtorquespecs-124-q02,What size screw is used for the transfer box on automatic transmission and what torque should it be tightened to?,"M8 screw, 23 Nm",0.9670098423957825,dropped,00-torque-specs-124-q02
semantic-337,00-torque-specs-124,00-torque-specs-124-q03,How much torque is required for the coupling to manual transmission and transfer box?,90 Nm using M12 screws.,0.9577367305755615,kept,00-torque-specs-124-q03
semantic-337,00-torque-specs-27-01,00-torque-specs-27-01-q03,How much torque should be applied to the coupling between manual transmission and transfer box?,90 Nm using M12 screws.,0.9577367305755615,dropped,00-torque-specs-124-q03
semantic-337,bmwtorquespecs-124,bmwtorquespecs-124-q03,What is the torque specification for the coupling to manual transmission and transfer box?,"M12 screw, 90 Nm",0.9577367305755615,dropped,00-torque-specs-124-q03
semantic-338,00-torque-specs-124,00-torque-specs-124-q04,What is the torque specification for the case bolts on the transfer box?,25 Nm using M8 screws.,0.9706043004989624,kept,00-torque-specs-124-q04
semantic-338,00-torque-specs-27-01,00-torque-specs-27-01-q04,What's the torque specification for the case bolts on the transfer box?,25 Nm using M8 screws.,0.9706043004989624,dropped,00-torque-specs-124-q04
semantic-338,bmwtorquespecs-124,bmwtorquespecs-124-q04,What torque value should be used for the case bolts on the transfer box?,"M8 screw, 25 Nm",0.9706043004989624,dropped,00-torque-specs-124-q04
semantic-339,00-torque-specs-124,00-torque-specs-124-q05,What torque should be applied to the electromagnetic clutch to case bolts?,25 Nm using M8 screws.,0.9873027801513672,kept,00-torque-specs-124-q05
semantic-339,00-torque-specs-27-01,00-torque-specs-27-01-q05,What torque should be used for the electromagnetic clutch to case bolts?,25 Nm using M8 screws.,0.9873027801513672,dropped,00-torque-specs-124-q05
semantic-340,00-torque-specs-124,00-torque-specs-124-q06,What is the torque specification for the output flange collar nut?,"110 Nm, and it should be installed with Loctite 270 or Hylogrip bolt cement.",0.9470589756965637,kept,00-torque-specs-124-q06
semantic-340,00-torque-specs-24-06,00-torque-specs-24-06-q08,How many different torque specifications are listed for the output flange collar nut?,Two different specifications: 225 Nm for A5S 300J and 100 Nm for all others,0.9470589756965637,dropped,00-torque-specs-124-q06
semantic-341,00-torque-specs-128,00-torque-specs-128-q05,Which component has the higher torque specification - the power window module or E-box screws?,E-box screws have the higher torque specification at 4 Nm compared to 1 + 0.5 Nm for the power window module,0.9694474935531616,kept,00-torque-specs-128-q05
semantic-341,00-torque-specs-61-03,00-torque-specs-61-03-q10,Which torque specification is higher - the power window module or the E-box screws?,The E-box screws at 4 Nm are higher than the power window module at 1 ± 0.5 Nm,0.9694474935531616,dropped,00-torque-specs-128-q05
semantic-342,00-torque-specs-129,00-torque-specs-129-q03,What is the torque specification for the wiper contact pressure motor to wiper console connection?,6.5 Nm (ft. lbs.) for E31/E32/E34/E38 models.,0.9716673493385315,kept,00-torque-specs-129-q03
semantic-342,00-torque-specs-61-04,00-torque-specs-61-04-q03,What is the correct torque for the wiper contact pressure motor to wiper console connection?,6.5 Nm (ft. lbs.) for types E31/E32/E34/E38.,0.9716673493385315,dropped,00-torque-specs-129-q03
semantic-342,bmwtorquespecs-129,bmwtorquespecs-129-q04,What is the torque specification for the wiper contact pressure motor to wiper console?,6.5 Nm (ft. lbs.).,0.9716673493385315,dropped,00-torque-specs-129-q03
semantic-343,00-torque-specs-129,00-torque-specs-129-q08,What torque should be used for screws in the firewall for E38/E39/E36 Coupe models?,10 Nm (ft. lbs.).,0.984806478023529,kept,00-torque-specs-129-q08
semantic-343,00-torque-specs-61-04,00-torque-specs-61-04-q08,What torque should be applied to screws in the firewall for E38/E39/E36 Coupé?,10 Nm (ft. lbs.).,0.984806478023529,dropped,00-torque-specs-129-q08
semantic-344,bmwtorquespecs-068,bmwtorquespecs-068-q02,What type of screw is used for the carburetor to insulating flange connection?,M10/M20/M30 screw.,0.9903168082237244,kept,bmwtorquespecs-068-q02
semantic-344,00-torque-specs-13-01,00-torque-specs-13-01-q02,What screw type is used for the carburetor to insulating flange connection?,M10/M20/M30,0.9903168082237244,dropped,bmwtorquespecs-068-q02
semantic-345,00-torque-specs-13-01,00-torque-specs-13-01-q09,Which carburetor component requires the lowest torque specification?,The throttle valve control to carburetor at 3 Nm,0.9734812378883362,kept,00-torque-specs-13-01-q09
semantic-345,00-torque-specs-13-01,00-torque-specs-13-01-q10,Which carburetor component requires the highest torque specification?,The flow valve at 28 Nm,0.9734812378883362,dropped,00-torque-specs-13-01-q09
semantic-346,bmwtorquespecs-070,bmwtorquespecs-070-q01,What is the torque specification for the fuel filter coupling nut?,14 Nm with M14 x 1.5 thread pitch.,0.9336974024772644,kept,bmwtorquespecs-070-q01
semantic-346,00-torque-specs-13-03,00-torque-specs-13-03-q01,What is the torque specification for the coupling nut on the fuel line to filter housing and injection pump?,14 Nm with an M14 x 1.5 thread.,0.9336974024772644,dropped,bmwtorquespecs-070-q01
semantic-347,bmwtorquespecs-070,bmwtorquespecs-070-q04,What is the torque value for the fuel filter to holder connection?,22 Nm with M8 thread size.,0.9381880760192871,kept,bmwtorquespecs-070-q04
semantic-347,00-torque-specs-13-03,00-torque-specs-13-03-q04,How much torque is required for the fuel filter to holder connection?,22 Nm with an M8 thread.,0.9381880760192871,dropped,bmwtorquespecs-070-q04
semantic-348,00-torque-specs-13-09,00-torque-specs-13-09-q07,What system section is covered on this specification page?,Fuel System (13 - 9),0.9178301692008972,kept,00-torque-specs-13-09-q07
semantic-348,00-torque-specs-13-11,00-torque-specs-13-11-q07,What system does this specification page cover?,Fuel System (13-11),0.9178301692008972,dropped,00-torque-specs-13-09-q07
semantic-349,bmwtorquespecs-130,bmwtorquespecs-130-q03,How long should you wait before retightening the wiper arms to their final torque?,You should wait for 15 minutes before retightening the wiper arms to their final torque specification.,0.989831268787384,kept,bmwtorquespecs-130-q03
semantic-349,00-torque-specs-130,00-torque-specs-130-q04,How long should you wait before retightening the wiper arms to torque?,"After waiting for 15 minutes, retighten to torque.",0.989831268787384,dropped,bmwtorquespecs-130-q03
semantic-350,bmwtorquespecs-130,bmwtorquespecs-130-q05,What torque value is specified for the passenger's side wiper arm?,The passenger's side wiper arm should be torqued to 25 Nm (ft. lbs.) using E31/E32/E34/E38/E39 type screws.,0.9633950591087341,kept,bmwtorquespecs-130-q05
semantic-350,00-torque-specs-130,00-torque-specs-130-q06,What torque specification applies to the passenger's side wiper arm?,25 Nm (ft. lbs.) using type E31/E32/E34/E38/E39.,0.9633950591087341,dropped,bmwtorquespecs-130-q05
semantic-350,00-torque-specs-61-05,00-torque-specs-61-05-q06,What torque should be applied to the passenger's side wiper arm?,25 Nm (ft. lbs.) with screw types E31/E32/E34/E38/E39.,0.9633950591087341,dropped,bmwtorquespecs-130-q05
semantic-351,00-torque-specs-61-06,00-torque-specs-61-06-q08,What section of the manual does this tailgate window wiper information belong to?,"Section 61-6 General Electrical system, specifically section 61 62 Tailgate Window Wiper.",0.9365984797477722,kept,00-torque-specs-61-06-q08
semantic-351,00-torque-specs-131,00-torque-specs-131-q10,What section of the manual contains the tailgate window wiper specifications?,61 62 Tailgate Window Wiper under 61-6 General Electrical system,0.9365984797477722,dropped,00-torque-specs-61-06-q08
semantic-352,00-torque-specs-132,00-torque-specs-132-q04,What is the difference in torque between telescope to bracket and bracket to body connections for headlight cleaners?,"The bracket to body connection requires 15 Nm while the telescope to bracket connection requires only 3 Nm, a difference of 12 Nm.",0.9791797399520874,kept,00-torque-specs-132-q04
semantic-352,00-torque-specs-61-07,00-torque-specs-61-07-q04,What is the difference in torque values between the telescope to bracket and bracket to body connections for headlight cleaners?,"The bracket to body connection requires 15 Nm while the telescope to bracket connection requires only 3 Nm, a difference of 12 Nm.",0.9791797399520874,dropped,00-torque-specs-132-q04
semantic-353,00-torque-specs-61-07,00-torque-specs-61-07-q09,How many torque specifications are listed for the headlight cleaners?,Two torque specifications are listed for the headlight cleaners.,0.9167385697364807,kept,00-torque-specs-61-07-q09
semantic-353,00-torque-specs-132,00-torque-specs-132-q06,How many different torque values are specified for headlight cleaner assembly?,Two torque values are specified: 3 Nm and 15 Nm,0.9167385697364807,dropped,00-torque-specs-61-07-q09
semantic-354,bmwtorquespecs-132,bmwtorquespecs-132-q08,Which headlight cleaner connection requires the higher torque value?,"The bracket to body connection (2AZ) requires 15 Nm, which is higher than the 3 Nm for telescope to bracket (1AZ)",0.9298982620239258,kept,bmwtorquespecs-132-q08
semantic-354,00-torque-specs-132,00-torque-specs-132-q09,Which connection point requires the higher torque value for headlight cleaners?,The bracket to body connection requires the higher torque value of 15 Nm,0.9298982620239258,dropped,bmwtorquespecs-132-q08
semantic-354,00-torque-specs-61-07,00-torque-specs-61-07-q05,Which headlight cleaner connection requires the higher torque specification?,The bracket to body connection requires the higher torque at 15 Nm compared to the telescope to bracket at 3 Nm.,0.9298982620239258,dropped,bmwtorquespecs-132-q08
semantic-354,bmwtorquespecs-132,bmwtorquespecs-132-q05,What are the two connection points specified for headlight cleaner torque values?,Telescope to bracket (1AZ) and Bracket to body (2AZ),0.9298982620239258,dropped,bmwtorquespecs-132-q08
semantic-355,00-torque-specs-133,00-torque-specs-133-q02,What section and subsection covers car electrical system senders?,"Section 62-1 Instruments, subsection 62 16 Car Electrical System Senders",0.9229165315628052,kept,00-torque-specs-133-q02
semantic-355,00-torque-specs-62-01,00-torque-specs-62-01-q03,What section of the manual covers car electrical system senders?,Section 62 16,0.9229165315628052,dropped,00-torque-specs-133-q02
semantic-356,00-torque-specs-133,00-torque-specs-133-q05,What unit of measurement is used for the speedometer sender screw torque?,Nm (Newton-meters),0.9923595786094666,kept,00-torque-specs-133-q05
semantic-356,00-torque-specs-62-01,00-torque-specs-62-01-q07,What unit of measurement is used for the speedometer sender screw torque specification?,Nm (Newton-meters),0.9923595786094666,dropped,00-torque-specs-133-q05
semantic-357,bmwtorquespecs-134,bmwtorquespecs-134-q02,What is the correct tightening sequence for installing a trailer hitch to the body?,"The tightening sequence is: 1. Hitch bolts, 2. Axial strut bolts, 3. Reinforcement bracket collar nut.",0.9254870414733887,kept,bmwtorquespecs-134-q02
semantic-357,00-torque-specs-134,00-torque-specs-134-q04,What is the proper tightening sequence for hitch to body installation?,"1. Hitch bolts, 2. Axial strut bolts, 3. Reinforcement bracket collar nut",0.9254870414733887,dropped,bmwtorquespecs-134-q02
semantic-357,00-torque-specs-71-01,00-torque-specs-71-01-q04,What sequence should be followed when tightening the hitch to body bolts?,"1. Hitch bolts, 2. Axial strut bolts, 3. Reinforcement bracket collar nut",0.9254870414733887,dropped,bmwtorquespecs-134-q02
semantic-358,00-torque-specs-134,00-torque-specs-134-q07,What Loctite number should be used for the slotted nut for take-up pipe to hitch?,Loctite No. 638,0.9857802987098694,kept,00-torque-specs-134-q07
semantic-358,00-torque-specs-71-01,00-torque-specs-71-01-q05,Which Loctite number should be used with the slotted nut for the take-up pipe to hitch?,Loctite No. 638,0.9857802987098694,dropped,00-torque-specs-134-q07
semantic-359,00-torque-specs-71-01,00-torque-specs-71-01-q08,What is the difference in torque between the M10 8.8 and M10 10.9 bolts in the trailer hitch assembly?,"The M10 10.9 bolts require 59 Nm while the M10 8.8 bolts require 42 Nm, a difference of 17 Nm",0.992774486541748,kept,00-torque-specs-71-01-q08
semantic-359,00-torque-specs-134,00-torque-specs-134-q08,What is the difference in torque between M10 8.8 and M10 10.9 bolts for the trailer hitch?,17 Nm (59 Nm - 42 Nm),0.992774486541748,dropped,00-torque-specs-71-01-q08
semantic-360,00-torque-specs-71-01,00-torque-specs-71-01-q09,Which component uses the highest torque specification in the trailer hitch assembly?,The M40 slotted nut for the take-up pipe to hitch connection at 220 Nm,0.975153923034668,kept,00-torque-specs-71-01-q09
semantic-360,00-torque-specs-134,00-torque-specs-134-q09,Which component has the highest torque specification in the trailer hitch section?,The M40 slotted nut for take-up pipe to hitch at 220 Nm,0.975153923034668,dropped,00-torque-specs-71-01-q09
semantic-361,00-torque-specs-136,00-torque-specs-136-q05,Which vehicle types use the airbag module on doors specification?,"E36, E38, E39",0.9619557857513428,kept,00-torque-specs-136-q05
semantic-361,00-torque-specs-72-02,00-torque-specs-72-02-q02,Which vehicle models use the airbag module on doors specification?,"E36, E38, E39",0.9619557857513428,dropped,00-torque-specs-136-q05
semantic-362,bmwtorquespecs-089,bmwtorquespecs-089-q01,What is the torque specification for the cap nut on transmission oil cooler for all vehicle types?,20 Nm with M18x1.5 thread specification.,0.9836881160736084,kept,bmwtorquespecs-089-q01
semantic-362,00-torque-specs-17-05,00-torque-specs-17-05-q01,What is the torque specification for the cap nut on transmission oil cooler for all variants?,20 Nm with M18x1.5 screw thread.,0.9836881160736084,dropped,bmwtorquespecs-089-q01
semantic-363,bmwtorquespecs-089,bmwtorquespecs-089-q06,What torque should be applied to screw-in fittings on transmission for all vehicle types?,37 Nm with M14x1.5 and M16x1.5 thread specifications.,0.9639639854431152,kept,bmwtorquespecs-089-q06
semantic-363,00-torque-specs-17-05,00-torque-specs-17-05-q06,What torque should be applied to screw-in fitting on transmission for all variants?,37 Nm with M14x1.5 and M16x1.5 thread.,0.9639639854431152,dropped,bmwtorquespecs-089-q06
semantic-364,00-torque-specs-21-01,00-torque-specs-21-01-q04,Which screw size requires the highest torque when mounting the clutch housing to crankcase?,M12 screws require the highest torque at 86 Nm,0.9460108280181885,kept,00-torque-specs-21-01-q04
semantic-364,00-torque-specs-21-01,00-torque-specs-21-01-q08,What is the torque progression from smallest to largest screw size for clutch housing to crankcase bolts?,"M8: 27 Nm, M10: 51 Nm, M12: 86 Nm",0.9460108280181885,dropped,00-torque-specs-21-01-q04
semantic-364,bmwtorquespecs-091,bmwtorquespecs-091-q10,Which screw size requires the highest torque value for the clutch housing to crankcase connection?,M12 screws require the highest torque at 86 Nm,0.9460108280181885,dropped,00-torque-specs-21-01-q04
semantic-365,00-torque-specs-21-03,00-torque-specs-21-03-q07,How many different torque specifications are shown for the hydraulic clutch operation components?,"Three different torque specifications: 10 Nm, 17 Nm, and 22 Nm",0.9525097012519836,kept,00-torque-specs-21-03-q07
semantic-365,bmwtorquespecs-093,bmwtorquespecs-093-q09,How many different torque values are specified for the hydraulic clutch components?,"Three different torque values: 10 Nm, 17 Nm, and 22 Nm",0.9525097012519836,dropped,00-torque-specs-21-03-q07
semantic-366,bmwtorquespecs-103,bmwtorquespecs-103-q03,What is the highest torque specification shown for hex screws in this transmission section?,The highest torque specification for hex screws is 82 Nm (ft. lbs.) for M12 hex screws.,0.9224266409873962,kept,bmwtorquespecs-103-q03
semantic-366,00-torque-specs-23-01,00-torque-specs-23-01-q07,Which hex screw size requires the highest torque for transmission to engine mounting?,M12 hex screws require the highest torque at 74 Nm,0.9224266409873962,dropped,bmwtorquespecs-103-q03
semantic-366,00-torque-specs-24-01,00-torque-specs-24-01-q03,What is the highest torque specification for hex screws in the transmission to engine assembly?,82 Nm (ft. lbs.) for M12 hex screws,0.9224266409873962,dropped,bmwtorquespecs-103-q03
semantic-366,bmwtorquespecs-094,bmwtorquespecs-094-q02,What size are the largest hex screws used for transmission to engine mounting and what is their torque value?,M12 hex screws with a torque specification of 74 Nm,0.9224266409873962,dropped,bmwtorquespecs-103-q03
semantic-367,00-torque-specs-23-02,00-torque-specs-23-02-q09,Which component has the designation 2AZ?,Transmission to clutch housing.,0.9347708225250244,kept,00-torque-specs-23-02-q09
semantic-367,bmwtorquespecs-043,bmwtorquespecs-043-q08,What component is referenced as 2AZ in the specifications?,Soundproofing hood to holder,0.9347708225250244,dropped,00-torque-specs-23-02-q09
semantic-368,00-torque-specs-23-04,00-torque-specs-23-04-q05,What is the torque specification for the bearing bracket on rear section of case for 240/260/265/280 transmissions?,10 Nm using M6 screws.,0.9738938808441162,kept,00-torque-specs-23-04-q05
semantic-368,bmwtorquespecs-097,bmwtorquespecs-097-q03,What is the torque value for the bearing bracket on rear section of case for transmissions 240/260/265/280?,10 Nm using M6 screws.,0.9738938808441162,dropped,00-torque-specs-23-04-q05
semantic-369,00-torque-specs-23-04,00-torque-specs-23-04-q09,What is the torque specification for the bearing on countershaft for 280 transmissions?,60 Nm using M10 screws.,0.9810377955436707,kept,00-torque-specs-23-04-q09
semantic-369,bmwtorquespecs-097,bmwtorquespecs-097-q09,What is the torque specification for the bearing on countershaft for the 280 transmission?,60 Nm using M10 screws.,0.9810377955436707,dropped,00-torque-specs-23-04-q09
semantic-370,00-torque-specs-23-05,00-torque-specs-23-05-q09,What screw size is used for the plug in rear casing section on 260/280 transmission types?,M22 screw size is used for 260/280 transmission types.,0.9813404679298401,kept,00-torque-specs-23-05-q09
semantic-370,bmwtorquespecs-098,bmwtorquespecs-098-q07,What screw size is used for the plug in rear casing section on 260/280 transmissions?,M22 screw.,0.9813404679298401,dropped,00-torque-specs-23-05-q09
semantic-371,00-torque-specs-23-07,00-torque-specs-23-07-q06,Which component uses the 1AZ specification in the transmission shafts section?,Output flange collar nut installed with bolt cement,0.9558345079421997,kept,00-torque-specs-23-07-q06
semantic-371,bmwtorquespecs-100,bmwtorquespecs-100-q09,What component is referenced as 1AZ in the transmission shafts section?,Output flange collar nut installed with bolt cement,0.9558345079421997,dropped,00-torque-specs-23-07-q06
semantic-372,00-torque-specs-24-02,00-torque-specs-24-02-q01,What is the torque specification for the transmission extension on all vehicle types?,The transmission extension (1AZ) has a torque specification of 25 Nm using M8 screws for all vehicle types.,0.9697862863540649,kept,00-torque-specs-24-02-q01
semantic-372,bmwtorquespecs-104,bmwtorquespecs-104-q01,What is the torque specification for the transmission extension on all transmission types?,The transmission extension (1AZ) requires M8 screws torqued to 25 Nm for all transmission types.,0.9697862863540649,dropped,00-torque-specs-24-02-q01
semantic-373,00-torque-specs-24-02,00-torque-specs-24-02-q02,What screw size and torque is specified for the guard component?,The guard (2AZ) uses M6 screws with a torque specification of 9 Nm for all vehicle types.,0.9866287708282471,kept,00-torque-specs-24-02-q02
semantic-373,bmwtorquespecs-104,bmwtorquespecs-104-q02,What screw size and torque value is specified for the guard component?,The guard (2AZ) uses M6 screws and should be torqued to 9 Nm.,0.9866287708282471,dropped,00-torque-specs-24-02-q02
semantic-374,00-torque-specs-24-02,00-torque-specs-24-02-q04,What are the different torque specifications for the A4S 270R/A4S 310R transmission type?,"For A4S 270R/A4S 310R transmissions, there are two specifications: 32 Nm with 5/16"" screws and 42 Nm with 1/2"" screws.",0.9009279012680054,kept,00-torque-specs-24-02-q04
semantic-374,00-torque-specs-24-09,00-torque-specs-24-09-q05,What screw type and torque is specified for A4S 270R/A4S 310R transmissions?,"5/16"" screws with 20 Nm torque.",0.9009279012680054,dropped,00-torque-specs-24-02-q04
semantic-375,00-torque-specs-24-02,00-torque-specs-24-02-q06,What torque specification is used for the plug on transfer plate for all vehicle types?,The plug on transfer plate (4AZ) uses M10 screws with a torque specification of 16 Nm for all vehicle types.,0.9463803172111511,kept,00-torque-specs-24-02-q06
semantic-375,bmwtorquespecs-104,bmwtorquespecs-104-q05,What is the torque specification for the plug on transfer plate for all transmission types?,The plug on transfer plate (4AZ) uses M10 screws and should be torqued to 16 Nm for all transmission types.,0.9463803172111511,dropped,00-torque-specs-24-02-q06
semantic-376,00-torque-specs-24-06,00-torque-specs-24-06-q03,"What section of the manual covers automatic transmission input, intermediate and output shafts?",Section 24 21,0.9744492173194885,kept,00-torque-specs-24-06-q03
semantic-376,bmwtorquespecs-108,bmwtorquespecs-108-q03,"Which section of the manual covers Input, Intermediate and Output Shafts for automatic transmission?",Section 24 21,0.9744492173194885,dropped,00-torque-specs-24-06-q03
semantic-377,00-torque-specs-24-07,00-torque-specs-24-07-q07,What is the procedure for inserting screws on the brake coupling?,Insert all screws until contact is made with screw head in each case center bolt.,0.9581331014633179,kept,00-torque-specs-24-07-q07
semantic-377,bmwtorquespecs-109,bmwtorquespecs-109-q08,What is the procedure described for installing the screws on the brake coupling?,Insert all screws until contact is made with screw head in each case,0.9581331014633179,dropped,00-torque-specs-24-07-q07
semantic-378,bmwtorquespecs-110,bmwtorquespecs-110-q05,What screw size is used for the lock nut of brake band adjusting screw?,"The lock nut of brake band adjusting screw uses a 5/16"" screw size.",0.9840018153190613,kept,bmwtorquespecs-110-q05
semantic-378,00-torque-specs-24-08,00-torque-specs-24-08-q08,What screw size is used for both the brake band adjusting screw and its lock nut?,"5/16"" screws are used for both components.",0.9840018153190613,dropped,bmwtorquespecs-110-q05
semantic-379,00-torque-specs-24-10,00-torque-specs-24-10-q07,How much torque is specified for the oil pump body on A4S 270R/A4S 310R transmissions?,"20 Nm using a 5/16"" screw for the oil pump body on A4S 270R/A4S 310R transmissions.",0.9142451286315918,kept,00-torque-specs-24-10-q07
semantic-379,00-torque-specs-24-10,00-torque-specs-24-10-q01,What is the torque specification for the oil pump to case 1st pass on A4S 270R/A4S 310R transmissions?,"10 Nm using a 5/16"" screw.",0.9142451286315918,dropped,00-torque-specs-24-10-q07
semantic-380,00-torque-specs-24-10,00-torque-specs-24-10-q03,What is the torque specification for A5S 560Z transmission components using M6 screws?,10 Nm for M6 screws on A5S 560Z transmissions.,0.9035987257957458,kept,00-torque-specs-24-10-q03
semantic-380,00-torque-specs-24-10,00-torque-specs-24-10-q04,How much torque is required for A5S 560Z components using M5 screws?,5 Nm for M5 screws on A5S 560Z transmissions.,0.9035987257957458,dropped,00-torque-specs-24-10-q03
semantic-381,00-torque-specs-24-12,00-torque-specs-24-12-q10,What is the lowest torque specification shown on this automatic transmission table?,"3 Nm is the lowest torque specification, required for A5S 300J M5 bolts.",0.9984855651855469,kept,00-torque-specs-24-12-q10
semantic-381,bmwtorquespecs-105,bmwtorquespecs-105-q10,What is the lowest torque specification shown in this automatic transmission table?,6 Nm for the oil pan on 4HP-22/4HP-24/A5S 310Z transmissions.,0.9984855651855469,dropped,00-torque-specs-24-12-q10
semantic-382,bmwtorquespecs-115,bmwtorquespecs-115-q07,What is the difference in torque specifications between the two transmission types listed?,"The 4HP-22 EH/4HP-24EH/A5S 310Z requires 12 Nm while the A4S 270R/A4S 310R requires 14 Nm, a difference of 2 Nm.",0.9526020288467407,kept,bmwtorquespecs-115-q07
semantic-382,00-torque-specs-24-13,00-torque-specs-24-13-q09,What is the difference in torque values between the two transmission types?,The difference is 2 Nm (14 Nm for A4S 270R/A4S 310R minus 12 Nm for 4HP-22 EH/4HP-24EH/A5S 310Z).,0.9526020288467407,dropped,bmwtorquespecs-115-q07
semantic-383,00-torque-specs-24-14,00-torque-specs-24-14-q09,Which transmission models are specifically mentioned for the 45 Nm torque specification?,"A4S 270R, A4S 310R, A5S 310Z, A5S 300J, A5S 440Z, and A5S 560Z transmission models.",0.9913421273231506,kept,00-torque-specs-24-14-q09
semantic-383,bmwtorquespecs-116,bmwtorquespecs-116-q06,What transmission models are specifically listed for the 45 Nm torque specification?,A4S 270R/A4S 310R/A5S 310Z/A5S 300J/A5S 440Z/A5S 560Z,0.9913421273231506,dropped,00-torque-specs-24-14-q09
semantic-384,bmwtorquespecs-123,bmwtorquespecs-123-q01,What is the torque specification for the universal joint compression nut on the driveshaft to drive flange?,64 Nm with M10 screw size.,0.9890761971473694,kept,bmwtorquespecs-123-q01
semantic-384,00-torque-specs-26-02,00-torque-specs-26-02-q01,What is the torque specification for the driveshaft to drive flange compression nut with universal joint?,64 Nm for M10 screw.,0.9890761971473694,dropped,bmwtorquespecs-123-q01
semantic-385,bmwtorquespecs-123,bmwtorquespecs-123-q02,What torque should be applied to the finned nut on the driveshaft to drive flange?,80 Nm with M10 screw size.,0.9924560785293579,kept,bmwtorquespecs-123-q02
semantic-385,00-torque-specs-26-02,00-torque-specs-26-02-q02,What torque should I apply to the finned nut on the driveshaft to drive flange?,80 Nm for M10 screw.,0.9924560785293579,dropped,bmwtorquespecs-123-q02
semantic-386,00-torque-specs-27-01,00-torque-specs-27-01-q10,Do all the transfer box specifications apply to all vehicle types?,"Yes, all specifications shown are marked as applying to 'All' vehicle types.",0.9972712397575378,kept,00-torque-specs-27-01-q10
semantic-386,bmwtorquespecs-124,bmwtorquespecs-124-q10,Do all the transfer box specifications listed apply to all vehicle types?,"Yes, all specifications are marked as applying to 'All' vehicle types",0.9972712397575378,dropped,00-torque-specs-27-01-q10
semantic-387,bmwtorquespecs-130,bmwtorquespecs-130-q09,What section of the manual covers these windshield wiper specifications?,"These specifications are covered in section 61-5 General Electrical system, subsection 61 61 Windshield Wipers.",0.9850000143051147,kept,bmwtorquespecs-130-q09
semantic-387,00-torque-specs-61-04,00-torque-specs-61-04-q10,What section of the manual covers windshield wipers specifications?,Section 61 61 under General Electrical system (61-4).,0.9850000143051147,dropped,bmwtorquespecs-130-q09
semantic-388,bmwtorquespecs-130,bmwtorquespecs-130-q01,What is the torque specification for the upper cowl panel support on the windshield wipers?,The upper cowl panel support (7AZ) has a torque specification of 5 Nm (ft. lbs.) with screw type M4.,0.9940821528434753,kept,bmwtorquespecs-130-q01
semantic-388,00-torque-specs-61-05,00-torque-specs-61-05-q01,What is the torque specification for the upper cowl panel support in the windshield wipers section?,5 Nm (ft. lbs.) with M4 screw type E31.,0.9940821528434753,dropped,bmwtorquespecs-130-q01
semantic-389,bmwtorquespecs-130,bmwtorquespecs-130-q08,What torque specification applies to components using E38/E39 screw types?,Components using E38/E39 screw types should be torqued to 40 Nm (ft. lbs.).,0.970026433467865,kept,bmwtorquespecs-130-q08
semantic-389,00-torque-specs-61-05,00-torque-specs-61-05-q09,What torque specification applies to screw type E38/E39?,40 Nm (ft. lbs.).,0.970026433467865,dropped,bmwtorquespecs-130-q08
semantic-390,bmwtorquespecs-134,bmwtorquespecs-134-q08,What section number covers the trailer hitch specifications?,The trailer hitch specifications are covered in section 71 60.,0.9603725075721741,kept,bmwtorquespecs-134-q08
semantic-390,00-torque-specs-71-01,00-torque-specs-71-01-q10,What section and subsection number covers the trailer hitch specifications?,"Section 71-1, subsection 71 60 Trailer Hitch",0.9603725075721741,dropped,bmwtorquespecs-134-q08
semantic-391,11-00-index-c_engine,11-00-index-c_engine-q04,On which page can I find the compression check procedure for all cylinders?,The compression of all cylinders check procedure is on page 11-101.,0.9651033282279968,kept,11-00-index-c_engine-q04
semantic-391,11-00-index-a_engine,11-00-index-a_engine-q02,On which page can I find information about compression checking for all cylinders?,Compression of all cylinders - check can be found on page 11-51.,0.9651033282279968,dropped,11-00-index-c_engine-q04
semantic-392,11-100_engine,11-100_engine-q03,What text is visible on the engine valve cover in the illustration?,The valve cover displays 'BMW M Power' text on top of the engine.,0.9442337155342102,kept,11-100_engine-q03
semantic-392,11-50_engine,11-50_engine-q02,What text is visible on the engine's valve cover?,The valve cover displays 'BMW M Power' text on top.,0.9442337155342102,dropped,11-100_engine-q03
semantic-393,11-100_engine,11-100_engine-q05,What major engine components are visible in this cutaway illustration?,"The illustration shows the cylinder head with valve cover, engine block with pistons and cylinders, crankcase, oil pan, exhaust manifold, intake manifold, and cooling system components.",0.9379218220710754,kept,11-100_engine-q05
semantic-393,11-50_engine,11-50_engine-q04,What major engine components are visible in this cutaway view?,"The diagram shows the valve cover, cylinder head, engine block, pistons, connecting rods, crankshaft, oil pan, intake manifold, and exhaust manifold.",0.9379218220710754,dropped,11-100_engine-q05
semantic-394,11-101_engine,11-101_engine-q02,What special tool is required to unscrew the spark plugs?,Special Tool 12 1 160 is required to unscrew the spark plugs.,0.949660062789917,kept,11-101_engine-q02
semantic-394,11-51_engine,11-51_engine-q04,What special tool is required to remove the spark plugs?,Special Tool 12 1 160 is required to unscrew the spark plugs.,0.949660062789917,dropped,11-101_engine-q02
semantic-395,11-101_engine,11-101_engine-q03,What is the procedure for checking compression of all cylinders?,"First unscrew trim panel and pull off master relay (2), then unscrew nuts (1) on ignition lead pipe and pull off spark plug connectors, followed by unscrewing spark plugs with Special Tool 12 1 160.",0.925614595413208,kept,11-101_engine-q03
semantic-395,11-51_engine,11-51_engine-q01,What is the procedure number for checking compression of all cylinders?,The procedure number is 11 00 039.,0.925614595413208,dropped,11-101_engine-q03
semantic-396,11-51_engine,11-51_engine-q10,"What components are indicated by callout numbers 1, 2, and 3 in the first diagram?","The callouts show components related to the trim panel removal and master relay (2) location, with numbered reference points (1 and 3) for the procedure.",0.9242845773696899,kept,11-51_engine-q10
semantic-396,11-101_engine,11-101_engine-q07,"In the first diagram, what do callout numbers 2 and 3 indicate?","Callout number 2 indicates the master relay that needs to be pulled off, and callout number 3 indicates the trim panel that needs to be unscrewed.",0.9242845773696899,dropped,11-51_engine-q10
semantic-396,11-53_engine,11-53_engine-q03,What do the numbered callouts (1) and (2) indicate in the top diagram?,"Callout (1) indicates the nuts that need to be unscrewed, and callout (2) indicates the hose clamp that needs to be loosened.",0.9242845773696899,dropped,11-51_engine-q10
semantic-396,11-78b_engine,11-78b_engine-q09,"What are the numbered callouts (1, 2, 3) in the upper right diagram referring to?","1 refers to the bearing, 2 refers to the seal, and 3 refers to the impeller.",0.9242845773696899,dropped,11-51_engine-q10
semantic-396,13-620_fuel-sys,13-620_fuel-sys-q09,"In the top right diagram, what do callout numbers 1 and 2 indicate?",Callout number 1 indicates the code number location and callout number 2 indicates the manufacturing date location.,0.9242845773696899,dropped,11-51_engine-q10
semantic-396,13-621_fuel-sys,13-621_fuel-sys-q09,"In the middle diagram, what do callout numbers 1, 2, and 3 indicate?","In the middle diagram, callout numbers 1, 2, and 3 indicate the three rubber mounts that need to be unscrewed.",0.9242845773696899,dropped,11-51_engine-q10
semantic-396,13-700_fuel-sys,13-700_fuel-sys-q07,What do the callout numbers 1 and 2 indicate in the diagram?,"Number 1 indicates the electrical plug/connector, and number 2 indicates the temperature switch body.",0.9242845773696899,dropped,11-51_engine-q10
semantic-396,13-760_fuel-sys,13-760_fuel-sys-q10,What does callout number 1 indicate in the first diagram?,Callout number 1 indicates the nuts that need to be unscrewed for removal.,0.9242845773696899,dropped,11-51_engine-q10
semantic-396,23-103_manual-t,23-103_manual-t-q10,What is shown in diagram callout number 3?,Callout number 3 shows the end cap that needs to be driven out during the procedure.,0.9242845773696899,dropped,11-51_engine-q10
semantic-396,23-309_manual-t,23-309_manual-t-q06,What does callout number 1 indicate in the lower diagram?,Callout number 1 indicates the lockplate that needs to be installed.,0.9242845773696899,dropped,11-51_engine-q10
semantic-396,25-20_gear-shi,25-20_gear-shi-q03,What does callout number 3 indicate in the upper right diagram?,Callout number 3 indicates to take plug out of holder and unscrew screws.,0.9242845773696899,dropped,11-51_engine-q10
semantic-396,34-33_brakes,34-33_brakes-q04,What does callout number 1 indicate in the left diagram?,Callout number 1 indicates the screw that needs to be unscrewed to remove the cover.,0.9242845773696899,dropped,11-51_engine-q10
semantic-396,41-503_body,41-503_body-q08,What components are identified by callout numbers 2 and 3 in the diagram?,Callout number 2 indicates the Body end hinge and callout number 3 indicates the Hinge pin.,0.9242845773696899,dropped,11-51_engine-q10
semantic-396,51-330_body-equ,51-330_body-equ-q11,What are the callout numbers 1 and 2 pointing to in the first diagram?,"Callout 1 points to the mounting component with 3 nuts, and callout 2 points to another component in the window regulator assembly.",0.9242845773696899,dropped,11-51_engine-q10
semantic-396,51-370_body-equ,51-370_body-equ-q05,What does callout number 2 represent in both diagrams?,Callout number 2 represents the strap that needs to be loosened during the procedure.,0.9242845773696899,dropped,11-51_engine-q10
semantic-396,51-370_body-equ,51-370_body-equ-q09,What does callout number 3 indicate in the bottom diagram?,Callout number 3 indicates the plug that needs to be disconnected.,0.9242845773696899,dropped,11-51_engine-q10
semantic-396,54-18_hood-sun,54-18_hood-sun-q09,"In the left diagram, what do callout numbers 1 and 2 indicate?","In the left diagram, callout 1 indicates the top and callout 2 indicates the control banners.",0.9242845773696899,dropped,11-51_engine-q10
semantic-396,64-110_heating-,64-110_heating--q10,"In the top installation diagram, what do callout numbers 1, 2, 3, and 4 represent?","Number 1 is the cable, number 2 is the slide control, number 3 is the sleeve, and number 4 is the clamp.",0.9242845773696899,dropped,11-51_engine-q10
semantic-396,64-111_heating-,64-111_heating--q07,"In the bottom right diagram, what does callout number 2 represent?",Callout number 2 represents the stop that the cable sleeve (1) must be flush with during installation.,0.9242845773696899,dropped,11-51_engine-q10
semantic-396,64-501_heating-,64-501_heating--q07,What callout numbers are visible in the first diagram?,"The first diagram shows callout numbers 1, 2, 3, 4, and 5.",0.9242845773696899,dropped,11-51_engine-q10
semantic-397,23-317_manual-t,23-317_manual-t-q12,What components are shown in the first diagram with callouts 2 and 5?,"The diagram shows components of the guide sleeve assembly, with callout 2 indicating the guide sleeve mechanism and callout 5 indicating the centering pin.",0.9387650489807129,kept,23-317_manual-t-q12
semantic-397,11-101_engine,11-101_engine-q08,What components are shown in callout number 1 in the second diagram?,"Callout number 1 indicates the nuts on the ignition lead pipe that need to be unscrewed, and the spark plug connectors that need to be pulled off.",0.9387650489807129,dropped,23-317_manual-t-q12
semantic-397,11-108_engine,11-108_engine-q06,What components are indicated by callout numbers 2 and 3 in the top left diagram?,"Callout number 2 indicates the pipe to be disconnected, and callout number 3 indicates the bolt to be unscrewed.",0.9387650489807129,dropped,23-317_manual-t-q12
semantic-397,11-52_engine,11-52_engine-q04,What components are indicated by callouts 1 and 2 in the middle right image?,Callout 1 indicates hose clamps and callout 2 indicates hoses on the coolant expansion tank.,0.9387650489807129,dropped,23-317_manual-t-q12
semantic-397,11-60_engine,11-60_engine-q07,What component is indicated by callout number 1 in the bottom diagram?,Woodruff key.,0.9387650489807129,dropped,23-317_manual-t-q12
semantic-397,13-771_fuel-sys,13-771_fuel-sys-q05,What components are shown in the numbered callouts in the upper right diagram?,"Component 1 is screws, component 2 is the throttle valve switch, and component 3 is the multiple-pin plug.",0.9387650489807129,dropped,23-317_manual-t-q12
semantic-397,16-03_fuel-tan,16-03_fuel-tan-q04,What components are identified by callout numbers 1 and 2 in the first diagram?,Callout numbers 1 and 2 identify the hose clamps that need to be loosened before pulling off the hoses.,0.9387650489807129,dropped,23-317_manual-t-q12
semantic-397,18-03_exhaust-,18-03_exhaust--q07,"What components are shown as numbered callouts 1, 2, 3, and 4 in the top diagram?","These are the bolt locations on the exhaust carrier, with 1 and 2 being the bolts to unscrew first, and 3 and 4 being the bolts to loosen.",0.9387650489807129,dropped,23-317_manual-t-q12
semantic-397,23-03b_manual-t,23-03b_manual-t-q05,"What components are shown in callout numbers 1, 2, and 3 in the upper right diagram?","Callout 1 shows the transfer spring, callout 2 shows the release lever, and callout 3 shows the release mechanism.",0.9387650489807129,dropped,23-317_manual-t-q12
semantic-397,23-08_manual-t,23-08_manual-t-q06,"What components are identified by callout numbers 1, 2, and 3 in the lower left diagram?","Callout 1 indicates a bolt to unscrew, callout 2 indicates a holder to remove, and callout 3 indicates a bolt to unscrew.",0.9387650489807129,dropped,23-317_manual-t-q12
semantic-397,23-104_manual-t,23-104_manual-t-q09,What components are indicated by callout numbers 4 and 5 in the first diagram?,Number 4 indicates the thrust washer and number 5 indicates the bore in the case rear section.,0.9387650489807129,dropped,23-317_manual-t-q12
semantic-397,23-179_manual-t,23-179_manual-t-q05,"What components are identified by callout numbers 1, 2, and 3 in the first diagram?","Callout number 1 is the input shaft, number 2 is the brass synchromesh ring, and number 3 is the needle bearing.",0.9387650489807129,dropped,23-317_manual-t-q12
semantic-397,23-19_manual-t,23-19_manual-t-q05,"What components are identified by callout numbers 2, 3, and 4 in the left diagrams?","Callout 2 identifies the spring, callout 3 identifies another spring component, and callout 4 identifies the locking lever.",0.9387650489807129,dropped,23-317_manual-t-q12
semantic-397,23-21_manual-t,23-21_manual-t-q03,What component is indicated by callout number 1 in the top diagram?,Callout number 1 indicates the oil filler plug that needs to be unscrewed during the procedure.,0.9387650489807129,dropped,23-317_manual-t-q12
semantic-397,23-305_manual-t,23-305_manual-t-q04,What components are indicated by callout numbers 3 and 4 in the top right diagram?,"Callout 3 indicates lift out circlip, and callout 4 indicates remove washer. Installation note states to always replace circlip.",0.9387650489807129,dropped,23-317_manual-t-q12
semantic-397,25-17_gear-shi,25-17_gear-shi-q05,What component is indicated by callout number 2 in the middle diagram?,The plug that needs to be disconnected.,0.9387650489807129,dropped,23-317_manual-t-q12
semantic-397,31-10_1_front-ax,31-10_1_front-ax-q07,What component is identified by callout number 2 in the diagram?,Callout number 2 identifies the wheel hub in the diagram.,0.9387650489807129,dropped,23-317_manual-t-q12
semantic-397,31-32_front-ax,31-32_front-ax-q06,What components are shown in the top right diagram with callout numbers?,"The diagram shows tool 00 5 500, component 31 5 030, and component 30 31 589 used for dipping the new shaft seal in gear lube.",0.9387650489807129,dropped,23-317_manual-t-q12
semantic-397,35-07_pedals,35-07_pedals-q07,What components are indicated by the number 1 callouts in the diagrams?,The number 1 callouts indicate the bearing sleeves for brake and clutch pedals that need to be pressed out.,0.9387650489807129,dropped,23-317_manual-t-q12
semantic-397,51-315_body-equ,51-315_body-equ-q10,What component is indicated by callout number 1 in the middle diagram?,Callout number 1 in the middle diagram indicates the location where the special tool should be applied during window installation.,0.9387650489807129,dropped,23-317_manual-t-q12
semantic-397,51-452_body-equ,51-452_body-equ-q07,What components are indicated by callout numbers 1 and 2 in the bottom left diagram?,Number 1 indicates the slider and number 2 indicates the combination plug on the instrument carrier.,0.9387650489807129,dropped,23-317_manual-t-q12
semantic-397,54-01_hood-sun,54-01_hood-sun-q10,"What components are identified by callouts 1, 2, 3, and 4 in the upper right diagram?","Callout 1 shows the key in holder of guide pin, callout 2 shows the guide pin, callout 3 shows the operating lever, and callout 4 shows the gate.",0.9387650489807129,dropped,23-317_manual-t-q12
semantic-397,54-07_hood-sun,54-07_hood-sun-q05,What components are identified by callout number 1 in the first diagram?,Callout number 1 identifies the cover rails that need to be taken off.,0.9387650489807129,dropped,23-317_manual-t-q12
semantic-397,54-07_hood-sun,54-07_hood-sun-q06,What components are identified by callout number 2 in both diagrams?,Callout number 2 identifies the guide pins in the first diagram and the drive cable in the second diagram.,0.9387650489807129,dropped,23-317_manual-t-q12
semantic-397,62-83_instrume,62-83_instrume-q11,What components are visible in callout number 3 in the diagrams?,Callout number 3 indicates the selector switch that is turned to different positions (1/min rpm for tachometer or L/100 km or MPG for economy control).,0.9387650489807129,dropped,23-317_manual-t-q12
semantic-397,64-503_heating-,64-503_heating--q07,What components are identified by callout numbers 1 and 2 in the lower right diagram?,Lines (1 and 2) that need to be disconnected.,0.9387650489807129,dropped,23-317_manual-t-q12
semantic-398,11-102_engine,11-102_engine-q01,What is the tightening torque specification for the air intake manifold installation?,The tightening torque is 9 Nm (6.5 ft. lbs.).,0.9527685046195984,kept,11-102_engine-q01
semantic-398,11-106_engine,11-106_engine-q03,What is the tightening torque specification for the intake manifold?,9 Nm (6.5 ft. lbs.),0.9527685046195984,dropped,11-102_engine-q01
semantic-399,11-102_engine,11-102_engine-q11,What electric components need to be disconnected from the alternator?,"Disconnect electric leads (1 and 2) on alternator, unscrew nuts (3 and 4) and take off electric leads.",0.9592792391777039,kept,11-102_engine-q11
semantic-399,11-52_engine,11-52_engine-q09,What components need to be disconnected from the alternator?,Disconnect leads (1 and 2) on alternator and unscrew nuts (3 and 4) and take off leads.,0.9592792391777039,dropped,11-102_engine-q11
semantic-400,13-781_fuel-sys,13-781_fuel-sys-q02,What two components need to be pulled off during fuel injector removal?,Pull off plug on throttle valve switch (1) and pull off plug plate (2) on fuel injectors.,0.912384033203125,kept,13-781_fuel-sys-q02
semantic-400,11-103_engine,11-103_engine-q03,What components should be pulled off the fuel injectors according to the instructions?,Pull off plug plate on fuel injectors and place aside next to the pressure regulator.,0.912384033203125,dropped,13-781_fuel-sys-q02
semantic-401,11-106_engine,11-106_engine-q12,What needs to be done with the vacuum hose and pressure regulator?,Pull vacuum hose (3) off of pressure regulator and unscrew screw (4) to take off electric lead with holder.,0.942484438419342,kept,11-106_engine-q12
semantic-401,11-103_engine,11-103_engine-q06,What should be done with the vacuum hose on the pressure regulator?,"Pull off vacuum hose 1 on pressure regulator and unscrew screw 4, then take off electric lead with holder.",0.942484438419342,dropped,11-106_engine-q12
semantic-401,11-52a_engine,11-52a_engine-q04,What should you do with the vacuum hose when removing the pressure regulator?,Pull off vacuum hose (3) on pressure regulator. Unscrew screw (4) and take off with holder.,0.942484438419342,dropped,11-106_engine-q12
semantic-402,11-103_engine,11-103_engine-q07,How do you handle the engine wire harness during removal?,"Loosen clamp 1 and place engine wire harness aside, then loosen hose clamp 2 and pull off heater hose.",0.9505707025527954,kept,11-103_engine-q07
semantic-402,11-52a_engine,11-52a_engine-q07,What should be done with the engine wire harness during removal?,Loosen clamp (1) and place engine wire harness aside.,0.9505707025527954,dropped,11-103_engine-q07
semantic-403,11-103_engine,11-103_engine-q09,What should be done with the idle speed control after lifting out the rubber holder?,"Lift out rubber holder 3, place idle speed control aside and take the engine wire harness located behind it out of the holders.",0.9489278793334961,kept,11-103_engine-q09
semantic-403,11-107_engine,11-107_engine-q02,What should you do with the idle speed control aside from lifting it out of the rubber holder?,You should place the idle speed control aside and take the engine wire harness located behind it out of the holder.,0.9489278793334961,dropped,11-103_engine-q09
semantic-404,11-103_engine,11-103_engine-q11,"What components are numbered 1, 2, and 3 in the starter area diagram?","Component 1 is the cover to unscrew, while components 2 and 3 are the electric leads to disconnect on the starter.",0.9060697555541992,kept,11-103_engine-q11
semantic-404,12-52_engine-e,12-52_engine-e-q04,What are the numbered components shown in the top left starter diagram?,"The components are: 1) starter motor housing, 2) solenoid switch, 3) cap, 4) shims, and 5) circlip/seal assembly.",0.9060697555541992,dropped,11-103_engine-q11
semantic-405,11-52b_engine,11-52b_engine-q01,What is the tightening torque for oil cooler pipe coupling nuts?,The tightening torque for oil cooler pipe coupling nuts is 35 Nm (25 ft. lbs.).,0.9363536834716797,kept,11-52b_engine-q01
semantic-405,11-104_engine,11-104_engine-q01,What is the tightening torque specification for oil cooler hose coupling nuts?,35 Nm (25 ft. lbs.).,0.9363536834716797,dropped,11-52b_engine-q01
semantic-406,11-52b_engine,11-52b_engine-q07,What special tool is used to lift out the engine?,Special Tool 11 0 000 is used to connect on the engine and lift out the engine.,0.9359469413757324,kept,11-52b_engine-q07
semantic-406,11-104_engine,11-104_engine-q08,What special tool is used to attach to the engine for lifting it out?,Special Tool 11 0 000.,0.9359469413757324,dropped,11-52b_engine-q07
semantic-407,11-105_engine,11-105_engine-q04,What component should be checked during installation of the cylinder head cover?,"Check gaskets, replacing if necessary.",0.9401581287384033,kept,11-105_engine-q04
semantic-407,11-53_engine,11-53_engine-q05,What should be checked during installation of the cylinder head cover?,"Check gaskets, replacing if necessary.",0.9401581287384033,dropped,11-105_engine-q04
semantic-408,11-105_engine,11-105_engine-q09,How many main steps are shown in the cylinder head cover removal process?,"Two main steps are shown - the first involving disconnecting various components and hoses, and the second involving unscrewing nuts to remove the cover itself.",0.9740851521492004,kept,11-105_engine-q09
semantic-408,11-53_engine,11-53_engine-q10,How many main steps are involved in the cylinder head cover removal process?,"There are two main steps: first removing the preliminary components (nuts, connectors, tube, and hose), then unscrewing nuts and taking off the cover itself.",0.9740851521492004,dropped,11-105_engine-q09
semantic-409,11-53a_engine,11-53a_engine-q09,"In the middle right image showing the coolant expansion tank, what are callouts 1, 2, and 3?","The callouts indicate hose clamps (1 and 2) that should be loosened to pull off hoses on the coolant expansion tank, and nut (3) to take off the ground strap.",0.9063684344291687,kept,11-53a_engine-q09
semantic-409,11-106_engine,11-106_engine-q08,What components are identified by callouts 1 and 2 in the coolant expansion tank diagram?,Hose clamps (1 and 2) that need to be loosened to pull hoses off of coolant expansion tank.,0.9063684344291687,dropped,11-53a_engine-q09
semantic-410,11-106_engine,11-106_engine-q10,What is the procedure for the vacuum hose connected to the brake booster?,"Unscrew nut (3), pull off clamp and lift vacuum hose (1) out of brake booster.",0.9058487415313721,kept,11-106_engine-q10
semantic-410,11-52_engine,11-52_engine-q10,How should the vacuum hose in the brake booster be handled?,Pull off clamp and lift out vacuum hose (5) in the brake booster.,0.9058487415313721,dropped,11-106_engine-q10
semantic-410,11-53a_engine,11-53a_engine-q10,What should be done with the vacuum hose according to the brake booster procedure?,Pull off clamp and lift vacuum hose (4) out of brake booster.,0.9058487415313721,dropped,11-106_engine-q10
semantic-411,11-53b_engine,11-53b_engine-q01,What is the tightening torque specification for the oxygen sensor installation?,The tightening torque for the oxygen sensor is 50 Nm (36 ft. lbs.).,0.9244827628135681,kept,11-53b_engine-q01
semantic-411,11-107_engine,11-107_engine-q01,What is the tightening torque specification for the flange bolts when installing the oxygen sensor?,The tightening torque for the flange bolts is 50 Nm (36 ft. lbs.).,0.9244827628135681,dropped,11-53b_engine-q01
semantic-412,11-53b_engine,11-53b_engine-q04,Which special tool is required for camshaft removal?,Special Tool 11 3 030 (tray) is required to pull out the tappets and place them during camshaft removal.,0.9739072322845459,kept,11-53b_engine-q04
semantic-412,11-107_engine,11-107_engine-q04,What special tool is required for removing the camshaft?,Special Tool 11 3 030 is required for pulling out the cam followers and placing them in a tray.,0.9739072322845459,dropped,11-53b_engine-q04
semantic-413,11-107_engine,11-107_engine-q08,What needs to be replaced during the oxygen sensor installation procedure?,The gaskets and self-locking nuts need to be replaced during oxygen sensor installation.,0.9632806777954102,kept,11-107_engine-q08
semantic-413,11-53b_engine,11-53b_engine-q05,What should be replaced during oxygen sensor installation?,Replace the gaskets and replace the self-locking nuts during oxygen sensor installation.,0.9632806777954102,dropped,11-107_engine-q08
semantic-414,11-107_engine,11-107_engine-q09,What reference section should you consult for camshaft removal details?,You should see section 11 31 000 for camshaft removal details.,0.9430608749389648,kept,11-107_engine-q09
semantic-414,11-53b_engine,11-53b_engine-q06,What section reference is provided for camshaft removal?,Camshaft removal is referenced in section 11 31 000.,0.9430608749389648,dropped,11-107_engine-q09
semantic-415,11-109_engine,11-109_engine-q01,What is the tightening torque specification for oil pan bolts during installation?,The tightening torque for oil pan bolts is 10 Nm (7 ft. lbs.).,0.9147603511810303,kept,11-109_engine-q01
semantic-415,11-55a_engine,11-55a_engine-q02,What torque should be applied to the oil pan bolts during installation?,The oil pan bolts should be tightened to 10 Nm (7 ft. lbs.).,0.9147603511810303,dropped,11-109_engine-q01
semantic-416,11-109_engine,11-109_engine-q03,What are the four numbered components shown in the left diagram during oil pan upper section removal?,"The numbered components are: 1) plug connection, 2) holder with ground lead, 3) clamp, and 4) breather hose connection point.",0.9399089217185974,kept,11-109_engine-q03
semantic-416,11-55a_engine,11-55a_engine-q03,What are the numbered components shown in the oil pan removal diagram?,"Component 1 is the plug, component 2 is the holder, component 3 is the ground lead, and component 4 is the bleeding hose.",0.9399089217185974,dropped,11-109_engine-q03
semantic-417,31-33_front-ax,31-33_front-ax-q05,What should be replaced during installation according to the oil pan removal section?,"Replace gasket. If applicable, clean sealing surfaces on case and oil pan. Reinstall data plate (1). Tightening torque*.",0.9118341207504272,kept,31-33_front-ax-q05
semantic-417,11-109_engine,11-109_engine-q09,What must be replaced during oil pan installation?,The oil pan gasket must be replaced during installation.,0.9118341207504272,dropped,31-33_front-ax-q05
semantic-418,11-109_engine,11-109_engine-q12,What is the source of supply indicated at the bottom of the page?,"The source of supply is HWB, as indicated by the double asterisk notation.",0.9747742414474487,kept,11-109_engine-q12
semantic-418,16-02_fuel-tan,16-02_fuel-tan-q12,What is the source of supply mentioned at the bottom of the page?,Source of Supply: HWB,0.9747742414474487,dropped,11-109_engine-q12
semantic-418,16-04_fuel-tan,16-04_fuel-tan-q10,What source of supply is noted at the bottom of the page?,HWB is listed as the source of supply.,0.9747742414474487,dropped,11-109_engine-q12
semantic-419,23-03b_manual-t,23-03b_manual-t-q01,What section should be referenced for transmission removal procedures?,See section 23 00 022 for transmission removal procedures.,0.9651983380317688,kept,23-03b_manual-t-q01
semantic-419,11-52_engine,11-52_engine-q03,Which section should be referenced for transmission removal?,See Group 23 for transmission removal procedures.,0.9651983380317688,dropped,23-03b_manual-t-q01
semantic-419,21-02_clutch,21-02_clutch-q09,What section should be referenced for removing the transmission?,Remove transmission - see 23 00 022.,0.9651983380317688,dropped,23-03b_manual-t-q01
semantic-419,23-168a_manual-t,23-168a_manual-t-q11,What section should be referenced for transmission removal?,See section 23 00 022 for transmission removal procedures.,0.9651983380317688,dropped,23-03b_manual-t-q01
semantic-420,64-116_heating-,64-116_heating--q06,What must be checked and possibly replaced during installation?,"Check rubber mount (4), replacing if necessary. Replace seals.",0.9483267068862915,kept,64-116_heating--q06
semantic-420,11-52_engine,11-52_engine-q08,What should be checked and potentially replaced during installation?,"Check O-rings, replacing if necessary.",0.9483267068862915,dropped,64-116_heating--q06
semantic-420,26-14_propello,26-14_propello-q08,What should be checked or replaced if necessary during installation?,"Check seal, replacing if necessary.",0.9483267068862915,dropped,64-116_heating--q06
semantic-421,11-56_engine,11-56_engine-q08,What special tool is used for checking drive belt tightness on the power steering pump?,Special Tool 11 5 020 is used for tightening the drive belt and checking tightness on the power steering pump.,0.9050661325454712,kept,11-56_engine-q08
semantic-421,11-52b_engine,11-52b_engine-q03,What special tool is needed to check drive belt tightness on the power steering pump and A/C compressor?,Special Tool 11 5 021 is needed to check drive belt tightness.,0.9050661325454712,dropped,11-56_engine-q08
semantic-422,11-62_engine,11-62_engine-q09,What is the section number and title for this procedure?,This is section 11 21 571 titled 'REPLACING PILOT BEARING IN CRANKSHAFT'.,0.9444743394851685,kept,11-62_engine-q09
semantic-422,11-53a_engine,11-53a_engine-q01,What is the procedure number and title for this section?,11 12 100 REMOVING AND INSTALLING CYLINDER HEAD,0.9444743394851685,dropped,11-62_engine-q09
semantic-422,64-119_heating-,64-119_heating--q01,What is the section number and title for the procedure shown?,Section 64.11.211 - REMOVING AND INSTALLING BLOWER SWITCH.,0.9444743394851685,dropped,11-62_engine-q09
semantic-423,64-123_heating-,64-123_heating--q11,"In the bottom left image, what do the numbered callouts 1, 2, and 3 indicate?","Callout 1 indicates the connector, callout 2 indicates the rear area heater duct, and callout 3 indicates the heater.",0.919561505317688,kept,64-123_heating--q11
semantic-423,11-53a_engine,11-53a_engine-q04,"In the bottom left image (14.87), what do callout numbers 1 and 2 indicate?","Number 1 indicates the intake manifold hose, and number 2 indicates the nut on the intake manifold brace.",0.919561505317688,dropped,64-123_heating--q11
semantic-423,18-04_exhaust-,18-04_exhaust--q11,What does callout number 1 indicate in the top left image?,The oxygen sensor plug that needs to be disconnected.,0.919561505317688,dropped,64-123_heating--q11
semantic-423,34-07_brakes,34-07_brakes-q08,What does callout number 1 indicate in the bottom right image?,Callout number 1 indicates the brake line that needs to be unscrewed.,0.919561505317688,dropped,64-123_heating--q11
semantic-423,51-370_body-equ,51-370_body-equ-q04,What does callout number 1 indicate in the top diagram?,Callout number 1 indicates the mounting point that needs to be removed with three nuts.,0.919561505317688,dropped,64-123_heating--q11
semantic-423,64-121_heating-,64-121_heating--q04,What does callout number 1 indicate in the top right image?,Callout number 1 indicates to unscrew bolt (1).,0.919561505317688,dropped,64-123_heating--q11
semantic-424,13-642_fuel-sys,13-642_fuel-sys-q07,What should you check on the O-rings during installation?,"Check O-rings (1), replacing if necessary.",0.9338381886482239,kept,13-642_fuel-sys-q07
semantic-424,11-53a_engine,11-53a_engine-q08,What should be checked during installation of O-rings according to the installation notes?,"Check O-rings, replacing if necessary.",0.9338381886482239,dropped,13-642_fuel-sys-q07
semantic-425,23-310_manual-t,23-310_manual-t-q08,What sealant should be used on sealing surfaces?,Coat sealing surfaces with Loctite No. 573. Sealing surfaces must be cleaned thoroughly and dried of oil.,0.9421702027320862,kept,23-310_manual-t-q08
semantic-425,11-53c_engine,11-53c_engine-q04,What sealing compound should be used on sealing surfaces?,"Three Bond 12 07 should be used to coat sealing surfaces, and bolts should be tightened uniformly.",0.9421702027320862,dropped,23-310_manual-t-q08
semantic-426,11-55_engine,11-55_engine-q09,What procedure is being demonstrated in section 11 12 719?,Grinding cylinder head sealing surface with the cylinder head disassembled.,0.914546549320221,kept,11-55_engine-q09
semantic-426,12-04_engine-e,12-04_engine-e-q03,What procedure is described in section 12 11 201?,Section 12 11 201 describes the procedure for replacing vacuum control.,0.914546549320221,dropped,11-55_engine-q09
semantic-427,11-55a_engine,11-55a_engine-q04,What steps are required before removing the oil pan upper section?,"First pull out the oil dipstick, then remove the oil pan lower section (see 11 13 020), remove the oil pump (see 11 41 000), and remove the reinforcement plate.",0.9167470335960388,kept,11-55a_engine-q04
semantic-427,31-33_front-ax,31-33_front-ax-q04,What steps are involved in removing the oil pan?,Unscrew bolts and take off oil pan.,0.9167470335960388,dropped,11-55a_engine-q04
semantic-428,11-55a_engine,11-55a_engine-q10,What cross-reference is provided for additional service information?,See Service Information of Gr. 00 for additional details.,0.9273397326469421,kept,11-55a_engine-q10
semantic-428,17-06_radiator,17-06_radiator-q11,What cross-reference is provided at the bottom of the page for additional service information?,See Service Information of Gr. 00.,0.9273397326469421,dropped,11-55a_engine-q10
semantic-429,23-173_manual-t,23-173_manual-t-q03,Which special tools are needed to drive in the radial oil seal for the input shaft?,Special Tools 23 1 220 and 00 5 500 are needed to drive in the radial oil seal for the input shaft.,0.9679080247879028,kept,23-173_manual-t-q03
semantic-429,11-56_engine,11-56_engine-q01,What special tool is needed to drive in the new radial oil seal?,Special Tool 00 5 550 is needed to drive in the new radial oil seal.,0.9679080247879028,dropped,23-173_manual-t-q03
semantic-429,23-06_manual-t,23-06_manual-t-q09,What special tool is required to drive in the new radial oil seal?,Special Tool 23 1 240 is required to drive in the radial oil seal.,0.9679080247879028,dropped,23-173_manual-t-q03
semantic-429,23-107_manual-t,23-107_manual-t-q06,What tool is needed to drive in the radial oil seal?,Special Tool 23 2 160 is needed to drive in the radial oil seal.,0.9679080247879028,dropped,23-173_manual-t-q03
semantic-429,23-119_manual-t,23-119_manual-t-q05,What special tool is required to drive in the radial oil seal?,Special Tool 23 2 160 is required to drive in the radial oil seal.,0.9679080247879028,dropped,23-173_manual-t-q03
semantic-429,23-11_manual-t,23-11_manual-t-q02,What special tool is needed to drive in the radial oil seal?,Special Tool 23 1 240 is required to drive in the radial oil seal.,0.9679080247879028,dropped,23-173_manual-t-q03
semantic-429,23-311_manual-t,23-311_manual-t-q08,Which special tool is used to drive in the radial oil seal?,Special Tool 23 1 370 is used to drive in the radial oil seal.,0.9679080247879028,dropped,23-173_manual-t-q03
semantic-429,23-312_manual-t,23-312_manual-t-q05,What tool is specified for driving in the radial oil seal?,Special Tool 23 1 240 is specified for driving in the radial oil seal.,0.9679080247879028,dropped,23-173_manual-t-q03
semantic-430,11-56_engine,11-56_engine-q04,What special tool is specified for checking drive belt tightness on the alternator?,Special Tool 11 5 020 is specified for tightening the drive belt and checking tightness on the alternator.,0.9844168424606323,kept,11-56_engine-q04
semantic-430,12-142_engine-e,12-142_engine-e-q04,What tool is specified for checking alternator drive belt tightness?,"Check tightness of drive belt with tester 11 5 020, adjusting if necessary.",0.9844168424606323,dropped,11-56_engine-q04
semantic-430,12-42_engine-e,12-42_engine-e-q08,What tool is required for checking alternator drive belt tightness?,"Special Tool 11 5 020 (1), tightening if necessary.",0.9844168424606323,dropped,11-56_engine-q04
semantic-431,23-107_manual-t,23-107_manual-t-q12,What should be done to the sealing lips before installing the radial oil seal for the selector shaft?,The sealing lips of the radial oil seal should be lubricated with oil before installation.,0.9451611638069153,kept,23-107_manual-t-q12
semantic-431,11-56_engine,11-56_engine-q06,What should be done to the sealing lip when installing the radial oil seal?,Lubricate the sealing lip with oil when installing the radial oil seal.,0.9451611638069153,dropped,23-107_manual-t-q12
semantic-431,23-06_manual-t,23-06_manual-t-q04,How should the sealing lip be prepared during installation of the radial oil seal?,The sealing lip should be lubricated with oil before installation.,0.9451611638069153,dropped,23-107_manual-t-q12
semantic-431,23-119_manual-t,23-119_manual-t-q06,What should be applied to the sealing lip during radial oil seal installation?,The sealing lip should be lubricated with oil during installation.,0.9451611638069153,dropped,23-107_manual-t-q12
semantic-431,23-11_manual-t,23-11_manual-t-q08,What should be applied to the sealing lip of the radial oil seal before installation?,The sealing lip of the radial oil seal should be lubricated with oil before installation.,0.9451611638069153,dropped,23-107_manual-t-q12
semantic-431,23-173_manual-t,23-173_manual-t-q04,What should be done to the sealing lips of the radial oil seal before installation?,The sealing lips of the radial oil seal should be lubricated with oil before installation.,0.9451611638069153,dropped,23-107_manual-t-q12
semantic-431,23-307_manual-t,23-307_manual-t-q05,What should be done with the radial oil seal during installation?,Replace the radial oil seal during installation.,0.9451611638069153,dropped,23-107_manual-t-q12
semantic-431,23-312_manual-t,23-312_manual-t-q06,What should be done to the sealing lip before installing the radial oil seal?,Lubricate the sealing lip of the radial oil seal with oil before installation.,0.9451611638069153,dropped,23-107_manual-t-q12
semantic-431,23-312_manual-t,23-312_manual-t-q11,What should be done to the sealing lip after driving in the radial oil seal?,Open end faces transmission and lubricate sealing lip with oil.,0.9451611638069153,dropped,23-107_manual-t-q12
semantic-432,11-60_engine,11-60_engine-q03,What are the steps for removing the pulley from the crankshaft?,"Unscrew nut on pulley, then pull off pulley.",0.949368417263031,kept,11-60_engine-q03
semantic-432,11-60_engine,11-60_engine-q01,What is the first step when removing and installing the pulley on the crankshaft?,Unscrew reinforcement plate.,0.949368417263031,dropped,11-60_engine-q03
semantic-433,11-63_engine,11-63_engine-q02,What special tool is required to hold the flywheel during removal?,Special Tool 11 2 160 is required to hold the flywheel.,0.9072185158729553,kept,11-63_engine-q02
semantic-433,11-60_engine,11-60_engine-q02,What special tool is required to hold the flywheel during this procedure?,Special Tool 11 2 100.,0.9072185158729553,dropped,11-63_engine-q02
semantic-434,31-11_front-ax,31-11_front-ax-q12,What is the specified tightening torque requirement mentioned throughout the installation procedures?,The procedures reference tightening torque specifications that should be consulted in the Specifications section.,0.9393768906593323,kept,31-11_front-ax-q12
semantic-434,11-60_engine,11-60_engine-q04,What is specified for the installation tightening torque?,Tightening torque (see specifications).,0.9393768906593323,dropped,31-11_front-ax-q12
semantic-434,23-307_manual-t,23-307_manual-t-q07,What is the specified tightening torque mentioned in the installation procedure?,The tightening torque is referenced with an asterisk (*) that directs to see specifications for the exact value.,0.9393768906593323,dropped,31-11_front-ax-q12
semantic-434,31-05_front-ax,31-05_front-ax-q10,What is the installation requirement for tightening torque?,Tightening torque specifications must be followed during installation.,0.9393768906593323,dropped,31-11_front-ax-q12
semantic-434,31-35_front-ax,31-35_front-ax-q09,What special requirements are mentioned for tightening torque during installation?,Tightening torque and torque angle are specified (referenced with asterisks to see Specifications).,0.9393768906593323,dropped,31-11_front-ax-q12
semantic-434,31-35_front-ax,31-35_front-ax-q11,Where should you look for the specific tightening torque values mentioned in the installation instructions?,See Specifications (as indicated by the asterisk reference).,0.9393768906593323,dropped,31-11_front-ax-q12
semantic-434,35-05_pedals,35-05_pedals-q11,What is specified for the tightening torque during installation?,Tightening torque is specified but the actual value refers to Specifications section.,0.9393768906593323,dropped,31-11_front-ax-q12
semantic-434,51-114_body-equ,51-114_body-equ-q03,What is the tightening torque specification mentioned for installation?,The manual references tightening torque but states to see Specifications for the actual value.,0.9393768906593323,dropped,31-11_front-ax-q12
semantic-434,51-115_body-equ,51-115_body-equ-q09,What is mentioned about tightening torque during installation?,"Installation requires specific tightening torque, with a reference to see specifications for the exact values.",0.9393768906593323,dropped,31-11_front-ax-q12
semantic-434,51-460_body-equ,51-460_body-equ-q07,What is the installation note regarding tightening torque?,Installation: Tightening torque*. The asterisk refers to specifications in Gr. 72.,0.9393768906593323,dropped,31-11_front-ax-q12
semantic-434,64-116_heating-,64-116_heating--q10,What is the specified tightening torque for installation?,Tightening torque as specified in the Specifications section.,0.9393768906593323,dropped,31-11_front-ax-q12
semantic-434,72-111_equipmen,72-111_equipmen-q08,What installation note is mentioned regarding tightening torque?,Installation: Tightening torque*. (The asterisk indicates to see Specifications),0.9393768906593323,dropped,31-11_front-ax-q12
semantic-435,72-114_equipmen,72-114_equipmen-q06,Where can you find the specific tightening torque values referenced in this procedure?,The specific tightening torque values can be found in the Specifications section as indicated by the asterisk note at the bottom of the page.,0.9238579869270325,kept,72-114_equipmen-q06
semantic-435,11-60_engine,11-60_engine-q09,Where can the specific tightening torque value be found?,See Specifications.,0.9238579869270325,dropped,72-114_equipmen-q06
semantic-435,31-06_front-ax,31-06_front-ax-q12,Where can you find the specific tightening torque values mentioned in this procedure?,"The specific tightening torque values can be found in the Specifications section, as indicated by the asterisk references.",0.9238579869270325,dropped,72-114_equipmen-q06
semantic-435,31-10_front-ax,31-10_front-ax-q12,Where can tightening torque specifications be found according to this page?,Tightening torque specifications can be found in Group 34 as indicated by the reference at the bottom of the page.,0.9238579869270325,dropped,72-114_equipmen-q06
semantic-436,11-61_engine,11-61_engine-q01,What special tools are needed to drive in the pilot bearing?,Special Tools 11 2 030 and 00 5 500 are needed to drive in the pilot bearing.,0.9657025337219238,kept,11-61_engine-q01
semantic-436,11-62_engine,11-62_engine-q04,Which special tools are used to drive in the pilot bearing?,Special Tools 11 2 030 and 00 5 500 are used to drive in the pilot bearing.,0.9657025337219238,dropped,11-61_engine-q01
semantic-437,11-61b_engine,11-61b_engine-q02,Where is the color code mark located on a bearing shell?,The color code mark is located on the side of a bearing shell.,0.9532219171524048,kept,11-61b_engine-q02
semantic-437,11-61_engine,11-61_engine-q09,Where is the color code located on bearing shells?,The color code is located on the side of a bearing shell.,0.9532219171524048,dropped,11-61b_engine-q02
semantic-438,11-61a_engine,11-61a_engine-q02,Where can Plastigage be obtained according to the manual?,"Plastigage can be obtained from CARTOOL, Alfred-Brehm-Str. 5, D-8070 Ingolstadt.",0.9354814887046814,kept,11-61a_engine-q02
semantic-438,11-64_engine,11-64_engine-q07,Where can Plastigage be sourced from according to the manual?,"CARTOOL, Alfred-Brehm-Str. 5, D-8070 Ingolstadt.",0.9354814887046814,dropped,11-61a_engine-q02
semantic-439,11-61a_engine,11-61a_engine-q03,What are the three-step tightening torque specifications for conrod bolts?,"Step 1: 10 Nm (7 ft. lbs.), Step 2: 30 Nm (22 ft. lbs.), Step 3: 60° + 2° torque angle.",0.9847516417503357,kept,11-61a_engine-q03
semantic-439,11-64_engine,11-64_engine-q09,What are the three-step torque specifications for conrod bolt tightening?,"Step 1: 10 Nm (7 ft. lbs.), Step 2: 30 Nm (22 ft. lbs.), Step 3: 60 + 2° torque angle.",0.9847516417503357,dropped,11-61a_engine-q03
semantic-440,11-61b_engine,11-61b_engine-q10,How should bearing play be measured and corrected?,Read bearing play by measuring the width of the flattened Plastigage with help of the supplied scale. Correct bearing play by installing new bearing shells of different machined size or with different color code.,0.9607166647911072,kept,11-61b_engine-q10
semantic-440,11-61a_engine,11-61a_engine-q08,How should bearing play be measured?,Read bearing play by measuring the width of the flattened Plastigage with help of the supplied scale.,0.9607166647911072,dropped,11-61b_engine-q10
semantic-441,11-61a_engine,11-61a_engine-q12,What type of bolts should be used for final conrod installation?,Use new conrod bolts for final installation.,0.9060733914375305,kept,11-61a_engine-q12
semantic-441,11-64_engine,11-64_engine-q12,What should be done with conrod bolts for final installation?,Replace conrod bolts for final installation.,0.9060733914375305,dropped,11-61a_engine-q12
semantic-442,11-65_engine,11-65_engine-q06,What should be done with the circlip during installation?,"Install the circlip with the gap facing down, and ensure the pairing code and grooves of bearing shells are on the exhaust side.",0.978432834148407,kept,11-65_engine-q06
semantic-442,23-113_manual-t,23-113_manual-t-q04,What must be done with the circlip during installation?,The circlip must always be replaced during installation.,0.978432834148407,dropped,11-65_engine-q06
semantic-443,11-68_engine,11-68_engine-q01,What special tool is used to turn the crankshaft to position cylinder no. 1 to TDC?,Special Tool 11 3 020 is used to turn the crankshaft to position cylinder no. 1 to TDC - cylinder no. 4 overlaps.,0.9299018979072571,kept,11-68_engine-q01
semantic-443,12-02_engine-e,12-02_engine-e-q01,What tool is needed to turn the crankshaft to TDC mark for cylinder no. 1?,A 30 mm wrench socket is needed to turn the crankshaft to TDC mark (ignition in cylinder no. 1).,0.9299018979072571,dropped,11-68_engine-q01
semantic-444,23-14_manual-t,23-14_manual-t-q10,What is indicated by callout number 11 in the diagrams?,Callout number 11 indicates the circlip that must be removed before pressing off reverse gear and later reinstalled.,0.9184423685073853,kept,23-14_manual-t-q10
semantic-444,11-69_engine,11-69_engine-q09,What does callout number 11 3 010 indicate in the diagram?,The camshaft bearing caps component shown in the upper left diagram.,0.9184423685073853,dropped,23-14_manual-t-q10
semantic-445,11-70_engine,11-70_engine-q07,What does callout number 14 represent in the valve timing diagram?,"Tensioning rail, lower (head removed)",0.9042148590087891,kept,11-70_engine-q07
semantic-445,11-70_engine,11-70_engine-q02,What does callout number 1 indicate in the valve timing diagram?,Double-row timing chain,0.9042148590087891,dropped,11-70_engine-q07
semantic-446,11-71_engine,11-71_engine-q09,What should be checked in the sprocket during installation?,"Check needle sleeve in sprocket, replacing if necessary.",0.9403698444366455,kept,11-71_engine-q09
semantic-446,11-71_engine,11-71_engine-q03,What should be checked during installation of the sprocket set?,"Check O-rings, replacing if necessary.",0.9403698444366455,dropped,11-71_engine-q09
semantic-447,11-72_engine,11-72_engine-q09,"In the exploded diagram, what does callout number 3 represent?",The spring component of the chain tensioner assembly.,0.9083775281906128,kept,11-72_engine-q09
semantic-447,26-02_propello,26-02_propello-q07,"In the exploded view diagram, what does callout number 4 indicate?",Callout number 4 indicates the Clamp component.,0.9083775281906128,dropped,11-72_engine-q09
semantic-448,11-75_engine,11-75_engine-q07,What does callout number 3 indicate in the chain tightness diagram?,Callout number 3 indicates the O-ring that should be checked for proper installation position between the housing and oil pressure pipe.,0.9535399675369263,kept,11-75_engine-q07
semantic-448,11-75_engine,11-75_engine-q12,What does callout number 4 represent in the chain tightness diagram?,Callout number 4 represents the shim used to adjust chain tightness.,0.9535399675369263,dropped,11-75_engine-q07
semantic-449,11-76_engine,11-76_engine-q05,What is the length specification for spring (9) in the pressure safety valve?,The length of spring (9) should be 44 ± 0.4 mm (1.732 ± 0.016 inches).,0.9526894688606262,kept,11-76_engine-q05
semantic-449,11-76_engine,11-76_engine-q02,What is the specified length for spring (7) in the pressure safety valve?,The length of spring (7) should be 68 mm (2.677 inches).,0.9526894688606262,dropped,11-76_engine-q05
semantic-450,11-77_engine,11-77_engine-q07,What does callout number 1 indicate in the oil filter diagram?,Callout number 1 indicates the line from the oil cooler.,0.9106300473213196,kept,11-77_engine-q07
semantic-450,11-77_engine,11-77_engine-q05,What callout number identifies the oil filter in the diagram?,Callout number 4 identifies the oil filter.,0.9106300473213196,dropped,11-77_engine-q07
semantic-451,11-77_engine,11-77_engine-q10,What component is identified by callout number 3?,Callout number 3 identifies the temperature regulator that switches off the oil cooler at approximately 95°C (203°F).,0.9211019277572632,kept,11-77_engine-q10
semantic-451,12-105_engine-e,12-105_engine-e-q05,What component is identified by callout number 3 in the layout?,Callout number 3 identifies the Diagnosis socket.,0.9211019277572632,dropped,11-77_engine-q10
semantic-451,23-183_manual-t,23-183_manual-t-q02,Which component is identified by callout number 28?,Number 28 is the Reverse gear.,0.9211019277572632,dropped,11-77_engine-q10
semantic-451,23-186_manual-t,23-186_manual-t-q11,What component is identified by callout number 1 in the bottom right image?,Callout number 1 indicates the oil filler plug that should be unscrewed.,0.9211019277572632,dropped,11-77_engine-q10
semantic-451,23-301_manual-t,23-301_manual-t-q02,What component is indicated by callout number 1?,Callout number 1 indicates the selector rod for 1st/2nd gear.,0.9211019277572632,dropped,11-77_engine-q10
semantic-452,12-00-index-e_engine-e,12-00-index-e_engine-e-q06,What is the reference number for the carbon brushes replacement procedure?,The reference number for the carbon brushes replacement procedure is 12 41 551.,0.9027134776115417,kept,12-00-index-e_engine-e-q06
semantic-452,12-46_engine-e,12-46_engine-e-q10,What is the procedure section number for replacing carbon brushes?,Section 12 31 200 covers replacing carbon brushes.,0.9027134776115417,dropped,12-00-index-e_engine-e-q06
semantic-453,12-00_engine-e,12-00_engine-e-q07,What should you do when checking compression for TCI or DME systems?,"When checking the compression, pull off plug on control unit for TCI or master relay for fuel injection (relay no. 2) for DME.",0.9966467618942261,kept,12-00_engine-e-q07
semantic-453,12-100_engine-e,12-100_engine-e-q08,What should you do when checking compression on TCI or DME systems?,"When checking the compression, pull off plug on control unit for TCI or master relay for fuel injection (relay no. 2) for DME.",0.9966467618942261,dropped,12-00_engine-e-q07
semantic-454,12-00_engine-e,12-00_engine-e-q08,What is the minimum shielding requirement for the secondary side of the ignition system?,"The secondary side (high voltage side) of the ignition system must be shielded with at least 4 k-ohms, whereby the original distributor rotor with 1 k-ohm shielded resistor must be installed.",0.9396703839302063,kept,12-00_engine-e-q08
semantic-454,12-100_engine-e,12-100_engine-e-q09,What minimum resistance shielding is required for the secondary side of the ignition system?,"The secondary side (high voltage side) of the ignition system must be shielded with at least 4 k-ohms, whereby the original distributor rotor with 1 k-ohm shielded resistor must be installed.",0.9396703839302063,dropped,12-00_engine-e-q08
semantic-455,12-00_engine-e,12-00_engine-e-q09,What distributor rotor resistance should not be used for radio shielding?,Do not use a 5 k-ohm distributor rotor for the shielding of radio and/or communication equipment.,0.9187160134315491,kept,12-00_engine-e-q09
semantic-455,12-100_engine-e,12-100_engine-e-q10,What type of distributor rotor should not be used for shielding radio equipment?,Do not use a 5 k-ohm distributor rotor for the shielding of radio and/or communication equipment.,0.9187160134315491,dropped,12-00_engine-e-q09
semantic-456,12-00_engine-e,12-00_engine-e-q10,What ignition systems are covered by these working instructions?,These instructions are for working on Transistorized Coil-Type Ignition (TCI) and Digital Motor Electronics (DME).,0.9633428454399109,kept,12-00_engine-e-q10
semantic-456,12-100_engine-e,12-100_engine-e-q11,What two ignition systems are covered in these working instructions?,The instructions cover Transistorized Coil-Type Ignition (TCI) and Digital Motor Electronics (DME).,0.9633428454399109,dropped,12-00_engine-e-q10
semantic-457,12-01_engine-e,12-01_engine-e-q02,What are the wire colors for the transmission versions plug (white)?,"The wire colors for the transmission versions plug (white) are green/yellow - blue/yellow, and it is not used for automatics (lean mixture) but connected for manuals.",0.9110316038131714,kept,12-01_engine-e-q02
semantic-457,12-101_engine-e,12-101_engine-e-q02,What wire colors are specified for the transmission versions plug?,"Green/yellow and blue/brown wire colors, and it's noted as not used for automatics (lean mixture) but connected for manuals.",0.9110316038131714,dropped,12-01_engine-e-q02
semantic-458,12-02_engine-e,12-02_engine-e-q02,What are the numbered components shown in image 30 12 015?,"The numbered components are: (1) plug, (2) clamps, and (3) clamps that need to be removed from the distributor cap.",0.9794959425926208,kept,12-02_engine-e-q02
semantic-458,62-01_instrume,62-01_instrume-q06,What are the numbered components shown in image 30 62 014?,"Component 1 is a bolt that needs to be unscrewed, and component 2 is the light duct that needs to be removed.",0.9794959425926208,dropped,12-02_engine-e-q02
semantic-459,51-454_body-equ,51-454_body-equ-q03,"What components are identified by numbers 1, 2, and 3 in image 30 64 164?","Number 1 identifies plug 1, number 2 identifies plug 2, and number 3 identifies the switch that needs to have plugs pulled off and control unit removed with holders.",0.9069883227348328,kept,51-454_body-equ-q03
semantic-459,12-02_engine-e,12-02_engine-e-q04,"What components are identified as (1), (2), and (3) in image 30 12 016?","Component (1) is the distributor rotor, (2) is the dust cap, and (3) is the vacuum hose.",0.9069883227348328,dropped,51-454_body-equ-q03
semantic-460,12-132_engine-e,12-132_engine-e-q01,What special tool is needed to place the ignition lead in the spark plug connector?,Special Tool 12 1 096 is needed to place the ignition lead in the spark plug connector and slide it into the connector until connection is heard to engage.,0.9685153961181641,kept,12-132_engine-e-q01
semantic-460,12-05_engine-e,12-05_engine-e-q04,What special tool is used to place the connector on the ignition lead?,Place connector on ignition lead and insert in Special Tool 12 1 091 as shown.,0.9685153961181641,dropped,12-132_engine-e-q01
semantic-460,12-132_2_engine-e,12-132_2_engine-e-q03,What special tool is used for placing the connector on the ignition lead?,Special Tool 12 1 091 is used for placing the connector on the ignition lead.,0.9685153961181641,dropped,12-132_engine-e-q01
semantic-461,12-06_engine-e,12-06_engine-e-q03,What safety precaution must be observed before working on the ignition system?,Always turn off ignition before working on the ignition system - dangerous high voltage! Refer to page 12-0 for instructions for working on ignition system.,0.9654641151428223,kept,12-06_engine-e-q03
semantic-461,12-07_engine-e,12-07_engine-e-q01,What safety precaution must be taken before working on ignition systems?,Always turn off ignition before working on ignition systems.,0.9654641151428223,dropped,12-06_engine-e-q03
semantic-462,12-06_engine-e,12-06_engine-e-q05,What are the first steps to remove an ignition coil?,Pull off protective cap and ignition lead (terminal 4). Unscrew connections (terminal 1 and 15). Unscrew holder and take off ignition coil.,0.9614405632019043,kept,12-06_engine-e-q05
semantic-462,12-133_engine-e,12-133_engine-e-q09,What are the first steps to remove the ignition coil?,Pull off protective cap and ignition lead (term. 4). Unscrew connections (term. 1 and 15).,0.9614405632019043,dropped,12-06_engine-e-q05
semantic-462,12-133_engine-e,12-133_engine-e-q10,How do you complete the ignition coil removal?,Unscrew holder and take off ignition coil.,0.9614405632019043,dropped,12-06_engine-e-q05
semantic-463,12-06_engine-e,12-06_engine-e-q06,What should be verified when installing a new ignition coil?,Check new ignition coil for correct code number and color label.,0.9264174103736877,kept,12-06_engine-e-q06
semantic-463,12-133_engine-e,12-133_engine-e-q11,What should you check when installing a new ignition coil?,Check new ignition coil for correct code number and color label.,0.9264174103736877,dropped,12-06_engine-e-q06
semantic-464,12-07_engine-e,12-07_engine-e-q09,What is shown in the top diagram image 30 12 045?,"The diagram shows the TCi Control Unit (Bosch) with arrows indicating the removal process including the cap, lock wire, and plug connection.",0.9156568646430969,kept,12-07_engine-e-q09
semantic-464,51-215_body-equ,51-215_body-equ-q10,What is shown in diagram 30 51 046?,The diagram shows the door trim panel removal area with the plastic sheet partially pulled off.,0.9156568646430969,dropped,12-07_engine-e-q09
semantic-465,12-07_engine-e,12-07_engine-e-q11,What component is illustrated in the bottom diagram image 30 12 051?,The diagram shows the TCi-S Control Unit (Siemens/Telefunken) with arrows indicating the plug removal and nut locations.,0.9085699915885925,kept,12-07_engine-e-q11
semantic-465,51-318_body-equ,51-318_body-equ-q10,What component is illustrated in diagram 30 51 810?,Diagram 30 51 810 shows how to clip in ornamental strips.,0.9085699915885925,dropped,12-07_engine-e-q11
semantic-465,51-410_body-equ,51-410_body-equ-q09,What component is shown in diagram 30 51 036?,"The cover that needs to be lifted off, with instructions to pull off lock or unscrew screw.",0.9085699915885925,dropped,12-07_engine-e-q11
semantic-465,51-410_body-equ,51-410_body-equ-q11,What component is illustrated in diagram 30 51 037?,The window winder and washer assembly that needs to be pulled off.,0.9085699915885925,dropped,12-07_engine-e-q11
semantic-466,12-08_engine-e,12-08_engine-e-q04,What are the three functions of terminal TD on the Siemens/Telefunken control unit?,"Terminal TD connects to fuel pump relay, to L-Jetronic control unit, and to tachometer.",0.9145535826683044,kept,12-08_engine-e-q04
semantic-466,12-21_engine-e,12-21_engine-e-q09,What components are connected to terminal TD in the Siemens/Telefunken control unit?,"Terminal TD connects to fuel pump relay, L-Jetr. control unit, and tachometer.",0.9145535826683044,dropped,12-08_engine-e-q04
semantic-467,12-101_engine-e,12-101_engine-e-q01,What are the three relays shown in the bottom left image used for?,"Relay 1 for fuel pump, Relay 2 for DME, and Relay 3 for oxygen sensor heating.",0.9402341246604919,kept,12-101_engine-e-q01
semantic-467,12-102_engine-e,12-102_engine-e-q04,What are the three relays shown in the relay box and what are they for?,"Relay 1 for fuel pump, Relay 2 for DME, Relay 3 for oxygen sensor heating",0.9402341246604919,dropped,12-101_engine-e-q01
semantic-468,12-101_engine-e,12-101_engine-e-q04,What are the wire colors for the air conditioner plug?,Blue/white wire colors.,0.9637005925178528,kept,12-101_engine-e-q04
semantic-468,12-102_engine-e,12-102_engine-e-q03,What are the wire colors for the air conditioner plug (item 5)?,Blue/white,0.9637005925178528,dropped,12-101_engine-e-q04
semantic-469,12-160_engine-e,12-160_engine-e-q01,What terminal number is used for the ground connection in the diagnosis plug?,Terminal 31 is used for the ground connection.,0.9806101322174072,kept,12-160_engine-e-q01
semantic-469,12-104_engine-e,12-104_engine-e-q01,What is the terminal number for the ground connection on the diagnosis plug?,Terminal 31 is the ground connection.,0.9806101322174072,dropped,12-160_engine-e-q01
semantic-470,12-105_engine-e,12-105_engine-e-q04,What does callout number 2 represent in the engine electric layout?,Callout number 2 represents the Engine electric/electronic ground point.,0.9451016783714294,kept,12-105_engine-e-q04
semantic-470,12-105_engine-e,12-105_engine-e-q01,What does callout number 1 identify in the engine electric layout?,Callout number 1 identifies the Engine wire harness plug.,0.9451016783714294,dropped,12-105_engine-e-q04
semantic-471,25-17_gear-shi,25-17_gear-shi-q08,What component is indicated by callout number 4 in the bottom diagram?,The insulator that needs to be inserted during installation.,0.9320149421691895,kept,25-17_gear-shi-q08
semantic-471,12-105_engine-e,12-105_engine-e-q02,What component is shown at callout number 4 in the layout diagram?,Callout number 4 shows the Relay connection point.,0.9320149421691895,dropped,25-17_gear-shi-q08
semantic-472,12-106_engine-e,12-106_engine-e-q04,What is the proper installation procedure for the 20 pin engine wire harness plug?,The installation procedure states: Screw-on cap engages in final position.,0.9979742169380188,kept,12-106_engine-e-q04
semantic-472,12-105_engine-e,12-105_engine-e-q03,What is the proper installation procedure for the 20-pin engine wire harness plug?,The installation procedure is: Screw-on cap engages in final position.,0.9979742169380188,dropped,12-106_engine-e-q04
semantic-473,12-106_engine-e,12-106_engine-e-q02,Where is the coolant temperature sensor located in relation to the temperature gage?,"The coolant temperature sensor (labeled as 1) is positioned near the temperature gage (labeled as 2) in the engine compartment, as shown in the upper right diagram.",0.926155686378479,kept,12-106_engine-e-q02
semantic-473,1990-bmw-m3-electrical-troubleshooting-manual-9005-01,1990-bmw-m3-electrical-troubleshooting-manual-9005-01-q01,Where is the Coolant Temperature Sensor located?,"The Coolant Temperature Sensor is located on the lower RH front side of engine, on coolant manifold.",0.926155686378479,dropped,12-106_engine-e-q02
semantic-474,23-166_manual-t,23-166_manual-t-q08,What is the reference number shown at the bottom right of this diagram?,The reference number shown at the bottom right is G 30 23 302.,0.9765998721122742,kept,23-166_manual-t-q08
semantic-474,12-108_engine-e,12-108_engine-e-q05,What is the reference number shown in the bottom right of the diagram?,The reference number shown is 32 12 169.,0.9765998721122742,dropped,23-166_manual-t-q08
semantic-474,12-113_engine-e,12-113_engine-e-q10,What is the diagram reference number shown in the image?,630 12 197.,0.9765998721122742,dropped,23-166_manual-t-q08
semantic-474,13-620_fuel-sys,13-620_fuel-sys-q10,What is the reference number shown in the top right diagram?,The reference number shown is 13 62 005.,0.9765998721122742,dropped,23-166_manual-t-q08
semantic-474,31-01_front-ax,31-01_front-ax-q05,What is the reference number shown at the bottom right of the diagram?,The reference number shown at the bottom right is 30 31 047.,0.9765998721122742,dropped,23-166_manual-t-q08
semantic-474,41-103c_body-con,41-103c_body-con-q04,What is the reference number shown in the diagram?,The reference number shown in the diagram is 30 41 694.,0.9765998721122742,dropped,23-166_manual-t-q08
semantic-474,41-110c_body-con,41-110c_body-con-q09,What is the reference number visible in the diagram?,The reference number shown in the diagram is 30 41 071.,0.9765998721122742,dropped,23-166_manual-t-q08
semantic-474,51-715_body-equ,51-715_body-equ-q08,What reference number is shown in the diagram?,The reference number 30 51 660 is shown in the diagram.,0.9765998721122742,dropped,23-166_manual-t-q08
semantic-475,12-108_engine-e,12-108_engine-e-q09,What is the main focus of this troubleshooting section?,This section focuses on troubleshooting engine electric and DME (Digital Motor Electronics) systems.,0.9087858200073242,kept,12-108_engine-e-q09
semantic-475,54-00-index-a_hood-sun,54-00-index-a_hood-sun-q06,What troubleshooting information is available in this section?,Sun roof troubleshooting information is available on page 54-9.,0.9087858200073242,dropped,12-108_engine-e-q09
semantic-476,12-110_engine-e,12-110_engine-e-q04,Where can I find additional information about fuel injection troubleshooting?,Refer to 'Troubleshooting Fuel Injection' in Group 13 for other test positions.,0.9728148579597473,kept,12-110_engine-e-q04
semantic-476,12-114_1_engine-e,12-114_1_engine-e-q03,Where can I find more detailed information about troubleshooting fuel injection problems?,Refer to TROUBLESHOOTING FUEL INJECTION in Group 13.,0.9728148579597473,dropped,12-110_engine-e-q04
semantic-477,64-121_heating-,64-121_heating--q10,What are the reference numbers shown in the images?,"The reference numbers shown are 30 64 150, 30 64 197, 30 64 198, and 30 64 200.",0.9360693693161011,kept,64-121_heating--q10
semantic-477,12-111_engine-e,12-111_engine-e-q11,What reference numbers are shown in the bottom photograph?,The bottom photograph shows reference number 23 12 008.,0.9360693693161011,dropped,64-121_heating--q10
semantic-477,34-33_brakes,34-33_brakes-q11,What are the reference numbers shown at the bottom of each photograph?,"The reference numbers are 30 34 119, 30 34 120, 30 34 121, and 30 34 122.",0.9360693693161011,dropped,64-121_heating--q10
semantic-477,51-345_body-equ,51-345_body-equ-q05,What is the reference number shown at the bottom of the image?,The reference number shown is 30 51135.,0.9360693693161011,dropped,64-121_heating--q10
semantic-477,51-460_body-equ,51-460_body-equ-q12,What reference number is shown in the bottom photograph?,The bottom photograph shows reference number 30 51 593.,0.9360693693161011,dropped,64-121_heating--q10
semantic-478,12-112_3_engine-e,12-112_3_engine-e-q12,What page number is shown at the top of this service manual section?,Page 12-112/3 is shown at the top of this service manual section.,0.9453449249267578,kept,12-112_3_engine-e-q12
semantic-478,12-115_engine-e,12-115_engine-e-q11,What page number is shown for this section of the service manual?,This is page 12-115 of the service manual.,0.9453449249267578,dropped,12-112_3_engine-e-q12
semantic-478,41-110c_body-con,41-110c_body-con-q07,What page number is shown on this manual page?,This is page 41-110C.,0.9453449249267578,dropped,12-112_3_engine-e-q12
semantic-478,51-315_body-equ,51-315_body-equ-q11,What is the page number for this section of the service manual?,The page number is 51-315.,0.9453449249267578,dropped,12-112_3_engine-e-q12
semantic-479,65-301_radio-an,65-301_radio-an-q06,"What are the numbered callouts (1), (2), and (3) showing in the third image?","Callout (1) shows the selector switch with M 5 x 15 screw, callout (2) shows the ground lead mount, and callout (3) indicates the tabs that must protrude into bores.",0.9368396401405334,kept,65-301_radio-an-q06
semantic-479,12-114_engine-e,12-114_engine-e-q10,"What are the numbered callouts 1, 2, and 3 pointing to in the right diagram?","The numbered callouts 1, 2, and 3 in the right diagram point to components related to the ignition timing test setup.",0.9368396401405334,dropped,65-301_radio-an-q06
semantic-479,17-05_radiator,17-05_radiator-q04,What are the numbered callouts in the top left diagram indicating?,"Callout 1 shows the drain plug location, and callout 2 indicates the expansion tank cap and drain plug positions.",0.9368396401405334,dropped,65-301_radio-an-q06
semantic-479,23-106_manual-t,23-106_manual-t-q11,"What are the numbered callouts (1, 2, 3) in the top left diagram?","1 is the spring, 2 is the release lever, and 3 is the thrust bearing.",0.9368396401405334,dropped,65-301_radio-an-q06
semantic-480,12-115_engine-e,12-115_engine-e-q10,What are the two main aspects to check in the cooling system during Test 20?,Check both the coolant level and coolant concentration during Test 20 of the cooling system.,0.9065101146697998,kept,12-115_engine-e-q10
semantic-480,12-115_engine-e,12-115_engine-e-q03,What is the main focus of Test 20 in the cooling system?,Test 20 focuses on checking coolant level and concentration.,0.9065101146697998,dropped,12-115_engine-e-q10
semantic-481,12-115_engine-e,12-115_engine-e-q05,Where can you find additional service information referenced at the bottom of this page?,"Additional service information can be found in Group 00, as referenced at the bottom of the page.",0.9553214311599731,kept,12-115_engine-e-q05
semantic-481,34-02_brakes,34-02_brakes-q12,Where can additional service information be found according to the reference at the bottom of the page?,See Service Information of Group 00.,0.9553214311599731,dropped,12-115_engine-e-q05
semantic-482,12-130_engine-e,12-130_engine-e-q10,What reference should be consulted for detailed specifications?,See Specifications (as noted with asterisk at bottom of page).,0.9610084295272827,kept,12-130_engine-e-q10
semantic-482,64-503_heating-,64-503_heating--q12,What reference should be consulted for additional specifications?,See Specifications.,0.9610084295272827,dropped,12-130_engine-e-q10
semantic-483,12-131_engine-e,12-131_engine-e-q04,What components are numbered 1-6 in the exploded view diagram?,"The exploded view shows numbered components of the distributor assembly, with component 6 appearing to be a cover or cap, and components 1-5 representing internal distributor parts.",0.9263875484466553,kept,12-131_engine-e-q04
semantic-483,23-324_manual-t,23-324_manual-t-q09,"What components are shown in the exploded view diagram numbered 1, 2, and 3?","Component 1 is the pressure piece, component 2 is the spring, and component 3 is the ball.",0.9263875484466553,dropped,12-131_engine-e-q04
semantic-483,25-08_gear-shi,25-08_gear-shi-q06,What are the numbered components shown in the exploded view diagram?,"The numbered components are: (1) snap ring, (2) retainer, (3) rubber ring, (4) washer, and (5) cap.",0.9263875484466553,dropped,12-131_engine-e-q04
semantic-484,12-140_engine-e,12-140_engine-e-q01,What are the test requirements before troubleshooting the alternator?,"Correct connections on battery, starter and alternator; good ground connection between engine and body; and tight drive belt.",0.9870736598968506,kept,12-140_engine-e-q01
semantic-484,12-40_engine-e,12-40_engine-e-q01,What are the test requirements before troubleshooting alternator issues?,"Correct connections on battery, starter and alternator, good ground connection between engine and body, and tight drive belt.",0.9870736598968506,dropped,12-140_engine-e-q01
semantic-485,12-140_engine-e,12-140_engine-e-q03,What is the first step when the charge indicator lamp is ON with ignition off?,Remove alternator and replace diode plate - see 12 31 691.,0.9536682367324829,kept,12-140_engine-e-q03
semantic-485,12-40_engine-e,12-40_engine-e-q03,What is the next step if the charge indicator lamp is ON with ignition off?,Remove alternator and replace diode plate - see 12 31 691.,0.9536682367324829,dropped,12-140_engine-e-q03
semantic-486,12-40_engine-e,12-40_engine-e-q04,What should I check if the charge indicator lamp glows or is on with engine running?,Connect BMW service test unit and perform engine test (P 012). Check regulating voltage and check charging current. Also check oscillograph and harmonic wave ratio - see 12 31 009.,0.9198514819145203,kept,12-40_engine-e-q04
semantic-486,12-140_engine-e,12-140_engine-e-q04,"If the charge indicator lamp glows or is on with engine running, what tests should be performed?",Connect BMW service test unit and perform engine test (P 02). Check regulating voltage and check charging current. Also check oscillograph and harmonic wave ratio - see 12 31 009.,0.9198514819145203,dropped,12-40_engine-e-q04
semantic-487,12-140_engine-e,12-140_engine-e-q05,What should be done if the regulating voltage is not okay during testing?,Replace voltage regulator - see 12 32 000.,0.9848517775535583,kept,12-140_engine-e-q05
semantic-487,12-40_engine-e,12-40_engine-e-q06,What should I do if the regulating voltage is not okay during testing?,Replace voltage regulator - see 12 32 000.,0.9848517775535583,dropped,12-140_engine-e-q05
semantic-488,12-140_engine-e,12-140_engine-e-q06,"If the oscillograph and harmonic wave ratio check is not okay, what is the corrective action?",Replace or disassemble alternator and inspect components.,0.9061864018440247,kept,12-140_engine-e-q06
semantic-488,12-40_engine-e,12-40_engine-e-q07,What action is needed if the oscillograph and harmonic wave ratio are not okay?,Replace or disassemble alternator and inspect components.,0.9061864018440247,dropped,12-140_engine-e-q06
semantic-489,12-140_engine-e,12-140_engine-e-q09,"If the charging current with equipment is too low, what are the possible solutions?","Replace voltage regulator - see 12 32 000, or replace or disassemble alternator and inspect components - see 12 31 020.",0.9082539677619934,kept,12-140_engine-e-q09
semantic-489,12-40_engine-e,12-40_engine-e-q09,What should I do if the charging current with equipment on is too low?,Replace or disassemble alternator and inspect components - see 12 31 020.,0.9082539677619934,dropped,12-140_engine-e-q09
semantic-490,12-141_engine-e,12-141_engine-e-q06,What does the oscillograph pattern show for a shorted turn of stator coil?,"The oscillograph shows a regular wave pattern with consistent amplitude but reduced peaks, indicating a shorted turn of stator coil.",0.9435032606124878,kept,12-141_engine-e-q06
semantic-490,12-41_engine-e,12-41_engine-e-q07,What does a shorted turn of stator coil look like on the oscillograph?,A shorted turn of stator coil shows as a wavy pattern with irregular amplitude variations across the waveform.,0.9435032606124878,dropped,12-141_engine-e-q06
semantic-491,12-41_engine-e,12-41_engine-e-q09,What does the oscillograph pattern show for a break in one exciter diode?,"The oscillograph shows a pattern with missing or reduced amplitude sections, indicating a break in one exciter diode.",0.9735487699508667,kept,12-41_engine-e-q09
semantic-491,12-141_engine-e,12-141_engine-e-q07,What oscillograph pattern indicates a break in one exciter diode?,"The oscillograph shows three distinct peaks with gaps between them, indicating a break in one exciter diode.",0.9735487699508667,dropped,12-41_engine-e-q09
semantic-492,12-41_engine-e,12-41_engine-e-q06,What action should be taken if the specified charging current is not reached during testing?,"If the specified charging current is not reached, remove and disassemble alternator, and inspect components according to section 12 31 020/513.",0.9587187767028809,kept,12-41_engine-e-q06
semantic-492,12-141_engine-e,12-141_engine-e-q08,What should you do if the specified charging current is not reached during testing?,"Remove and disassemble alternator, and inspect components (see 12 31 020/513).",0.9587187767028809,dropped,12-41_engine-e-q06
semantic-493,12-141_engine-e,12-141_engine-e-q11,Where can you find nominal values for comparison during testing?,See nominal value microfiche for the test values to compare with during engine testing.,0.934733510017395,kept,12-141_engine-e-q11
semantic-493,12-40_engine-e,12-40_engine-e-q08,Where can I find the nominal values for testing?,See Nominal Value Microfilm.,0.934733510017395,dropped,12-141_engine-e-q11
semantic-493,12-41_engine-e,12-41_engine-e-q12,Where can nominal values be found for comparison during testing?,Nominal values can be found in the nominal value microfiche.,0.934733510017395,dropped,12-141_engine-e-q11
semantic-494,12-43_engine-e,12-43_engine-e-q06,What components should be checked during installation according to the manual?,"Check the condition of insulating sleeves and washers, replacing if necessary during installation.",0.9223673343658447,kept,12-43_engine-e-q06
semantic-494,12-142_2_engine-e,12-142_2_engine-e-q04,What should be checked during installation according to the manual?,"Check condition of insulating sleeves and washers, replacing if necessary.",0.9223673343658447,dropped,12-43_engine-e-q06
semantic-495,12-142_2_engine-e,12-142_2_engine-e-q10,What is shown in the bottom diagram?,The rear view of the alternator housing showing the internal diode arrangement and wiring connections.,0.9457107782363892,kept,12-142_2_engine-e-q10
semantic-495,12-142_2_engine-e,12-142_2_engine-e-q09,What is shown in the top diagram?,The alternator with the shielded capacitor and connections to B+ and D+ studs visible.,0.9457107782363892,dropped,12-142_2_engine-e-q10
semantic-496,12-142_3_engine-e,12-142_3_engine-e-q08,What component number is displayed in the second illustration?,Component number 630 12 172 is displayed in the second illustration.,0.9808651208877563,kept,12-142_3_engine-e-q08
semantic-496,12-142_3_engine-e,12-142_3_engine-e-q07,What component number is shown in the first illustration?,Component number 630 12 171 is shown in the first illustration.,0.9808651208877563,dropped,12-142_3_engine-e-q08
semantic-496,12-142_3_engine-e,12-142_3_engine-e-q09,What component number appears in the third illustration?,Component number 30 12 039 appears in the third illustration.,0.9808651208877563,dropped,12-142_3_engine-e-q08
semantic-497,12-142_engine-e,12-142_engine-e-q01,What is the first step when removing the alternator?,Unscrew the negative terminal on the battery (in trunk).,0.9707416892051697,kept,12-142_engine-e-q01
semantic-497,12-42_engine-e,12-42_engine-e-q01,What is the first step when removing and installing the alternator?,Disconnect battery.,0.9707416892051697,dropped,12-142_engine-e-q01
semantic-497,12-42_engine-e,12-42_engine-e-q05,What is the final step to remove the alternator?,Unscrew mounting bolts and remove alternator.,0.9707416892051697,dropped,12-142_engine-e-q01
semantic-498,12-42_engine-e,12-42_engine-e-q09,Where must the pulling hook be positioned when checking belt tightness?,This requires pulling hook (2) to be in center of teeth.,0.9489675164222717,kept,12-42_engine-e-q09
semantic-498,12-142_engine-e,12-142_engine-e-q05,Where should the pulling hook be positioned when checking belt tension?,Pulling hook (2) must rest on center of tooth.,0.9489675164222717,dropped,12-42_engine-e-q09
semantic-499,12-142_engine-e,12-142_engine-e-q10,What section reference is given for drive belt tightening during installation?,Tighten drive belt - 12 31 299.,0.9382027387619019,kept,12-142_engine-e-q10
semantic-499,12-42_engine-e,12-42_engine-e-q07,What section reference is given for tightening the drive belt?,Tighten drive belt - 12 31 299.,0.9382027387619019,dropped,12-142_engine-e-q10
semantic-500,12-143_1_engine-e,12-143_1_engine-e-q07,What should be checked during installation of the diode plate?,"Check condition of insulating sleeves and washers, replacing if necessary.",0.9657763242721558,kept,12-143_1_engine-e-q07
semantic-500,12-44_engine-e,12-44_engine-e-q05,What should be checked during installation when replacing the diode plate?,Check condition of insulating sleeves and insulators.,0.9657763242721558,dropped,12-143_1_engine-e-q07
semantic-501,26-03_propello,26-03_propello-q10,What component is shown in image 30 26 023?,Image 30 26 023 shows the process of unscrewing the propeller shaft on transmission.,0.961733877658844,kept,26-03_propello-q10
semantic-501,12-143_2_engine-e,12-143_2_engine-e-q10,What component is shown in image 30 61 062?,The air cleaner with air flow sensor that needs to be removed.,0.961733877658844,dropped,26-03_propello-q10
semantic-502,12-143_engine-e,12-143_engine-e-q05,What should you check when performing the stator coil break test?,"Compare resistance values of leads 1/2, 1/3 and 2/3 with an ohmmeter - they should be the same. Checking for shorted turns can be performed with a standard tester.",0.9099281430244446,kept,12-143_engine-e-q05
semantic-502,12-45_engine-e,12-45_engine-e-q07,How do you check the stator coil for breaks?,"Compare resistance values of wires 1/2, 1/3 and 2/3 with an ohmmeter - they should be identical. The shorted turn test can be performed with a standard tester.",0.9099281430244446,dropped,12-143_engine-e-q05
semantic-503,12-45_engine-e,12-45_engine-e-q08,How do you check the negative diodes in the alternator?,Connect test leads for diode test with negative lead on cooler and positive lead on one of the negative diode connections. Display with perfect condition diodes shows polarity.,0.9968162775039673,kept,12-45_engine-e-q08
semantic-503,12-143_engine-e,12-143_engine-e-q06,How do you check the negative diodes on the alternator?,"Connect test leads for diode test, hold negative lead on cooler and positive lead on one of the negative diode connections. Display with good diodes should show polarity.",0.9968162775039673,dropped,12-45_engine-e-q08
semantic-504,12-150_engine-e,12-150_engine-e-q01,What are the testing requirements before troubleshooting the starter?,"Correct connections on battery and starter, good ground connection between engine and body, and charged battery.",0.9649397730827332,kept,12-150_engine-e-q01
semantic-504,12-50_engine-e,12-50_engine-e-q01,What are the testing requirements before troubleshooting starter problems?,"Correct connections on battery and starter, good ground connection between engine and body, and charged battery.",0.9649397730827332,dropped,12-150_engine-e-q01
semantic-505,12-50_engine-e,12-50_engine-e-q02,"If the starter does not work at all, what should I check first?","Bridge connection 30 with connection 50 on solenoid. If starter works, check for defective wires and connections on starter switch or starter switch defective. If starter does not work, turn on lights to further diagnose.",0.9904042482376099,kept,12-50_engine-e-q02
semantic-505,12-150_engine-e,12-150_engine-e-q02,What should I check first if the starter does not work at all?,Bridge connections 30 and 50 on solenoid to determine if the starter works or does not work.,0.9904042482376099,dropped,12-50_engine-e-q02
semantic-506,12-50_engine-e,12-50_engine-e-q03,What causes a starter to turn too slowly?,"A) Bearings worn or very dirty, or B) Electrical defect in solenoid, armature or coils.",0.9319478273391724,kept,12-50_engine-e-q03
semantic-506,12-150_engine-e,12-150_engine-e-q03,"If the starter turns too slow, what are the possible causes?","Bearings worn or very dirty, or electrical fault in solenoid, armature or coils.",0.9319478273391724,dropped,12-50_engine-e-q03
semantic-507,12-50_engine-e,12-50_engine-e-q09,"If the flywheel gear ring teeth are damaged, what repair is required?",Remove transmission and replace flywheel.,0.9822534322738647,kept,12-50_engine-e-q09
semantic-507,12-150_engine-e,12-150_engine-e-q08,What repairs are needed if the flywheel gear ring teeth are damaged?,"Remove transmission, replace flywheel.",0.9822534322738647,dropped,12-50_engine-e-q09
semantic-508,12-50_engine-e,12-50_engine-e-q08,What are the possible causes if lights remain on while starting but the starter doesn't turn?,"A) Carbon brushes worn, or B) Solenoid defective.",0.9799365401268005,kept,12-50_engine-e-q08
semantic-508,12-150_engine-e,12-150_engine-e-q10,"If lights remain on while starting and the starter doesn't turn, what are the two possible causes?",Carbon brushes worn or solenoid faulty.,0.9799365401268005,dropped,12-50_engine-e-q08
semantic-509,12-51_engine-e,12-51_engine-e-q05,What steps are involved in removing the starter from below?,"Drain coolant, disconnect heater hose and unscrew coolant pipe if necessary, then unscrew nuts and remove starter from above.",0.9071615934371948,kept,12-51_engine-e-q05
semantic-509,12-151_engine-e,12-151_engine-e-q01,What is the first step when removing and installing the starter?,Disconnect positive terminal on connector.,0.9071615934371948,dropped,12-51_engine-e-q05
semantic-510,12-52_engine-e,12-52_engine-e-q05,What should be applied to the housing bolts and insulator during installation?,High melting point grease should be applied to the housing bolts and insulator to each other.,0.9110963344573975,kept,12-52_engine-e-q05
semantic-510,12-153_engine-e,12-153_engine-e-q11,What should you do with the housing bolts and insulator during installation?,Align openings for housing bolts and insulator to each other.,0.9110963344573975,dropped,12-52_engine-e-q05
semantic-511,31-26_front-ax,31-26_front-ax-q08,What important alignment requirement is specified for installation?,The flat surfaces of the drive set faces must be flat surface on the case during installation.,0.9466344118118286,kept,31-26_front-ax-q08
semantic-511,12-154_1_engine-e,12-154_1_engine-e-q04,What critical alignment requirement is mentioned for installation?,Openings and bores must be aligned during installation.,0.9466344118118286,dropped,31-26_front-ax-q08
semantic-512,25-14_gear-shi,25-14_gear-shi-q02,What should be done with the bearing sleeve before installation?,Lubricate bearing sleeve with grease and press it into new console.,0.958549439907074,kept,25-14_gear-shi-q02
semantic-512,12-154_1_engine-e,12-154_1_engine-e-q11,What should be done to the bearing sleeve after installation?,Lubricate sleeve with oil after pressing in.,0.958549439907074,dropped,25-14_gear-shi-q02
semantic-513,12-155_engine-e,12-155_engine-e-q01,What is the minimum diameter specification for the commutator?,"The diameter must be at least 33.5 mm (1.319"").",0.9667947292327881,kept,12-155_engine-e-q01
semantic-513,12-53_engine-e,12-53_engine-e-q01,What is the minimum acceptable diameter for the commutator?,"The diameter must be at least 33.5 mm (1.319"").",0.9667947292327881,dropped,12-155_engine-e-q01
semantic-514,12-53_engine-e,12-53_engine-e-q10,What should be done to remove all carbon brushes from the starter?,"Remove the holder and pole housing, then unsolder or cut off all carbon brushes.",0.9261806607246399,kept,12-53_engine-e-q10
semantic-514,12-155_engine-e,12-155_engine-e-q03,How do you remove the carbon brushes from the starter?,Lift springs and pull out carbon brushes.,0.9261806607246399,dropped,12-53_engine-e-q10
semantic-515,12-20_engine-e,12-20_engine-e-q08,"If the power flow and ground check is okay, what should be replaced?",Replace pulse sensor - see 12 11 151.,0.9052731990814209,kept,12-20_engine-e-q08
semantic-515,12-20_engine-e,12-20_engine-e-q09,What should I do if the power flow and ground check is not okay?,Replace wire for pulse sensor.,0.9052731990814209,dropped,12-20_engine-e-q08
semantic-516,13-812_fuel-sys,13-812_fuel-sys-q10,What conclusion can you draw if all tests pass successfully?,Idle control valve is okay!,0.9038488864898682,kept,13-812_fuel-sys-q10
semantic-516,12-24_engine-e,12-24_engine-e-q07,What is the final conclusion if all tests pass?,Ignition system is okay!,0.9038488864898682,dropped,13-812_fuel-sys-q10
semantic-517,23-112_manual-t,23-112_manual-t-q10,What reference information is provided at the bottom of the page?,The page references 'See Specifications' with a single asterisk and 'Source: HWB' with a double asterisk.,0.9142912030220032,kept,23-112_manual-t-q10
semantic-517,12-24_engine-e,12-24_engine-e-q11,What references are provided at the bottom of the page?,See Nominal Value Microfiche and See Specifications.,0.9142912030220032,dropped,23-112_manual-t-q10
semantic-518,12-44_engine-e,12-44_engine-e-q08,What component is shown in diagram 630 12 178?,The stator coil on the diode plate that needs to be unsoldered.,0.9026000499725342,kept,12-44_engine-e-q08
semantic-518,64-119_heating-,64-119_heating--q09,What component is shown in diagram 30 64 196?,The blower switch control knob that needs to be pulled off.,0.9026000499725342,dropped,12-44_engine-e-q08
semantic-519,12-46_engine-e,12-46_engine-e-q12,What precaution should be taken when removing the voltage regulator?,Unscrew bolts carefully and take off regulator carefully during the removal process.,0.9283003807067871,kept,12-46_engine-e-q12
semantic-519,12-46_engine-e,12-46_engine-e-q02,What should be done before removing the voltage regulator?,Remove voltage regulator 12 32 000 and unsolder leads on carbon brush holder.,0.9283003807067871,dropped,12-46_engine-e-q12
semantic-520,12-52_engine-e,12-52_engine-e-q06,What lubrication is specified for the bearing sleeve in the drive bearing bracket?,The bearing sleeve should be lubricated with oil before installing.,0.9118137359619141,kept,12-52_engine-e-q06
semantic-520,25-14_gear-shi,25-14_gear-shi-q03,What type of lubricant is specified for the bearing sleeve?,Grease is specified for lubricating the bearing sleeve.,0.9118137359619141,dropped,12-52_engine-e-q06
semantic-521,12-52_engine-e,12-52_engine-e-q12,What lubrication should be applied to the drive pinion bearing surface during installation?,Lubricate bearing surface for drive pinion with grease during installation.,0.9045612812042236,kept,12-52_engine-e-q12
semantic-521,25-10_gear-shi,25-10_gear-shi-q07,What lubricant is specified for the bearing surfaces during installation?,Lubricate bearing surfaces with Molykote Longterm 2.,0.9045612812042236,dropped,12-52_engine-e-q12
semantic-522,13-713_fuel-sys,13-713_fuel-sys-q03,What are the first steps for removing the idle speed control valve?,"First unscrew the capped nuts on all four throttle valve necks, then unscrew the mounting nut and loosen hose straps 2 through 4.",0.9226387143135071,kept,13-713_fuel-sys-q03
semantic-522,13-00-index-a_fuel-sys,13-00-index-a_fuel-sys-q02,Where can I find the procedure for removing and installing the idle speed control valve?,The idle speed control valve removal and installation procedure is located on page 13-713.,0.9226387143135071,dropped,13-713_fuel-sys-q03
semantic-523,51-455_body-equ,51-455_body-equ-q06,How many bolts need to be unscrewed to remove the control levers?,Unscrew bolts (1 ... 4) and remove control levers (5 ... 7).,0.9009886384010315,kept,51-455_body-equ-q06
semantic-523,13-613_fuel-sys,13-613_fuel-sys-q10,How many mounting bolts need to be unscrewed to remove the control unit?,Four mounting bolts need to be unscrewed.,0.9009886384010315,dropped,51-455_body-equ-q06
semantic-524,51-322_body-equ,51-322_body-equ-q05,"In the installation diagram, what do callout numbers 1 and 2 indicate?",Callout number 1 indicates the window glass and callout number 2 indicates the rubber seal that the window glass must bear on.,0.9112660884857178,kept,51-322_body-equ-q05
semantic-524,13-613_fuel-sys,13-613_fuel-sys-q11,What components are identified by callout numbers (1) and (2) in the installation diagram?,Callout (1) identifies the code number and callout (2) identifies the manufacturing date.,0.9112660884857178,dropped,51-322_body-equ-q05
semantic-524,13-626_fuel-sys,13-626_fuel-sys-q08,What do the callout numbers 1 and 2 indicate in the installation diagram?,"Number 1 indicates the code number to check, and number 2 indicates the seal to replace.",0.9112660884857178,dropped,51-322_body-equ-q05
semantic-524,31-27_front-ax,31-27_front-ax-q06,What components are identified by callout numbers 1 and 2 in the assembly diagram?,Callout number 1 is the bevel gear and callout number 2 is the bushing.,0.9112660884857178,dropped,51-322_body-equ-q05
semantic-524,51-411_body-equ,51-411_body-equ-q08,Which component is indicated by callout number 2 in the installation diagram?,Ornamental strip.,0.9112660884857178,dropped,51-322_body-equ-q05
semantic-525,13-613_fuel-sys,13-613_fuel-sys-q12,What reference number is associated with the trim panel removal step?,Reference number 28 15 207 is associated with the trim panel removal step.,0.960385262966156,kept,13-613_fuel-sys-q12
semantic-525,51-252_body-equ,51-252_body-equ-q06,What reference number corresponds to the trim panel removal procedure?,51 43 000.,0.960385262966156,dropped,13-613_fuel-sys-q12
semantic-526,13-621_fuel-sys,13-621_fuel-sys-q01,What procedure number covers removing and installing the air flow sensor?,Procedure 13 62 000 covers removing and installing the air flow sensor.,0.968826949596405,kept,13-621_fuel-sys-q01
semantic-526,13-620_fuel-sys,13-620_fuel-sys-q01,What is the procedure number for removing and installing the air flow sensor?,The procedure number is 13 62 000.,0.968826949596405,dropped,13-621_fuel-sys-q01
semantic-527,13-621_fuel-sys,13-621_fuel-sys-q02,What are the first three steps for removing the air flow sensor?,"First loosen hose clamp (1), then unscrew nuts (2), and finally pull off plug (3).",0.9569363594055176,kept,13-621_fuel-sys-q02
semantic-527,13-620_fuel-sys,13-620_fuel-sys-q02,What is the first step to remove the air flow sensor?,Loosen hose clamp (1) and pull off air hose on air flow sensor.,0.9569363594055176,dropped,13-621_fuel-sys-q02
semantic-527,13-622_fuel-sys,13-622_fuel-sys-q02,What are the first steps when removing the air flow sensor since 1985?,"Loosen hose strap (1), loosen nuts (2), pull off hose (4), and pull off plug (5).",0.9569363594055176,dropped,13-621_fuel-sys-q02
semantic-527,13-760_fuel-sys,13-760_fuel-sys-q01,What is the first step in removing the air flow sensor?,Unscrew nuts (1).,0.9569363594055176,dropped,13-621_fuel-sys-q02
semantic-528,13-622_fuel-sys,13-622_fuel-sys-q03,What should be checked during installation of the air flow sensor?,"Check code number (1) and manufacturing date (2), check engine idle speed and idle speed CO level, check gasket (3), and check air flow sensor.",0.9506663680076599,kept,13-622_fuel-sys-q03
semantic-528,13-621_fuel-sys,13-621_fuel-sys-q03,What component should be checked during installation of the air flow sensor?,"Check seal (1), replacing if necessary during installation.",0.9506663680076599,dropped,13-622_fuel-sys-q03
semantic-529,13-621_fuel-sys,13-621_fuel-sys-q12,What components are labeled as 1 and 2 in the bottom installation diagram?,"In the bottom installation diagram, component 1 appears to be the code number location and component 2 appears to be the manufacturing date location.",0.9262192845344543,kept,13-621_fuel-sys-q12
semantic-529,31-10_front-ax,31-10_front-ax-q06,What components are labeled as 1 and 2 in the bottom right diagram?,Component 1 is the dust guard and component 2 is the bearing inner race.,0.9262192845344543,dropped,13-621_fuel-sys-q12
semantic-529,31-28_front-ax,31-28_front-ax-q05,What components are labeled as items 1 and 2 in the upper right diagram showing installation?,Item 1 is the new bushing and item 2 is the spacer that need to be installed.,0.9262192845344543,dropped,13-621_fuel-sys-q12
semantic-529,51-314_body-equ,51-314_body-equ-q09,What components are labeled as 1 and 2 in the bottom diagram?,Component 1 is the cement bead and component 2 is the basic bead on the window.,0.9262192845344543,dropped,13-621_fuel-sys-q12
semantic-529,65-101_radio-an,65-101_radio-an-q05,What components are numbered 1 and 2 in the installation diagram?,1 = Nut and 2 = Adapter according to the installed order list.,0.9262192845344543,dropped,13-621_fuel-sys-q12
semantic-530,13-903_fuel-sys,13-903_fuel-sys-q10,Where can you find specifications referenced with asterisks?,Specifications referenced with asterisks can be found in the Specifications section.,0.9595844149589539,kept,13-903_fuel-sys-q10
semantic-530,13-622_fuel-sys,13-622_fuel-sys-q10,Where can you find additional information about specifications mentioned with asterisks?,See Specifications and Nominal Value Microfiche.,0.9595844149589539,dropped,13-903_fuel-sys-q10
semantic-530,13-910_fuel-sys,13-910_fuel-sys-q05,Where can you find the specifications referenced by the asterisk?,See Specifications.,0.9595844149589539,dropped,13-903_fuel-sys-q10
semantic-531,13-629_fuel-sys,13-629_fuel-sys-q01,What does the temperature sensor for coolant measure and how does it send this information?,The temperature sensor measures the engine temperature and sends this information to the control unit as a resistance value. The resistance value drops with rising temperature (NTC).,0.9358069896697998,kept,13-629_fuel-sys-q01
semantic-531,13-762_fuel-sys,13-762_fuel-sys-q01,What does the coolant temperature sensor measure and how does it send information to the control unit?,The temperature sensor measures the engine temperature and sends this information to the control unit as a resistance value. The resistance value drops with rising temperature (NTC).,0.9358069896697998,dropped,13-629_fuel-sys-q01
semantic-532,13-629_fuel-sys,13-629_fuel-sys-q02,What are the three main components of the coolant temperature sensor shown in the diagram?,"The three main components are: 1 = Plug connection, 2 = Housing, and 3 = NTC resistor.",0.9701575636863708,kept,13-629_fuel-sys-q02
semantic-532,13-762_fuel-sys,13-762_fuel-sys-q02,What are the three main components of the coolant temperature sensor assembly shown in the diagram?,"The three components are: 1 = Plug connection, 2 = Housing, and 3 = NTC resistor.",0.9701575636863708,dropped,13-629_fuel-sys-q02
semantic-533,13-629_fuel-sys,13-629_fuel-sys-q03,How do you remove the coolant temperature sensor?,"Pull off plug (1), then unscrew temperature sensor.",0.9255369901657104,kept,13-629_fuel-sys-q03
semantic-533,13-762_fuel-sys,13-762_fuel-sys-q07,What is the first step in removing the coolant temperature sensor?,Pull off plug (1).,0.9255369901657104,dropped,13-629_fuel-sys-q03
semantic-534,33-03_rear-axl,33-03_rear-axl-q08,What should be done with the tightening torque during installation?,Apply the tightening torque as specified (marked with asterisk indicating reference to specifications).,0.9818503260612488,kept,33-03_rear-axl-q08
semantic-534,13-629_fuel-sys,13-629_fuel-sys-q04,What should you do during installation regarding the tightening torque?,Tightening torque should be followed according to specifications (marked with asterisk).,0.9818503260612488,dropped,33-03_rear-axl-q08
semantic-534,31-06_1_front-ax,31-06_1_front-ax-q04,What should be done during installation regarding the tightening torque?,Tightening torque* - See Specifications.,0.9818503260612488,dropped,33-03_rear-axl-q08
semantic-534,31-10_front-ax,31-10_front-ax-q08,What should be done during installation regarding tightening torque?,"Apply the tightening torque as specified, with an asterisk indicating to see specifications.",0.9818503260612488,dropped,33-03_rear-axl-q08
semantic-535,13-632_fuel-sys,13-632_fuel-sys-q02,What resistance should be measured between connections 3 and 18 with the throttle wide open?,There must be approximately 0 ohm between connections 3 and 18 with the throttle wide open.,0.9576822519302368,kept,13-632_fuel-sys-q02
semantic-535,13-630_fuel-sys,13-630_fuel-sys-q01,What resistance should be measured between connections 2 and 18 when the throttle is closed?,There should be approximately 0 ohm between connections 2 and 18 with the throttle closed.,0.9576822519302368,dropped,13-632_fuel-sys-q02
semantic-535,13-632_fuel-sys,13-632_fuel-sys-q01,What resistance should be measured between connections 2 and 18 with the throttle closed?,There should be approximately 0 ohm between connections 2 and 18 with the throttle closed.,0.9576822519302368,dropped,13-632_fuel-sys-q02
semantic-536,13-630_fuel-sys,13-630_fuel-sys-q03,What do the abbreviations LL and VL stand for in the throttle switch testing?,LL stands for Idle and VL stands for Full load.,0.9542524814605713,kept,13-630_fuel-sys-q03
semantic-536,13-632_fuel-sys,13-632_fuel-sys-q03,What do the abbreviations LL and VL stand for in the throttle switch diagram?,LL stands for Idle and VL stands for Full load.,0.9542524814605713,dropped,13-630_fuel-sys-q03
semantic-536,13-771_fuel-sys,13-771_fuel-sys-q03,What do the abbreviations LL and VL stand for in the throttle valve switch testing?,LL = Idle speed and VL = Full load.,0.9542524814605713,dropped,13-630_fuel-sys-q03
semantic-537,13-771_fuel-sys,13-771_fuel-sys-q08,What should happen to the resistance immediately after opening the throttle valve during adjustment?,The resistance should rise immediately to ∞ ohms after opening the throttle valve during adjustment.,0.9043139815330505,kept,13-771_fuel-sys-q08
semantic-537,13-630_fuel-sys,13-630_fuel-sys-q05,What should happen to the resistance when you open the throttle after finishing the adjustment?,Open throttle after finishing adjustment - resistance should rise immediately to infinity ohms.,0.9043139815330505,dropped,13-771_fuel-sys-q08
semantic-538,13-630_fuel-sys,13-630_fuel-sys-q07,What component is identified by part number 13 63 544?,Part number 13 63 544 identifies the throttle switch that is being adjusted.,0.9153786301612854,kept,13-630_fuel-sys-q07
semantic-538,13-720_fuel-sys,13-720_fuel-sys-q11,What component is identified by part number 28 13 51001?,The fuel pressure regulator component shown in the installation diagram.,0.9153786301612854,dropped,13-630_fuel-sys-q07
semantic-539,13-631_fuel-sys,13-631_fuel-sys-q01,What is the first step in removing the throttle switch?,Pull off multiple pin plug (3).,0.9351245760917664,kept,13-631_fuel-sys-q01
semantic-539,13-631_fuel-sys,13-631_fuel-sys-q03,What is the final step in the throttle switch removal procedure?,Take off throttle switch (2).,0.9351245760917664,dropped,13-631_fuel-sys-q01
semantic-540,13-631_fuel-sys,13-631_fuel-sys-q06,What does callout number 3 identify in the throttle switch diagram?,Callout number 3 identifies the multiple pin plug that needs to be pulled off.,0.9187345504760742,kept,13-631_fuel-sys-q06
semantic-540,13-631_fuel-sys,13-631_fuel-sys-q04,What does callout number 1 indicate in the throttle switch diagram?,Callout number 1 indicates the screws that need to be unscrewed.,0.9187345504760742,dropped,13-631_fuel-sys-q06
semantic-540,13-631_fuel-sys,13-631_fuel-sys-q05,What does callout number 2 point to in the throttle switch removal diagram?,Callout number 2 points to the throttle switch itself.,0.9187345504760742,dropped,13-631_fuel-sys-q06
semantic-541,13-632_fuel-sys,13-632_fuel-sys-q12,What should be checked after installing the throttle switch?,Check code number (1) and adjust throttle switch 13 63 544 after installation.,0.9493224620819092,kept,13-632_fuel-sys-q12
semantic-541,13-631_fuel-sys,13-631_fuel-sys-q07,What should you check during throttle switch installation?,Check code number (1).,0.9493224620819092,dropped,13-632_fuel-sys-q12
semantic-542,13-771_fuel-sys,13-771_fuel-sys-q06,What brand name is visible on the throttle valve switch component?,"BOSCH is visible on the throttle valve switch component, with 'made in Germany' text below it.",0.9034993648529053,kept,13-771_fuel-sys-q06
semantic-542,13-632_fuel-sys,13-632_fuel-sys-q09,What brand is shown on the throttle switch component?,The throttle switch is manufactured by BOSCH and shows 'made in Germany' marking.,0.9034993648529053,dropped,13-771_fuel-sys-q06
semantic-543,13-640_fuel-sys,13-640_fuel-sys-q01,What are the steps to remove the cold start valve?,"Pull off plug (1), disconnect fuel line (2), unscrew screws, and take off cold start valve.",0.9432538747787476,kept,13-640_fuel-sys-q01
semantic-543,13-641_fuel-sys,13-641_fuel-sys-q01,What is the procedure code for removing and installing the cold start valve?,The procedure code is 13 64 030 for removing and installing the cold start valve.,0.9432538747787476,dropped,13-640_fuel-sys-q01
semantic-543,13-641_fuel-sys,13-641_fuel-sys-q02,What steps are involved in removing the cold start valve?,"Pull off plug (1), disconnect fuel line (2), unscrew bolts, and take off cold start valve.",0.9432538747787476,dropped,13-640_fuel-sys-q01
semantic-544,13-641_fuel-sys,13-641_fuel-sys-q05,What should be checked during installation of the cold start valve?,Check the code number (1) and replace the seal (2).,0.9829823970794678,kept,13-641_fuel-sys-q05
semantic-544,13-640_fuel-sys,13-640_fuel-sys-q02,What should be checked during cold start valve installation?,Check code number (1) and replace seal (2).,0.9829823970794678,dropped,13-641_fuel-sys-q05
semantic-545,13-641_fuel-sys,13-641_fuel-sys-q08,What equipment is needed to check fuel flow rate and spray angle?,Hold the cold start valve in measuring glass 13 3 020 and plug Jetronic test lead 61 1 440 on cold start valve and connect with B+ and B-.,0.9139742255210876,kept,13-641_fuel-sys-q08
semantic-545,13-640_fuel-sys,13-640_fuel-sys-q09,What test equipment is used for checking fuel flow rate and spray angle?,Measuring glass 13 3 020 and Jetronic test lead 61 1 440.,0.9139742255210876,dropped,13-641_fuel-sys-q08
semantic-546,13-781_fuel-sys,13-781_fuel-sys-q01,What is the first step when removing a fuel injector?,Unscrew screws on injection pipe.,0.9007136821746826,kept,13-781_fuel-sys-q01
semantic-546,13-642_fuel-sys,13-642_fuel-sys-q02,What is the first step when replacing a fuel injector?,Unscrew bolts on injection tube.,0.9007136821746826,dropped,13-781_fuel-sys-q01
semantic-547,13-642_fuel-sys,13-642_fuel-sys-q12,What does 'FD' represent on the fuel injector diagram?,FD represents the manufacturing date marking on the fuel injector.,0.9842429757118225,kept,13-642_fuel-sys-q12
semantic-547,13-643_fuel-sys,13-643_fuel-sys-q05,What does FD stand for in the fuel injector diagram?,FD stands for Manufacturing date.,0.9842429757118225,dropped,13-642_fuel-sys-q12
semantic-548,13-781_fuel-sys,13-781_fuel-sys-q07,What lubricant should be used to coat the O-rings during installation?,Only coat O-rings with vaseline or SAE 90 gear lube for installation.,0.9468725919723511,kept,13-781_fuel-sys-q07
semantic-548,13-643_fuel-sys,13-643_fuel-sys-q07,What lubricant should be used on the O-rings during installation?,Only coat O-rings lightly with vaseline for installation.,0.9468725919723511,dropped,13-781_fuel-sys-q07
semantic-549,13-700_fuel-sys,13-700_fuel-sys-q01,What is the maximum tightening torque for installing the 0°C temperature switch?,The maximum tightening torque is 30 Nm (22 ft. lbs.).,0.9650291800498962,kept,13-700_fuel-sys-q01
semantic-549,13-703_fuel-sys,13-703_fuel-sys-q01,What is the maximum tightening torque for the temperature switch installation?,The maximum tightening torque is 30 Nm (22 ft. lbs.).,0.9650291800498962,dropped,13-700_fuel-sys-q01
semantic-550,13-703_fuel-sys,13-703_fuel-sys-q04,What tool is specified for checking the temperature switch resistance?,An ohmmeter (M 06) is used to check the temperature switch resistance.,0.9611435532569885,kept,13-703_fuel-sys-q04
semantic-550,13-700_fuel-sys,13-700_fuel-sys-q04,What tool is needed to test the temperature switch resistance?,Connect an ohmmeter (M 60) to the temperature switch.,0.9611435532569885,dropped,13-703_fuel-sys-q04
semantic-551,13-703_fuel-sys,13-703_fuel-sys-q05,What resistance reading should the ohmmeter display when testing the temperature switch at temperatures below -8°C?,The ohmmeter must display approximately 0 ohm for temperatures less than -8°C (+ 18°F).,0.9344341158866882,kept,13-703_fuel-sys-q05
semantic-551,13-700_fuel-sys,13-700_fuel-sys-q05,What resistance reading should the ohmmeter display at temperatures below -8°C?,The ohmmeter must display approximately 0 ohm at temperature < -8°C (+18°F).,0.9344341158866882,dropped,13-703_fuel-sys-q05
semantic-552,13-703_fuel-sys,13-703_fuel-sys-q06,What resistance reading indicates proper operation for temperatures above 4°C on the first temperature switch?,The ohmmeter must display approximately ∞ ohms for temperatures greater than 4°C (39°F).,0.9002299904823303,kept,13-703_fuel-sys-q06
semantic-552,13-700_fuel-sys,13-700_fuel-sys-q06,What resistance reading indicates proper operation at temperatures above 4°C?,The ohmmeter display should be approximately ∞ ohms at temperature > 4°C (39°F).,0.9002299904823303,dropped,13-703_fuel-sys-q06
semantic-553,13-700a_fuel-sys,13-700a_fuel-sys-q01,What is the minimum oil temperature required for all adjustments when adjusting engine idle speed and CO level?,The engine must be at operating temperature with oil temperature at least 60°C (140°F).,0.973230242729187,kept,13-700a_fuel-sys-q01
semantic-553,13-701_fuel-sys,13-701_fuel-sys-q01,What is the minimum engine oil temperature required before adjusting idle speed and CO level?,The engine oil temperature must be at least 60° C (140° F).,0.973230242729187,dropped,13-700a_fuel-sys-q01
semantic-553,13-702_fuel-sys,13-702_fuel-sys-q01,What is the minimum oil temperature required for engine idle speed and CO level adjustments?,The engine oil temperature must be at least 60°C (140°F).,0.973230242729187,dropped,13-700a_fuel-sys-q01
semantic-554,13-701_fuel-sys,13-701_fuel-sys-q06,What special tool should be inserted into the throttle valve switch wire plug?,Special Tool 13 4 010 should be inserted in the wire plug after pulling off the plug on the throttle valve switch.,0.9440752863883972,kept,13-701_fuel-sys-q06
semantic-554,13-700a_fuel-sys,13-700a_fuel-sys-q04,What special tool is inserted into the throttle valve switch wire plug?,Special Tool 13 4 010 is inserted into the wire plug after pulling off the plug on the throttle valve switch.,0.9440752863883972,dropped,13-701_fuel-sys-q06
semantic-554,13-702_fuel-sys,13-702_fuel-sys-q08,What tool is required for throttle valve switch wire plug insertion?,Special Tool 13 4 010 is inserted in wire plug after pulling off plug on throttle valve switch.,0.9440752863883972,dropped,13-701_fuel-sys-q06
semantic-555,13-700a_fuel-sys,13-700a_fuel-sys-q05,What is the maximum allowable vacuum difference when adjusting throttle valve necks?,The maximum vacuum difference is 5 mbar when adjusting each throttle valve neck to the same intake pipe vacuum.,0.9639366865158081,kept,13-700a_fuel-sys-q05
semantic-555,13-702_fuel-sys,13-702_fuel-sys-q05,What is the maximum allowable vacuum difference between throttle valve necks?,The maximum vacuum difference is ± 5 mbar.,0.9639366865158081,dropped,13-700a_fuel-sys-q05
semantic-556,13-702_fuel-sys,13-702_fuel-sys-q10,What should be done after finishing throttle valve adjustments?,"Mount new anti-tamper locks (2) after finishing adjustments, then check engine idle speed and CO level, correcting if necessary.",0.9097899794578552,kept,13-702_fuel-sys-q10
semantic-556,13-700a_fuel-sys,13-700a_fuel-sys-q09,What should be checked after finishing the throttle valve adjustments?,"After finishing adjustments, check engine idle speed and CO level, correcting if necessary, then install new anti-tamper plugs.",0.9097899794578552,dropped,13-702_fuel-sys-q10
semantic-557,13-814_fuel-sys,13-814_fuel-sys-q05,What resistance reading indicates a good 45°C temperature switch when the coolant is below 30°C?,The ohmmeter should display at least 100 k-ohms with coolant temperature of less than 30°C (86°F).,0.9009211659431458,kept,13-814_fuel-sys-q05
semantic-557,13-703_fuel-sys,13-703_fuel-sys-q09,What is the proper resistance reading for the 45°C temperature switch when tested below 30°C?,The ohmmeter should display approximately 0 ohm for temperatures below 30°C (86°F).,0.9009211659431458,dropped,13-814_fuel-sys-q05
semantic-558,13-710_fuel-sys,13-710_fuel-sys-q02,Which terminals need to be bridged when testing the fuel pump relay?,Bridge terminals 87 and 30 with Special Tool 61 3 050.,0.9817505478858948,kept,13-710_fuel-sys-q02
semantic-558,13-720_fuel-sys,13-720_fuel-sys-q12,What terminals need to be bridged on the fuel pump relay for testing?,Bridge terminals 87 and 30 with Special Tool 61 3 050.,0.9817505478858948,dropped,13-710_fuel-sys-q02
semantic-559,13-713_fuel-sys,13-713_fuel-sys-q02,What should the resistance be between terminals 2 and 1 or 2 and 3 on the idle speed control valve?,The nominal resistance between terminals 2 and 1 or between 2 and 3 should be approximately 20 ohms each.,0.9292372465133667,kept,13-713_fuel-sys-q02
semantic-559,13-713_fuel-sys,13-713_fuel-sys-q01,What is the nominal resistance value between terminals 1 and 3 on the idle speed control valve?,The nominal resistance between terminals 1 and 3 is approximately 40 ohms.,0.9292372465133667,dropped,13-713_fuel-sys-q02
semantic-560,33-16_rear-axl,33-16_rear-axl-q09,What type of nut should be replaced during installation?,Replace self-locking nut during installation to the specified tightening torque.,0.9000353813171387,kept,33-16_rear-axl-q09
semantic-560,13-730_fuel-sys,13-730_fuel-sys-q12,What type of nut should be used during installation to replace the joint nut?,Replace self-locking nut during installation.,0.9000353813171387,dropped,33-16_rear-axl-q09
semantic-561,13-750_fuel-sys,13-750_fuel-sys-q03,What does plug connection A represent when 1 + 0?,A) 1 + 0 = unleaded prem. grade US.,0.9041700959205627,kept,13-750_fuel-sys-q03
semantic-561,13-750_fuel-sys,13-750_fuel-sys-q04,What does plug connection B represent when 0 + 0?,B) 0 + 0 = unleaded reg. grade ECE.,0.9041700959205627,dropped,13-750_fuel-sys-q03
semantic-562,23-169_manual-t,23-169_manual-t-q08,What type of bolt cement is specified for bolt installation?,Install bolt with a bolt cement. The source of supply is specified as HWB.,0.9890767931938171,kept,23-169_manual-t-q08
semantic-562,13-760_fuel-sys,13-760_fuel-sys-q08,What type of bolt cement is specified for installation?,"Install screws with liquid bolt cement, HWB No. 81 22 9 400 086.",0.9890767931938171,dropped,23-169_manual-t-q08
semantic-563,31-34_front-ax,31-34_front-ax-q07,"What components are identified as items 1, 2, and 3 in the installation diagram?","Item 1 is M 10 x 50 bolt, item 2 is Washer, and item 3 is M 10 nut.",0.9046615362167358,kept,31-34_front-ax-q07
semantic-563,13-781_fuel-sys,13-781_fuel-sys-q08,What component is identified as item 3 in the installation diagram?,The plastic washer whose position needs to be checked.,0.9046615362167358,dropped,31-34_front-ax-q07
semantic-564,51-212_body-equ,51-212_body-equ-q10,What source information is provided at the bottom of the page?,The source is listed as HWIB.,0.9183332920074463,kept,51-212_body-equ-q10
semantic-564,13-781_fuel-sys,13-781_fuel-sys-q11,What additional information source is referenced at the bottom of the page?,See Specifications.,0.9183332920074463,dropped,51-212_body-equ-q10
semantic-565,25-10_gear-shi,25-10_gear-shi-q11,What numbered components are shown in the installation diagram 32 25 055?,"Component 1 is the retainer, component 2 is the washer, and component 3 is the shift rod, with an arrow indicating proper orientation.",0.9344682693481445,kept,25-10_gear-shi-q11
semantic-565,13-781_fuel-sys,13-781_fuel-sys-q12,What are the numbered components shown in the bottom installation diagram?,"1 = O-rings, 2 = code number (FD marking), 3 = plastic washer, 4 = fuel injector guard, 5 = plug receptacle.",0.9344682693481445,dropped,25-10_gear-shi-q11
semantic-565,51-420_body-equ,51-420_body-equ-q05,What are the four numbered components shown in the installation diagram?,"1 - Window recess seal, 2 - Ornamental strip, 3 - Clip, 4 - Door trim panel.",0.9344682693481445,dropped,25-10_gear-shi-q11
semantic-566,13-800_fuel-sys,13-800_fuel-sys-q01,What minimum battery voltage is required before testing the electronic idle control on the BMW 318i?,The battery must be charged to at least 11.5 volts before testing the electronic idle control.,0.9513416290283203,kept,13-800_fuel-sys-q01
semantic-566,13-810_fuel-sys,13-810_fuel-sys-q01,What is the minimum battery voltage required for testing the electronic idle control on BMW 325e?,Battery charged - battery voltage at least 11.5 volts.,0.9513416290283203,dropped,13-800_fuel-sys-q01
semantic-567,13-800_fuel-sys,13-800_fuel-sys-q02,What temperature range must components be at when testing the electronic idle control system?,Components must have room temperature at 23 ± 5° C (73 ± 9° F).,0.9741635322570801,kept,13-800_fuel-sys-q02
semantic-567,13-810_fuel-sys,13-810_fuel-sys-q02,What temperature range must components be at during electronic idle control testing?,Components must have room temperature = 23 ± 5° C (73 ± 9° F).,0.9741635322570801,dropped,13-800_fuel-sys-q02
semantic-568,13-800_fuel-sys,13-800_fuel-sys-q06,"If there's no voltage reading between terminal 2 and car ground, what should you check?","Check the green/yellow wire for breaks according to the wiring diagram with ohmmeter (M 06), and eliminate any breaks.",0.9218311309814453,kept,13-800_fuel-sys-q06
semantic-568,13-800_fuel-sys,13-800_fuel-sys-q05,What voltage reading should you get when checking between terminal 2 and car ground?,The voltmeter should display at least 9 volts.,0.9218311309814453,dropped,13-800_fuel-sys-q06
semantic-569,13-800_fuel-sys,13-800_fuel-sys-q07,What is the second voltage measurement in the idle control unit testing procedure?,"Connect voltmeter (M 01) between terminal 2 and terminal 4, turn on ignition, and check that the voltmeter displays at least 9 volts.",0.9160244464874268,kept,13-800_fuel-sys-q07
semantic-569,13-810_fuel-sys,13-810_fuel-sys-q08,What is the second voltage test procedure for the idle control unit?,Connect voltmeter (M 01) between terminal 2 and terminal 4. Turn on ignition. Voltmeter displaying at least 9 volts?,0.9160244464874268,dropped,13-800_fuel-sys-q07
semantic-570,13-801_fuel-sys,13-801_fuel-sys-q06,What voltage should the voltmeter show briefly when testing the idle signal?,The voltmeter should display at least 9 volts briefly when testing the idle signal with ignition turned on and then off.,0.9542782306671143,kept,13-801_fuel-sys-q06
semantic-570,13-811_fuel-sys,13-811_fuel-sys-q03,What voltage should the voltmeter display when checking the idle signal initially?,Voltmeter should display at least 9 volts with a nominal value of 0 ohm.,0.9542782306671143,dropped,13-801_fuel-sys-q06
semantic-571,13-801_fuel-sys,13-801_fuel-sys-q08,What voltage reading indicates a proper idle signal when pressing the accelerator pedal?,The voltmeter should display approximately 0 volt when pressing down the accelerator pedal several centimeters during the idle signal test.,0.911379873752594,kept,13-801_fuel-sys-q08
semantic-571,13-811_fuel-sys,13-811_fuel-sys-q06,What voltage should be displayed when pressing the accelerator pedal during the idle signal test?,Voltmeter should display approx. 0 volt.,0.911379873752594,dropped,13-801_fuel-sys-q08
semantic-572,13-802_fuel-sys,13-802_fuel-sys-q10,What should you do after reconnecting the wire plug to complete the idle control valve test?,"After reconnecting the wire plug, check if the speed drops below nominal speed. If not, replace the idle control valve and check the code number and color code.",0.9113396406173706,kept,13-802_fuel-sys-q10
semantic-572,13-812_fuel-sys,13-812_fuel-sys-q08,What is the final test after reconnecting the wire plug to the idle control valve?,Check if speed drops below nominal speed after reconnecting the wire plug on idle control valve.,0.9113396406173706,dropped,13-802_fuel-sys-q10
semantic-573,13-813_fuel-sys,13-813_fuel-sys-q01,What is the procedure for checking periphery for air conditioner speed?,"Connect voltmeter (M 01) between terminal 4 and terminal 9, turn on ignition, turn on air conditioner, and check if voltmeter displays at least 9 volts.",0.9814441800117493,kept,13-813_fuel-sys-q01
semantic-573,13-803_fuel-sys,13-803_fuel-sys-q01,What is the procedure for checking the air conditioner speed periphery?,Connect voltmeter (M 01) between terminal 4 and terminal 9. Turn on ignition and air conditioner. Check if voltmeter displays at least 9 volts.,0.9814441800117493,dropped,13-813_fuel-sys-q01
semantic-574,13-803_fuel-sys,13-803_fuel-sys-q03,Which terminals should be connected with a voltmeter for the second air conditioner speed check?,Connect voltmeter (M 01) between terminal 4 and terminal 11.,0.9754886031150818,kept,13-803_fuel-sys-q03
semantic-574,13-813_fuel-sys,13-813_fuel-sys-q03,Which terminals should the voltmeter be connected between for the air conditioner speed check?,Terminal 4 and terminal 9.,0.9754886031150818,dropped,13-803_fuel-sys-q03
semantic-575,13-804_fuel-sys,13-804_fuel-sys-q06,What should you check if the white wire connection test fails?,"Check the white wire of temperature sensor for breaks, eliminate breaks, check contact pins of temperature sensor for tight fit and good contact, and verify wire and contact pins are okay.",0.9520218372344971,kept,13-804_fuel-sys-q06
semantic-575,13-814_fuel-sys,13-814_fuel-sys-q06,What should you check if the white wire test fails?,Check white wire for 45°C (113°F) temperature switch for breaks and eliminate. Check contact pins of 45°C (113°F) temperature switch for tight fit and good contact.,0.9520218372344971,dropped,13-804_fuel-sys-q06
semantic-576,13-805_fuel-sys,13-805_fuel-sys-q01,Which multimeter setting should I use to test the air temperature switch terminals?,Use voltmeter setting M01 to test between terminal 4 and terminal 10.,0.9356970191001892,kept,13-805_fuel-sys-q01
semantic-576,13-815_fuel-sys,13-815_fuel-sys-q01,What multimeter setting should be used to test the air temperature switch between terminals 4 and 10?,Use multimeter M 01 between terminal 4 and terminal 10.,0.9356970191001892,dropped,13-805_fuel-sys-q01
semantic-577,13-816_fuel-sys,13-816_fuel-sys-q01,What is the nominal idle speed for cars with automatic transmission after selecting a drive range?,The nominal idle speed is 700 ± 50 rpm and is always regulated after selecting a drive range on cars with automatic transmission.,0.9838725328445435,kept,13-816_fuel-sys-q01
semantic-577,13-806_fuel-sys,13-806_fuel-sys-q01,What nominal idle speed is specified for cars with automatic transmission after selecting a drive range?,750 ± 50 rpm,0.9838725328445435,dropped,13-816_fuel-sys-q01
semantic-578,13-806_fuel-sys,13-806_fuel-sys-q07,What wire colors should be checked for breaks in manual transmission vehicles?,Green/yellow wire from terminal 7 to terminal 2,0.9616154432296753,kept,13-806_fuel-sys-q07
semantic-578,13-806_fuel-sys,13-806_fuel-sys-q05,What wire color should be checked for breaks in automatic transmission vehicles?,Blue/yellow wire,0.9616154432296753,dropped,13-806_fuel-sys-q07
semantic-579,13-816_fuel-sys,13-816_fuel-sys-q08,What tool is specified for checking wire breaks in the blue/brown wire?,An ohmmeter (M 06) is specified for checking breaks in the blue/brown wire.,0.9169608950614929,kept,13-816_fuel-sys-q08
semantic-579,13-813_fuel-sys,13-813_fuel-sys-q06,What tool should be used to check the blue/white wire for breaks?,Ohmmeter (M 06).,0.9169608950614929,dropped,13-816_fuel-sys-q08
semantic-580,13-851_fuel-sys,13-851_fuel-sys-q01,What should I check first if the fuel pump is not running?,"Check if the pump fuse is okay. If the fuse is not okay, replace the pump fuse.",0.9433453679084778,kept,13-851_fuel-sys-q01
semantic-580,13-901_fuel-sys,13-901_fuel-sys-q02,"If the fuel pump is not running, what should be checked next?",Check the fuse in the power distributor.,0.9433453679084778,dropped,13-851_fuel-sys-q01
semantic-581,13-853_fuel-sys,13-853_fuel-sys-q03,How do I test the cold start valve if it doesn't open?,Remove cold start valve (fuel line remains connected). Plug Jetronic test lead 61 1 440 on cold start valve and connect with B + and ground. Hold cold start valve in measuring glass I3 3 020. Pull off plug on control relay. Connect conn. 87a on disconnected control relay socket with B + (fuel pump runs). Cold start valve must eject fuel correctly.,0.9069153666496277,kept,13-853_fuel-sys-q03
semantic-581,13-854_fuel-sys,13-854_fuel-sys-q02,How do I test if the cold start valve is functioning properly?,"Pull off plug on control relay, connect conn. 87a on disconnected relay socket with B+ (fuel pump runs), then check if cold start valve ejects correctly.",0.9069153666496277,dropped,13-853_fuel-sys-q03
semantic-582,13-856_fuel-sys,13-856_fuel-sys-q06,What procedure should I follow if the basic mixture setting is too high?,Adjust engine idle speed and CO (see 13 00 054 in Repair Manual).,0.9351572394371033,kept,13-856_fuel-sys-q06
semantic-582,13-856_fuel-sys,13-856_fuel-sys-q07,What should I do if the basic mixture setting is too low?,Adjust engine idle speed and CO (see 13 00 054 in Repair Manual).,0.9351572394371033,dropped,13-856_fuel-sys-q06
semantic-583,13-903_fuel-sys,13-903_fuel-sys-q11,Where should you look for wiring information referenced with double asterisks?,Wiring information referenced with double asterisks can be found in the Wiring Diagram section.,0.9545051455497742,kept,13-903_fuel-sys-q11
semantic-583,13-910_fuel-sys,13-910_fuel-sys-q06,Where can you find the wiring information referenced by the double asterisk?,See Wiring Diagram.,0.9545051455497742,dropped,13-903_fuel-sys-q11
semantic-584,13-906_fuel-sys,13-906_fuel-sys-q10,Where can you find the specifications referenced in this test procedure?,See the Specifications section as indicated by the asterisk note at the bottom of the page.,0.9312812685966492,kept,13-906_fuel-sys-q10
semantic-584,65-354_radio-an,65-354_radio-an-q12,Where can specifications be found for this testing procedure?,See Specifications of Gr. 62,0.9312812685966492,dropped,13-906_fuel-sys-q10
semantic-585,13-907_fuel-sys,13-907_fuel-sys-q10,What are the main diagnostic steps for coolant temperature sensor troubleshooting?,"1) Check code number and plug connections/coolant level, 2) Check resistance values (heat in water bath if necessary), 3) Check wires.",0.9169890880584717,kept,13-907_fuel-sys-q10
semantic-585,13-907_fuel-sys,13-907_fuel-sys-q06,What is the final step in coolant temperature sensor diagnostics?,Check wires.,0.9169890880584717,dropped,13-907_fuel-sys-q10
semantic-586,13-908_fuel-sys,13-908_fuel-sys-q01,What is Test Position 12 for?,Test Position 12 is for the throttle switch.,0.9065958857536316,kept,13-908_fuel-sys-q01
semantic-586,13-909_fuel-sys,13-909_fuel-sys-q01,What is Test Position 14 for?,Test Position 14 is for THROTTLE HOUSING.,0.9065958857536316,dropped,13-908_fuel-sys-q01
semantic-587,1990-bmw-m3-electrical-troubleshooting-manual-7000-05,1990-bmw-m3-electrical-troubleshooting-manual-7000-05-q08,What page number and section is this from in the manual?,This is page 7000-5 from the Component Locations Views section.,0.9515145421028137,kept,1990-bmw-m3-electrical-troubleshooting-manual-7000-05-q08
semantic-587,13-909_fuel-sys,13-909_fuel-sys-q09,What page number is this in the manual?,This is page 13-909.,0.9515145421028137,dropped,1990-bmw-m3-electrical-troubleshooting-manual-7000-05-q08
semantic-587,62-53_instrume,62-53_instrume-q05,What is the page number shown in the manual?,The page number shown is 62 - 53.,0.9515145421028137,dropped,1990-bmw-m3-electrical-troubleshooting-manual-7000-05-q08
semantic-588,16-01_fuel-tan,16-01_fuel-tan-q01,What is component number 1 in the fuel supply system diagram?,Component number 1 is the fuel level sender for the right chamber.,0.9355302453041077,kept,16-01_fuel-tan-q01
semantic-588,16-00_fuel-tan,16-00_fuel-tan-q01,What does component number 1 represent in this fuel supply diagram?,Component number 1 is the Expansion tank.,0.9355302453041077,dropped,16-01_fuel-tan-q01
semantic-588,16-10_fuel-tan,16-10_fuel-tan-q01,What does component number 1 represent in the fuel tank diagram?,Component number 1 is the return pipe in tank (left tank chamber).,0.9355302453041077,dropped,16-01_fuel-tan-q01
semantic-589,26-00-index-a_propello,26-00-index-a_propello-q06,Where can I find information about removing and installing the front propeller shaft?,Information about removing and installing the front propeller shaft can be found on page 26-12.,0.9125224351882935,kept,26-00-index-a_propello-q06
semantic-589,16-02_fuel-tan,16-02_fuel-tan-q10,Where can information about removing the propeller shaft be found?,Remove propeller shaft - see 26 11 000.,0.9125224351882935,dropped,26-00-index-a_propello-q06
semantic-590,16-03_fuel-tan,16-03_fuel-tan-q08,What component is labeled as number 8 in the diagrams?,Number 8 identifies a hose that needs to be loosened and pulled off when removing the right-side fuel tank.,0.958631157875061,kept,16-03_fuel-tan-q08
semantic-590,23-306_manual-t,23-306_manual-t-q08,What component is labeled as number 8 in the lower diagram?,Component 8 is the ball bearing inner race that needs to be heated before installation.,0.958631157875061,dropped,16-03_fuel-tan-q08
semantic-590,62-74_instrume,62-74_instrume-q04,What component is represented by number 8 in the diagram?,Coolant level,0.958631157875061,dropped,16-03_fuel-tan-q08
semantic-591,51-112_body-equ,51-112_body-equ-q02,What component is labeled as number 2 in the diagram?,Component number 2 is the impact absorber.,0.913149893283844,kept,51-112_body-equ-q02
semantic-591,16-06_fuel-tan,16-06_fuel-tan-q01,What component is labeled as number 1 in this diagram?,Component 1 is the Carbon canister.,0.913149893283844,dropped,51-112_body-equ-q02
semantic-591,18-09_exhaust-,18-09_exhaust--q07,What component is labeled as '1' in the lower diagram?,The final muffler clamps,0.913149893283844,dropped,51-112_body-equ-q02
semantic-591,34-27_brakes,34-27_brakes-q02,What component is labeled as number 2 in this diagram?,Number 2 identifies the Hydraulic unit.,0.913149893283844,dropped,51-112_body-equ-q02
semantic-592,33-11_rear-axl,33-11_rear-axl-q08,What is the BMW part number shown at the bottom of the page?,The BMW part number shown at the bottom of the page is 730 33 187.,0.9198007583618164,kept,33-11_rear-axl-q08
semantic-592,16-06_fuel-tan,16-06_fuel-tan-q04,What is the BMW part number shown at the bottom of the photograph?,The BMW part number shown is 30 16 056.,0.9198007583618164,dropped,33-11_rear-axl-q08
semantic-592,23-171_manual-t,23-171_manual-t-q09,What is the BMW part number shown in the first diagram?,The BMW part number shown is 630 23 210.,0.9198007583618164,dropped,33-11_rear-axl-q08
semantic-592,25-02_gear-shi,25-02_gear-shi-q08,What is the BMW part number shown at the bottom of the diagram?,The BMW part number shown is 630 25 053.,0.9198007583618164,dropped,33-11_rear-axl-q08
semantic-592,41-126_body,41-126_body-q05,What is the BMW part number reference shown in the top left image?,The BMW part number reference shown is 30 41 503.,0.9198007583618164,dropped,33-11_rear-axl-q08
semantic-592,41-206_body,41-206_body-q03,What BMW part number is referenced in the illustration?,The BMW part number referenced in the illustration is 30 41 360.,0.9198007583618164,dropped,33-11_rear-axl-q08
semantic-593,16-07_fuel-tan,16-07_fuel-tan-q10,What are the part numbers shown in the images?,"The part numbers shown are 30 16 057, 32 16 035, and 32 16 036.",0.9144783616065979,kept,16-07_fuel-tan-q10
semantic-593,65-153_radio-an,65-153_radio-an-q09,What part number is shown in the first image?,The part number shown is 28 65 023.,0.9144783616065979,dropped,16-07_fuel-tan-q10
semantic-594,17-00-index-a_radiator,17-00-index-a_radiator-q03,What is the reference number for the radiator remove and install procedure?,The reference number for the radiator remove and install procedure is 17 11 000.,0.919400155544281,kept,17-00-index-a_radiator-q03
semantic-594,17-04_radiator,17-04_radiator-q01,What is the procedure number for removing and installing the radiator?,The procedure number is 17 11 000 for removing and installing the radiator.,0.919400155544281,dropped,17-00-index-a_radiator-q03
semantic-595,17-01_radiator,17-01_radiator-q01,What does callout number 1 identify in the coolant circuit diagram?,Callout number 1 identifies the water pump.,0.925566554069519,kept,17-01_radiator-q01
semantic-595,17-02_radiator,17-02_radiator-q01,What component is identified by callout number 1 in this coolant circuit diagram?,Component 1 is the water pump.,0.925566554069519,dropped,17-01_radiator-q01
semantic-596,17-05_radiator,17-05_radiator-q08,What do the numbered callouts in the bottom left diagram represent?,"Callout 1 shows the clamp on the fan cowl, callout 2 indicates the bolt to unscrew, and callout 3 shows the oil cooler lines for automatic transmission cars.",0.9007412195205688,kept,17-05_radiator-q08
semantic-596,31-16_front-ax,31-16_front-ax-q04,What callout numbers are shown in the upper left diagram?,"The upper left diagram shows callout numbers 1 and 2, which indicate the BMW number on the end of spring and the color code respectively.",0.9007412195205688,dropped,17-05_radiator-q08
semantic-597,33-15_rear-axl,33-15_rear-axl-q09,Where can additional specifications for these procedures be found?,"Additional specifications can be found by referring to the ""See Specifications"" reference at the bottom of the page.",0.9046257138252258,kept,33-15_rear-axl-q09
semantic-597,17-05_radiator,17-05_radiator-q11,Where can specifications for this procedure be found?,See Specifications section and Service Information of Group 00.,0.9046257138252258,dropped,33-15_rear-axl-q09
semantic-597,23-306_manual-t,23-306_manual-t-q12,Where can additional specifications be found for these procedures?,"Additional specifications can be found in the Specifications section, as noted at the bottom of the page.",0.9046257138252258,dropped,33-15_rear-axl-q09
semantic-597,36-08_wheels-a,36-08_wheels-a-q11,What reference is made regarding specifications for this procedure?,The page references 'See Specifications' for additional specification details.,0.9046257138252258,dropped,33-15_rear-axl-q09
semantic-598,64-505a_heating-,64-505a_heating--q06,"During installation, what torque specification is mentioned and what component does it apply to?","Tightening torque is specified for multiple components during installation, with reference to see Specifications for exact values.",0.9052022695541382,kept,64-505a_heating--q06
semantic-598,17-05_radiator,17-05_radiator-q12,What is required during installation regarding torque specifications?,Apply the specified tightening torque when installing new hose clamps.,0.9052022695541382,dropped,64-505a_heating--q06
semantic-598,72-114_equipmen,72-114_equipmen-q02,What is the installation torque requirement mentioned for the bolts shown in this procedure?,The installation requires tightening torque according to specifications (marked with asterisk).,0.9052022695541382,dropped,64-505a_heating--q06
semantic-599,31-11_2_front-ax,31-11_2_front-ax-q10,What reference number is shown at the bottom of the page?,"The reference number shown at the bottom is ""See Specifications"" with an asterisk.",0.9575491547584534,kept,31-11_2_front-ax-q10
semantic-599,17-06_1_radiator,17-06_1_radiator-q12,What reference number is provided at the bottom of the page?,HWB No. 81 22 9 400 702.,0.9575491547584534,dropped,31-11_2_front-ax-q10
semantic-599,31-44_front-ax,31-44_front-ax-q08,What is the reference number shown at the bottom of the page?,The reference number shown at the bottom is 316 33 044 cn.,0.9575491547584534,dropped,31-11_2_front-ax-q10
semantic-599,51-323_body-equ,51-323_body-equ-q12,What is the reference number shown in the upper right corner of the page?,The reference number is 30 51 031.,0.9575491547584534,dropped,31-11_2_front-ax-q10
semantic-600,31-09_1_front-ax,31-09_1_front-ax-q06,What should be referenced for tightening torque specifications?,The tightening torque specifications should be referenced in Group 34.,0.9194588661193848,kept,31-09_1_front-ax-q06
semantic-600,17-06_radiator,17-06_radiator-q10,What cross-reference is given for tightening torque specifications?,Tightening torque - See Specifications.,0.9194588661193848,dropped,31-09_1_front-ax-q06
semantic-600,23-111_manual-t,23-111_manual-t-q11,What reference should be consulted for the tightening torque specifications?,See Specifications section for the proper tightening torque values.,0.9194588661193848,dropped,31-09_1_front-ax-q06
semantic-600,31-05_front-ax,31-05_front-ax-q06,What is referenced for tightening torque specifications?,See Specifications is referenced for tightening torque values.,0.9194588661193848,dropped,31-09_1_front-ax-q06
semantic-600,64-504_heating-,64-504_heating--q12,What reference is provided for the tightening torque specification?,See Specifications for the tightening torque value.,0.9194588661193848,dropped,31-09_1_front-ax-q06
semantic-600,64-505_heating-,64-505_heating--q12,What reference is provided for tightening torque specifications throughout the procedure?,See Specifications for tightening torque values.,0.9194588661193848,dropped,31-09_1_front-ax-q06
semantic-601,17-06_radiator,17-06_radiator-q12,"What components are numbered 2, 3, and 4 in the middle left diagram?","Components 2 and 3 are hoses that need to be pulled off, and component 4 is the full level sender that needs to be unscrewed and removed.",0.9247353672981262,kept,17-06_radiator-q12
semantic-601,23-13_manual-t,23-13_manual-t-q03,"What components are numbered 1, 2, and 3 in the first diagram?","Component 1 is the input shaft, 2 is the brass synchromesh ring, and 3 is the needle bearing.",0.9247353672981262,dropped,17-06_radiator-q12
semantic-601,23-306_manual-t,23-306_manual-t-q04,What components are identified as numbers 3 and 4 in the upper right diagram?,Component 3 is the circlip and component 4 is the washer that requires play adjustment between them.,0.9247353672981262,dropped,17-06_radiator-q12
semantic-601,25-05_gear-shi,25-05_gear-shi-q04,What are the three numbered components shown in the middle right diagram?,"The three numbered components are: (1) lift out circlip, (2) take off washer, and (3) pull out selector rod.",0.9247353672981262,dropped,17-06_radiator-q12
semantic-601,33-04_rear-axl,33-04_rear-axl-q03,What components are numbered 1 and 2 in the top left diagram?,Component 1 appears to be the lockplate and component 2 is the nut that needs to be unscrewed.,0.9247353672981262,dropped,17-06_radiator-q12
semantic-601,64-10_heating-,64-10_heating--q08,What components are numbered 1 through 4 in the bottom diagram?,"Component 1 is the shutoff valve, 2 is the valve turner, 3 is the coupling nut, and 4 is the valve core.",0.9247353672981262,dropped,17-06_radiator-q12
semantic-601,65-93_radio-an,65-93_radio-an-q07,"What are the numbered components (1, 2, 3, 4) in the final diagram showing?","Component 1 is the cassette box, 2 is the holder, 3 is the guide, and 4 is the opening of the holder.",0.9247353672981262,dropped,17-06_radiator-q12
semantic-602,51-215_body-equ,51-215_body-equ-q11,What does the arrow indicate in diagram 30 51 022?,The arrow indicates the alignment of the outside handle so that it rests on the rubber pads.,0.9052916169166565,kept,51-215_body-equ-q11
semantic-602,17-07_radiator,17-07_radiator-q12,What does the arrow symbol in diagram 30 17 118 indicate?,The arrow symbol indicates the direction to disconnect the wire plug.,0.9052916169166565,dropped,51-215_body-equ-q11
semantic-603,18-01_exhaust-,18-01_exhaust--q01,What must be done to disconnect the oxygen sensor on a BMW 318i?,Disconnect oxygen sensor plug (1) and pull out plug downward through the protective tube.,0.9092820882797241,kept,18-01_exhaust--q01
semantic-603,18-04_exhaust-,18-04_exhaust--q03,How should the oxygen sensor plug be removed on the BMW 318i?,Disconnect oxygen sensor plug (1) and pull out plug downward through the protective tube.,0.9092820882797241,dropped,18-01_exhaust--q01
semantic-604,18-05_exhaust-,18-05_exhaust--q04,How should the exhaust carrier be handled during installation on cars with automatic transmission?,"Mount the exhaust carrier without tension by adjusting nut (1), then apply tightening torque.",0.9080626964569092,kept,18-05_exhaust--q04
semantic-604,18-01_exhaust-,18-01_exhaust--q04,How should the exhaust carrier be mounted on cars with automatic transmission?,Mount the exhaust carrier without tension by adjusting nut (1).,0.9080626964569092,dropped,18-05_exhaust--q04
semantic-605,18-02_exhaust-,18-02_exhaust--q04,When should the suspension on the rear axle carrier be disconnected?,"Disconnect suspension on rear axle carrier, if necessary.",0.9651005864143372,kept,18-02_exhaust--q04
semantic-605,18-01_exhaust-,18-01_exhaust--q05,When should you disconnect suspension on the rear axle carrier?,Disconnect suspension on rear axle carrier if necessary.,0.9651005864143372,dropped,18-02_exhaust--q04
semantic-606,18-04_exhaust-,18-04_exhaust--q07,What should be checked when installing the exhaust pipe on the manifold?,"Check gasket, replacing if necessary. Replace self-locking nuts. Coat threads with copper paste CRC.",0.9698522090911865,kept,18-04_exhaust--q07
semantic-606,18-01_exhaust-,18-01_exhaust--q06,What should be checked when installing a new exhaust pipe on the manifold?,"Check gasket, replacing if necessary. Replace self-locking nuts.",0.9698522090911865,dropped,18-04_exhaust--q07
semantic-607,18-05_exhaust-,18-05_exhaust--q06,What coating should be applied to threads during exhaust pipe installation?,Coat threads with copper paste CRC and apply tightening torque.,0.9797177314758301,kept,18-05_exhaust--q06
semantic-607,18-01_exhaust-,18-01_exhaust--q07,What coating should be applied to exhaust pipe threads?,Coat threads with copper paste CRC++.,0.9797177314758301,dropped,18-05_exhaust--q06
semantic-608,18-05_exhaust-,18-05_exhaust--q07,When should the holder be torqued during exhaust carrier installation?,Torque holder only after finishing installation of the exhaust assembly to avoid danger of tension.,0.9269827008247375,kept,18-05_exhaust--q07
semantic-608,18-01_exhaust-,18-01_exhaust--q10,When should you torque the exhaust holder during installation?,Torque holder only after finishing installation of assembly (danger of tension).,0.9269827008247375,dropped,18-05_exhaust--q07
semantic-608,18-04_exhaust-,18-04_exhaust--q09,When should the holder for the exhaust assembly be torqued?,Torque holder only after finishing installation of exhaust assembly (danger of tensioning).,0.9269827008247375,dropped,18-05_exhaust--q07
semantic-609,18-02_exhaust-,18-02_exhaust--q05,What is the installation procedure for adjusting the final muffler holder?,Adjust holder by moving and torque only after finishing installation of the exhaust assembly.,0.9086592197418213,kept,18-02_exhaust--q05
semantic-609,18-08_exhaust-,18-08_exhaust--q03,What is the proper procedure for installing the final muffler holder?,"Provide spacing to body by adjusting the holder, then tighten to the specified torque.",0.9086592197418213,dropped,18-02_exhaust--q05
semantic-610,18-02_exhaust-,18-02_exhaust--q06,What should be checked during final muffler installation?,"Check spacing to body and rear axle carrier, correcting if necessary.",0.9143579006195068,kept,18-02_exhaust--q06
semantic-610,18-06_exhaust-,18-06_exhaust--q02,What should be checked when replacing the final muffler?,"Check seals, replacing if necessary. Replace self-locking nuts.",0.9143579006195068,dropped,18-02_exhaust--q06
semantic-611,18-06_exhaust-,18-06_exhaust--q05,How should the holder for the final muffler be torqued during installation?,Torque the holder in such a manner that rubber ring is preloaded.,0.9664821624755859,kept,18-06_exhaust--q05
semantic-611,18-02_exhaust-,18-02_exhaust--q08,What is the proper way to torque the final muffler holder during installation?,Torque holder in such a manner that rubber ring is preloaded.,0.9664821624755859,dropped,18-06_exhaust--q05
semantic-612,23-313_manual-t,23-313_manual-t-q12,What reference is made at the bottom of the page for additional information?,The page references 'See Specifications' for additional information.,0.9247407913208008,kept,23-313_manual-t-q12
semantic-612,18-02_exhaust-,18-02_exhaust--q12,What additional reference is noted at the bottom of the page?,See Specifications is noted at the bottom of the page.,0.9247407913208008,dropped,23-313_manual-t-q12
semantic-613,41-116_body,41-116_body-q12,What vehicle model does this procedure apply to?,"This procedure applies to the two door model, as specified in the title.",0.9065619111061096,kept,41-116_body-q12
semantic-613,18-03_exhaust-,18-03_exhaust--q10,What type of vehicle model is this procedure specifically written for?,This procedure is specifically for the BMW 318i.,0.9065619111061096,dropped,41-116_body-q12
semantic-614,18-05_exhaust-,18-05_exhaust--q05,What should be done with gaskets when unscrewing exhaust pipes on the manifold?,"Check gaskets and replace if necessary, then replace self-locking nuts.",0.9198704361915588,kept,18-05_exhaust--q05
semantic-614,18-07_exhaust-,18-07_exhaust--q04,What should you check on the gaskets when unscrewing exhaust pipes on manifold?,"Check gaskets, replacing if necessary.",0.9198704361915588,dropped,18-05_exhaust--q05
semantic-615,18-08_exhaust-,18-08_exhaust--q10,When should the rear axle carrier holder be tightened?,The holder should only be tightened after finishing installation of the entire exhaust assembly.,0.9127117991447449,kept,18-08_exhaust--q10
semantic-615,18-06_exhaust-,18-06_exhaust--q07,When should the holder on the rear axle carrier be loosened?,"Loosen holder on rear axle carrier, if necessary.",0.9127117991447449,dropped,18-08_exhaust--q10
semantic-616,31-26_front-ax,31-26_front-ax-q11,What component is labeled as (A) in the top diagram?,Component (A) is a shim whose thickness must be measured and noted during installation.,0.9484837055206299,kept,31-26_front-ax-q11
semantic-616,18-09_exhaust-,18-09_exhaust--q06,What component is labeled as 'A' in the upper diagram?,The exhaust carrier mounting point for automatic transmission version,0.9484837055206299,dropped,31-26_front-ax-q11
semantic-617,1990-bmw-m3-electrical-troubleshooting-manual-00-05,1990-bmw-m3-electrical-troubleshooting-manual-00-05-q06,What ground distribution points are shown at the bottom of the page?,"Ground distribution points G101 and G102 are shown, with G101 at 2.5 BR.",0.902899980545044,kept,1990-bmw-m3-electrical-troubleshooting-manual-00-05-q06
semantic-617,1990-bmw-m3-electrical-troubleshooting-manual-0670-04,1990-bmw-m3-electrical-troubleshooting-manual-0670-04-q07,What ground distribution points are shown at the bottom of the diagram?,Ground distribution points G200 are shown at the bottom of the diagram.,0.902899980545044,dropped,1990-bmw-m3-electrical-troubleshooting-manual-00-05-q06
semantic-618,1990-bmw-m3-electrical-troubleshooting-manual-0670-00,1990-bmw-m3-electrical-troubleshooting-manual-0670-00-q06,What fuse positions are shown in the lower row of the power distribution box?,The lower row shows fuse positions 16 through 30,0.940086841583252,kept,1990-bmw-m3-electrical-troubleshooting-manual-0670-00-q06
semantic-618,1990-bmw-m3-electrical-troubleshooting-manual-0670-00,1990-bmw-m3-electrical-troubleshooting-manual-0670-00-q02,How many fuse positions are shown in the upper row of the power distribution box?,"15 fuse positions, numbered 1 through 15",0.940086841583252,dropped,1990-bmw-m3-electrical-troubleshooting-manual-0670-00-q06
semantic-619,1990-bmw-m3-electrical-troubleshooting-manual-0670-01,1990-bmw-m3-electrical-troubleshooting-manual-0670-01-q01,What is the amperage rating of the fuse for the horn circuit?,The horn circuit uses a 15A fuse (fuse number 7).,0.9666325449943542,kept,1990-bmw-m3-electrical-troubleshooting-manual-0670-01-q01
semantic-619,1990-bmw-m3-electrical-troubleshooting-manual-6100-00,1990-bmw-m3-electrical-troubleshooting-manual-6100-00-q01,What is the amperage rating of Fuse 7 in the horn circuit?,Fuse 7 is rated at 15 AMP.,0.9666325449943542,dropped,1990-bmw-m3-electrical-troubleshooting-manual-0670-01-q01
semantic-620,1990-bmw-m3-electrical-troubleshooting-manual-0670-01,1990-bmw-m3-electrical-troubleshooting-manual-0670-01-q08,What is the amperage rating for the auxiliary fan fuses?,"The auxiliary fan circuits use both 30A fuses (fuses 18 and 20) and 7.5A fuses (fuse 19), depending on the specific auxiliary fan function.",0.9653827548027039,kept,1990-bmw-m3-electrical-troubleshooting-manual-0670-01-q08
semantic-620,1990-bmw-m3-electrical-troubleshooting-manual-0670-03,1990-bmw-m3-electrical-troubleshooting-manual-0670-03-q07,What is the amperage rating of the fuse that supplies power to the auxiliary fan circuit?,"FUSE 18, which supplies the auxiliary fan circuit, is rated at 30 AMP.",0.9653827548027039,dropped,1990-bmw-m3-electrical-troubleshooting-manual-0670-01-q08
semantic-621,1990-bmw-m3-electrical-troubleshooting-manual-6216-00,1990-bmw-m3-electrical-troubleshooting-manual-6216-00-q07,What are the amperage ratings for FUSE 13 and FUSE 14?,Both FUSE 13 and FUSE 14 are rated at 7.5 AMP.,0.9345452189445496,kept,1990-bmw-m3-electrical-troubleshooting-manual-6216-00-q07
semantic-621,1990-bmw-m3-electrical-troubleshooting-manual-0670-02,1990-bmw-m3-electrical-troubleshooting-manual-0670-02-q01,What is the amperage rating of FUSE 9?,FUSE 9 is rated at 30 AMP.,0.9345452189445496,dropped,1990-bmw-m3-electrical-troubleshooting-manual-6216-00-q07
semantic-621,1990-bmw-m3-electrical-troubleshooting-manual-0670-02,1990-bmw-m3-electrical-troubleshooting-manual-0670-02-q04,What is the amperage rating of FUSE 12?,FUSE 12 is rated at 7.5 AMP.,0.9345452189445496,dropped,1990-bmw-m3-electrical-troubleshooting-manual-6216-00-q07
semantic-621,1990-bmw-m3-electrical-troubleshooting-manual-0670-03,1990-bmw-m3-electrical-troubleshooting-manual-0670-03-q01,What is the amperage rating of FUSE 19?,FUSE 19 is rated at 7.5 AMP.,0.9345452189445496,dropped,1990-bmw-m3-electrical-troubleshooting-manual-6216-00-q07
semantic-621,1990-bmw-m3-electrical-troubleshooting-manual-0670-06,1990-bmw-m3-electrical-troubleshooting-manual-0670-06-q02,What is the amperage rating for Fuse 4?,Fuse 4 has a 15 AMP rating.,0.9345452189445496,dropped,1990-bmw-m3-electrical-troubleshooting-manual-6216-00-q07
semantic-621,1990-bmw-m3-electrical-troubleshooting-manual-0670-06,1990-bmw-m3-electrical-troubleshooting-manual-0670-06-q03,What is the amperage rating for Fuse 6?,Fuse 6 has a 7.5 AMP rating.,0.9345452189445496,dropped,1990-bmw-m3-electrical-troubleshooting-manual-6216-00-q07
semantic-621,1990-bmw-m3-electrical-troubleshooting-manual-0670-11,1990-bmw-m3-electrical-troubleshooting-manual-0670-11-q01,What amperage rating does Fuse 27 have?,Fuse 27 has a 30 AMP rating.,0.9345452189445496,dropped,1990-bmw-m3-electrical-troubleshooting-manual-6216-00-q07
semantic-621,1990-bmw-m3-electrical-troubleshooting-manual-0670-11,1990-bmw-m3-electrical-troubleshooting-manual-0670-11-q02,What amperage rating does Fuse 9 have?,Fuse 9 has a 15 AMP rating.,0.9345452189445496,dropped,1990-bmw-m3-electrical-troubleshooting-manual-6216-00-q07
semantic-622,1990-bmw-m3-electrical-troubleshooting-manual-0670-02,1990-bmw-m3-electrical-troubleshooting-manual-0670-02-q06,What connector number is shown for the SRS DIAGNOSTIC MODULE?,The SRS DIAGNOSTIC MODULE is connected through connector C240.,0.9869694709777832,kept,1990-bmw-m3-electrical-troubleshooting-manual-0670-02-q06
semantic-622,1990-bmw-m3-electrical-troubleshooting-manual-3243-00,1990-bmw-m3-electrical-troubleshooting-manual-3243-00-q06,What connector number is associated with the SRS diagnostic module?,Connector C260 is associated with the SRS diagnostic module.,0.9869694709777832,dropped,1990-bmw-m3-electrical-troubleshooting-manual-0670-02-q06
semantic-623,1990-bmw-m3-electrical-troubleshooting-manual-0670-03,1990-bmw-m3-electrical-troubleshooting-manual-0670-03-q02,Which fuse has the highest amperage rating shown in the power distribution box?,"FUSE 16, FUSE 17, and FUSE 18 all have the highest rating at 30 AMP each.",0.9197778701782227,kept,1990-bmw-m3-electrical-troubleshooting-manual-0670-03-q02
semantic-623,1990-bmw-m3-electrical-troubleshooting-manual-0670-04,1990-bmw-m3-electrical-troubleshooting-manual-0670-04-q08,Which fuses have the highest amperage rating shown in this power distribution diagram?,FUSE 8 and FUSE 3 both have the highest rating at 15 AMP each.,0.9197778701782227,dropped,1990-bmw-m3-electrical-troubleshooting-manual-0670-03-q02
semantic-623,1990-bmw-m3-electrical-troubleshooting-manual-0670-05,1990-bmw-m3-electrical-troubleshooting-manual-0670-05-q02,Which fuse has the highest amperage rating in this power distribution diagram?,Fuse 28 has the highest amperage rating at 30 AMP.,0.9197778701782227,dropped,1990-bmw-m3-electrical-troubleshooting-manual-0670-03-q02
semantic-623,1990-bmw-m3-electrical-troubleshooting-manual-6160-01,1990-bmw-m3-electrical-troubleshooting-manual-6160-01-q01,What is the amperage rating of the fuse shown in the power distribution box?,The fuse is rated at 30 AMP.,0.9197778701782227,dropped,1990-bmw-m3-electrical-troubleshooting-manual-0670-03-q02
semantic-624,1990-bmw-m3-electrical-troubleshooting-manual-0670-03,1990-bmw-m3-electrical-troubleshooting-manual-0670-03-q08,What connector designation is shown for the accessory connection point?,The accessory connection point is designated as C302 (ACCESSORY CONNECTOR).,0.908589780330658,kept,1990-bmw-m3-electrical-troubleshooting-manual-0670-03-q08
semantic-624,1990-bmw-m3-electrical-troubleshooting-manual-8500-01,1990-bmw-m3-electrical-troubleshooting-manual-8500-01-q01,What is the connector designation for the accessory connector shown in the diagram?,The accessory connector is designated as C302.,0.908589780330658,dropped,1990-bmw-m3-electrical-troubleshooting-manual-0670-03-q08
semantic-625,bosch-motronic-ml-3-1-19-20,bosch-motronic-ml-3-1-19-20-q07,Which relay is designated as K3 and what is its purpose?,K3 is the relé pompa (pump relay) for the fuel pump system.,0.9675405621528625,kept,bosch-motronic-ml-3-1-19-20-q07
semantic-625,1990-bmw-m3-electrical-troubleshooting-manual-0670-04,1990-bmw-m3-electrical-troubleshooting-manual-0670-04-q05,Which relay is designated as K3?,K3 is the HIGH BEAM RELAY.,0.9675405621528625,dropped,bosch-motronic-ml-3-1-19-20-q07
semantic-626,1990-bmw-m3-electrical-troubleshooting-manual-0670-07,1990-bmw-m3-electrical-troubleshooting-manual-0670-07-q05,What wire color connects to the rear defogger switch at position 4?,A 2.5 GN/BU (green/blue) wire connects to position 4 of the rear defogger switch.,0.9211499691009521,kept,1990-bmw-m3-electrical-troubleshooting-manual-0670-07-q05
semantic-626,1990-bmw-m3-electrical-troubleshooting-manual-6100-02,1990-bmw-m3-electrical-troubleshooting-manual-6100-02-q03,What wire color goes from the rear defogger switch to the light switch details?,75 GY/RD (gray/red) wire connects to the light switch details.,0.9211499691009521,dropped,1990-bmw-m3-electrical-troubleshooting-manual-0670-07-q05
semantic-627,1990-bmw-m3-electrical-troubleshooting-manual-0670-09,1990-bmw-m3-electrical-troubleshooting-manual-0670-09-q01,What is the amperage rating of Fuse 20 shown in the power distribution diagram?,Fuse 20 is rated at 30 AMP as shown in the power distribution box.,0.9398273229598999,kept,1990-bmw-m3-electrical-troubleshooting-manual-0670-09-q01
semantic-627,1990-bmw-m3-electrical-troubleshooting-manual-0670-08,1990-bmw-m3-electrical-troubleshooting-manual-0670-08-q01,What is the amperage rating of Fuse 10 shown in this power distribution diagram?,Fuse 10 is rated at 7.5 AMP.,0.9398273229598999,dropped,1990-bmw-m3-electrical-troubleshooting-manual-0670-09-q01
semantic-627,1990-bmw-m3-electrical-troubleshooting-manual-6581-00,1990-bmw-m3-electrical-troubleshooting-manual-6581-00-q01,What is the amperage rating of fuse 10 in the power distribution box?,Fuse 10 is rated at 7.5 AMP.,0.9398273229598999,dropped,1990-bmw-m3-electrical-troubleshooting-manual-0670-09-q01
semantic-628,1990-bmw-m3-electrical-troubleshooting-manual-0670-09,1990-bmw-m3-electrical-troubleshooting-manual-0670-09-q02,What wire gauge is used for the main power feed from Fuse 20 to the distribution point S250?,The main power feed uses 4 GN/BR (4 gauge green/brown) wire from Fuse 20 to distribution point S250.,0.9434370398521423,kept,1990-bmw-m3-electrical-troubleshooting-manual-0670-09-q02
semantic-628,1990-bmw-m3-electrical-troubleshooting-manual-0670-08,1990-bmw-m3-electrical-troubleshooting-manual-0670-08-q02,What wire gauge is used for the main power feed from Fuse 10 to the distribution point S212?,.75 GN/WT wire is used for the main power feed from Fuse 10 to distribution point S212.,0.9434370398521423,dropped,1990-bmw-m3-electrical-troubleshooting-manual-0670-09-q02
semantic-629,1990-bmw-m3-electrical-troubleshooting-manual-0670-08,1990-bmw-m3-electrical-troubleshooting-manual-0670-08-q06,What connector designation is shown for the C302 Accessory Connector?,The C302 Accessory Connector is marked as 'F (NOT USED)' in this diagram.,0.9219416975975037,kept,1990-bmw-m3-electrical-troubleshooting-manual-0670-08-q06
semantic-629,1990-bmw-m3-electrical-troubleshooting-manual-6300-00,1990-bmw-m3-electrical-troubleshooting-manual-6300-00-q07,What connector is labeled as C302 in the diagram?,ACCESSORY CONNECTOR,0.9219416975975037,dropped,1990-bmw-m3-electrical-troubleshooting-manual-0670-08-q06
semantic-630,1990-bmw-m3-electrical-troubleshooting-manual-0670-08,1990-bmw-m3-electrical-troubleshooting-manual-0670-08-q08,What is the wire gauge specification for the connection to the Backup Light Switch?,The Backup Light Switch receives power through a .75 GN/WT wire.,0.907693088054657,kept,1990-bmw-m3-electrical-troubleshooting-manual-0670-08-q08
semantic-630,1990-bmw-m3-electrical-troubleshooting-manual-6322-00,1990-bmw-m3-electrical-troubleshooting-manual-6322-00-q08,What wire gauge is used for the connection between the backup light switch and the distribution point?,The connection uses .75 BU/YT (0.75mm² Blue/Yellow) wire.,0.907693088054657,dropped,1990-bmw-m3-electrical-troubleshooting-manual-0670-08-q08
semantic-631,1990-bmw-m3-electrical-troubleshooting-manual-0670-13,1990-bmw-m3-electrical-troubleshooting-manual-0670-13-q03,Where is the G200 partial ground connection located according to the diagram?,The G200 partial ground connection is located under the left side of the dash above the brake pedal.,0.9638850092887878,kept,1990-bmw-m3-electrical-troubleshooting-manual-0670-13-q03
semantic-631,1990-bmw-m3-electrical-troubleshooting-manual-0670-16,1990-bmw-m3-electrical-troubleshooting-manual-0670-16-q02,Where is the G200 partial ground connection located?,"Under left side of dash, above brake pedal",0.9638850092887878,dropped,1990-bmw-m3-electrical-troubleshooting-manual-0670-13-q03
semantic-632,1990-bmw-m3-electrical-troubleshooting-manual-0670-13,1990-bmw-m3-electrical-troubleshooting-manual-0670-13-q04,What important note is provided about splice S235?,"The note states that splice S235 is found on some vehicles, but if S235 does not exist in a vehicle, all circuits go directly to G200.",0.9577184915542603,kept,1990-bmw-m3-electrical-troubleshooting-manual-0670-13-q04
semantic-632,1990-bmw-m3-electrical-troubleshooting-manual-0670-14,1990-bmw-m3-electrical-troubleshooting-manual-0670-14-q05,What important note is given about splice S235 on some vehicles?,"Splice S235 is found on some vehicles. If S235 does not exist in a vehicle, all circuits go directly to G200.",0.9577184915542603,dropped,1990-bmw-m3-electrical-troubleshooting-manual-0670-13-q04
semantic-632,1990-bmw-m3-electrical-troubleshooting-manual-0670-16,1990-bmw-m3-electrical-troubleshooting-manual-0670-16-q04,What important note is mentioned about splice S235?,"Splice S235 is found on some vehicles. If S235 does not exist in a vehicle, all circuits go directly to G200.",0.9577184915542603,dropped,1990-bmw-m3-electrical-troubleshooting-manual-0670-13-q04
semantic-633,1990-bmw-m3-electrical-troubleshooting-manual-5126-00,1990-bmw-m3-electrical-troubleshooting-manual-5126-00-q08,What ground distribution points are referenced in this diagram?,"The diagram shows ground distribution points S302, G200, and S332, along with various ground connections marked as 'BR' (brown wires)",0.9480865597724915,kept,1990-bmw-m3-electrical-troubleshooting-manual-5126-00-q08
semantic-633,1990-bmw-m3-electrical-troubleshooting-manual-0670-14,1990-bmw-m3-electrical-troubleshooting-manual-0670-14-q02,What ground distribution points are covered in this diagram?,G200 (PARTIAL) AND G201,0.9480865597724915,dropped,1990-bmw-m3-electrical-troubleshooting-manual-5126-00-q08
semantic-634,1990-bmw-m3-electrical-troubleshooting-manual-0670-15,1990-bmw-m3-electrical-troubleshooting-manual-0670-15-q04,What connector numbers are labeled C421 and C422 connected to?,"C421 is connected to the Left Front Seat ground path, and C422 is connected to the Right Front Seat ground path.",0.9254150390625,kept,1990-bmw-m3-electrical-troubleshooting-manual-0670-15-q04
semantic-634,1990-bmw-m3-electrical-troubleshooting-manual-8500-11,1990-bmw-m3-electrical-troubleshooting-manual-8500-11-q07,Which connector shows both C421 and C422 designations?,Connector B040004-00 shows both C421 and C422 designations.,0.9254150390625,dropped,1990-bmw-m3-electrical-troubleshooting-manual-0670-15-q04
semantic-635,1990-bmw-m3-electrical-troubleshooting-manual-6210-00,1990-bmw-m3-electrical-troubleshooting-manual-6210-00-q03,Which components are connected to the instrument cluster printed circuit according to this diagram?,"The instrument cluster printed circuit connects to the high beam indicator (blue), fog lights indicator (green), left turn indicator (green), and right turn indicator (green).",0.9017786979675293,kept,1990-bmw-m3-electrical-troubleshooting-manual-6210-00-q03
semantic-635,1990-bmw-m3-electrical-troubleshooting-manual-1230-00,1990-bmw-m3-electrical-troubleshooting-manual-1230-00-q07,What components are shown in the instrument cluster printed circuit section?,"The instrument cluster printed circuit shows the charge indicator, brake warning light, speedometer, and oxygen sensor indicator control.",0.9017786979675293,dropped,1990-bmw-m3-electrical-troubleshooting-manual-6210-00-q03
semantic-636,1990-bmw-m3-electrical-troubleshooting-manual-9005-02,1990-bmw-m3-electrical-troubleshooting-manual-9005-02-q02,What page and figure reference is provided for the Motronic Control Unit?,Page-Figure 7000- 9-5,0.9398522973060608,kept,1990-bmw-m3-electrical-troubleshooting-manual-9005-02-q02
semantic-636,1990-bmw-m3-electrical-troubleshooting-manual-1240-00,1990-bmw-m3-electrical-troubleshooting-manual-1240-00-q08,What page reference is given for the Motronic Control Unit?,Page 1364-6,0.9398522973060608,dropped,1990-bmw-m3-electrical-troubleshooting-manual-9005-02-q02
semantic-637,reference-images-Bosch Motronic system drawing,reference-images-Bosch Motronic system drawing-q01,What engine management system is shown in this diagram?,The diagram shows a Bosch Motronic engine management system.,0.9257527589797974,kept,reference-images-Bosch Motronic system drawing-q01
semantic-637,1990-bmw-m3-electrical-troubleshooting-manual-1364-00,1990-bmw-m3-electrical-troubleshooting-manual-1364-00-q05,What type of engine management unit is shown at the bottom of the diagram?,MOTRONIC CONTROL UNIT,0.9257527589797974,dropped,reference-images-Bosch Motronic system drawing-q01
semantic-638,1990-bmw-m3-electrical-troubleshooting-manual-1364-02,1990-bmw-m3-electrical-troubleshooting-manual-1364-02-q04,What are the two main control units shown at the bottom of the diagram?,The two main control units are the Solid State Evaporative Purge Valve Relay Control and the Motronic Control Unit.,0.9085537195205688,kept,1990-bmw-m3-electrical-troubleshooting-manual-1364-02-q04
semantic-638,1990-bmw-m3-electrical-troubleshooting-manual-6210-03,1990-bmw-m3-electrical-troubleshooting-manual-6210-03-q04,What type of control unit is shown at the bottom left of the diagram?,The diagram shows a Motronic Control Unit at the bottom left.,0.9085537195205688,dropped,1990-bmw-m3-electrical-troubleshooting-manual-1364-02-q04
semantic-639,1990-bmw-m3-electrical-troubleshooting-manual-6500-00,1990-bmw-m3-electrical-troubleshooting-manual-6500-00-q02,What are the fuse ratings for Fuse 20 and Fuse 21 in the hot at all times power distribution box?,Fuse 20 is rated at 30 AMP and Fuse 21 is rated at 7.5 AMP.,0.9200879335403442,kept,1990-bmw-m3-electrical-troubleshooting-manual-6500-00-q02
semantic-639,1990-bmw-m3-electrical-troubleshooting-manual-1364-03,1990-bmw-m3-electrical-troubleshooting-manual-1364-03-q03,Which fuse rating is specified for fuse 21 in the power distribution box?,Fuse 21 is rated at 25 AMP according to the diagram.,0.9200879335403442,dropped,1990-bmw-m3-electrical-troubleshooting-manual-6500-00-q02
semantic-640,1990-bmw-m3-electrical-troubleshooting-manual-3243-00,1990-bmw-m3-electrical-troubleshooting-manual-3243-00-q02,What voltage is shown at the ignition switch in the START position?,2.5V is shown at the ignition switch when in the START position.,0.9947018623352051,kept,1990-bmw-m3-electrical-troubleshooting-manual-3243-00-q02
semantic-640,1990-bmw-m3-electrical-troubleshooting-manual-6216-01,1990-bmw-m3-electrical-troubleshooting-manual-6216-01-q02,What voltage is shown at the ignition switch START position?,2.5 VI is shown at the START position of the ignition switch.,0.9947018623352051,dropped,1990-bmw-m3-electrical-troubleshooting-manual-3243-00-q02
semantic-641,1990-bmw-m3-electrical-troubleshooting-manual-6421-00,1990-bmw-m3-electrical-troubleshooting-manual-6421-00-q06,What important note is given about some vehicles at the bottom of the diagram?,The note states 'SOME VEHICLES MAY CONTAIN AN ADDITIONAL SPLICE. (SEE GROUND DISTRIBUTION)' with reference to ground distribution for splice S229.,0.9930563569068909,kept,1990-bmw-m3-electrical-troubleshooting-manual-6421-00-q06
semantic-641,1990-bmw-m3-electrical-troubleshooting-manual-3450-00,1990-bmw-m3-electrical-troubleshooting-manual-3450-00-q07,What important note is mentioned about some vehicles at the bottom of the diagram?,Some vehicles may contain an additional splice (see ground distribution),0.9930563569068909,dropped,1990-bmw-m3-electrical-troubleshooting-manual-6421-00-q06
semantic-641,1990-bmw-m3-electrical-troubleshooting-manual-6210-02,1990-bmw-m3-electrical-troubleshooting-manual-6210-02-q08,What important note is provided about some vehicles at the bottom of the diagram?,Some vehicles may contain an additional splice (see ground distribution).,0.9930563569068909,dropped,1990-bmw-m3-electrical-troubleshooting-manual-6421-00-q06
semantic-641,1990-bmw-m3-electrical-troubleshooting-manual-6210-04,1990-bmw-m3-electrical-troubleshooting-manual-6210-04-q06,What important note is shown about some vehicles at the bottom of the diagram?,SOME VEHICLES MAY CONTAIN AN ADDITIONAL SPLICE. (SEE GROUND DISTRIBUTION),0.9930563569068909,dropped,1990-bmw-m3-electrical-troubleshooting-manual-6421-00-q06
semantic-642,1990-bmw-m3-electrical-troubleshooting-manual-6216-02,1990-bmw-m3-electrical-troubleshooting-manual-6216-02-q07,What is the ground connection reference shown in the diagram?,"The ground connection reference is G300, shown at the bottom of the diagram.",0.9176393151283264,kept,1990-bmw-m3-electrical-troubleshooting-manual-6216-02-q07
semantic-642,1990-bmw-m3-electrical-troubleshooting-manual-3450-01,1990-bmw-m3-electrical-troubleshooting-manual-3450-01-q05,What ground connection designation is shown at the bottom left of the diagram?,Ground connection G100 is shown at the bottom left of the diagram.,0.9176393151283264,dropped,1990-bmw-m3-electrical-troubleshooting-manual-6216-02-q07
semantic-643,1990-bmw-m3-electrical-troubleshooting-manual-5116-00,1990-bmw-m3-electrical-troubleshooting-manual-5116-00-q07,What connector number is associated with the interior light timer control?,Connector C406 is associated with the interior light timer control.,0.9206260442733765,kept,1990-bmw-m3-electrical-troubleshooting-manual-5116-00-q07
semantic-643,1990-bmw-m3-electrical-troubleshooting-manual-8500-05,1990-bmw-m3-electrical-troubleshooting-manual-8500-05-q08,What is the part number for the interior light timer control connector?,B090001.16,0.9206260442733765,dropped,1990-bmw-m3-electrical-troubleshooting-manual-5116-00-q07
semantic-644,1990-bmw-m3-electrical-troubleshooting-manual-5126A-01,1990-bmw-m3-electrical-troubleshooting-manual-5126A-01-q05,"If all doors lock during Operation 4, what repair action is needed?","If the doors did not lock in Operation 1, repair/replace the Driver's Door Lock Switch, otherwise proceed to Operation 5.",0.9022883176803589,kept,1990-bmw-m3-electrical-troubleshooting-manual-5126A-01-q05
semantic-644,1990-bmw-m3-electrical-troubleshooting-manual-5126A-00,1990-bmw-m3-electrical-troubleshooting-manual-5126A-00-q05,What repair action is recommended if some doors lock during Operation 1?,Repair/replace the suspect Door Lock Motor circuit.,0.9022883176803589,dropped,1990-bmw-m3-electrical-troubleshooting-manual-5126A-01-q05
semantic-645,1990-bmw-m3-electrical-troubleshooting-manual-5126A-00,1990-bmw-m3-electrical-troubleshooting-manual-5126A-00-q06,What should you do if no doors lock during Operation 1?,Proceed to Operation 4.,0.9042485356330872,kept,1990-bmw-m3-electrical-troubleshooting-manual-5126A-00-q06
semantic-645,1990-bmw-m3-electrical-troubleshooting-manual-5126A-01,1990-bmw-m3-electrical-troubleshooting-manual-5126A-01-q03,What should you do if no doors unlock during Operation 3?,Proceed to Operation 5.,0.9042485356330872,dropped,1990-bmw-m3-electrical-troubleshooting-manual-5126A-00-q06
semantic-646,1990-bmw-m3-electrical-troubleshooting-manual-5126A-03,1990-bmw-m3-electrical-troubleshooting-manual-5126A-03-q03,What is the correct result when performing the Control Unit Lock Test?,The correct result is that the doors lock when the jumpers are connected between terminals 1 & 3 and 2 & 4.,0.9103443622589111,kept,1990-bmw-m3-electrical-troubleshooting-manual-5126A-03-q03
semantic-646,1990-bmw-m3-electrical-troubleshooting-manual-5126A-03,1990-bmw-m3-electrical-troubleshooting-manual-5126A-03-q10,What should you do if the Control Unit Lock Test result is correct?,"If the result is correct, replace the Central Locking Control Unit.",0.9103443622589111,dropped,1990-bmw-m3-electrical-troubleshooting-manual-5126A-03-q03
semantic-647,1990-bmw-m3-electrical-troubleshooting-manual-6314-00,1990-bmw-m3-electrical-troubleshooting-manual-6314-00-q02,What are the amperage ratings for fuses 22 and 23 in the power distribution box?,Both FUSE 22 and FUSE 23 are rated at 7.5 AMP,0.9125841856002808,kept,1990-bmw-m3-electrical-troubleshooting-manual-6314-00-q02
semantic-647,1990-bmw-m3-electrical-troubleshooting-manual-6100-00,1990-bmw-m3-electrical-troubleshooting-manual-6100-00-q02,What is the amperage rating of Fuse 27 shown in the power distribution box?,Fuse 27 is rated at 30 AMP.,0.9125841856002808,dropped,1990-bmw-m3-electrical-troubleshooting-manual-6314-00-q02
semantic-647,1990-bmw-m3-electrical-troubleshooting-manual-6216-01,1990-bmw-m3-electrical-troubleshooting-manual-6216-01-q03,What is the amperage rating of FUSE 5 in the power distribution box?,FUSE 5 has a rating of 7.5 AMP.,0.9125841856002808,dropped,1990-bmw-m3-electrical-troubleshooting-manual-6314-00-q02
semantic-648,1990-bmw-m3-electrical-troubleshooting-manual-6210-01,1990-bmw-m3-electrical-troubleshooting-manual-6210-01-q08,What important note is mentioned about some vehicles regarding additional components?,The note states that some vehicles may contain an additional splice (see ground distribution).,0.9768884181976318,kept,1990-bmw-m3-electrical-troubleshooting-manual-6210-01-q08
semantic-648,1990-bmw-m3-electrical-troubleshooting-manual-6411-00,1990-bmw-m3-electrical-troubleshooting-manual-6411-00-q06,What special note is provided about some vehicles regarding additional components?,Some vehicles may contain an additional splice (see ground distribution).,0.9768884181976318,dropped,1990-bmw-m3-electrical-troubleshooting-manual-6210-01-q08
semantic-649,1990-bmw-m3-electrical-troubleshooting-manual-6581-00,1990-bmw-m3-electrical-troubleshooting-manual-6581-00-q04,What components are connected to the service interval processor?,"The service interval processor is connected to the speedometer, vehicle speed input, fuel rate input, and service interval printed circuit.",0.9226961135864258,kept,1990-bmw-m3-electrical-troubleshooting-manual-6581-00-q04
semantic-649,1990-bmw-m3-electrical-troubleshooting-manual-6210-03,1990-bmw-m3-electrical-troubleshooting-manual-6210-03-q03,What components are connected to the service interval processor according to this diagram?,"The service interval processor is connected to power input, tachometer control, and the service interval printed circuit.",0.9226961135864258,dropped,1990-bmw-m3-electrical-troubleshooting-manual-6581-00-q04
semantic-650,1990-bmw-m3-electrical-troubleshooting-manual-6216-01,1990-bmw-m3-electrical-troubleshooting-manual-6216-01-q08,What component is identified as C1 in the lower portion of the diagram?,C1 is identified as the REAR LIGHTS CHECK RELAY in the lower portion of the diagram.,0.9115734696388245,kept,1990-bmw-m3-electrical-troubleshooting-manual-6216-01-q08
semantic-650,1990-bmw-m3-electrical-troubleshooting-manual-8000-03,1990-bmw-m3-electrical-troubleshooting-manual-8000-03-q06,What component is labeled C101 in this diagram?,C101 appears to be a connector location in the engine harness splice diagram.,0.9115734696388245,dropped,1990-bmw-m3-electrical-troubleshooting-manual-6216-01-q08
semantic-651,1990-bmw-m3-electrical-troubleshooting-manual-6216-02,1990-bmw-m3-electrical-troubleshooting-manual-6216-02-q01,What is the section number and title for this electrical diagram?,Section 6216-2 ACTIVE CHECK CONTROL,0.9278757572174072,kept,1990-bmw-m3-electrical-troubleshooting-manual-6216-02-q01
semantic-651,1990-bmw-m3-electrical-troubleshooting-manual-6300-00,1990-bmw-m3-electrical-troubleshooting-manual-6300-00-q01,What is the title of this electrical diagram section?,LIGHT SWITCH DETAILS,0.9278757572174072,dropped,1990-bmw-m3-electrical-troubleshooting-manual-6216-02-q01
semantic-652,1990-bmw-m3-electrical-troubleshooting-manual-6500-01,1990-bmw-m3-electrical-troubleshooting-manual-6500-01-q10,What note appears regarding some vehicles and ground distribution?,The note states 'SOME VEHICLES MAY CONTAIN AN ADDITIONAL SPLICE. (SEE GROUND DISTRIBUTION)' referring to the ground distribution system.,0.9524469375610352,kept,1990-bmw-m3-electrical-troubleshooting-manual-6500-01-q10
semantic-652,1990-bmw-m3-electrical-troubleshooting-manual-6216-03,1990-bmw-m3-electrical-troubleshooting-manual-6216-03-q07,What important note is mentioned regarding some vehicles' ground distribution?,Some vehicles may contain an additional splice (see ground distribution).,0.9524469375610352,dropped,1990-bmw-m3-electrical-troubleshooting-manual-6500-01-q10
semantic-652,1990-bmw-m3-electrical-troubleshooting-manual-6312-01,1990-bmw-m3-electrical-troubleshooting-manual-6312-01-q10,What special note appears regarding some vehicles' ground distribution?,The note states 'SOME VEHICLES MAY CONTAIN AN ADDITIONAL SPLICE. (SEE GROUND DISTRIBUTION)' indicated by a star symbol.,0.9524469375610352,dropped,1990-bmw-m3-electrical-troubleshooting-manual-6500-01-q10
semantic-652,1990-bmw-m3-electrical-troubleshooting-manual-6413-00,1990-bmw-m3-electrical-troubleshooting-manual-6413-00-q08,What important note is mentioned regarding some vehicles and ground distribution?,Some vehicles may contain an additional splice in the ground distribution according to the note at the bottom of the diagram.,0.9524469375610352,dropped,1990-bmw-m3-electrical-troubleshooting-manual-6500-01-q10
semantic-652,1990-bmw-m3-electrical-troubleshooting-manual-6452-00,1990-bmw-m3-electrical-troubleshooting-manual-6452-00-q06,What important note appears regarding some vehicles and ground distribution?,Some vehicles may contain an additional splice (see ground distribution).,0.9524469375610352,dropped,1990-bmw-m3-electrical-troubleshooting-manual-6500-01-q10
semantic-652,1990-bmw-m3-electrical-troubleshooting-manual-6500-00,1990-bmw-m3-electrical-troubleshooting-manual-6500-00-q05,What important note is provided about some vehicles regarding ground distribution?,Some vehicles may contain an additional splice in the ground distribution.,0.9524469375610352,dropped,1990-bmw-m3-electrical-troubleshooting-manual-6500-01-q10
semantic-653,1990-bmw-m3-electrical-troubleshooting-manual-6300-01,1990-bmw-m3-electrical-troubleshooting-manual-6300-01-q10,What type of switch positions are shown for the light switch?,"The light switch shows HEAD, OFF, and PARK positions, with separate sections for each headlight (HEAD) and parking light (PARK) functions.",0.9109529256820679,kept,1990-bmw-m3-electrical-troubleshooting-manual-6300-01-q10
semantic-653,1990-bmw-m3-electrical-troubleshooting-manual-6300-00,1990-bmw-m3-electrical-troubleshooting-manual-6300-00-q03,What are the three switch positions shown on the light switch in the diagram?,"OFF, PARK, and HEAD",0.9109529256820679,dropped,1990-bmw-m3-electrical-troubleshooting-manual-6300-01-q10
semantic-654,1990-bmw-m3-electrical-troubleshooting-manual-6300-01,1990-bmw-m3-electrical-troubleshooting-manual-6300-01-q09,Which connector designation appears in the rear defogger circuit path?,"Connector C103 appears in the rear defogger circuit path, along with S307.",0.9774171113967896,kept,1990-bmw-m3-electrical-troubleshooting-manual-6300-01-q09
semantic-654,1990-bmw-m3-electrical-troubleshooting-manual-6300-01,1990-bmw-m3-electrical-troubleshooting-manual-6300-01-q03,Which connector designation is shown for the rear defogger circuit?,Connector S221 is shown in the rear defogger circuit path.,0.9774171113967896,dropped,1990-bmw-m3-electrical-troubleshooting-manual-6300-01-q09
semantic-655,1990-bmw-m3-electrical-troubleshooting-manual-7000-07,1990-bmw-m3-electrical-troubleshooting-manual-7000-07-q02,What component is shown in Figure 3 at the top of the steering column?,Figure 3 shows the air bag gas generator at the top of the steering column with the air bag gas generator removed.,0.9175834059715271,kept,1990-bmw-m3-electrical-troubleshooting-manual-7000-07-q02
semantic-655,1990-bmw-m3-electrical-troubleshooting-manual-6313-00,1990-bmw-m3-electrical-troubleshooting-manual-6313-00-q07,What component is located in the steering column according to this diagram?,The combination switch is located in the steering column.,0.9175834059715271,dropped,1990-bmw-m3-electrical-troubleshooting-manual-7000-07-q02
semantic-656,1990-bmw-m3-electrical-troubleshooting-manual-6314-00,1990-bmw-m3-electrical-troubleshooting-manual-6314-00-q06,What are the ground distribution point numbers shown at the bottom of the diagram?,"G104, G300, and S324 are shown as ground distribution points",0.9087185859680176,kept,1990-bmw-m3-electrical-troubleshooting-manual-6314-00-q06
semantic-656,1990-bmw-m3-electrical-troubleshooting-manual-6452-00,1990-bmw-m3-electrical-troubleshooting-manual-6452-00-q04,What is the ground distribution point number shown at the bottom of the circuit diagram?,The ground distribution point is G200.,0.9087185859680176,dropped,1990-bmw-m3-electrical-troubleshooting-manual-6314-00-q06
semantic-657,1990-bmw-m3-electrical-troubleshooting-manual-6452-04,1990-bmw-m3-electrical-troubleshooting-manual-6452-04-q06,What ignition switch position is required for both voltage tests?,The ignition switch must be in the RUN position.,0.9306252598762512,kept,1990-bmw-m3-electrical-troubleshooting-manual-6452-04-q06
semantic-657,1990-bmw-m3-electrical-troubleshooting-manual-6412-02,1990-bmw-m3-electrical-troubleshooting-manual-6412-02-q04,What ignition switch position is required for the Control Switches Voltage Test?,Ignition Switch: RUN,0.9306252598762512,dropped,1990-bmw-m3-electrical-troubleshooting-manual-6452-04-q06
semantic-658,1990-bmw-m3-electrical-troubleshooting-manual-6413-00,1990-bmw-m3-electrical-troubleshooting-manual-6413-00-q06,What are the resistance values for R2 and R3 in the blower resistors?,R2 has a resistance of 8 OHMS and R3 has a resistance of 35 OHMS in the blower resistors.,0.9208435416221619,kept,1990-bmw-m3-electrical-troubleshooting-manual-6413-00-q06
semantic-658,1990-bmw-m3-electrical-troubleshooting-manual-6413-00,1990-bmw-m3-electrical-troubleshooting-manual-6413-00-q02,What resistance value does R1 have in the blower resistors section?,R1 has a resistance value of 1.6 OHMS in the blower resistors.,0.9208435416221619,dropped,1990-bmw-m3-electrical-troubleshooting-manual-6413-00-q06
semantic-659,1990-bmw-m3-electrical-troubleshooting-manual-6452-03,1990-bmw-m3-electrical-troubleshooting-manual-6452-03-q11,What is the expected result of the A/C isolation test?,Compressor Clutch Engages.,0.9140645861625671,kept,1990-bmw-m3-electrical-troubleshooting-manual-6452-03-q11
semantic-659,1990-bmw-m3-electrical-troubleshooting-manual-6452-03,1990-bmw-m3-electrical-troubleshooting-manual-6452-03-q02,What should be done if the A/C isolation test result is correct?,Go to Test B.,0.9140645861625671,dropped,1990-bmw-m3-electrical-troubleshooting-manual-6452-03-q11
semantic-660,1990-bmw-m3-electrical-troubleshooting-manual-6500A-01,1990-bmw-m3-electrical-troubleshooting-manual-6500A-01-q08,"What voltage measurements are taken in the fader signal test between terminals 15, 19, and 20 with Ground?","Approximately 6 volts should be measured between terminals 15 & Ground, 19 & Ground, and 20 & Ground.",0.9112463593482971,kept,1990-bmw-m3-electrical-troubleshooting-manual-6500A-01-q08
semantic-660,1990-bmw-m3-electrical-troubleshooting-manual-6500A-01,1990-bmw-m3-electrical-troubleshooting-manual-6500A-01-q04,What voltage should be present between terminals 14 & Ground in the fader signal test?,Approximately 6 volts should be present between terminals 14 & Ground.,0.9112463593482971,dropped,1990-bmw-m3-electrical-troubleshooting-manual-6500A-01-q08
semantic-661,1990-bmw-m3-electrical-troubleshooting-manual-7000-00,1990-bmw-m3-electrical-troubleshooting-manual-7000-00-q01,Where is the brake fluid level switch located in the engine compartment?,"The brake fluid level switch is located in the LH rear corner of the engine compartment, as shown in Figure 1.",0.9232367873191833,kept,1990-bmw-m3-electrical-troubleshooting-manual-7000-00-q01
semantic-661,1990-bmw-m3-electrical-troubleshooting-manual-9005-00,1990-bmw-m3-electrical-troubleshooting-manual-9005-00-q05,Where is the Brake Fluid Level Switch positioned?,"The Brake Fluid Level Switch is located at LH rear corner of engine compartment, on brake fluid reservoir.",0.9232367873191833,dropped,1990-bmw-m3-electrical-troubleshooting-manual-7000-00-q01
semantic-662,1990-bmw-m3-electrical-troubleshooting-manual-7000-00,1990-bmw-m3-electrical-troubleshooting-manual-7000-00-q08,What section number and title does this page belong to?,This page belongs to section 7000-0 titled 'COMPONENT LOCATION VIEWS'.,0.9499578475952148,kept,1990-bmw-m3-electrical-troubleshooting-manual-7000-00-q08
semantic-662,1990-bmw-m3-electrical-troubleshooting-manual-8000-06,1990-bmw-m3-electrical-troubleshooting-manual-8000-06-q01,What is the page number and title of this section?,This is page 8000-6 titled 'SPLICE LOCATION VIEWS'.,0.9499578475952148,dropped,1990-bmw-m3-electrical-troubleshooting-manual-7000-00-q08
semantic-663,1990-bmw-m3-electrical-troubleshooting-manual-7000-07,1990-bmw-m3-electrical-troubleshooting-manual-7000-07-q08,What is the page number and section title for this component locations reference?,This is page 7000-7 from the Component Locations Views section.,0.9901074767112732,kept,1990-bmw-m3-electrical-troubleshooting-manual-7000-07-q08
semantic-663,1990-bmw-m3-electrical-troubleshooting-manual-7000-11,1990-bmw-m3-electrical-troubleshooting-manual-7000-11-q08,What is the page number and section title for this component location reference?,This is page 7000-11 from the Component Location Views section.,0.9901074767112732,dropped,1990-bmw-m3-electrical-troubleshooting-manual-7000-07-q08
semantic-664,1990-bmw-m3-electrical-troubleshooting-manual-9005-00,1990-bmw-m3-electrical-troubleshooting-manual-9005-00-q03,Where can I find the Auxiliary Fuel Pump in the vehicle?,"The Auxiliary Fuel Pump is located below RH side of rear seat, in fuel tank, below access panel.",0.9037343859672546,kept,1990-bmw-m3-electrical-troubleshooting-manual-9005-00-q03
semantic-664,1990-bmw-m3-electrical-troubleshooting-manual-7000-11,1990-bmw-m3-electrical-troubleshooting-manual-7000-11-q03,Where can I find the main fuel pump in the vehicle?,"The main fuel pump is located below the left rear of the car, forward of the rear wheel.",0.9037343859672546,dropped,1990-bmw-m3-electrical-troubleshooting-manual-9005-00-q03
semantic-665,1990-bmw-m3-electrical-troubleshooting-manual-7000-12,1990-bmw-m3-electrical-troubleshooting-manual-7000-12-q03,What is the gas filler lock motor's location in the vehicle?,"The gas filler lock motor is located on the right side of the trunk, as indicated in Figure 3.",0.9491656422615051,kept,1990-bmw-m3-electrical-troubleshooting-manual-7000-12-q03
semantic-665,1990-bmw-m3-electrical-troubleshooting-manual-9005-01,1990-bmw-m3-electrical-troubleshooting-manual-9005-01-q07,Where is the Gas Filler Lock Motor located?,"The Gas Filler Lock Motor is located on the RH side of trunk, behind RH wheel well.",0.9491656422615051,dropped,1990-bmw-m3-electrical-troubleshooting-manual-7000-12-q03
semantic-666,1990-bmw-m3-electrical-troubleshooting-manual-7000-12,1990-bmw-m3-electrical-troubleshooting-manual-7000-12-q06,Where is the trunk light switch located?,"The trunk light switch is located at the center rear of the trunk lid, as shown in Figure 4.",0.9561803340911865,kept,1990-bmw-m3-electrical-troubleshooting-manual-7000-12-q06
semantic-666,1990-bmw-m3-electrical-troubleshooting-manual-9005-02,1990-bmw-m3-electrical-troubleshooting-manual-9005-02-q09,Where is the Trunk Light Switch positioned?,Top center of trunk lid.,0.9561803340911865,dropped,1990-bmw-m3-electrical-troubleshooting-manual-7000-12-q06
semantic-667,1990-bmw-m3-electrical-troubleshooting-manual-8000-03,1990-bmw-m3-electrical-troubleshooting-manual-8000-03-q01,What is the page number and section title shown in this diagram?,This is page 8000-3 from the Splice Location Views section showing Engine Harness Splice Locations.,0.9121712446212769,kept,1990-bmw-m3-electrical-troubleshooting-manual-8000-03-q01
semantic-667,34-10a_brakes,34-10a_brakes-q02,What section and page number is this diagram from?,This is page 34 - 10a from the service manual.,0.9121712446212769,dropped,1990-bmw-m3-electrical-troubleshooting-manual-8000-03-q01
semantic-668,1990-bmw-m3-electrical-troubleshooting-manual-8000-04,1990-bmw-m3-electrical-troubleshooting-manual-8000-04-q05,What components are identified in the left front door harness?,"The left front door harness contains the LH door lock motor, mirror switch, and window motor.",0.9121455550193787,kept,1990-bmw-m3-electrical-troubleshooting-manual-8000-04-q05
semantic-668,1990-bmw-m3-electrical-troubleshooting-manual-8000-04,1990-bmw-m3-electrical-troubleshooting-manual-8000-04-q03,What components are shown in the right front door harness diagram?,"The right front door harness shows the mirror, RH door lock motor, and window motor.",0.9121455550193787,dropped,1990-bmw-m3-electrical-troubleshooting-manual-8000-04-q05
semantic-669,1990-bmw-m3-electrical-troubleshooting-manual-8000-06,1990-bmw-m3-electrical-troubleshooting-manual-8000-06-q02,What specific type of splice locations are shown in this diagram?,The diagram shows ON-BOARD COMPUTER HARNESS SPLICE LOCATIONS.,0.9626105427742004,kept,1990-bmw-m3-electrical-troubleshooting-manual-8000-06-q02
semantic-669,1990-bmw-m3-electrical-troubleshooting-manual-8000-06,1990-bmw-m3-electrical-troubleshooting-manual-8000-06-q04,What are the splice location designations shown in this diagram?,The splice locations shown are designated as S201 and S202.,0.9626105427742004,dropped,1990-bmw-m3-electrical-troubleshooting-manual-8000-06-q02
semantic-670,1990-bmw-m3-electrical-troubleshooting-manual-8500-04,1990-bmw-m3-electrical-troubleshooting-manual-8500-04-q06,What component uses the B090001.04 connector?,The Evaporative Purge Valve Relay uses the B090001.04 connector.,0.9092750549316406,kept,1990-bmw-m3-electrical-troubleshooting-manual-8500-04-q06
semantic-670,1990-bmw-m3-electrical-troubleshooting-manual-8500-07,1990-bmw-m3-electrical-troubleshooting-manual-8500-07-q06,What component uses connector B060027.00?,Rear Light Assembly,0.9092750549316406,dropped,1990-bmw-m3-electrical-troubleshooting-manual-8500-04-q06
semantic-671,1990-bmw-m3-electrical-troubleshooting-manual-8500-09,1990-bmw-m3-electrical-troubleshooting-manual-8500-09-q02,How many pins does connector C101 have and what is its part number?,Connector C101 has 20 pins arranged in a circular configuration and uses part number B200002.00.,0.9021573662757874,kept,1990-bmw-m3-electrical-troubleshooting-manual-8500-09-q02
semantic-671,1990-bmw-m3-electrical-troubleshooting-manual-8500-09,1990-bmw-m3-electrical-troubleshooting-manual-8500-09-q09,How many pins are visible in connector C140 and what is its part number?,Connector C140 has 4 pins in a circular configuration and uses part number B040006.01.,0.9021573662757874,dropped,1990-bmw-m3-electrical-troubleshooting-manual-8500-09-q02
semantic-672,1990-bmw-m3-electrical-troubleshooting-manual-8500-10,1990-bmw-m3-electrical-troubleshooting-manual-8500-10-q06,How many pins are shown in connector C202?,"Connector C202 has 14 pins total, arranged in two rows with pins 7-13 on top and pins 6-1 on bottom.",0.9415993690490723,kept,1990-bmw-m3-electrical-troubleshooting-manual-8500-10-q06
semantic-672,1990-bmw-m3-electrical-troubleshooting-manual-8500-10,1990-bmw-m3-electrical-troubleshooting-manual-8500-10-q02,How many pins does connector C201 have?,Connector C201 has 6 pins arranged in a single row.,0.9415993690490723,dropped,1990-bmw-m3-electrical-troubleshooting-manual-8500-10-q06
semantic-672,1990-bmw-m3-electrical-troubleshooting-manual-8500-11,1990-bmw-m3-electrical-troubleshooting-manual-8500-11-q09,How many pins does connector C240 have?,Connector C240 has 6 pins arranged in a single row.,0.9415993690490723,dropped,1990-bmw-m3-electrical-troubleshooting-manual-8500-10-q06
semantic-673,21-02_clutch,21-02_clutch-q01,What special tool is needed to hold the flywheel for Engine M20?,Special Tool 11 2 170 is needed to hold the flywheel for Engine M20.,0.9427905082702637,kept,21-02_clutch-q01
semantic-673,21-02_clutch,21-02_clutch-q05,What special tool is used to hold the flywheel for Engine M10?,Special Tool 11 2 160 is used to hold the flywheel for Engine M10.,0.9427905082702637,dropped,21-02_clutch-q01
semantic-674,23-03b_manual-t,23-03b_manual-t-q03,What lubricant should be used to coat the transmission input shaft?,Coat the transmission input shaft lightly with Molykote GL 261 in the area of splines and guide pins.,0.9179027676582336,kept,23-03b_manual-t-q03
semantic-674,21-03_clutch,21-03_clutch-q09,What lubricant should be applied to the transmission input shaft?,Give transmission input shaft a light coat of Microlube GL 261 in area of splines and guide pins.,0.9179027676582336,dropped,23-03b_manual-t-q03
semantic-675,35-03_pedals,35-03_pedals-q09,What adjustment is required during clutch pedal installation?,Adjust clutch pedal to distance (B) with the eccentric and apply the specified tightening torque.,0.906829297542572,kept,35-03_pedals-q09
semantic-675,21-05_clutch,21-05_clutch-q09,How should the clutch pedal be adjusted after installation?,Adjust the clutch pedal with eccentric bolt - see Group 35.,0.906829297542572,dropped,35-03_pedals-q09
semantic-676,23-00-index-a_manual-t,23-00-index-a_manual-t-q02,On which page can I find information about transmission removal and installation?,Page 23-4 covers transmission removal and installation.,0.9394657611846924,kept,23-00-index-a_manual-t-q02
semantic-676,23-00-index-e_manual-t,23-00-index-e_manual-t-q02,On which page can I find information about removing and installing the transmission?,Page 23-302,0.9394657611846924,dropped,23-00-index-a_manual-t-q02
semantic-677,23-00-index-a_manual-t,23-00-index-a_manual-t-q03,What procedure is covered on page 23-22?,Synchronization - disassemble and assemble is covered on page 23-22.,0.933905839920044,kept,23-00-index-a_manual-t-q03
semantic-677,23-00-index-b_manual-t,23-00-index-b_manual-t-q05,What procedure is covered on page 23-120?,Synchronization – disassemble and assemble,0.933905839920044,dropped,23-00-index-a_manual-t-q03
semantic-677,23-00-index-f_manual-t,23-00-index-f_manual-t-q03,What procedure is covered on page 23-319?,Output shaft replacement.,0.933905839920044,dropped,23-00-index-a_manual-t-q03
semantic-678,23-00-index-a_manual-t,23-00-index-a_manual-t-q04,Which page shows the layout drawing for the shift mechanism?,The layout drawing for the shift mechanism is on page 23-2.,0.9820816516876221,kept,23-00-index-a_manual-t-q04
semantic-678,23-00-index-b_manual-t,23-00-index-b_manual-t-q04,Which page contains the layout drawing for the shift mechanism?,Page 23-102,0.9820816516876221,dropped,23-00-index-a_manual-t-q04
semantic-679,23-05_manual-t,23-05_manual-t-q11,What procedure code covers removing and installing the guide sleeve for clutch release?,23 11 623 REMOVING AND INSTALLING GUIDE SLEEVE FOR CLUTCH RELEASE - TRANSMISSION REMOVED.,0.9031277894973755,kept,23-05_manual-t-q11
semantic-679,23-00-index-b_manual-t,23-00-index-b_manual-t-q02,On which page can I find information about removing and installing the guide sleeve for clutch release?,Page 23-106,0.9031277894973755,dropped,23-05_manual-t-q11
semantic-679,23-106_manual-t,23-106_manual-t-q01,What is the procedure number for removing and installing the guide sleeve for clutch release?,The procedure number is 23 11 624.,0.9031277894973755,dropped,23-05_manual-t-q11
semantic-680,23-103_manual-t,23-103_manual-t-q11,What is the main procedure covered in section 23 11 014?,Section 23 11 014 covers removing and installing sealing transmission case front section.,0.9236147999763489,kept,23-103_manual-t-q11
semantic-680,23-00-index-c_manual-t,23-00-index-c_manual-t-q03,What procedure is covered in section 23 00 022?,Transmission - remove and install,0.9236147999763489,dropped,23-103_manual-t-q11
semantic-680,23-00-index-e_manual-t,23-00-index-e_manual-t-q06,What procedure is covered in section 23 11 522?,Transmission case rear section - remove and install / seal,0.9236147999763489,dropped,23-103_manual-t-q11
semantic-680,23-06_manual-t,23-06_manual-t-q02,What procedure is covered in section 23 12 053?,Section 23 12 053 covers replacing the radial oil seal for the output flange.,0.9236147999763489,dropped,23-103_manual-t-q11
semantic-681,23-00-index-d_manual-t,23-00-index-d_manual-t-q02,On which page can I find procedures for input and output shaft assembly removal and installation?,Page 23-174.,0.9617700576782227,kept,23-00-index-d_manual-t-q02
semantic-681,23-00-index-f_manual-t,23-00-index-f_manual-t-q02,On which page can I find information about input and output shaft assembly removal and installation?,Page 23-313.,0.9617700576782227,dropped,23-00-index-d_manual-t-q02
semantic-682,23-13_manual-t,23-13_manual-t-q12,What is the procedure number for replacing the output shaft?,The procedure is numbered 23 21 554 for replacing output shaft with output shaft removed.,0.9450689554214478,kept,23-13_manual-t-q12
semantic-682,23-00-index-d_manual-t,23-00-index-d_manual-t-q03,What is the reference number for the output shaft replacement procedure?,23 21 554.,0.9450689554214478,dropped,23-13_manual-t-q12
semantic-682,23-319_manual-t,23-319_manual-t-q01,What is the procedure reference number for replacing the output shaft?,The procedure reference number for replacing the output shaft is 23 21 554.,0.9450689554214478,dropped,23-13_manual-t-q12
semantic-683,23-00-index-d_manual-t,23-00-index-d_manual-t-q04,Where can I find information about replacing bearings of all transmission shafts?,"Section 23 23 703, page 23-184.",0.9560436606407166,kept,23-00-index-d_manual-t-q04
semantic-683,23-00-index-f_manual-t,23-00-index-f_manual-t-q04,Where can I find the procedure for replacing bearings of all transmission shafts?,Page 23-321.,0.9560436606407166,dropped,23-00-index-d_manual-t-q04
semantic-684,23-01_manual-t,23-01_manual-t-q03,Which gear is identified by callout number 5?,Callout number 5 identifies the fifth gear.,0.9633110165596008,kept,23-01_manual-t-q03
semantic-684,23-165_manual-t,23-165_manual-t-q03,Which gear is represented by callout number 5?,Callout number 5 represents the fifth gear.,0.9633110165596008,dropped,23-01_manual-t-q03
semantic-684,23-300_manual-t,23-300_manual-t-q04,What gear is represented by callout number 5?,Callout number 5 represents the Fifth gear.,0.9633110165596008,dropped,23-01_manual-t-q03
semantic-685,23-01_manual-t,23-01_manual-t-q07,How many forward gears does this Getrag 240 transmission have?,"This Getrag 240 transmission has five forward gears, as indicated in the title and by the numbered callouts 1 through 5.",0.937528133392334,kept,23-01_manual-t-q07
semantic-685,23-165_manual-t,23-165_manual-t-q07,How many forward gears does this Getrag transmission have?,"This Getrag 260 transmission has five forward gears, as indicated in the title and by the gear callouts 1 through 5.",0.937528133392334,dropped,23-01_manual-t-q07
semantic-685,23-300_manual-t,23-300_manual-t-q07,How many forward gears does this GETRAG transmission have based on the component list?,"This GETRAG transmission has five forward gears, as shown by the First gear through Fifth gear listings (numbers 1-5).",0.937528133392334,dropped,23-01_manual-t-q07
semantic-686,23-102_manual-t,23-102_manual-t-q06,Which component is responsible for reverse and 5th gear selection?,"Item 6, the selector fork for reverse/5th gear, is responsible for reverse and 5th gear selection.",0.9227624535560608,kept,23-102_manual-t-q06
semantic-686,23-02_manual-t,23-02_manual-t-q03,Which component controls the reverse/5th gear selection according to the diagram?,"According to the diagram, component 7 is the selector rod for reverse/5th gear.",0.9227624535560608,dropped,23-102_manual-t-q06
semantic-687,25-13_gear-shi,25-13_gear-shi-q04,What is the preload distance specification for the center mount?,The center mount should be preloaded forward by distance A = 4 to 6 mm (0.157 to 0.236 inches).,0.9248654246330261,kept,25-13_gear-shi-q04
semantic-687,23-03_manual-t,23-03_manual-t-q02,What is the preload distance (A) for the center mount installation?,"The preload center mount forward by distance (A) should be 4 to 6 mm (0.157 to 0.236"").",0.9248654246330261,dropped,25-13_gear-shi-q04
semantic-687,23-302_manual-t,23-302_manual-t-q02,What distance should you preload the center mount forward by during installation?,4 to 6 mm (0.157 to 0.236 inches),0.9248654246330261,dropped,25-13_gear-shi-q04
semantic-688,23-03b_manual-t,23-03b_manual-t-q02,Where is the BMW code located for transmission identification?,The BMW code is die-stamped on the front case section and also marked on the front case section label.,0.9535472393035889,kept,23-03b_manual-t-q02
semantic-688,23-168a_manual-t,23-168a_manual-t-q02,Where can I find the BMW transmission identification code?,The BMW code is located on the front case section and is either die-stamped or on a label.,0.9535472393035889,dropped,23-03b_manual-t-q02
semantic-689,23-168a_manual-t,23-168a_manual-t-q04,What lubricant should be used to fill the lubricating groove during installation?,Fill the lubricating groove (N) with Molykote Longterm 2.,0.9039697647094727,kept,23-168a_manual-t-q04
semantic-689,23-03b_manual-t,23-03b_manual-t-q04,What should be filled in the lubricating groove during installation?,Fill lubricating groove (N) with Molykote Longterm 2.,0.9039697647094727,dropped,23-168a_manual-t-q04
semantic-690,23-03b_manual-t,23-03b_manual-t-q07,What should be checked regarding the shift rod joint installation position?,Check the installed position of the shift rod joint - the offset end of the shift rod joint must face right as seen looking forward in the car.,0.916817843914032,kept,23-03b_manual-t-q07
semantic-690,25-11_gear-shi,25-11_gear-shi-q03,What should be checked during installation of the shift rod joint?,"Check rubber rings (3), replacing if necessary, and lubricate bearing surfaces with Molykote Longterm 2.",0.916817843914032,dropped,23-03b_manual-t-q07
semantic-691,23-03b_manual-t,23-03b_manual-t-q11,What could happen if non-conformance occurs during bearing installation?,Non-conformance could cause seizure of the bearing on the guide sleeve.,0.9820784330368042,kept,23-03b_manual-t-q11
semantic-691,23-304_manual-t,23-304_manual-t-q08,What could happen if there is non-conformance during the bearing installation?,Non-conformance could cause bearing to seize on the guide sleeve.,0.9820784330368042,dropped,23-03b_manual-t-q11
semantic-692,23-304_manual-t,23-304_manual-t-q09,What components are mentioned as part of the transfer rubber mount assembly?,"Transfer rubber mount with cross member, exhaust carrier and backup light switch.",0.9070831537246704,kept,23-304_manual-t-q09
semantic-692,23-03b_manual-t,23-03b_manual-t-q12,What components are mentioned in the transfer rubber mounts section at the bottom of the page?,"Transfer rubber mounts, exhaust carrier and backup light switch are shown.",0.9070831537246704,dropped,23-304_manual-t-q09
semantic-693,23-04_manual-t,23-04_manual-t-q01,What special tool is required to remove the transmission case front section?,"Special Tool 23 0 090 is required, which should be mounted on Special Tool 00 1 490.",0.9248543977737427,kept,23-04_manual-t-q01
semantic-693,23-305_manual-t,23-305_manual-t-q08,What tools are needed to pull off the transmission case front section?,Pull off transmission case front section with Special Tools 23 1 170 and 33 1 301.,0.9248543977737427,dropped,23-04_manual-t-q01
semantic-694,23-169_manual-t,23-169_manual-t-q12,What sealing compound is specified for coating the case front section?,Coat case front section with a surface sealing compound in area of the reverse gear shaft.,0.9001845717430115,kept,23-169_manual-t-q12
semantic-694,23-04_manual-t,23-04_manual-t-q05,What sealing compound should be used on the case front section sealing surface?,Loctite No. 573 should be used to coat the sealing surface.,0.9001845717430115,dropped,23-169_manual-t-q12
semantic-695,23-308_manual-t,23-308_manual-t-q04,What important preparation step must be done before applying Loctite No. 573 to sealing surfaces?,Sealing surfaces must be cleaned thoroughly and dried of oil before coating with Loctite No. 573.,0.9344582557678223,kept,23-308_manual-t-q04
semantic-695,23-04_manual-t,23-04_manual-t-q06,How should the sealing surface be prepared before applying Loctite No. 573?,The sealing surface must be thoroughly cleaned and dried of oil before applying the Loctite.,0.9344582557678223,dropped,23-308_manual-t-q04
semantic-696,23-305_manual-t,23-305_manual-t-q01,What transmission needs to be removed according to section 23 11 013?,Remove transmission 23 00 022. Unscrew exhaust bracket (3) with rubber mounts.,0.9005357623100281,kept,23-305_manual-t-q01
semantic-696,23-04_manual-t,23-04_manual-t-q12,What transmission should be removed according to the first step in procedure 23 11 013?,Remove transmission 23 00 022.,0.9005357623100281,dropped,23-305_manual-t-q01
semantic-697,23-168a_manual-t,23-168a_manual-t-q05,What components should be lightly coated with Molykote Longterm 2?,Coat guides (F) and bearings (L) lightly with Molykote Longterm 2.,0.9577304124832153,kept,23-168a_manual-t-q05
semantic-697,23-05_manual-t,23-05_manual-t-q05,What components need to be coated with Molykote Longterm 2?,Coat guides F and bearings L with Molykote Longterm 2.,0.9577304124832153,dropped,23-168a_manual-t-q05
semantic-698,23-05_manual-t,23-05_manual-t-q08,How do you remove the release lever from the clutch release mechanism?,Lift out spring (1) and remove release lever (2) with thrust bearing (3).,0.9748215675354004,kept,23-05_manual-t-q08
semantic-698,23-106_manual-t,23-106_manual-t-q02,How do you remove the release lever from the clutch assembly?,Lift out spring (1) and remove release lever (2) with thrust bearing (3).,0.9748215675354004,dropped,23-05_manual-t-q08
semantic-699,23-06_manual-t,23-06_manual-t-q01,What special tool is required to pull out the radial oil seal?,Special Tool 00 5 010 is required to pull out the radial oil seal.,0.9783452153205872,kept,23-06_manual-t-q01
semantic-699,23-107_manual-t,23-107_manual-t-q08,Which special tool is used to pull out the radial oil seal?,Special Tool 00 5 010 is used to pull out the radial oil seal.,0.9783452153205872,dropped,23-06_manual-t-q01
semantic-700,23-06_manual-t,23-06_manual-t-q03,What special tool is used to hold the output flange during the procedure?,Special Tool 23 0 020 is used to hold the output flange.,0.9471343159675598,kept,23-06_manual-t-q03
semantic-700,23-12_manual-t,23-12_manual-t-q05,What Special Tool should be used to hold the output flange?,Hold output flange with Special Tool 23 0 020.,0.9471343159675598,dropped,23-06_manual-t-q03
semantic-700,23-178_manual-t,23-178_manual-t-q05,Which special tool is used to hold the output flange?,Special Tool 23 0 020,0.9471343159675598,dropped,23-06_manual-t-q03
semantic-701,23-109_manual-t,23-109_manual-t-q02,Which special tool should be used to unscrew the collar nut?,Special Tool 23 1 210 should be used to unscrew the collar nut.,0.9846982955932617,kept,23-109_manual-t-q02
semantic-701,23-06_manual-t,23-06_manual-t-q05,What special tool is needed to unscrew the collar nut?,Special Tool 23 1 210 is needed to unscrew the collar nut.,0.9846982955932617,dropped,23-109_manual-t-q02
semantic-701,23-173a_manual-t,23-173a_manual-t-q05,What special tool is required to unscrew the collar nut?,Special Tool 23 1 210 is required to unscrew the collar nut.,0.9846982955932617,dropped,23-109_manual-t-q02
semantic-701,23-174_manual-t,23-174_manual-t-q02,Which special tool is used to unscrew the collar nut?,Special Tool 23 1 210 is used to unscrew the collar nut.,0.9846982955932617,dropped,23-109_manual-t-q02
semantic-701,23-311_manual-t,23-311_manual-t-q04,What special tool is used to unscrew the collar nut?,Special Tool 23 1 210 is used to unscrew the collar nut.,0.9846982955932617,dropped,23-109_manual-t-q02
semantic-702,23-08_manual-t,23-08_manual-t-q02,Which special tool is required to pull out the output flange?,Special Tool 33 1 150 is required to pull out the output flange.,0.9551913142204285,kept,23-08_manual-t-q02
semantic-702,23-06_manual-t,23-06_manual-t-q07,What special tool is used to pull off the output flange?,Special Tool 33 1 150 is used to pull off the output flange.,0.9551913142204285,dropped,23-08_manual-t-q02
semantic-702,23-107_manual-t,23-107_manual-t-q03,Which special tool is used to pull off the output flange?,Special Tool 33 1 150 is used to pull off the output flange.,0.9551913142204285,dropped,23-08_manual-t-q02
semantic-702,23-109_manual-t,23-109_manual-t-q03,What special tool is needed to pull out the output flange?,Special Tool 33 1 150 is needed to pull out the output flange.,0.9551913142204285,dropped,23-08_manual-t-q02
semantic-702,23-173a_manual-t,23-173a_manual-t-q02,Which special tool is needed to hold the output flange during removal?,Special Tool 23 1 320 is needed to hold the output flange.,0.9551913142204285,dropped,23-08_manual-t-q02
semantic-702,23-174_manual-t,23-174_manual-t-q07,What special tool is used to pull out the output flange?,Special Tool 33 1 150 is used to pull out the output flange.,0.9551913142204285,dropped,23-08_manual-t-q02
semantic-703,23-06_manual-t,23-06_manual-t-q10,What is the first step in replacing the radial oil seal for the output flange?,"The first step is to disconnect the propeller shaft at the front end and on center mount, then remove the lockplate.",0.9009637236595154,kept,23-06_manual-t-q10
semantic-703,23-108_manual-t,23-108_manual-t-q05,What is the first step in replacing the radial oil seal?,Remove guide sleeve 23 11 624 and lift out radial oil seal.,0.9009637236595154,dropped,23-06_manual-t-q10
semantic-704,23-107_manual-t,23-107_manual-t-q09,What procedure number covers replacing the radial oil seal for the selector shaft?,Procedure 23 12 084 covers replacing the radial oil seal for the selector shaft.,0.9247714281082153,kept,23-107_manual-t-q09
semantic-704,23-07_manual-t,23-07_manual-t-q01,What is the procedure number for replacing the radial oil seal for the input shaft?,The procedure number is 23 12 503.,0.9247714281082153,dropped,23-107_manual-t-q09
semantic-705,23-07_manual-t,23-07_manual-t-q08,What component is labeled as 320 23 049 in the lower diagram?,Component 320 23 049 appears to be part of the seal installation tool assembly.,0.9039188623428345,kept,23-07_manual-t-q08
semantic-705,23-07_manual-t,23-07_manual-t-q04,What component is shown in the upper diagram with the part number 320 23 048?,The upper diagram shows the guide sleeve removal tool.,0.9039188623428345,dropped,23-07_manual-t-q08
semantic-706,23-08_manual-t,23-08_manual-t-q03,What are the first steps to remove the transmission case front section?,"Remove transmission case front section 23 11 013, remove lockplate, apply Special Tool 23 1 200, hold output flange with Special Tool 23 0 020, and unscrew collar nut with Special Tool 23 1 210.",0.9456695318222046,kept,23-08_manual-t-q03
semantic-706,23-169_manual-t,23-169_manual-t-q01,What is the procedure for removing the transmission from the case front section?,Remove transmission - see 23 00 022. Mount Special Tool 23 0 090 on Special Tool 00 1 490. Mount transmission on special tool assembly. Drain oil.,0.9456695318222046,dropped,23-08_manual-t-q03
semantic-707,23-174_manual-t,23-174_manual-t-q08,What must be done with the operating lever during installation?,Install the operating lever so that the notch faces up and in the direction of the selector rail.,0.9489553570747375,kept,23-174_manual-t-q08
semantic-707,23-08_manual-t,23-08_manual-t-q07,What should be done with the operating lever during installation?,Install the operating lever so that the notch faces up and in the direction of selector rail.,0.9489553570747375,dropped,23-174_manual-t-q08
semantic-707,23-110_manual-t,23-110_manual-t-q08,What should be checked regarding the operating lever during installation?,Check installed position of operating lever (1).,0.9489553570747375,dropped,23-174_manual-t-q08
semantic-708,23-176_manual-t,23-176_manual-t-q02,"What special tools are needed to pull the input shaft, output shaft and layshaft into the case rear section?","Special Tools 23 1 300 and 23 2 150 are needed to pull the input shaft, output shaft and layshaft into the case rear section.",0.9608513116836548,kept,23-176_manual-t-q02
semantic-708,23-09_manual-t,23-09_manual-t-q01,"What special tool is required to press the input shaft, output shaft and layshaft out of the case rear section?","Special Tool 23 1 050 is required to press the input shaft, output shaft and layshaft out of the case rear section.",0.9608513116836548,dropped,23-176_manual-t-q02
semantic-708,23-10_manual-t,23-10_manual-t-q02,"Which special tools are needed to pull the input shaft, output shaft and layshaft into the case rear section?","Use Special Tools 23 1 300 and 23 2 150 to pull input shaft, output shaft and layshaft into case rear section.",0.9608513116836548,dropped,23-176_manual-t-q02
semantic-708,23-110_manual-t,23-110_manual-t-q01,"What special tool is needed to press the input shaft, output shaft and layshaft out of the case rear section?","Special Tool 23 1 050 is needed to press the input shaft, output shaft and layshaft out of the case rear section.",0.9608513116836548,dropped,23-176_manual-t-q02
semantic-708,23-175_manual-t,23-175_manual-t-q01,"What special tool is needed to press out the input shaft, output shaft and layshaft from the case rear section?","Special Tool 23 1 050 is needed to press input shaft, output shaft and layshaft out of case rear section.",0.9608513116836548,dropped,23-176_manual-t-q02
semantic-709,23-175_manual-t,23-175_manual-t-q03,How do you drive out the pin in the 3rd/4th gear selector fork?,"Drive out pin (10) in 3rd/4th gear selector fork, then replace the pin during installation.",0.931850254535675,kept,23-175_manual-t-q03
semantic-709,23-09_manual-t,23-09_manual-t-q03,What pin needs to be driven out from the 3rd/4th gear selector fork?,Pin 10 needs to be driven out from the 3rd/4th gear selector fork.,0.931850254535675,dropped,23-175_manual-t-q03
semantic-710,23-175_manual-t,23-175_manual-t-q04,What important precaution should you take when knocking out the 3rd/4th gear selector rod?,Be careful not to clamp selector rods and layshaft while pressing out parts. Lockpin (11) should be secured in selector rod.,0.9765431880950928,kept,23-175_manual-t-q04
semantic-710,23-09_manual-t,23-09_manual-t-q05,What important precaution must be taken when knocking out the 3rd/4th gear selector rod?,Important! Lockpin 11 must remain in the selector rod when knocking it out forward.,0.9765431880950928,dropped,23-175_manual-t-q04
semantic-711,23-175_manual-t,23-175_manual-t-q06,What should you check during installation of all bearings?,"Check condition of all bearings, replacing if necessary during installation.",0.9498312473297119,kept,23-175_manual-t-q06
semantic-711,23-09_manual-t,23-09_manual-t-q07,What should be checked on all bearings during installation?,"Check condition of all bearings, replacing if necessary.",0.9498312473297119,dropped,23-175_manual-t-q06
semantic-712,23-09_manual-t,23-09_manual-t-q11,How should the roller bearings be installed in the case rear section?,Install roller bearings with large diameter end facing out.,0.94293212890625,kept,23-09_manual-t-q11
semantic-712,23-175_manual-t,23-175_manual-t-q10,How should roller bearings be installed in the case?,Install roller bearings with large diameter end facing out.,0.94293212890625,dropped,23-09_manual-t-q11
semantic-713,23-103_manual-t,23-103_manual-t-q06,What special tool is required to pull off the case front section?,Special Tool 23 1 460 and 23 1 301 are required to pull off the case front section.,0.9638186097145081,kept,23-103_manual-t-q06
semantic-713,23-169_manual-t,23-169_manual-t-q02,Which special tools are needed to pull off the front case section?,Pull off front case section with Special Tools 23 1 460 and 33 1 301.,0.9638186097145081,dropped,23-103_manual-t-q06
semantic-714,23-104_manual-t,23-104_manual-t-q02,What is the required axial play for the input shaft?,"The axial play required is 1.1 to 1.3 mm (0.043 to 0.051"").",0.9655121564865112,kept,23-104_manual-t-q02
semantic-714,23-116_manual-t,23-116_manual-t-q01,What is the required axial play specification for the input shaft?,"The axial play required is 1.1 to 1.3 mm (0.043 to 0.051"").",0.9655121564865112,dropped,23-104_manual-t-q02
semantic-715,23-104_manual-t,23-104_manual-t-q05,What temperature should the ball bearing inner race and case front section be heated to?,Heat grooved ball bearing inner race and case front section in area of bearing to approx. 80° C (175° F).,0.9713150262832642,kept,23-104_manual-t-q05
semantic-715,23-176_manual-t,23-176_manual-t-q01,What temperature should the ball bearing inner race be heated to in the case rear section?,The ball bearing inner race should be heated to approximately 80°C (175°F) with a hot air blower.,0.9713150262832642,dropped,23-104_manual-t-q05
semantic-716,23-118_manual-t,23-118_manual-t-q10,What should be measured as distance B in the bearing measurement procedure?,Distance (B) should be measured from guide sleeve sealing surface to circlip bearing surface.,0.979462742805481,kept,23-118_manual-t-q10
semantic-716,23-104_manual-t,23-104_manual-t-q10,What is measured as distance B in the bearing measurement procedure?,Distance B is measured from guide sleeve sealing surface to circlip bearing surface.,0.979462742805481,dropped,23-118_manual-t-q10
semantic-717,23-104_manual-t,23-104_manual-t-q11,What note is given about the circlip during measurement?,The circlip must fit right in groove for measuring. Circlips are available from Parts in different thicknesses for corrections.,0.9363799095153809,kept,23-104_manual-t-q11
semantic-717,23-118_manual-t,23-118_manual-t-q08,What is the critical note about the circlip during measurement?,The circlip must be pressed tight in groove for measuring.,0.9363799095153809,dropped,23-104_manual-t-q11
semantic-718,23-21_manual-t,23-21_manual-t-q07,What step should be performed after installing the front case section?,"After installing and mounting the front case section with two bolts, unscrew the oil filler plug.",0.9547754526138306,kept,23-21_manual-t-q07
semantic-718,23-104_manual-t,23-104_manual-t-q12,What is the final step after installing the case front section?,Remove guide sleeve 23 2 180 and install end cover for selector shaft.,0.9547754526138306,dropped,23-21_manual-t-q07
semantic-719,23-105_manual-t,23-105_manual-t-q01,What special tools are needed to press the grooved ball bearing onto the input shaft?,"Special Tools 23 1 007, 23 1 000 and 23 1 006 are needed to press the grooved ball bearing onto the input shaft and into the case front section.",0.9362595081329346,kept,23-105_manual-t-q01
semantic-719,23-184_manual-t,23-184_manual-t-q02,Which special tools are needed to drive out the grooved ball bearing from the input shaft?,Special Tools 23 1 480 and 00 5 500 are needed to drive out the grooved ball bearing.,0.9362595081329346,dropped,23-105_manual-t-q01
semantic-719,23-18_manual-t,23-18_manual-t-q01,What special tools are needed to drive out the grooved ball bearing from the input shaft?,Special Tools 23 1 480 and 00 5 500 are needed to drive out the grooved ball bearing from the input shaft.,0.9362595081329346,dropped,23-105_manual-t-q01
semantic-720,23-105_manual-t,23-105_manual-t-q09,What important note is given about Special Tool 23 1 006?,The important note states that Special Tool 23 1 006 must be inserted so that the flat side faces the input shaft.,0.9516359567642212,kept,23-105_manual-t-q09
semantic-720,23-170_manual-t,23-170_manual-t-q10,What important detail about Special Tool 23 1 006 is mentioned?,Insert Special Tools 23 1 006 so that the flat sides face the input shaft.,0.9516359567642212,dropped,23-105_manual-t-q09
semantic-721,23-105_manual-t,23-105_manual-t-q10,What diagram reference numbers are shown for the two illustrations?,The upper diagram is referenced as 30 23 215 and the lower diagram is referenced as 30 23 216.,0.9081652164459229,kept,23-105_manual-t-q10
semantic-721,51-220_body-equ,51-220_body-equ-q07,What are the diagram reference numbers shown in the images?,"30 51 584, 30 51 585, and 29 51 298",0.9081652164459229,dropped,23-105_manual-t-q10
semantic-721,51-758_body-equ,51-758_body-equ-q11,What are the reference numbers for the diagrams shown?,"The diagrams are numbered 30 51 541, 30 51 542, and 30 51 543.",0.9081652164459229,dropped,23-105_manual-t-q10
semantic-721,64-122_heating-,64-122_heating--q05,What are the two reference numbers shown in the diagrams?,The reference numbers shown are 30 64 201 and 30 64 202.,0.9081652164459229,dropped,23-105_manual-t-q10
semantic-722,23-105_manual-t,23-105_manual-t-q12,What page number is this procedure found on?,This procedure is found on page 23-105 of the service manual.,0.9361693263053894,kept,23-105_manual-t-q12
semantic-722,23-108_manual-t,23-108_manual-t-q12,What page number and section is this procedure located in?,Page 23-108 in the manual transmission section.,0.9361693263053894,dropped,23-105_manual-t-q12
semantic-722,51-432_body-equ,51-432_body-equ-q12,What page number is this procedure located on?,This procedure is located on page 51-432.,0.9361693263053894,dropped,23-105_manual-t-q12
semantic-722,52-201_seats,52-201_seats-q10,What page number and section is this procedure found in?,This procedure is found on page 52-201 in Section 52.,0.9361693263053894,dropped,23-105_manual-t-q12
semantic-723,23-304_manual-t,23-304_manual-t-q05,What type of lubricant should be used to pack the lubricating groove during installation?,Pack lubricating groove (N) with Molykote Longterm 2.,0.9642199277877808,kept,23-304_manual-t-q05
semantic-723,23-106_manual-t,23-106_manual-t-q03,What lubricant should be used when packing the lubricating groove during installation?,Pack lubricating groove N with Molykote Longterm 2.,0.9642199277877808,dropped,23-304_manual-t-q05
semantic-724,23-172_manual-t,23-172_manual-t-q06,What preparation is required for the sealing lips before installation?,Lubricate the sealing lips with oil before installation.,0.9242766499519348,kept,23-172_manual-t-q06
semantic-724,23-108_manual-t,23-108_manual-t-q04,What should be applied to the sealing lips during installation?,Lubricate sealing lips with oil.,0.9242766499519348,dropped,23-172_manual-t-q06
semantic-725,23-108_manual-t,23-108_manual-t-q11,How should the new radial oil seal be installed?,"Drive in radial oil seal with Special Tools 23 1 360 and 00 5 500, and lubricate sealing lips with oil.",0.9114142060279846,kept,23-108_manual-t-q11
semantic-725,23-311_manual-t,23-311_manual-t-q07,What preparation is required before installing the new radial oil seal?,Lubricate the sealing lip of the radial oil seal with oil.,0.9114142060279846,dropped,23-108_manual-t-q11
semantic-726,23-112_manual-t,23-112_manual-t-q01,What special tools are required to hold the output flange during collar nut installation?,"Special Tool 23 0 020 is used to hold the output flange, and Special Tool 23 1 210 is used to tighten the collar nut.",0.9422905445098877,kept,23-112_manual-t-q01
semantic-726,23-109_manual-t,23-109_manual-t-q01,What special tool is required to hold the output flange when unscrewing the collar nut?,Special Tool 23 0 020 is required to hold the output flange.,0.9422905445098877,dropped,23-112_manual-t-q01
semantic-726,23-172_manual-t,23-172_manual-t-q03,Which special tools are required to hold the output flange during collar nut removal?,"Special Tool 23 0 020 is used to hold the output flange, and Special Tool 23 1 210 is used to remove the collar nut.",0.9422905445098877,dropped,23-112_manual-t-q01
semantic-726,31-24_front-ax,31-24_front-ax-q02,What special tool is required to hold the flange and unscrew the collar nut?,Special Tool 23 0 020 is required to hold the flange and unscrew the collar nut.,0.9422905445098877,dropped,23-112_manual-t-q01
semantic-726,31-27_front-ax,31-27_front-ax-q04,What special tool is needed to hold the flange when unscrewing the collar nut?,Special Tool 23 0 020 is needed to hold the flange while unscrewing the collar nut.,0.9422905445098877,dropped,23-112_manual-t-q01
semantic-727,23-109_manual-t,23-109_manual-t-q04,What procedure should be followed before removing the input and output shaft assembly?,Remove the case front section 23 11 014 and remove the lockplate before proceeding with shaft removal.,0.905785322189331,kept,23-109_manual-t-q04
semantic-727,23-174_manual-t,23-174_manual-t-q03,What must be removed before removing and installing the input and output shaft assembly?,"The transmission case front section 23 11 013 must be removed, and the lockplate must be removed.",0.905785322189331,dropped,23-109_manual-t-q04
semantic-728,23-318_manual-t,23-318_manual-t-q04,What temperature should the ball bearing inner races be heated to during installation?,Heat ball bearing inner races to approximately 80°C (175°F) with a hot air blower and install on output shaft.,0.9164668321609497,kept,23-318_manual-t-q04
semantic-728,23-10_manual-t,23-10_manual-t-q01,What temperature should the grooved ball bearing inner race be heated to?,Heat grooved ball bearing inner race in case rear section to approximately 80°C (175°F).,0.9164668321609497,dropped,23-318_manual-t-q04
semantic-729,23-10_manual-t,23-10_manual-t-q03,What important precaution must be observed when pulling in the shafts?,Make sure selector rods and layshaft are not clamped while pulling in parts.,0.9569025635719299,kept,23-10_manual-t-q03
semantic-729,23-176_manual-t,23-176_manual-t-q03,What important precaution must be taken when pulling in the shafts?,Make sure selector rods and layshaft are not clamped while pulling in parts.,0.9569025635719299,dropped,23-10_manual-t-q03
semantic-730,23-112_manual-t,23-112_manual-t-q02,What compound should be applied when installing the collar nut?,Locking compound should be applied when installing the collar nut.,0.96009361743927,kept,23-112_manual-t-q02
semantic-730,23-12_manual-t,23-12_manual-t-q07,What type of compound should be used when installing the collar nut?,Install collar nut with a locking compound.,0.96009361743927,dropped,23-112_manual-t-q02
semantic-731,23-112_manual-t,23-112_manual-t-q04,What components are identified by callout numbers 23 1 200 and 23 1 210 in the top diagram?,23 1 200 identifies the torque application tool and 23 1 210 identifies the collar nut tightening tool.,0.9313337802886963,kept,23-112_manual-t-q04
semantic-731,23-20_manual-t,23-20_manual-t-q07,What component is identified by callout number 23 1 280 in the diagrams?,Callout number 23 1 280 identifies a special tool used for layshaft bearing shell installation.,0.9313337802886963,dropped,23-112_manual-t-q04
semantic-732,23-112_manual-t,23-112_manual-t-q05,What is the complete procedure for installing the output flange collar nut?,"Push or drive on the output flange, install the collar nut with locking compound, apply Special Tool 23 1 200, hold the output flange with Special Tool 23 0 020, and tighten the collar nut with Special Tool 23 1 210 to the specified tightening torque.",0.9157097935676575,kept,23-112_manual-t-q05
semantic-732,bmwtorquespecs-100,bmwtorquespecs-100-q07,What is the procedure for torquing the output flange collar nut?,"Apply initial torque of 190 Nm, then loosen, then apply final torque of 120 Nm",0.9157097935676575,dropped,23-112_manual-t-q05
semantic-733,23-172_manual-t,23-172_manual-t-q04,What should be done during installation of the collar nut?,Install the collar nut with bolt cement and tighten to the specified tightening torque.,0.9254732131958008,kept,23-172_manual-t-q04
semantic-733,23-112_manual-t,23-112_manual-t-q06,What should be installed after the collar nut procedure is complete?,Install the lockplate and lock it in the groove.,0.9254732131958008,dropped,23-172_manual-t-q04
semantic-734,23-112_manual-t,23-112_manual-t-q08,What component is shown in the bottom diagram with callout 30 23 241?,The bottom diagram shows the lockplate installation with callout 30 23 241 identifying the lockplate component.,0.9066247344017029,kept,23-112_manual-t-q08
semantic-734,31-46_front-ax,31-46_front-ax-q03,What component is identified by callout number 31 5 012 in the upper diagram?,Callout number 31 5 012 identifies the special tool used to pull off the output shaft on the right side.,0.9066247344017029,dropped,23-112_manual-t-q08
semantic-735,23-113_manual-t,23-113_manual-t-q09,What components are removed along with the 5th gear?,"The thrust washer and 5th gear are pressed off together, and the brass synchromesh ring and needle bearing are removed.",0.90326988697052,kept,23-113_manual-t-q09
semantic-735,23-13_manual-t,23-13_manual-t-q05,What components are pulled off in the 5th gear removal step?,"Pull off 5th gear (4), brass synchromesh ring (5), and needle bearing (6).",0.90326988697052,dropped,23-113_manual-t-q09
semantic-736,23-14_manual-t,23-14_manual-t-q01,What must be removed before pressing off the reverse gear?,Circlip (11) must be removed before pressing off reverse gear.,0.9642253518104553,kept,23-14_manual-t-q01
semantic-736,23-114_manual-t,23-114_manual-t-q01,What must be removed before pressing off the reverse gear according to the important note?,Circlip (6) must be removed before pressing off reverse gear.,0.9642253518104553,dropped,23-14_manual-t-q01
semantic-736,23-180_manual-t,23-180_manual-t-q01,What must be removed before pressing off reverse gear?,Circlip (11) must be removed before pressing off reverse gear.,0.9642253518104553,dropped,23-14_manual-t-q01
semantic-737,64-505a_heating-,64-505a_heating--q12,What should always be replaced during installation according to the procedures shown?,Replace seal is mentioned multiple times throughout the installation procedures.,0.9467294216156006,kept,64-505a_heating--q12
semantic-737,23-114_manual-t,23-114_manual-t-q02,What should always be replaced during installation?,Always replace circlip.,0.9467294216156006,dropped,64-505a_heating--q12
semantic-737,64-123_heating-,64-123_heating--q10,What should be replaced during installation?,Installation: Replace seals.,0.9467294216156006,dropped,64-505a_heating--q12
semantic-738,23-180_manual-t,23-180_manual-t-q06,What tool is used to press on the guide sleeve to fit tight?,"Special Tool 23 1 290 is used to press on the guide sleeve to fit tight, with pressing-on force applied.",0.9079225659370422,kept,23-180_manual-t-q06
semantic-738,23-114_manual-t,23-114_manual-t-q03,What special tool is used to press on the guide sleeve?,Special Tool 23 1 290.,0.9079225659370422,dropped,23-180_manual-t-q06
semantic-739,23-114_manual-t,23-114_manual-t-q04,What must be aligned when pressing on the guide sleeve?,Make sure that short tabs of synchromesh ring are aligned with groove in pressure pieces when pressing on guide sleeve.,0.9326468110084534,kept,23-114_manual-t-q04
semantic-739,23-14_manual-t,23-14_manual-t-q05,What important alignment requirement must be followed when pressing on the guide sleeve?,Make sure tabs on synchromesh ring are aligned with openings in guide sleeve while pressing on.,0.9326468110084534,dropped,23-114_manual-t-q04
semantic-739,23-181_manual-t,23-181_manual-t-q04,What must be aligned when pressing on parts with the guide sleeve?,"When pressing on parts, make sure that tabs on synchromesh ring are aligned with openings in guide sleeve.",0.9326468110084534,dropped,23-114_manual-t-q04
semantic-740,23-115_manual-t,23-115_manual-t-q02,What temperature should the thrust washer be heated to before installation?,The thrust washer should be heated to approximately 80° C (175° F) before installation on the output shaft.,0.9324402809143066,kept,23-115_manual-t-q02
semantic-740,23-114_manual-t,23-114_manual-t-q10,To what temperature should the thrust washer (7) be heated?,Heat thrust washer (7) to approx. 80° C.,0.9324402809143066,dropped,23-115_manual-t-q02
semantic-741,23-115_manual-t,23-115_manual-t-q04,What components are installed for the 1st gear assembly according to the first step?,"Install needle bearing, 1st gear and sintered steel synchromesh ring, along with guide sleeve and sliding sleeve with narrow collar facing 1st gear.",0.9116590619087219,kept,23-115_manual-t-q04
semantic-741,23-115_manual-t,23-115_manual-t-q07,What components are installed for the 3rd gear assembly?,"Install needle bearing, 3rd gear and brass synchromesh ring, along with guide sleeve and sliding sleeve with long collar facing 3rd gear.",0.9116590619087219,dropped,23-115_manual-t-q04
semantic-742,23-322_manual-t,23-322_manual-t-q07,At what temperature should the case rear section be heated for roller bearing installation?,"Heat case rear section to approximately 80°C (175°F) with a hot air blower, then lift out roller bearing (2).",0.9563572406768799,kept,23-322_manual-t-q07
semantic-742,23-118_manual-t,23-118_manual-t-q04,What temperature should the case be heated to for roller bearing installation?,Heat the case front section in rear of roller bearing to about 80° C (176° F) with a hot air blower.,0.9563572406768799,dropped,23-322_manual-t-q07
semantic-743,23-322_manual-t,23-322_manual-t-q09,What special tools are used to install the roller bearing by driving it in?,Special Tools 23 1 390 and 00 5 500 are used to install roller bearing by driving it in.,0.9449784159660339,kept,23-322_manual-t-q09
semantic-743,23-118_manual-t,23-118_manual-t-q06,What special tool is needed to drive in the roller bearing?,Special Tool 23 2 220 is used to drive in the roller bearing.,0.9449784159660339,dropped,23-322_manual-t-q09
semantic-744,23-119_manual-t,23-119_manual-t-q01,What special tool is required to drive out the grooved ball bearing?,Special Tools 23 1 120 and 00 5 500 are required to drive out the grooved ball bearing.,0.9047389626502991,kept,23-119_manual-t-q01
semantic-744,23-322_manual-t,23-322_manual-t-q02,Which special tools are needed to drive out the ball bearing using tool 23 1 080?,Special Tools 23 1 080 and 00 5 500 are needed to drive out the ball bearing.,0.9047389626502991,dropped,23-119_manual-t-q01
semantic-745,23-19_manual-t,23-19_manual-t-q09,What components should be removed after unscrewing the bolt?,"After unscrewing the bolt, remove the locking lever (4), shim (5), and bearing holder (6).",0.9334842562675476,kept,23-19_manual-t-q09
semantic-745,23-119_manual-t,23-119_manual-t-q10,What components need to be removed after unscrewing the bolts?,"After unscrewing the bolts, clamps (2 and 3) need to be removed.",0.9334842562675476,dropped,23-19_manual-t-q09
semantic-745,51-440_body-equ,51-440_body-equ-q05,What components need to be removed after unscrewing the screws?,Sun visors and holders.,0.9334842562675476,dropped,23-19_manual-t-q09
semantic-746,23-177_manual-t,23-177_manual-t-q08,What preparation is required for the case rear section before coating with Loctite?,The surface must be thoroughly clean and dried of oil before coating the case rear section in the area of reverse gear shaft with Loctite No. 573.,0.9580782651901245,kept,23-177_manual-t-q08
semantic-746,23-11_manual-t,23-11_manual-t-q04,What should be done to prepare the case rear section before coating with Loctite?,The surface must be thoroughly clean and dried of oil before coating the case rear section with Loctite No. 573.,0.9580782651901245,dropped,23-177_manual-t-q08
semantic-747,23-177_manual-t,23-177_manual-t-q03,How should the four rollers be positioned during installation?,"Hold the four rollers in position with grease, then slide in selector shaft and install selector arm at the same time.",0.9971316456794739,kept,23-177_manual-t-q03
semantic-747,23-11_manual-t,23-11_manual-t-q06,How should the 4 rollers be positioned during installation?,The 4 rollers should be held in position with grease during the installation procedure.,0.9971316456794739,dropped,23-177_manual-t-q03
semantic-748,23-177_manual-t,23-177_manual-t-q10,"In the selector rail installation diagram, what do the numbered callouts 4, 5, and 6 indicate?","The numbered callouts show the sequence and positioning of components during selector rail installation, with specific orientations for proper assembly.",0.9109010100364685,kept,23-177_manual-t-q10
semantic-748,23-11_manual-t,23-11_manual-t-q10,What does callout number 4 indicate in the selector rail installation diagram?,Callout number 4 indicates the pin that should be installed during the selector rail installation procedure.,0.9109010100364685,dropped,23-177_manual-t-q10
semantic-749,23-177_manual-t,23-177_manual-t-q12,What is the procedure for driving the pin out of the selector arm?,"Drive the pin out of the selector arm as shown in the diagram, which appears to be a removal step in the disassembly process.",0.9278596639633179,kept,23-177_manual-t-q12
semantic-749,23-11_manual-t,23-11_manual-t-q12,What is the first step shown for driving the pin out of the selector arm?,The first step is to drive the pin out of the selector arm as shown in diagram 30 23 041.,0.9278596639633179,dropped,23-177_manual-t-q12
semantic-750,23-120_manual-t,23-120_manual-t-q03,What reference section should be consulted for the output shaft disassembly procedure?,See section 23 21 555 for output shaft disassembly procedures.,0.9482600092887878,kept,23-120_manual-t-q03
semantic-750,23-324_manual-t,23-324_manual-t-q08,What reference section should be consulted for disassembling the output shaft?,Disassemble output shaft - see 23 21 554.,0.9482600092887878,dropped,23-120_manual-t-q03
semantic-751,23-120_manual-t,23-120_manual-t-q05,What is the critical alignment requirement during installation of the sliding sleeve?,The flat teeth of the sliding sleeve must be aligned with the pressure pieces during installation.,0.9169538617134094,kept,23-120_manual-t-q05
semantic-751,23-317_manual-t,23-317_manual-t-q02,What important alignment requirement must be met when installing the stepped end of the sliding sleeve?,The stepped end of sliding sleeve must be opposite centering pin (5).,0.9169538617134094,dropped,23-120_manual-t-q05
semantic-752,23-12_manual-t,23-12_manual-t-q04,Which Special Tool is required to apply during output flange installation?,Apply Special Tool 23 1 200.,0.983629584312439,kept,23-12_manual-t-q04
semantic-752,23-178_manual-t,23-178_manual-t-q04,What special tool is needed to apply during the output flange installation?,Special Tool 23 1 200,0.983629584312439,dropped,23-12_manual-t-q04
semantic-753,23-12_manual-t,23-12_manual-t-q06,Which Special Tool is used to tighten the collar nut?,Tighten collar nut with Special Tool 23 1 210.,0.9795610308647156,kept,23-12_manual-t-q06
semantic-753,23-178_manual-t,23-178_manual-t-q06,What special tool is needed to tighten the collar nut?,Special Tool 23 1 210,0.9795610308647156,dropped,23-12_manual-t-q06
semantic-754,23-179_manual-t,23-179_manual-t-q04,What special tool is required for pressing off the 1st gear?,Special Tool 23 1 490 is required for pressing off 1st gear with guide sleeve and sliding sleeve.,0.9824984669685364,kept,23-179_manual-t-q04
semantic-754,23-13_manual-t,23-13_manual-t-q01,What special tool is needed to press off the 1st gear?,Special Tool 23 1 490 is needed to press off 1st gear with guide and operating sleeve.,0.9824984669685364,dropped,23-179_manual-t-q04
semantic-755,23-13_manual-t,23-13_manual-t-q11,What section should be referenced for additional specifications?,See Specifications section for additional information.,0.9772719740867615,kept,23-13_manual-t-q11
semantic-755,33-01_1_rear-axl,33-01_1_rear-axl-q06,What section should you reference for additional specifications?,See Specifications of Gr. 26.,0.9772719740867615,dropped,23-13_manual-t-q11
semantic-756,23-15_manual-t,23-15_manual-t-q04,What range of circlip thicknesses is available from Parts?,Circlips are available from Parts in different thicknesses from 1.7 to 2.0 mm (0.067 to 0.079 inches).,0.9801645874977112,kept,23-15_manual-t-q04
semantic-756,23-14_manual-t,23-14_manual-t-q03,What is the thickness range available for circlips from Parts?,Circlips are available from Parts in different thicknesses from 1.7 to 2.0 mm (0.067 to 0.079 inch).,0.9801645874977112,dropped,23-15_manual-t-q04
semantic-756,23-180_manual-t,23-180_manual-t-q03,What thickness range is available for the circlips from Parts?,"Circlips are available from Parts in different thicknesses from 1.7 to 2.0 mm (0.067 to 0.079"").",0.9801645874977112,dropped,23-15_manual-t-q04
semantic-757,23-14_manual-t,23-14_manual-t-q07,Which direction should the operating sleeve be moved during adjustment?,Move operating sleeve in direction of reverse gear and adjust guide sleeve with circlip (11) to take up all play.,0.9353684782981873,kept,23-14_manual-t-q07
semantic-757,23-15_manual-t,23-15_manual-t-q07,In what direction should the operating sleeve be moved?,Move the operating sleeve in direction of 1st gear.,0.9353684782981873,dropped,23-14_manual-t-q07
semantic-758,23-181_manual-t,23-181_manual-t-q01,What temperature should the bearing sleeve be heated to before installation on the output shaft?,The bearing sleeve should be heated to approximately 80° C (175° F) with a hot air blower before installation on the output shaft.,0.9541897773742676,kept,23-181_manual-t-q01
semantic-758,23-15_manual-t,23-15_manual-t-q02,What temperature should the bearing sleeve be heated to before installation?,The bearing sleeve should be heated to approximately 80°C (175°F) before installation on the output shaft.,0.9541897773742676,dropped,23-181_manual-t-q01
semantic-759,23-301_manual-t,23-301_manual-t-q04,What does callout number 8 identify in this transmission diagram?,Callout number 8 identifies the reversing lever.,0.9017447829246521,kept,23-301_manual-t-q04
semantic-759,23-165_manual-t,23-165_manual-t-q02,What does callout number 1 identify in this transmission diagram?,Callout number 1 identifies the first gear.,0.9017447829246521,dropped,23-301_manual-t-q04
semantic-760,23-167_manual-t,23-167_manual-t-q01,What special tool is required for installing the threaded ring?,Special Tool 26 1 040 is required after finishing the installation.,0.9519152045249939,kept,23-167_manual-t-q01
semantic-760,23-302_manual-t,23-302_manual-t-q08,What special tool is referenced for the threaded ring installation?,Special Tool 26 1 040,0.9519152045249939,dropped,23-167_manual-t-q01
semantic-761,26-04_propello,26-04_propello-q04,What is the specified distance A for preloading the center mount in forward direction?,"The center mount should be preloaded in forward direction by distance A = 4 to 6 mm (0.157 to 0.236"").",0.9467662572860718,kept,26-04_propello-q04
semantic-761,23-167_manual-t,23-167_manual-t-q03,What distance should the center mount be preloaded forward by?,The center mount should be preloaded forward by distance (A) = 4 to 6 mm (0.157 to 0.236 inches).,0.9467662572860718,dropped,26-04_propello-q04
semantic-762,26-07_propello,26-07_propello-q03,What important safety note is mentioned about the propeller shaft?,The propeller shaft was balanced in assembled state and may only be replaced as such. Do not disconnect propeller shaft on slide.,0.923326849937439,kept,26-07_propello-q03
semantic-762,23-167_manual-t,23-167_manual-t-q04,What important safety warning is given regarding the propeller shaft?,Don't let the propeller shaft fall into joints. Suspend propeller shaft from car on pieces of wire.,0.923326849937439,dropped,26-07_propello-q03
semantic-762,23-302_manual-t,23-302_manual-t-q05,What important safety precaution is mentioned regarding the propeller shaft?,Don't let propeller shaft fall into the joints. Suspend propeller shaft from car on pieces of wire.,0.923326849937439,dropped,26-07_propello-q03
semantic-763,23-168_manual-t,23-168_manual-t-q02,How should the clutch slave cylinder be positioned during installation?,The bleeder screw should face down when installing the clutch slave cylinder.,0.9728449583053589,kept,23-168_manual-t-q02
semantic-763,23-303_manual-t,23-303_manual-t-q09,Where should the clutch slave cylinder be positioned during installation?,Position release lever with the clutch slave cylinder in installed position.,0.9728449583053589,dropped,23-168_manual-t-q02
semantic-764,23-304_manual-t,23-304_manual-t-q07,What important note is mentioned about transmission oil after installation?,"Transmissions are supplied filled with oil, so that it is only necessary to check the oil level after installation of the transmission.",0.9880722165107727,kept,23-304_manual-t-q07
semantic-764,23-168a_manual-t,23-168a_manual-t-q07,What is the important note about transmission oil after installation?,"Transmissions are supplied with oil since 1.86, so it is only necessary to check the oil level after installation of the transmission.",0.9880722165107727,dropped,23-304_manual-t-q07
semantic-765,23-171_manual-t,23-171_manual-t-q10,What are the example measurements given for distances A and B?,Example shows A = 3.0 mm (0.118 inch) and B = 2.6 mm (0.102 inch).,0.9272337555885315,kept,23-171_manual-t-q10
semantic-765,23-19_manual-t,23-19_manual-t-q07,What measurements A and B are given in the distance measurement example?,"Distance A is 17.5 mm (0.689"") and distance B is 17.0 mm (0.669"").",0.9272337555885315,dropped,23-171_manual-t-q10
semantic-766,23-173_manual-t,23-173_manual-t-q06,What reference is given for unscrewing the propeller shaft?,The reference given for unscrewing the propeller shaft is 23 00 022.,0.9513484239578247,kept,23-173_manual-t-q06
semantic-766,23-172_manual-t,23-172_manual-t-q02,What is the procedure reference for unscrewing the propeller shaft?,See section 23 00 022 for unscrewing the propeller shaft procedure.,0.9513484239578247,dropped,23-173_manual-t-q06
semantic-767,23-174_manual-t,23-174_manual-t-q01,What special tool is needed to hold the output flange with vibration damper?,Special Tool 23 0 020 is needed to hold the output flange with vibration damper.,0.965589702129364,kept,23-174_manual-t-q01
semantic-767,23-178_manual-t,23-178_manual-t-q07,"For the version with Vibration Damper, which special tool should be used to hold the output flange?",Special Tool 23 1 320,0.965589702129364,dropped,23-174_manual-t-q01
semantic-768,34-13_brakes,34-13_brakes-q06,What special requirement must be met for the circlip installation?,"The circlip must have perfect seat in groove of cylinder bore, and a new seal (15) should be installed before mounting on the brake booster.",0.932991087436676,kept,34-13_brakes-q06
semantic-768,23-179_manual-t,23-179_manual-t-q07,What installation requirement is specified for the circlip?,Always replace circlip during installation.,0.932991087436676,dropped,34-13_brakes-q06
semantic-768,31-09_2_front-ax,31-09_2_front-ax-q01,What is the important installation requirement for the circlip shown in the upper diagram?,Install circlip with open end facing down.,0.932991087436676,dropped,34-13_brakes-q06
semantic-769,23-179_manual-t,23-179_manual-t-q11,What should be removed after lifting out the circlip?,"After lifting out circlip (8), remove spacer (9).",0.9113610982894897,kept,23-179_manual-t-q11
semantic-769,23-184_manual-t,23-184_manual-t-q10,What should be done after lifting out the circlip?,"After lifting out the circlip, remove the spacer.",0.9113610982894897,dropped,23-179_manual-t-q11
semantic-770,23-324_manual-t,23-324_manual-t-q01,What material coating is applied to all synchromesh rings?,All synchromesh rings are identical and coated with molybdenum on the inside.,0.9094399213790894,kept,23-324_manual-t-q01
semantic-770,23-180_manual-t,23-180_manual-t-q04,What special coating is mentioned for the synchromesh ring?,The synchromesh ring has molybdenum coat.,0.9094399213790894,dropped,23-324_manual-t-q01
semantic-771,23-182_manual-t,23-182_manual-t-q03,How many grooves does operating sleeve (1) have?,Operating sleeve (1) has two grooves.,0.9478203058242798,kept,23-182_manual-t-q03
semantic-771,23-182_manual-t,23-182_manual-t-q05,How many grooves does operating sleeve (5) have?,Operating sleeve (5) has one groove.,0.9478203058242798,dropped,23-182_manual-t-q03
semantic-772,34-34a_brakes,34-34a_brakes-q06,What is the function of component 372?,Component 372 is the Idle enrichment according to the legend.,0.9347379803657532,kept,34-34a_brakes-q06
semantic-772,23-183_manual-t,23-183_manual-t-q04,What is the function of component number 37?,Component number 37 is the Speedometer drive gear.,0.9347379803657532,dropped,34-34a_brakes-q06
semantic-773,23-184_manual-t,23-184_manual-t-q07,Which special tool is used for removal of the selector arm?,Special Tool 23 1 250 is installed for removal of the selector arm.,0.9676991105079651,kept,23-184_manual-t-q07
semantic-773,23-18_manual-t,23-18_manual-t-q10,What special tool is needed to remove the selector arm?,Install Special Tool 23 1 250 to remove selector arm.,0.9676991105079651,dropped,23-184_manual-t-q07
semantic-774,23-186_manual-t,23-186_manual-t-q06,Which special tools are needed to apply and pull out the bearing shell according to the procedure shown?,"Apply Special Tool 33 4 020, screw on Special Tool 23 1 300, then pull out the bearing shell.",0.9290425181388855,kept,23-186_manual-t-q06
semantic-774,23-184_manual-t,23-184_manual-t-q09,What tools are needed to drive out the bearing shell?,Special Tools 23 1 270 and 00 5 500 are needed to drive out the bearing shell.,0.9290425181388855,dropped,23-186_manual-t-q06
semantic-774,23-18_manual-t,23-18_manual-t-q06,What tools are required to drive out the bearing shell from the layshaft?,Drive out bearing shell with Special Tools 23 1 270 and 00 5 500.,0.9290425181388855,dropped,23-186_manual-t-q06
semantic-774,23-20_manual-t,23-20_manual-t-q04,What special tools are needed to pull out the bearing shell?,"Apply Special Tool 33 4 020, screw on Special Tool 23 1 300, then pull out the bearing shell.",0.9290425181388855,dropped,23-186_manual-t-q06
semantic-775,23-19_manual-t,23-19_manual-t-q02,What should you check during installation regarding the locking lever and thrust pin?,Check the installed position of locking lever (4) and thrust pin (7).,0.9838482141494751,kept,23-19_manual-t-q02
semantic-775,23-185_manual-t,23-185_manual-t-q04,What should be checked during installation regarding the locking lever and thrust pin?,Check installed position of locking lever (7) and thrust pin (8).,0.9838482141494751,dropped,23-19_manual-t-q02
semantic-776,23-319_manual-t,23-319_manual-t-q07,What measurement examples are given for determining shim thickness?,"The examples given are: A = 52.2 mm (2.056 inches), B = 52.0 mm (2.056 inches), and X = 0.2 mm (0.008 inches) shim thickness.",0.9291452169418335,kept,23-319_manual-t-q07
semantic-776,23-185_manual-t,23-185_manual-t-q08,What measurements are shown in the shim thickness example?,"The example shows A = 20.3 mm (0.799""), B = 20.0 mm (0.787""), resulting in shim X = 0.3 mm (0.012"") thick.",0.9291452169418335,dropped,23-319_manual-t-q07
semantic-776,23-19_manual-t,23-19_manual-t-q06,What is the shim thickness in the measurement example shown?,"The shim thickness X is 0.5 mm (0.020"") in the example shown.",0.9291452169418335,dropped,23-319_manual-t-q07
semantic-777,23-311_manual-t,23-311_manual-t-q12,Where can specifications and source of supply information be found?,"Specifications can be found in the Specifications section, and the source of supply is HWB.",0.9680069088935852,kept,23-311_manual-t-q12
semantic-777,23-185_manual-t,23-185_manual-t-q12,Where can specifications and supply information be found?,See Specifications section and Source of Supply: HWB.,0.9680069088935852,dropped,23-311_manual-t-q12
semantic-778,23-20_manual-t,23-20_manual-t-q05,What is the important alignment requirement when installing the bearing shell?,The oil groove must be aligned with groove in case when installing the bearing shell that slot in bearing shell is aligned with turning lock bead in case.,0.9743366837501526,kept,23-20_manual-t-q05
semantic-778,23-186_manual-t,23-186_manual-t-q05,What is the critical alignment requirement when installing the bearing shell?,The oil groove must be aligned with the groove in the case.,0.9743366837501526,dropped,23-20_manual-t-q05
semantic-779,23-187_manual-t,23-187_manual-t-q01,What is the acceptable axial play range for the layshaft when checking through the bore for the oil filler plug?,The axial play should be 0.13 to 0.23 mm (0.005 to 0.009 inches).,0.9634753465652466,kept,23-187_manual-t-q01
semantic-779,23-21_manual-t,23-21_manual-t-q01,What is the specified axial play range for the layshaft through the bore for the oil filler plug?,The axial play should be 0.13 to 0.23 mm (0.005 to 0.009 inches).,0.9634753465652466,dropped,23-187_manual-t-q01
semantic-780,23-21_manual-t,23-21_manual-t-q04,What should be done if correction is necessary for the layshaft axial play?,"If correction is necessary, the bearing shell must be removed again and a shim of different thickness installed.",0.9525867700576782,kept,23-21_manual-t-q04
semantic-780,23-187_manual-t,23-187_manual-t-q03,What must be done if correction is necessary when checking layshaft axial play?,The bearing shell must be removed again and a shim of different thickness installed.,0.9525867700576782,dropped,23-21_manual-t-q04
semantic-781,23-21_manual-t,23-21_manual-t-q10,Where can information about determining shim thickness for the guide sleeve be found?,Information for determining the thickness of shim for guide sleeve can be found in section 23 11 623.,0.938622772693634,kept,23-21_manual-t-q10
semantic-781,23-187_manual-t,23-187_manual-t-q06,What reference should be consulted to determine the thickness of the shim for the guide sleeve?,See section 23 11 623 to determine the thickness of shim for the guide sleeve.,0.938622772693634,dropped,23-21_manual-t-q10
semantic-782,23-22_manual-t,23-22_manual-t-q06,What must be aligned during synchromizer installation?,Bores (4) or flat teeth of operating sleeve must be aligned with ball (3).,0.9176926612854004,kept,23-22_manual-t-q06
semantic-782,23-188_manual-t,23-188_manual-t-q08,What alignment requirement must be met during synchronizer installation?,Bore (4) in operating sleeve must be aligned with ball (3).,0.9176926612854004,dropped,23-22_manual-t-q06
semantic-783,23-188_manual-t,23-188_manual-t-q12,How far should the guide sleeve be inserted into the operating sleeve initially?,Insert guide sleeve in operating sleeve half the distance. Press in balls far enough that the guide sleeve can be pressed into the operating sleeve.,0.9486066699028015,kept,23-188_manual-t-q12
semantic-783,23-324_manual-t,23-324_manual-t-q06,How far should the guide sleeve be installed into the operating sleeve?,Install guide sleeve so that half of it is in the operating sleeve.,0.9486066699028015,dropped,23-188_manual-t-q12
semantic-784,23-19_manual-t,23-19_manual-t-q12,How do you determine the proper shim thickness?,"Determine the thickness of shim X by measuring distance A and distance B, then calculating the difference to find the required shim thickness.",0.921973705291748,kept,23-19_manual-t-q12
semantic-784,31-41_front-ax,31-41_front-ax-q07,How do you calculate the required shim thickness from the measurements?,"Add the installed shim (A) plus the D target, then subtract the D actual measurement to determine the new shim thickness (A)",0.921973705291748,dropped,23-19_manual-t-q12
semantic-785,23-20_manual-t,23-20_manual-t-q11,What callout number identifies the special tool 33 4 020 in the diagram?,Callout number 33 4 020 identifies the special tool used in conjunction with Special Tool 23 1 300 to pull out the bearing shell.,0.9020691514015198,kept,23-20_manual-t-q11
semantic-785,26-01a_propello,26-01a_propello-q09,What callout number identifies the special tool in the diagrams?,Callout number 26 1 030 identifies the special tool used for measuring angles in multiple locations throughout the diagrams.,0.9020691514015198,dropped,23-20_manual-t-q11
semantic-786,23-301_manual-t,23-301_manual-t-q01,What transmission type is shown in this section drawing?,This is a section drawing of the shift mechanism for GETRAG 265/6 Overdrive Transmission.,0.9708544611930847,kept,23-301_manual-t-q01
semantic-786,23-300_manual-t,23-300_manual-t-q01,What type of transmission is shown in this section drawing?,This is a section drawing of the GETRAG 265/6 Overdrive Manual Transmission.,0.9708544611930847,dropped,23-301_manual-t-q01
semantic-787,23-310_manual-t,23-310_manual-t-q10,What should be done with spacers during installation?,Hold spacers of calculated thickness in position with grease.,0.9312267899513245,kept,23-310_manual-t-q10
semantic-787,35-07_pedals,35-07_pedals-q09,What should be done to the spacer during installation?,Lubricate spacer with grease during installation.,0.9312267899513245,dropped,23-310_manual-t-q10
semantic-788,34-19_brakes,34-19_brakes-q11,What component is shown being lifted out in the second image on the left side?,The rear ashtray is being lifted out after unscrewing the bolt.,0.9389102458953857,kept,34-19_brakes-q11
semantic-788,23-312_manual-t,23-312_manual-t-q12,What component is being lifted out in the bottom left image?,The radial oil seal is being lifted out.,0.9389102458953857,dropped,34-19_brakes-q11
semantic-788,51-162_body-equ,51-162_body-equ-q09,What component is shown being lifted off in the upper right image?,The dust cover is being lifted off.,0.9389102458953857,dropped,34-19_brakes-q11
semantic-789,23-313_manual-t,23-313_manual-t-q04,Which special tools are used to pull the bearing inner race off of the output shaft?,Special Tools 23 1 100 and 00 7 500 are used to pull the bearing inner race off of the output shaft.,0.9456865191459656,kept,23-313_manual-t-q04
semantic-789,23-321_manual-t,23-321_manual-t-q02,Which special tools are required to pull the bearing inner race off the input shaft?,Special Tools 23 1 230 and 00 7 500 are required to pull the bearing inner race off the input shaft.,0.9456865191459656,dropped,23-313_manual-t-q04
semantic-790,23-314_manual-t,23-314_manual-t-q06,What tools are specified for pulling out the output shaft?,"Pull out output shaft toward rear far enough, that bearing inner race can be pulled off with Special Tools 23 1 060 and 33 1 301.",0.9095122218132019,kept,23-314_manual-t-q06
semantic-790,33-15_rear-axl,33-15_rear-axl-q03,What special tool is required to install and pull in the output shaft?,Special Tool 33 2 110 is required to install and pull in the output shaft with tightening torque.,0.9095122218132019,dropped,23-314_manual-t-q06
semantic-791,23-317_manual-t,23-317_manual-t-q01,What special tool is needed to heat the bearing sleeve and what temperature should it be heated to?,"Special Tool 23 1 450 is needed to heat the bearing sleeve to approximately 80°C (175°F) with a hot air blower, then push it onto the output shaft.",0.9083631634712219,kept,23-317_manual-t-q01
semantic-791,23-315_manual-t,23-315_manual-t-q12,What tool or equipment is specifically mentioned for heating the bearing sleeve?,A hot air blower is used to heat bearing sleeve (1) to approximately 80° C (175° F).,0.9083631634712219,dropped,23-317_manual-t-q01
semantic-792,23-317_manual-t,23-317_manual-t-q03,What size pin should be driven in while counterholding during the selector rod installation?,A 6 x 26 mm pin can be driven in while counterholding during the selector rod installation procedure.,0.9102194905281067,kept,23-317_manual-t-q03
semantic-792,23-316_manual-t,23-316_manual-t-q01,What size pin should be driven in while counterholding during the 1st/2nd gear selector rod installation?,Drive in a 6 x 32 mm pin while counterholding.,0.9102194905281067,dropped,23-317_manual-t-q03
semantic-793,23-316_manual-t,23-316_manual-t-q07,How should the 3rd/4th gear selector fork be positioned during installation?,"Mount 3rd/4th gear selector fork, insert detent ball, push in selector rod up to spring, insert locking balls and press down, then push in selector rod against arrest in this position.",0.9390496015548706,kept,23-316_manual-t-q07
semantic-793,23-316_manual-t,23-316_manual-t-q04,How should the 1st/2nd gear selector fork be positioned during installation?,"Mount 1st/2nd gear selector fork, push in 1st/2nd gear selector rod up to spring, insert locking balls and press down, then push in selector rod against arrest in this position.",0.9390496015548706,dropped,23-316_manual-t-q07
semantic-794,23-323_manual-t,23-323_manual-t-q01,What temperature should the new bearing inner race be heated to before installation?,"Heat the new bearing inner race to approximately 800°C (175°F) with a hot air blower and install on layshaft, driving on with Special Tool 23 1 030 if necessary.",0.9649657607078552,kept,23-323_manual-t-q01
semantic-794,23-318_manual-t,23-318_manual-t-q01,What temperature should the bearing inner race be heated to for installation?,The bearing inner race should be heated to approximately 80°C (175°F) with a hot air blower and installed on the layshaft.,0.9649657607078552,dropped,23-323_manual-t-q01
semantic-795,23-323_manual-t,23-323_manual-t-q02,What special tools are required to drive roller bearings for input shaft and layshaft out of the intermediate case?,Special Tools 23 1 130 and 00 5 500 are required to drive roller bearings for input shaft and layshaft out of intermediate case.,0.9695835709571838,kept,23-323_manual-t-q02
semantic-795,23-323_manual-t,23-323_manual-t-q04,What special tools are needed to drive in roller bearings for output shaft and layshaft into intermediate case?,Special Tools 23 1 410 and 00 5 500 are used to drive in roller bearings for output shaft and layshaft into intermediate case.,0.9695835709571838,dropped,23-323_manual-t-q02
semantic-796,25-01_gear-shi,25-01_gear-shi-q01,What is component number 31 in the shift layout diagram?,Component number 31 is the shift lever knob.,0.9096102714538574,kept,25-01_gear-shi-q01
semantic-796,25-15_gear-shi,25-15_gear-shi-q04,What is component number 30 called in this shift layout diagram?,Component number 30 is the oval head screw.,0.9096102714538574,dropped,25-01_gear-shi-q01
semantic-797,25-05_gear-shi,25-05_gear-shi-q05,What special tool is required to remove the shift lever from above?,Special Tool 25 1 100 is required to remove the shift lever from above.,0.9966768622398376,kept,25-05_gear-shi-q05
semantic-797,25-04_gear-shi,25-04_gear-shi-q01,What special tool is required for removing the shift lever from above?,Special Tool 25 1 100 is required.,0.9966768622398376,dropped,25-05_gear-shi-q05
semantic-798,25-05_gear-shi,25-05_gear-shi-q02,Which special tools are mentioned for loosening the threaded sleeve?,Special Tool 26 1 060 or 26 1 040 are mentioned for loosening the threaded sleeve several turns.,0.9315560460090637,kept,25-05_gear-shi-q02
semantic-798,25-13_gear-shi,25-13_gear-shi-q02,What special tool is required to unscrew the threaded sleeve?,Special Tool 26 1 040 is required to unscrew the threaded sleeve several turns.,0.9315560460090637,dropped,25-05_gear-shi-q02
semantic-798,26-03_propello,26-03_propello-q03,What special tool is used to unscrew the threaded sleeve?,Special Tool 26 1 040 is used to unscrew the threaded sleeve several turns.,0.9315560460090637,dropped,25-05_gear-shi-q02
semantic-798,26-05_propello,26-05_propello-q02,What special tools are needed to loosen the threaded sleeve?,Special Tool 26 1 060 or 26 1 040.,0.9315560460090637,dropped,25-05_gear-shi-q02
semantic-799,25-05_gear-shi,25-05_gear-shi-q11,What torque specification is mentioned for the threaded sleeve?,Tightening torque is specified for the threaded sleeve when using Special Tool 26 1 060 or 26 1 040 after finishing installation.,0.9251041412353516,kept,25-05_gear-shi-q11
semantic-799,26-02_propello,26-02_propello-q02,What is the tightening torque specification for the threaded sleeve?,The tightening torque is specified in the Specifications section (reference provided with asterisk).,0.9251041412353516,dropped,25-05_gear-shi-q11
semantic-800,25-07_gear-shi,25-07_gear-shi-q01,What is the part number for the shift lever that needs to be removed?,The shift lever part number is 25 11 000.,0.9102963209152222,kept,25-07_gear-shi-q01
semantic-800,25-13_gear-shi,25-13_gear-shi-q01,What is the part number for the shift lever?,The shift lever part number is 25 11 000.,0.9102963209152222,dropped,25-07_gear-shi-q01
semantic-801,25-08_gear-shi,25-08_gear-shi-q05,What should you check when installing the upper shift lever section?,Check the installed direction when installing the upper shift lever section.,0.9553409218788147,kept,25-08_gear-shi-q05
semantic-801,25-07_gear-shi,25-07_gear-shi-q04,What should be checked during installation of the shift lever upper section?,Check the installed position.,0.9553409218788147,dropped,25-08_gear-shi-q05
semantic-802,25-11_gear-shi,25-11_gear-shi-q12,What components need to be replaced if necessary during installation?,The rubber rings (3) and the damper in joint should be replaced if necessary during installation.,0.9838525652885437,kept,25-11_gear-shi-q12
semantic-802,33-01_1_rear-axl,33-01_1_rear-axl-q07,What components need to be replaced during installation?,"Replace stop nuts and check gasket, replacing if necessary.",0.9838525652885437,dropped,25-11_gear-shi-q12
semantic-803,25-12_gear-shi,25-12_gear-shi-q02,What components need to be removed before removing the shift lever?,"Remove exhaust assembly 18 00 020, remove heat shield and reinforcement carrier, then remove shift lever 25 11 000.",0.9419941902160645,kept,25-12_gear-shi-q02
semantic-803,25-13_gear-shi,25-13_gear-shi-q05,What parts need to be removed before removing the shift lever?,"Remove exhaust assembly 18 00 020, unscrew heat shield and reinforcement carrier.",0.9419941902160645,dropped,25-12_gear-shi-q02
semantic-804,25-12_gear-shi,25-12_gear-shi-q09,What component needs to be unscrewed in the final step?,Unscrew mounting bracket.,0.9016880393028259,kept,25-12_gear-shi-q09
semantic-804,51-420_body-equ,51-420_body-equ-q09,What component needs to be unscrewed according to the first instruction?,Unscrew catch button.,0.9016880393028259,dropped,25-12_gear-shi-q09
semantic-805,97-02_body-cav,97-02_body-cav-q03,What is the BMW part number reference shown below the side view diagram?,The part number reference shown is 30 97 001.,0.9132463932037354,kept,97-02_body-cav-q03
semantic-805,25-14_gear-shi,25-14_gear-shi-q01,What is the BMW part number shown for the component in the diagram?,The part number shown is 30 25 028.,0.9132463932037354,dropped,97-02_body-cav-q03
semantic-806,25-14_gear-shi,25-14_gear-shi-q08,What is the complete procedure for bearing sleeve installation?,Lubricate bearing sleeve with grease and press it into new console.,0.9322609305381775,kept,25-14_gear-shi-q08
semantic-806,25-14_gear-shi,25-14_gear-shi-q04,What installation method is required for the bearing sleeve?,The bearing sleeve must be pressed into the new console.,0.9322609305381775,dropped,25-14_gear-shi-q08
semantic-807,25-16_gear-shi,25-16_gear-shi-q01,What is component number 15 in this shift layout drawing?,Component number 15 is the Handle.,0.9688274264335632,kept,25-16_gear-shi-q01
semantic-807,25-15_gear-shi,25-15_gear-shi-q01,What component is identified as number 15 in this shift layout drawing?,Number 15 is the selector lever.,0.9688274264335632,dropped,25-16_gear-shi-q01
semantic-808,25-20_gear-shi,25-20_gear-shi-q01,What is the procedure number for removing and installing the selector lever?,The procedure number is 25 16 080 for removing and installing selector lever version with cable (All Wheel Drive Cars).,0.9158114194869995,kept,25-20_gear-shi-q01
semantic-808,25-17_gear-shi,25-17_gear-shi-q01,What is the procedure number for removing and installing the selector lever complete with base?,The procedure number is 25 16 050.,0.9158114194869995,dropped,25-20_gear-shi-q01
semantic-809,51-714_body-equ,51-714_body-equ-q12,What installation step is shown in the bottom right image?,The bottom right image shows inserting plugs in the trim panel.,0.9268639087677002,kept,51-714_body-equ-q12
semantic-809,25-17_gear-shi,25-17_gear-shi-q09,What is the final installation step shown in the bottom image?,Insert insulator (4).,0.9268639087677002,dropped,51-714_body-equ-q12
semantic-809,41-116_body,41-116_body-q08,What is the final step shown in the installation process?,Set up and clamp cover in position.,0.9268639087677002,dropped,51-714_body-equ-q12
semantic-810,25-18_gear-shi,25-18_gear-shi-q05,What should be checked after finishing installation according to the rubber seals note?,Check for correct seating of rubber seals after finishing installation.,0.9407546520233154,kept,25-18_gear-shi-q05
semantic-810,25-21_gear-shi,25-21_gear-shi-q04,What should you check after finishing installation of the rubber seals?,Check for correct seating of rubber seals after finishing installation.,0.9407546520233154,dropped,25-18_gear-shi-q05
semantic-811,51-252_body-equ,51-252_body-equ-q11,How should the cables be adjusted during installation?,Both the short and long cables should be preloaded lightly by adjusting - the short cable via the remote control and the long cable by adjusting.,0.9072088003158569,kept,51-252_body-equ-q11
semantic-811,25-18_gear-shi,25-18_gear-shi-q06,What is the procedure for adjusting the cable during installation?,"Shift lever in 'P' (most forward position), press cable rod opposite forward direction, and clamp cable rod without tension.",0.9072088003158569,dropped,51-252_body-equ-q11
semantic-811,51-252_body-equ,51-252_body-equ-q05,What is the second step for cable adjustment during installation?,Preload the long cable lightly by adjusting.,0.9072088003158569,dropped,51-252_body-equ-q11
semantic-812,25-18_gear-shi,25-18_gear-shi-q11,Which gear position should the shift lever be in during cable adjustment?,The shift lever should be in 'P' position (most forward position).,0.9307956695556641,kept,25-18_gear-shi-q11
semantic-812,25-21_gear-shi,25-21_gear-shi-q05,What position should the shift lever be in during cable adjustment?,Shift lever should be in 'P' (most forward position).,0.9307956695556641,dropped,25-18_gear-shi-q11
semantic-813,25-21_gear-shi,25-21_gear-shi-q02,What reference should you see for removing the center console?,You should see section 51 16 200 for removing the center console.,0.9488036632537842,kept,25-21_gear-shi-q02
semantic-813,25-18_gear-shi,25-18_gear-shi-q12,What cross-reference is provided for removing the center console?,See section 51 16 200 for removing the center console.,0.9488036632537842,dropped,25-21_gear-shi-q02
semantic-814,25-21_gear-shi,25-21_gear-shi-q06,What is the specified tightening torque for the cable clamp?,The tightening torque is 10 to 12 Nm (7 to 9 ft. lbs.).,0.928266704082489,kept,25-21_gear-shi-q06
semantic-814,25-22_gear-shi,25-22_gear-shi-q04,What is the specified tightening torque for clamping the cable rod?,10 to 12 Nm (7 to 9 ft. lbs.).,0.928266704082489,dropped,25-21_gear-shi-q06
semantic-815,26-01_propello,26-01_propello-q12,What does callout number 26 1 030 indicate in the lower diagram?,Callout number 26 1 030 indicates the special tool positioned on the engine for measuring propeller shaft deflection angles.,0.9186703562736511,kept,26-01_propello-q12
semantic-815,26-06_propello,26-06_propello-q10,What callout number 30 26 001 indicates in the diagrams?,Callout number 30 26 001 appears to indicate the heat shield component location.,0.9186703562736511,dropped,26-01_propello-q12
semantic-815,41-507_body,41-507_body-q08,What does callout number 30 41 428 indicate in the diagram?,Callout number 30 41 428 indicates the location where bolts at the top and bottom need to be unscrewed.,0.9186703562736511,dropped,26-01_propello-q12
semantic-815,51-125_body-equ,51-125_body-equ-q07,What does callout number 30 51 335 identify in the lower diagram?,Callout number 30 51 335 identifies a component in the installation illustration showing the special tool application.,0.9186703562736511,dropped,26-01_propello-q12
semantic-815,63-04_lights,63-04_lights-q07,What callout number 30 63 043 indicates in the diagrams?,Callout number 30 63 043 appears to indicate the additional stop light assembly location.,0.9186703562736511,dropped,26-01_propello-q12
semantic-816,26-08_propello,26-08_propello-q09,What should be done after finishing the installation of the threaded sleeve?,Tighten threaded sleeve with Special Tool 26 1 060 or 26 1 040 after finishing installation to specified tightening torque.,0.9509083032608032,kept,26-08_propello-q09
semantic-816,26-03_propello,26-03_propello-q04,What should be done with the threaded sleeve during installation?,Tighten threaded sleeve with Special Tool 26 1 040 after finishing installation to the specified tightening torque.,0.9509083032608032,dropped,26-08_propello-q09
semantic-816,26-10_propello,26-10_propello-q10,What should be done with the threaded sleeve after completing the installation?,Tighten threaded sleeve with Special Tool 26 1 040 after finishing installation. Tightening torque is specified elsewhere.,0.9509083032608032,dropped,26-08_propello-q09
semantic-817,26-06_propello,26-06_propello-q04,What special tools are required for cars with 4 HP 22 automatic transmission?,Cars with 4 HP 22 automatic transmission require Special Tools 24 0 120 and 00 2 020 to support the transmission and unscrew transmission suspension.,0.9937103986740112,kept,26-06_propello-q04
semantic-817,26-03_propello,26-03_propello-q06,What special tools are needed for cars with 4 HP 22 Automatic Transmission?,Special Tools 20 0 120 and 00 2 020 are needed to support the transmission and unscrew transmission suspension.,0.9937103986740112,dropped,26-06_propello-q04
semantic-818,26-06_propello,26-06_propello-q05,What should be checked during installation after unscrewing the heat shield?,Check for sufficient space between tank and heat shield during installation.,0.9091396331787109,kept,26-06_propello-q05
semantic-818,26-03_propello,26-03_propello-q07,What should be checked during installation regarding the heat shield?,Check for sufficient space between tank and heat shield.,0.9091396331787109,dropped,26-06_propello-q05
semantic-819,26-06_propello,26-06_propello-q08,What steps are required for cars with manual transmission and vibration damper on output flange?,"Support transmission, unscrew transmission suspension, and lower transmission for cars with manual transmission and vibration damper on output flange.",0.9444313049316406,kept,26-06_propello-q08
semantic-819,26-03_propello,26-03_propello-q09,What needs to be done for cars with manual transmission and vibration damper on output flange?,"Support transmission, unscrew transmission suspension, and lower transmission.",0.9444313049316406,dropped,26-06_propello-q08
semantic-820,26-04_propello,26-04_propello-q01,Where is the vibration damper mounted on the version with bolted vibration damper?,The vibration damper is mounted on the transmission and output flange.,0.993693470954895,kept,26-04_propello-q01
semantic-820,26-07_propello,26-07_propello-q01,Where is the vibration damper mounted on a version with bolted vibration damper?,The vibration damper is mounted on the transmission end output flange.,0.993693470954895,dropped,26-04_propello-q01
semantic-821,26-04_propello,26-04_propello-q03,What happens to the vibration damper when the propeller shaft is taken off?,The vibration damper is taken off together with the propeller shaft.,0.9419653415679932,kept,26-04_propello-q03
semantic-821,26-07_propello,26-07_propello-q11,What happens to the vibration damper when the propeller shaft is unscrewed?,The vibration damper is taken off together with the propeller shaft.,0.9419653415679932,dropped,26-04_propello-q03
semantic-822,26-04_propello,26-04_propello-q05,What important design consideration should be followed when tightening nuts or bolts on the flange end?,"If possible by design, only turn the nuts or bolts on the flange end to avoid torsion in joint coupling.",0.915743350982666,kept,26-04_propello-q05
semantic-822,26-12_propello,26-12_propello-q05,What important guideline is given about tightening nuts or bolts on the flange end?,"Only turn nuts or bolts on flange end whenever possible by design, to avoid tension in joint disc.",0.915743350982666,dropped,26-04_propello-q05
semantic-823,26-04_propello,26-04_propello-q09,What should be done with a damaged center bearing?,Replace a damaged center.,0.9743217825889587,kept,26-04_propello-q09
semantic-823,26-07_propello,26-07_propello-q10,What should you do if the center bearing is damaged?,Replace a damaged center.,0.9743217825889587,dropped,26-04_propello-q09
semantic-824,26-04_propello,26-04_propello-q10,What critical safety caution is given regarding the propeller shaft and fuel tank?,Never let the propeller shaft bear on the fuel tank connecting line.,0.9339026212692261,kept,26-04_propello-q10
semantic-824,26-05_propello,26-05_propello-q07,What caution is given about the propeller shaft and fuel tank?,Don't let the propeller shaft rest on the fuel tank connecting line.,0.9339026212692261,dropped,26-04_propello-q10
semantic-825,26-12_propello,26-12_propello-q02,What critical warning is given about operating the car after propeller shaft removal?,"Never operate the car on its own engine power after removal of the propeller shaft, as this would damage the central lock in the transfer box.",0.9083408713340759,kept,26-12_propello-q02
semantic-825,26-05_propello,26-05_propello-q03,What important caution is given about operating the car after propeller shaft removal?,Never operate car on its own engine power after removal of the propeller shaft (this would damage the central lock in the transfer box).,0.9083408713340759,dropped,26-12_propello-q02
semantic-826,26-09_propello,26-09_propello-q05,What lubricant should be used with the center?,Lubricate the center with Molykote Longterm 2.,0.9296181797981262,kept,26-09_propello-q05
semantic-826,26-05_propello,26-05_propello-q06,What lubricant should be used when checking the center?,Molykote Longterm 2 if necessary.,0.9296181797981262,dropped,26-09_propello-q05
semantic-827,34-07_brakes,34-07_brakes-q12,What is shown in the top right image with callout 30 34 038?,The top right image shows the rear brake drum assembly with the brake shoes visible inside.,0.9264097213745117,kept,34-07_brakes-q12
semantic-827,26-05_propello,26-05_propello-q10,What does callout 30 27 010 show in the top left image?,The removal of the exhaust assembly with arrows indicating the removal points.,0.9264097213745117,dropped,34-07_brakes-q12
semantic-827,31-07_front-ax,31-07_front-ax-q11,What does callout 30 31 030 indicate in the first image?,Callout 30 31 030 indicates the punch mark center location on the control arm.,0.9264097213745117,dropped,34-07_brakes-q12
semantic-828,41-104c_body-con,41-104c_body-con-q12,What is the nature of this repair procedure according to the title?,This is a partial replacement procedure where the door pillar and rear side panel are removed.,0.9052937626838684,kept,41-104c_body-con-q12
semantic-828,26-09_propello,26-09_propello-q12,What is the complete title of this repair procedure?,REPLACING FRONT CENTER FOR PROPELLER SHAFT - Propeller Shaft Removed.,0.9052937626838684,dropped,41-104c_body-con-q12
semantic-829,26-10_propello,26-10_propello-q03,What lubricant should be used during installation and where?,Molykote Longterm 2** should be used to lubricate the slide during installation.,0.9453753232955933,kept,26-10_propello-q03
semantic-829,34-09_brakes,34-09_brakes-q06,What lubricant should be applied to all parts during installation?,Give all parts a light coat of ATE brake cylinder paste and install.,0.9453753232955933,dropped,26-10_propello-q03
semantic-829,51-361_body-equ,51-361_body-equ-q08,What lubricant should be used if necessary during installation?,"If necessary, rub in rubber frame with a lubricant.",0.9453753232955933,dropped,26-10_propello-q03
semantic-830,51-714_body-equ,51-714_body-equ-q11,What is shown being lifted out in the upper right diagram?,"The diagram shows grommets being lifted out, as indicated by the arrows pointing to the grommet locations.",0.9150978326797485,kept,51-714_body-equ-q11
semantic-830,26-10_propello,26-10_propello-q06,What component is shown being lifted out in the upper right diagram?,The diagram shows lifting out circlip (4) and removing dust guard (5).,0.9150978326797485,dropped,51-714_body-equ-q11
semantic-831,26-13_propello,26-13_propello-q04,What part number is referenced for removing the front propeller shaft?,The front propeller shaft removal is referenced as 26 20 000.,0.9241087436676025,kept,26-13_propello-q04
semantic-831,26-10_propello,26-10_propello-q11,What part number identifies the propeller shaft being removed?,The propeller shaft is identified as part number 26 11 000.,0.9241087436676025,dropped,26-13_propello-q04
semantic-832,26-10_propello,26-10_propello-q12,What reference sources are noted at the bottom of the page for additional information?,The page references 'See Specifications' and lists 'Source: HWB' for additional information.,0.9097148776054382,kept,26-10_propello-q12
semantic-832,31-35_front-ax,31-35_front-ax-q12,What is the source reference given at the bottom of the page for additional information?,Source: HWB (as indicated by the double asterisk reference).,0.9097148776054382,dropped,26-10_propello-q12
semantic-833,51-311_body-equ,51-311_body-equ-q07,What components are shown in the diagram illustration?,The diagram shows the rear window area with defogger connections and includes a callout number 20 21 014 pointing to a specific location.,0.9067330360412598,kept,51-311_body-equ-q07
semantic-833,26-11_propello,26-11_propello-q04,What type of component is illustrated in the diagram?,The diagram shows a center mount assembly with what appears to be a flexible coupling or CV joint component.,0.9067330360412598,dropped,51-311_body-equ-q07
semantic-834,26-12_propello,26-12_propello-q07,Where should the centering disc be mounted during installation?,Mount the centering disc on the flange of the propeller shaft during installation.,0.9551303386688232,kept,26-12_propello-q07
semantic-834,26-14_propello,26-14_propello-q05,How should the centering disc be mounted during installation?,Mount centering disc on flange of propeller shaft.,0.9551303386688232,dropped,26-12_propello-q07
semantic-835,31-00-index-a_front-ax,31-00-index-a_front-ax-q06,What is the section number for shock absorber replacement for front spring strut?,"Section 31 32 001 covers shock absorber replacement for front spring strut, found on page 31-13.",0.9116047024726868,kept,31-00-index-a_front-ax-q06
semantic-835,31-13_front-ax,31-13_front-ax-q11,What is the procedure number for replacing front spring strut shock absorber?,31 32 001 REPLACING FRONT SPRING STRUT SHOCK ABSORBER.,0.9116047024726868,dropped,31-00-index-a_front-ax-q06
semantic-836,31-00-index-b_front-ax,31-00-index-b_front-ax-q04,On which page can I find information about replacing the shaft seal for the input flange of front axle final drive?,Information about replacing the shaft seal for input flange of front axle final drive can be found on page 31-23.,0.9038878083229065,kept,31-00-index-b_front-ax-q04
semantic-836,31-23_front-ax,31-23_front-ax-q01,What is the procedure number for replacing the shaft seal for the input flange of the front axle final drive?,The procedure number is 31 51 010.,0.9038878083229065,dropped,31-00-index-b_front-ax-q04
semantic-837,31-03_front-ax,31-03_front-ax-q01,What special tool is required to support the front axle carrier during engine mount work?,Special Tool 00 0 200 is required to support the front axle carrier from underneath with a shop jack. The adapters bear on bolts of side panel walls.,0.9401695132255554,kept,31-03_front-ax-q01
semantic-837,31-05_2_front-ax,31-05_2_front-ax-q01,What special tool is required to support the front axle carrier?,Special Tool 00 2 020 and a workshop jack are required to support the front axle carrier.,0.9401695132255554,dropped,31-03_front-ax-q01
semantic-838,31-14_front-ax,31-14_front-ax-q12,Where can you find the tightening torque specification for installation?,"See Specifications section. For operating fluids, see Operating Fluids section. Source of Supply: HWB.",0.9257345199584961,kept,31-14_front-ax-q12
semantic-838,31-05_1_front-ax,31-05_1_front-ax-q11,Where can the tightening torque specifications be found for this procedure?,See Specifications of Groups 31 and 32 for tightening torque values.,0.9257345199584961,dropped,31-14_front-ax-q12
semantic-838,35-03_pedals,35-03_pedals-q10,Where can you find the tightening torque specifications mentioned in the installation notes?,See Specifications section as indicated by the asterisk references.,0.9257345199584961,dropped,31-14_front-ax-q12
semantic-839,51-121_body-equ,51-121_body-equ-q11,What section should be referenced for the tightening torque specification?,The Specifications section should be referenced for the proper tightening torque.,0.918807864189148,kept,51-121_body-equ-q11
semantic-839,31-05_2_front-ax,31-05_2_front-ax-q09,What sections contain the tightening torque specifications?,See Specifications of Groups 31 and 32 for tightening torque specifications.,0.918807864189148,dropped,51-121_body-equ-q11
semantic-840,31-05_front-ax,31-05_front-ax-q08,What needs to be unscrewed to remove the front axle carrier?,Unscrew left and right bolts to remove the front axle carrier.,0.9018388986587524,kept,31-05_front-ax-q08
semantic-840,31-05_2_front-ax,31-05_2_front-ax-q12,What bolts need to be unscrewed to remove the front axle carrier?,Unscrew bolts and lower front axle carrier.,0.9018388986587524,dropped,31-05_front-ax-q08
semantic-841,31-08_front-ax,31-08_front-ax-q09,What does callout number 2 point to in the diagram?,Callout number 2 points to the orange paint dot marking on rubber mounts for 6 cylinder and M 3 models.,0.9133278131484985,kept,31-08_front-ax-q09
semantic-841,52-201_seats,52-201_seats-q07,What does callout number 2 point to in the illustration?,Callout number 2 points to the holders where the backrest needs to be disengaged by lifting up.,0.9133278131484985,dropped,31-08_front-ax-q09
semantic-841,64-02_heating-,64-02_heating--q01,What does callout number 1 refer to in this diagram?,Callout number 1 refers to Temperature controlled air.,0.9133278131484985,dropped,31-08_front-ax-q09
semantic-842,31-09_1_front-ax,31-09_1_front-ax-q03,What should be done before removing the output shaft according to the procedure?,"Remove output shaft 31 60 000 and mount control arm again finger tight, so that the spring strut is held in position for further procedures.",0.9282429814338684,kept,31-09_1_front-ax-q03
semantic-842,33-04_rear-axl,33-04_rear-axl-q06,What is the first step in removing the output shaft according to this procedure?,Remove the wheel (see Group 36) and lift out the lockplate.,0.9282429814338684,dropped,31-09_1_front-ax-q03
semantic-843,31-10_1_front-ax,31-10_1_front-ax-q01,What special tool is required to pull on the new bearing unit during installation?,Special Tool 31 2 120 is required to pull on the new bearing unit during installation.,0.9240155816078186,kept,31-10_1_front-ax-q01
semantic-843,31-09_1_front-ax,31-09_1_front-ax-q08,What special tools are needed to pull in the new bearing?,Special Tools 33 4 034 and 33 4 038 are needed to pull in the new bearing.,0.9240155816078186,dropped,31-10_1_front-ax-q01
semantic-843,31-28_front-ax,31-28_front-ax-q04,What special tools are needed to press on a new bearing?,Special Tools 23 1 160 and 33 1 307 are needed to press on a new bearing.,0.9240155816078186,dropped,31-10_1_front-ax-q01
semantic-843,31-32_front-ax,31-32_front-ax-q03,What special tools are required to pull off the bearing?,Special Tools 00 8 550 and 31 5 012 are required to pull off the bearing.,0.9240155816078186,dropped,31-10_1_front-ax-q01
semantic-844,31-09_1_front-ax,31-09_1_front-ax-q09,What component is identified by callout number 33 1307 in the diagrams?,Callout number 33 1307 identifies Special Tool 33 1 307 used in the bearing removal process.,0.9256397485733032,kept,31-09_1_front-ax-q09
semantic-844,33-03_rear-axl,33-03_rear-axl-q09,What component is labeled as callout 33 2 120 in the diagrams?,Callout 33 2 120 indicates the rubber mount component that is being replaced.,0.9256397485733032,dropped,31-09_1_front-ax-q09
semantic-845,31-09_2_front-ax,31-09_2_front-ax-q07,What does part number 33 4 038 represent in the lower diagram?,One of the special tools required for the drive flange installation procedure.,0.957037091255188,kept,31-09_2_front-ax-q07
semantic-845,31-09_2_front-ax,31-09_2_front-ax-q05,What is part number 33 4 048 in the lower diagram?,One of the special tools used for pulling in the drive flange.,0.957037091255188,dropped,31-09_2_front-ax-q07
semantic-845,31-09_2_front-ax,31-09_2_front-ax-q08,What is identified by part number 33 4 045 in the lower diagram?,One of the special tools used in the drive flange pulling procedure.,0.957037091255188,dropped,31-09_2_front-ax-q07
semantic-846,31-38_front-ax,31-38_front-ax-q04,What is part number 30 31 518 shown in the diagram?,30 31 518 appears to be a component in the tapered roller bearing assembly.,0.9213507175445557,kept,31-38_front-ax-q04
semantic-846,31-09_2_front-ax,31-09_2_front-ax-q09,What does part number 30 31 573 indicate in the lower diagram?,A component or reference point in the drive flange assembly.,0.9213507175445557,dropped,31-38_front-ax-q04
semantic-847,31-10_1_front-ax,31-10_1_front-ax-q11,What does callout number 3 represent in the cross-sectional diagram?,Callout number 3 represents the dust guard in the cross-sectional diagram.,0.942642867565155,kept,31-10_1_front-ax-q11
semantic-847,31-10_1_front-ax,31-10_1_front-ax-q06,What does callout number 1 indicate in the cross-sectional diagram?,Callout number 1 indicates the stub axle in the cross-sectional diagram.,0.942642867565155,dropped,31-10_1_front-ax-q11
semantic-848,31-10_1_front-ax,31-10_1_front-ax-q09,Which component is labeled as number 5 in the diagram?,Component number 5 is labeled as the cover in the diagram.,0.9897704124450684,kept,31-10_1_front-ax-q09
semantic-848,51-800_body-equ,51-800_body-equ-q05,What component is labeled as number 5 in the diagram?,Number 5 is the Lock cylinder - driver's door.,0.9897704124450684,dropped,31-10_1_front-ax-q09
semantic-849,31-11_front-ax,31-11_front-ax-q01,What special tool is required to unscrew the nut and press off the tie rod joint?,Special Tool 32 2 070 (or 31 2 160 for M3 cars) is required to unscrew the nut and press off the tie rod joint.,0.9678981304168701,kept,31-11_front-ax-q01
semantic-849,31-11_1_front-ax,31-11_1_front-ax-q02,Which special tool is used to unscrew the nut and press off the tie rod joint?,Special Tool 32 2 070 is used to unscrew the nut and press off the tie rod joint.,0.9678981304168701,dropped,31-11_front-ax-q01
semantic-849,31-22_front-ax,31-22_front-ax-q03,What special tool is required to unscrew the left nut and press off the tie rod?,Special Tool 32 2 070,0.9678981304168701,dropped,31-11_front-ax-q01
semantic-849,31-45_front-ax,31-45_front-ax-q04,Which special tool is used to unscrew the nut and press off the tie rod?,Special Tool 33 2 070 is used to unscrew the nut and press off the tie rod.,0.9678981304168701,dropped,31-11_front-ax-q01
semantic-850,31-45_front-ax,31-45_front-ax-q05,What special tool is required to mount with two wheel bolts and press off the output shaft?,Special Tools 33 2 112 / 113 are required to mount with two wheel bolts and press off the output shaft.,0.9595701098442078,kept,31-45_front-ax-q05
semantic-850,31-11_1_front-ax,31-11_1_front-ax-q06,What special tools are mounted with two wheel bolts to press off the output shaft?,Special Tools 33 2 112 / 113 are mounted with two wheel bolts and used to press off the output shaft.,0.9595701098442078,dropped,31-45_front-ax-q05
semantic-851,41-114c_body-con,41-114c_body-con-q10,What component is being installed according to the procedure shown?,The tail panel is being installed according to the procedure shown.,0.946942150592804,kept,41-114c_body-con-q10
semantic-851,31-11_2_front-ax,31-11_2_front-ax-q02,What component is being shown in the installation procedure?,The support spring strut is shown in the installation procedure.,0.946942150592804,dropped,41-114c_body-con-q10
semantic-852,31-11_2_front-ax,31-11_2_front-ax-q04,What type of nuts should be used during installation of the support spring strut?,Self-locking nuts should be replaced during installation.,0.9420673847198486,kept,31-11_2_front-ax-q04
semantic-852,31-11_front-ax,31-11_front-ax-q10,What type of nuts should be replaced during spring strut installation?,Self-locking nuts should be replaced during installation.,0.9420673847198486,dropped,31-11_2_front-ax-q04
semantic-853,31-11_front-ax,31-11_front-ax-q02,What procedure reference is given for removing the front wheel?,The manual references Group 36 for the procedure to remove the front wheel.,0.9257842302322388,kept,31-11_front-ax-q02
semantic-853,31-45_front-ax,31-45_front-ax-q12,What reference is given for removing the front wheel?,Remove front wheel - see Group 36.,0.9257842302322388,dropped,31-11_front-ax-q02
semantic-854,31-11_front-ax,31-11_front-ax-q05,What is the remedy if shock absorbers are stored incorrectly?,Store shock absorbers standing upright and with piston rods moved out at ambient temperature for 24 hours.,0.9716805815696716,kept,31-11_front-ax-q05
semantic-854,31-14_front-ax,31-14_front-ax-q07,What is the remedy if shock absorbers have been stored improperly?,Store shock absorbers in upright position with piston rods run out at room temperature for 24 hours.,0.9716805815696716,dropped,31-11_front-ax-q05
semantic-855,31-13_front-ax,31-13_front-ax-q04,What special tool is used to compress the coil spring and what is the important note about it?,Special Tool 31 3 111 is used to compress coil spring. Important note: Pins must fit in openings.,0.9723665118217468,kept,31-13_front-ax-q04
semantic-855,31-15_front-ax,31-15_front-ax-q07,What special tool is used to compress the coil spring?,Special Tool 31 3 111 is used to compress coil spring.,0.9723665118217468,dropped,31-13_front-ax-q04
semantic-856,31-14_front-ax,31-14_front-ax-q05,What should you check when installing the upper spring retainer?,"Check upper and lower rubber rings, replacing if necessary. Ends of coil spring must rest on shoulders in lower and upper spring retainers.",0.9641141891479492,kept,31-14_front-ax-q05
semantic-856,31-15_front-ax,31-15_front-ax-q11,What should be checked during installation of the upper spring retainer?,"Check upper and lower rubber rings, replacing if necessary. Ends of coil spring must rest on shoulders in lower and upper spring retainers.",0.9641141891479492,dropped,31-14_front-ax-q05
semantic-857,31-16_3_front-ax,31-16_3_front-ax-q06,What height correction value is shown for part 1125 341 at position -10?,The height correction value for part 1125 341 at position -10 is -5.,0.9098455905914307,kept,31-16_3_front-ax-q06
semantic-857,31-16_3_front-ax,31-16_3_front-ax-q02,What height correction value is shown for part 1128 349 at position +7?,The height correction value for part 1128 349 at position +7 is +5.,0.9098455905914307,dropped,31-16_3_front-ax-q06
semantic-858,31-18_front-ax,31-18_front-ax-q02,What are the possible causes of vibration in the front axle?,"Vibration can be caused by wheels unbalanced, wheel rim lateral/radial runout, tire lateral runout, or defective output shaft.",0.9275066256523132,kept,31-18_front-ax-q02
semantic-858,33-18_rear-axl,33-18_rear-axl-q07,What causes vibration in the rear axle?,"Vibration can be caused by imbalance of wheels, output shaft faulty, or propeller shaft issues.",0.9275066256523132,dropped,31-18_front-ax-q02
semantic-859,31-18_front-ax,31-18_front-ax-q07,How do I address oil loss from the front axle?,"Check for radial oil seal leak, plugged vent, or incorrect oil grade. Replace radial oil seal, clean vent, or replace front axle final drive oil as needed.",0.9584198594093323,kept,31-18_front-ax-q07
semantic-859,33-18_rear-axl,33-18_rear-axl-q06,How do I address oil loss from the rear axle?,"For oil loss, replace radial oil seals, clean vent (see Service Information of Gr. 33), or replace final drive oil depending on the cause.",0.9584198594093323,dropped,31-18_front-ax-q07
semantic-860,31-46_front-ax,31-46_front-ax-q01,What special tool is required for the right side output shaft removal?,"Special Tool 31 5 012 is required to pull off the output shaft, along with Special Tool 31 5 011.",0.9421054124832153,kept,31-46_front-ax-q01
semantic-860,31-22_front-ax,31-22_front-ax-q04,What special tool is needed to pull off the left output shaft?,Special Tool 31 5 011,0.9421054124832153,dropped,31-46_front-ax-q01
semantic-860,31-45_front-ax,31-45_front-ax-q07,What special tool is used to pull off the output shaft on the left side?,Special Tool 31 5 011 is used to pull off the output shaft on the left side.,0.9421054124832153,dropped,31-46_front-ax-q01
semantic-861,31-22_front-ax,31-22_front-ax-q05,Where is the ring of Special Tool 31 5 011 located during use?,The ring of Special Tool 31 5 011 is located in groove of shaft.,0.9738433361053467,kept,31-22_front-ax-q05
semantic-861,31-45_front-ax,31-45_front-ax-q09,Where is the ring of Special Tool 31 5 011 located?,The ring of Special Tool 31 5 011 is located in groove of shaft.,0.9738433361053467,dropped,31-22_front-ax-q05
semantic-862,31-45_front-ax,31-45_front-ax-q10,What special tool is used to unscrew the nut and press off the control arm?,Special Tool 31 2 160 is used to unscrew the nut and press off the control arm.,0.9791609048843384,kept,31-45_front-ax-q10
semantic-862,31-22_front-ax,31-22_front-ax-q07,What special tool is used to unscrew the left nut and press off the control arm?,Special Tool 31 2 160,0.9791609048843384,dropped,31-45_front-ax-q10
semantic-863,31-23_front-ax,31-23_front-ax-q06,How should the drive set be removed from the case?,The drive set should be pulled out of the case by screwing in two M 8 x 30 bolts uniformly.,0.9354768395423889,kept,31-23_front-ax-q06
semantic-863,31-26_front-ax,31-26_front-ax-q05,How is the drive set removed from the case?,The drive set is pulled out of the case by screwing in two M 8 x 30 bolts uniformly.,0.9354768395423889,dropped,31-23_front-ax-q06
semantic-864,31-23_front-ax,31-23_front-ax-q10,What type of jaws should be used when clamping the drive set in a vise?,The drive set should be clamped in a vise fitted with aluminum jaws.,0.9877102971076965,kept,31-23_front-ax-q10
semantic-864,31-27_front-ax,31-27_front-ax-q08,What type of vise jaws should be used when clamping the drive set?,The drive set should be clamped in a vise fitted with aluminum jaws.,0.9877102971076965,dropped,31-23_front-ax-q10
semantic-865,33-02_rear-axl,33-02_rear-axl-q02,What special tool is needed to pull out the shaft seal?,"Special Tool 00 5 010 is needed to pull out the shaft seal, used in conjunction with a pressure piece.",0.9565367698669434,kept,33-02_rear-axl-q02
semantic-865,31-24_front-ax,31-24_front-ax-q04,Which special tools are needed to pull out the shaft seal?,Special Tools 00 5 010 and 33 1 309 are needed to pull out the shaft seal.,0.9565367698669434,dropped,33-02_rear-axl-q02
semantic-865,31-27_front-ax,31-27_front-ax-q07,Which special tools are required to pull out the shaft seal?,Special Tools 00 5 010 and 33 1 309 are required to pull out the shaft seal.,0.9565367698669434,dropped,33-02_rear-axl-q02
semantic-865,33-02_rear-axl,33-02_rear-axl-q06,Which special tools can be used to drive in the shaft seal?,Drive in shaft seal deep with Special Tool 33 1 260 or 33 1 230.,0.9565367698669434,dropped,33-02_rear-axl-q02
semantic-866,31-29_front-ax,31-29_front-ax-q01,What special tools are required to dip the new shaft seal in gear lube and drive it against the stop?,Special Tools 31 5 020 and 00 5 500 are required to dip the new shaft seal in gear lube and drive it against the stop.,0.9636853933334351,kept,31-29_front-ax-q01
semantic-866,31-24_front-ax,31-24_front-ax-q07,Which special tools are used to dip the shaft seal in gear lube and drive it against the stop?,Special Tools 00 5 500 and 31 5 020 are used to dip the shaft seal in gear lube and drive it against the stop.,0.9636853933334351,dropped,31-29_front-ax-q01
semantic-867,31-25_front-ax,31-25_front-ax-q12,What preparation is required for the new shaft seal before installation?,The new shaft seal must be dipped in gear lube and then driven in against the stop using Special Tools 31 5 030 and 00 5 500.,0.9174174070358276,kept,31-25_front-ax-q12
semantic-867,33-02_rear-axl,33-02_rear-axl-q05,What should be done with the shaft seal before installation?,Dip the shaft seal in final drive oil before installation.,0.9174174070358276,dropped,31-25_front-ax-q12
semantic-868,31-26_front-ax,31-26_front-ax-q10,What are the three main procedural steps shown in the diagrams?,"The three steps are: mounting the drive in assembly stand with special tool, unscrewing bolts, and pulling the drive set out using M 8 x 30 bolts.",0.9564625024795532,kept,31-26_front-ax-q10
semantic-868,54-07_hood-sun,54-07_hood-sun-q09,What are the two main steps shown in the procedural diagrams?,"Step 1 shows removing cover rails and guide pins, and step 2 shows pulling cable out of guide and pressing the gate off the drive cable.",0.9564625024795532,dropped,31-26_front-ax-q10
semantic-869,31-26_front-ax,31-26_front-ax-q12,What diagram reference numbers are shown for the three procedural steps?,"The diagram reference numbers are 30 31 507 for unscrewing bolts, 30 31 508 for pulling the drive set, and 30 31 511 for the shim measurement.",0.9128074049949646,kept,31-26_front-ax-q12
semantic-869,54-07_hood-sun,54-07_hood-sun-q12,What diagram numbers are shown for the two procedural steps?,"Diagram number 30 54 012 is shown for step 1, and diagram number 30 54 020 is shown for step 2.",0.9128074049949646,dropped,31-26_front-ax-q12
semantic-869,54-17_hood-sun,54-17_hood-sun-q10,What are the reference numbers shown for the various procedural steps?,"The reference numbers are 30 54 026, 30 54 029, 30 54 030, 30 54 031, 30 54 032, and 30 54 033.",0.9128074049949646,dropped,31-26_front-ax-q12
semantic-870,31-28_front-ax,31-28_front-ax-q03,Which special tools are required to pull off the tapered roller bearing?,Special Tools 31 5 090 and 33 1 301 are required to pull off the tapered roller bearing.,0.9500899314880371,kept,31-28_front-ax-q03
semantic-870,31-37_front-ax,31-37_front-ax-q11,Which special tools are required to pull off both tapered roller bearings?,Special Tools 33 1 301 / 308 and 31 5 090.,0.9500899314880371,dropped,31-28_front-ax-q03
semantic-871,31-29_front-ax,31-29_front-ax-q05,Where can you find information about the front axle final drive adjustments mentioned in this procedure?,See adjustments on front axle final drive for the specific procedures.,0.9711545705795288,kept,31-29_front-ax-q05
semantic-871,31-38_front-ax,31-38_front-ax-q07,Where can I find information about front axle final drive adjustments?,See adjustments on front axle final drive.,0.9711545705795288,dropped,31-29_front-ax-q05
semantic-872,31-34_front-ax,31-34_front-ax-q06,How should the ring gear be loosened from the differential case?,Loosen ring gear on differential case by applying alternating knocks on the bolts.,0.9221451282501221,kept,31-34_front-ax-q06
semantic-872,31-30_front-ax,31-30_front-ax-q05,How should the ring gear on the differential case be loosened during assembly?,Loosen ring gear on differential case by applying alternate knocks on both bolts.,0.9221451282501221,dropped,31-34_front-ax-q06
semantic-872,31-31_front-ax,31-31_front-ax-q02,How should you tighten the ring gear to the differential case?,Pull new ring gear on to differential case by tightening both nuts uniformly.,0.9221451282501221,dropped,31-34_front-ax-q06
semantic-873,41-105_body,41-105_body-q11,What procedure is shown in reference number 30 41 515?,Reference number 30 41 515 shows plug spot welding the engine carrier at rear on sides with two inert gas welding seams.,0.9102376103401184,kept,41-105_body-q11
semantic-873,31-35_front-ax,31-35_front-ax-q06,What procedure is shown in the image with reference number 30 31 529?,Drive out differential gear shaft with a mandrel.,0.9102376103401184,dropped,41-105_body-q11
semantic-874,31-42_front-ax,31-42_front-ax-q03,What thickness increments are available for shims?,"Shims are available in thickness steps of 0.03 mm (0.0012"").",0.9592911601066589,kept,31-42_front-ax-q03
semantic-874,31-36_front-ax,31-36_front-ax-q09,What shim thickness is available and in what increments?,"Shim thickness is available in steps of 0.05 mm (0.002"").",0.9592911601066589,dropped,31-42_front-ax-q03
semantic-875,31-40_front-ax,31-40_front-ax-q01,What special tools are needed to pull out the bearing outer race?,Special Tools 33 1 356 / 371 and 33 4 041 / 042 are needed to pull out the bearing outer race.,0.9279291033744812,kept,31-40_front-ax-q01
semantic-875,31-37_front-ax,31-37_front-ax-q07,What special tools are used to pull out the bearing outer race from the bearing cover?,Special Tools 33 1 371 and 33 4 041 / 042 / 044.,0.9279291033744812,dropped,31-40_front-ax-q01
semantic-876,31-40_front-ax,31-40_front-ax-q05,What is shown in the diagram with callout number 33 4 042?,Callout number 33 4 042 indicates a special tool used in the bearing outer race removal procedure.,0.9058090448379517,kept,31-40_front-ax-q05
semantic-876,51-131_body-equ,51-131_body-equ-q07,What is shown in the diagram with callout number 30 51 460?,The diagram shows sliding the clamp during the initial removal step.,0.9058090448379517,dropped,31-40_front-ax-q05
semantic-876,51-372_body-equ,51-372_body-equ-q08,What does callout number 4 indicate in the upper right diagram?,Callout number 4 indicates the window adjustment mechanism or guide rail component.,0.9058090448379517,dropped,31-40_front-ax-q05
semantic-877,31-42_front-ax,31-42_front-ax-q04,What should you do if backlash is excessive?,Install thicker shim (C).,0.9470630288124084,kept,31-42_front-ax-q04
semantic-877,31-42_front-ax,31-42_front-ax-q05,What should you do if backlash is insufficient?,Install thinner shim (C).,0.9470630288124084,dropped,31-42_front-ax-q04
semantic-878,31-43_front-ax,31-43_front-ax-q07,What adjustment is needed for a brief tooth contact pattern on the small tooth end (tip) of the ring gear?,"Move the ring gear away from the drive pinion. If applicable, move the drive pinion closer to the ring gear axis.",0.9035311937332153,kept,31-43_front-ax-q07
semantic-878,31-43_front-ax,31-43_front-ax-q08,How should you adjust for a brief tooth contact pattern on the large tooth end (heel) of the ring gear?,"Move the ring gear closer to the drive pinion. If applicable, move the drive pinion away from the ring gear axis.",0.9035311937332153,dropped,31-43_front-ax-q07
semantic-879,34-03_brakes,34-03_brakes-q10,What is the proper tightening specification mentioned for installation?,"Tightening torque is specified (with an asterisk reference), though the specific value references the Specifications section.",0.9169174432754517,kept,34-03_brakes-q10
semantic-879,33-04_rear-axl,33-04_rear-axl-q10,What is the tightening specification requirement mentioned for both installation procedures?,Both procedures specify 'Tightening torque*' with a reference to see specifications for the actual values.,0.9169174432754517,dropped,34-03_brakes-q10
semantic-880,33-09_rear-axl,33-09_rear-axl-q01,What special tool is required to pull out the silent block?,Special Tool 33 3 050 is required to pull out the silent block.,0.9967542886734009,kept,33-09_rear-axl-q01
semantic-880,33-08_rear-axl,33-08_rear-axl-q03,What special tool is needed to pull out the silent block?,Special Tool 33 3 050 is used to pull out the silent block.,0.9967542886734009,dropped,33-09_rear-axl-q01
semantic-881,33-14_rear-axl,33-14_rear-axl-q06,Which special tool is identified as 33 4 045 in the procedure?,Special Tool 33 4 045 is used in conjunction with other tools during the wheel bearing service procedure.,0.934342622756958,kept,33-14_rear-axl-q06
semantic-881,33-15_rear-axl,33-15_rear-axl-q08,What special tool number 33 4 045 is used for in this procedure?,Special Tool 33 4 045 is used in the wheel bearing assembly procedure as shown in the top right diagram.,0.934342622756958,dropped,33-14_rear-axl-q06
semantic-882,34-00-index-b_brakes,34-00-index-b_brakes-q06,Where can I find the ABS wiring diagram for 1988 model 325 iX?,The ABS wiring diagram for 1988 model 325 iX can be found on page 34-34c.,0.9581729173660278,kept,34-00-index-b_brakes-q06
semantic-882,34-00-index-b_brakes,34-00-index-b_brakes-q02,Where can I find the ABS wiring diagram for 325 iX models?,The ABS wiring diagram for 325 iX models is located on page 34-34a.,0.9581729173660278,dropped,34-00-index-b_brakes-q06
semantic-883,41-303_body,41-303_body-q10,What is the page number and section number shown at the top of this page?,Page 41-303 from the Body section (Section 41).,0.9091385006904602,kept,41-303_body-q10
semantic-883,34-00-index-c_brakes,34-00-index-c_brakes-q02,What is the page number shown at the top of this page?,The page number shown at the top is 56.,0.9091385006904602,dropped,41-303_body-q10
semantic-884,34-04_brakes,34-04_brakes-q12,What does callout number 4 show in the bottom left image?,Callout number 4 shows the springs whose installed position should be checked during the installation process.,0.9137888550758362,kept,34-04_brakes-q12
semantic-884,51-370_body-equ,51-370_body-equ-q10,What does callout number 4 represent in the bottom diagram?,Callout number 4 represents the screws that need to be unscrewed.,0.9137888550758362,dropped,34-04_brakes-q12
semantic-884,51-473_body-equ,51-473_body-equ-q07,What callout number appears in the lower left image?,Callout number 30 51 425 appears in the lower left image.,0.9137888550758362,dropped,34-04_brakes-q12
semantic-884,64-121_heating-,64-121_heating--q05,What does callout number 2 show in the top right image?,Callout number 2 shows to take off clamp (2).,0.9137888550758362,dropped,34-04_brakes-q12
semantic-885,34-05_brakes,34-05_brakes-q06,What is the important rule about grinding brake discs?,"Always fine grind both sides of both brake discs on one axle. After machining to minimum thickness, install only one more set of brake pads.",0.9454440474510193,kept,34-05_brakes-q06
semantic-885,34-10_brakes,34-10_brakes-q10,What is the important rule when grinding rear brake discs?,Always fine grind both sides of both brake discs on one axle.,0.9454440474510193,dropped,34-05_brakes-q06
semantic-886,34-18_brakes,34-18_brakes-q02,What type of syringe should be used when drawing off brake fluid from the tank?,A syringe used exclusively with brake fluids should be used.,0.9300833940505981,kept,34-18_brakes-q02
semantic-886,34-07_brakes,34-07_brakes-q03,What type of fluid should be used when drawing off brake fluid with a syringe?,A syringe used exclusively with brake fluid should be used.,0.9300833940505981,dropped,34-18_brakes-q02
semantic-886,34-11_brakes,34-11_brakes-q12,What type of syringe should be used to draw off brake fluid?,A syringe used exclusively with brake fluids.,0.9300833940505981,dropped,34-18_brakes-q02
semantic-887,34-16_brakes,34-16_brakes-q03,How do you replace the check valve for the brake booster?,"Detach vacuum hose on check valve (1), then for installation replace clamp if necessary.",0.9310027360916138,kept,34-16_brakes-q03
semantic-887,34-16_brakes,34-16_brakes-q08,What is the first step in replacing the check valve for brake booster?,The first step is to detach vacuum hose on check valve (1).,0.9310027360916138,dropped,34-16_brakes-q03
semantic-888,34-17_brakes,34-17_brakes-q04,Where is the second high pressure meter connected?,Connect second high pressure meter in rear wheel brake bleeder screw.,0.9213764667510986,kept,34-17_brakes-q04
semantic-888,34-17_brakes,34-17_brakes-q03,Where should the first high pressure meter be connected?,Connect one high pressure meter in front axle brake circuit.,0.9213764667510986,dropped,34-17_brakes-q04
semantic-889,34-31c_brakes,34-31c_brakes-q06,What is the tightening torque specification for the shear-off screws?,The tightening torque is 6 to 8 Nm (4.5 to 5.5 ft.lbs.).,0.9091466665267944,kept,34-31c_brakes-q06
semantic-889,51-262_body-equ,51-262_body-equ-q09,What is the torque specification for tightening the screw?,Tighten screw to 2 Nm (1.4 ft. lbs.).,0.9091466665267944,dropped,34-31c_brakes-q06
semantic-890,34-34_brakes,34-34_brakes-q03,What are the component numbers for the signal sensors at the front wheels?,The front wheel signal sensors are components 362 (front left) and 364 (front right).,0.9094340801239014,kept,34-34_brakes-q03
semantic-890,34-34_brakes,34-34_brakes-q06,What are the rear wheel signal sensor component numbers?,The rear wheel signal sensors are components 366 (rear left) and 368 (rear right).,0.9094340801239014,dropped,34-34_brakes-q03
semantic-891,34-34b_brakes,34-34b_brakes-q04,What are the connector numbers for the signal senders on the front axle?,The front axle signal senders use connectors 362 (front left) and 364 (front right).,0.9636874198913574,kept,34-34b_brakes-q04
semantic-891,34-34b_brakes,34-34b_brakes-q08,What are the connector numbers for the rear axle signal senders?,The rear axle signal senders use connectors 366 (rear left) and 368 (rear right).,0.9636874198913574,dropped,34-34b_brakes-q04
semantic-892,34-34b_brakes,34-34b_brakes-q07,What special note is provided about the diode in valve relay?,The note states that the diode in valve relay applies to 1988 models.,0.9134989380836487,kept,34-34b_brakes-q07
semantic-892,34-34c_brakes,34-34c_brakes-q07,What special note is mentioned regarding the diode in valve relay for 1988 models?,Diode in valve relay - 1988 models,0.9134989380836487,dropped,34-34b_brakes-q07
semantic-893,34-40_brakes,34-40_brakes-q01,What is being tested in test step 06?,"Control unit/simulation - front wheels, specifically testing voltage between wires 1 and 10 for left and right pressure solenoids during build-up, drop, and hold phases.",0.9272559881210327,kept,34-40_brakes-q01
semantic-893,34-43_brakes,34-43_brakes-q01,What is being tested in test step 09?,"Hydraulic unit pressure drop, testing voltage between wires 1 and 10 for front left, right left/right, and rear left/right positions.",0.9272559881210327,dropped,34-40_brakes-q01
semantic-893,34-44_brakes,34-44_brakes-q01,What is being tested in test step 10?,Hydraulic unit pressure build-up pressure hold is being tested.,0.9272559881210327,dropped,34-40_brakes-q01
semantic-894,34-40_brakes,34-40_brakes-q04,"What additional troubleshooting step should I take if valves in test steps 08, 09 and 10 do not switch or pump does not run?",Replace the hydraulic unit (job position 34 51 520).,0.9178037047386169,kept,34-40_brakes-q04
semantic-894,34-41_brakes,34-41_brakes-q05,"What should be replaced if test steps 08, 09 and 10 valves do not switch or pump does not run?",Replace hydraulic unit.,0.9178037047386169,dropped,34-40_brakes-q04
semantic-895,34-40_brakes,34-40_brakes-q06,When might it be necessary to repeat this test step?,It might be necessary to repeat this test step to reach the nominal values due to the high switching-on power and short switching phase.,0.9198271632194519,kept,34-40_brakes-q06
semantic-895,34-41_brakes,34-41_brakes-q09,Why might it be necessary to repeat this test step?,It might be necessary to repeat this test step to reach the nominal values due to the high switching-on power and short switching phase.,0.9198271632194519,dropped,34-40_brakes-q06
semantic-896,34-42_brakes,34-42_brakes-q08,What reference should you consult for brake test dynamometer information on 325 iX cars?,Refer to brake test dynamometer in 34 00 009.,0.9469093680381775,kept,34-42_brakes-q08
semantic-896,34-43_brakes,34-43_brakes-q09,Where can you find the brake test dynamometer reference for 325 iX cars?,Refer to brake test dynamometer in 34 00 009.,0.9469093680381775,dropped,34-42_brakes-q08
semantic-897,34-44_brakes,34-44_brakes-q05,What conventional brake system requirements must be met for ABS testing?,"Testing the ABS requires the conventional brake system to be okay: bled properly, brake line connections tight, brake pads okay, and watch uniformity of wheels on one axle.",0.9772939085960388,kept,34-44_brakes-q05
semantic-897,34-43_brakes,34-43_brakes-q04,What brake system requirements must be met when testing the ABS?,"Testing the ABS requires the conventional brake system to be okay: bled properly, brake line connections tight, brake pads okay. Watch uniformity of wheels on one axle.",0.9772939085960388,dropped,34-44_brakes-q05
semantic-898,35-03_pedals,35-03_pedals-q06,What components need to be disconnected on the clutch pedal version with return spring?,Disconnect the return spring on the body for the version with return spring on clutch pedal.,0.9022570848464966,kept,35-03_pedals-q06
semantic-898,35-06_pedals,35-06_pedals-q02,What should be disconnected on versions with clutch pedal return spring?,Disconnect the clutch pedal return spring on the body.,0.9022570848464966,dropped,35-03_pedals-q06
semantic-899,35-05_1_pedals,35-05_1_pedals-q03,What should be used to lubricate the brake pedal during installation?,The brake pedal should be lubricated with grease in the area of the stop light switch.,0.9050460457801819,kept,35-05_1_pedals-q03
semantic-899,35-04_pedals,35-04_pedals-q04,What should be done to the brake pedal during installation regarding lubrication?,Lubricate brake pedal with grease in area of the stop light switch.,0.9050460457801819,dropped,35-05_1_pedals-q03
semantic-899,35-05_pedals,35-05_pedals-q04,What lubrication is required during brake pedal installation?,Lubricate bearing surfaces with grease.,0.9050460457801819,dropped,35-05_1_pedals-q03
semantic-900,35-05_1_pedals,35-05_1_pedals-q08,What part number is associated with the stop light switch component shown?,The stop light switch component is associated with part number 30 35 018.,0.9828699231147766,kept,35-05_1_pedals-q08
semantic-900,35-04_pedals,35-04_pedals-q10,What part number is referenced for the stop light switch component?,The stop light switch component is referenced as part number 30 35 460.,0.9828699231147766,dropped,35-05_1_pedals-q08
semantic-901,35-05_pedals,35-05_pedals-q09,What should be checked during installation for models with an over-center helper spring?,Check for correct installed position in models with an over-center helper spring.,0.9970486164093018,kept,35-05_pedals-q09
semantic-901,35-06_pedals,35-06_pedals-q07,What should be checked during installation on models with an over-center helper spring?,Check for correct installed position in models with an over-center helper spring.,0.9970486164093018,dropped,35-05_pedals-q09
semantic-902,35-06_pedals,35-06_pedals-q05,What must be reached when adjusting the clutch pedal eccentric bolt?,Distance B must be reached. Turn the eccentric bolt 180° if distance B is not reached with the previously described adjustment.,0.9157373905181885,kept,35-06_pedals-q05
semantic-902,35-06_pedals,35-06_pedals-q04,How should the eccentric bolt be adjusted for proper clutch pedal operation?,Turn the eccentric bolt until dot on the eccentric bolt is opposite the clutch master cylinder.,0.9157373905181885,dropped,35-06_pedals-q05
semantic-903,36-02_wheels-a,36-02_wheels-a-q04,What is the maximum acceptable finish balancing value for a wheel?,"If a value of more than 15 grams is displayed for finish balancing of a wheel, the possible causes must be eliminated prior to finish balancing and before rechecking the finished wheel.",0.9882444143295288,kept,36-02_wheels-a-q04
semantic-903,36-01_wheels-a,36-01_wheels-a-q09,What is the maximum acceptable value for finish balancing of a wheel?,"If a value of more than 15 grams is displayed for finish balancing of a wheel, possible causes must be eliminated prior to finish balancing and before rechecking the finished wheel.",0.9882444143295288,dropped,36-02_wheels-a-q04
semantic-904,36-01_wheels-a,36-01_wheels-a-q11,What type of surface is required for wheel balancing?,Balancing must be carried out on firm underground (concrete floor without basement).,0.9443633556365967,kept,36-01_wheels-a-q11
semantic-904,36-02_wheels-a,36-02_wheels-a-q03,What surface requirement is specified for wheel balancing?,Balancing must be carried out on firm underground (concrete floor without basement).,0.9443633556365967,dropped,36-01_wheels-a-q11
semantic-905,36-02_wheels-a,36-02_wheels-a-q02,What conditions must be met for the engine during balancing?,"The engine must run smoothly without hesitation, doors, engine hood and trunk lid must be closed and the driver should sit in the car as still as possible.",0.9027372598648071,kept,36-02_wheels-a-q02
semantic-905,36-04_wheels-a,36-04_wheels-a-q04,What conditions must be met for the engine during wheel balancing?,"The engine must run smoothly without hesitation, doors, engine hood and trunk lid must be closed and the driver must sit in the car as still as possible.",0.9027372598648071,dropped,36-02_wheels-a-q02
semantic-906,36-02_wheels-a,36-02_wheels-a-q12,What is shown in the image labeled 30 36 018?,The image shows connecting leads for the test sender being attached to a wheel.,0.9193845987319946,kept,36-02_wheels-a-q12
semantic-906,51-450_body-equ,51-450_body-equ-q12,What is shown in the image labeled 30 25 013?,Image 30 25 013 shows lifting off the dust cover.,0.9193845987319946,dropped,36-02_wheels-a-q12
semantic-907,36-07_wheels-a,36-07_wheels-a-q02,"What three components are labeled 1, 2, and 3 in the balancing machine diagram?","1 is the basic flange, 2 is the center, and 3 is the type flange.",0.9464423656463623,kept,36-07_wheels-a-q02
semantic-907,36-05_wheels-a,36-05_wheels-a-q04,What are the three numbered components shown in the balancing machine diagram?,"1 is Basic flange, 2 is Center, and 3 is Type flange.",0.9464423656463623,dropped,36-07_wheels-a-q02
semantic-907,36-08_wheels-a,36-08_wheels-a-q04,"What components are labeled 1, 2, and 3 in the balancing machine diagram?","1 is the basic flange, 2 is the center, and 3 is the type flange.",0.9464423656463623,dropped,36-07_wheels-a-q02
semantic-908,36-05_wheels-a,36-05_wheels-a-q11,What additional reference document should be consulted for this procedure?,Workshop Equipment Planning Documents should be referred to for additional information.,0.9792671799659729,kept,36-05_wheels-a-q11
semantic-908,36-07_wheels-a,36-07_wheels-a-q09,What additional reference documents should be consulted for this procedure?,Workshop Equipment Planning Documents.,0.9792671799659729,dropped,36-05_wheels-a-q11
semantic-909,36-10_wheels-a,36-10_wheels-a-q08,What distance should the valve be positioned from the right of the mounting head?,"Valve should be at about 10 cm (4"") to the right of the mounting head.",0.9782804250717163,kept,36-10_wheels-a-q08
semantic-909,36-11_wheels-a,36-11_wheels-a-q01,How far should the valve be positioned to the right of the mounting head?,"The valve should be 10 cm (4"") to the right of the mounting head.",0.9782804250717163,dropped,36-10_wheels-a-q08
semantic-910,41-00-index-c_body,41-00-index-c_body-q03,What is the page reference for roof frame replacement procedures?,"Roof frame replacement procedures are covered on pages 41-211 and 41-216, with 41-211 for roof panel removed procedures and 41-216 for front roof frame replacement with roof panel removed.",0.9093661308288574,kept,41-00-index-c_body-q03
semantic-910,41-211_body,41-211_body-q02,What reference page should be consulted before beginning this roof frame replacement procedure?,Reference page 41 - 001 should be consulted before beginning this procedure.,0.9093661308288574,dropped,41-00-index-c_body-q03
semantic-911,41-00-index-d_body,41-00-index-d_body-q06,What section number is this Body chapter assigned?,This Body chapter is assigned section number 41.,0.9147922992706299,kept,41-00-index-d_body-q06
semantic-911,41-00-index-g_body-con,41-00-index-g_body-con-q01,What chapter number is the Body section?,The Body section is chapter 41.,0.9147922992706299,dropped,41-00-index-d_body-q06
semantic-912,41-500_body,41-500_body-q01,What is the procedure number for replacing bearing sleeves for door hinges?,"The procedure number is 41 51, specifically for replacing bearing sleeves for door hinges.",0.9324893951416016,kept,41-500_body-q01
semantic-912,41-00-index-e_body,41-00-index-e_body-q03,What is the reference number for bearing sleeves replacement for door hinges?,The reference number for bearing sleeves for door hinges replacement is 41 51 004.,0.9324893951416016,dropped,41-500_body-q01
semantic-913,41-119_body,41-119_body-q01,What should be used to coat mating surfaces intended for spot welding?,Zinc dust paint should be used to coat mating surfaces intended for spot welding.,0.9091339111328125,kept,41-119_body-q01
semantic-913,41-002_1_body,41-002_1_body-q06,What material should be used to coat mating surfaces intended for resistance spot welding?,Coat mating surfaces intended for resistance spot welding with zinc dust paint.,0.9091339111328125,dropped,41-119_body-q01
semantic-913,41-321_body,41-321_body-q11,What coating material should be used on mating surfaces for spot welding?,Zinc dust paint should be used to coat mating surfaces needed for spot welding.,0.9091339111328125,dropped,41-119_body-q01
semantic-914,41-005_body,41-005_body-q04,What measurement is shown at point B for the rear axle take-up?,The measurement at point B shows 4294±15 mm for the rear axle take-up.,0.9073218703269958,kept,41-005_body-q04
semantic-914,41-004_body,41-004_body-q02,What is the rear axle take-up measurement labeled as B?,The rear axle take-up measurement B is 4294 ± 1.5 mm.,0.9073218703269958,dropped,41-005_body-q04
semantic-915,41-004_body,41-004_body-q04,What is the height measurement at the rear axle area?,The height measurement at the rear axle area is 376 ± 1.5 mm.,0.9319226145744324,kept,41-004_body-q04
semantic-915,41-004_body,41-004_body-q03,What is the height dimension at the front axle area?,The height dimension at the front axle area is 430 ± 1.5 mm.,0.9319226145744324,dropped,41-004_body-q04
semantic-916,41-006_body,41-006_body-q10,When can the chassis number also be die stamped after assembly work?,"The chassis number can also be die stamped after finishing the assembly work, which requires removing the cover on the compartment wall and cover for the blower motor.",0.9084901213645935,kept,41-006_body-q10
semantic-916,41-006_body,41-006_body-q01,When does the chassis number need to be die stamped new?,The chassis number has to be die stamped new if the old chassis number is destroyed or removed during body repairs.,0.9084901213645935,dropped,41-006_body-q10
semantic-917,41-014_body,41-014_body-q01,What type of damage is being addressed in this glass fiber reinforced plastic parts repair procedure?,The procedure addresses a hole or damaged laminate in the outer trunk lid panel between reinforcement ribs.,0.9889631867408752,kept,41-014_body-q01
semantic-917,41-012_body,41-012_body-q01,What type of damage is being repaired in this glass fiber reinforced plastic parts procedure?,A damaged corner on a trunk lid is being repaired.,0.9889631867408752,dropped,41-014_body-q01
semantic-918,41-012_body,41-012_body-q04,How should the mating surfaces be prepared before applying the repair bandage?,Grind mating surfaces in flat-flowing transition.,0.9693254232406616,kept,41-012_body-q04
semantic-918,41-012_body,41-012_body-q07,What should be applied to the mating surfaces before placing the repair bandage?,Coat mating surfaces with an adhesion agent.,0.9693254232406616,dropped,41-012_body-q04
semantic-919,41-012_body,41-012_body-q05,Why does the plastic surface have a graphite coat and what should be done with it?,The plastic surface has a graphite coat to make it conductive for the painting method used in standard production. Grind off the graphite coat outside of the damaged area.,0.9569296836853027,kept,41-012_body-q05
semantic-919,41-014_body,41-014_body-q07,Why does the plastic surface have a graphite coat?,The plastic surface has a graphite coat to make it conductive for the painting method used in standard production.,0.9569296836853027,dropped,41-012_body-q05
semantic-920,41-013_body,41-013_body-q01,"What is the hardening time for a 1 mm (0.039"") coat when using ultraviolet lamp treatment?","The hardening time for a 1 mm (0.039"") coat is approximately 2 minutes.",0.9106616377830505,kept,41-013_body-q01
semantic-920,41-015_body,41-015_body-q02,"What is the approximate hardening time for 1 mm (0.039"") coat of laminate under an ultraviolet lamp?",Approximately 2 minutes.,0.9106616377830505,dropped,41-013_body-q01
semantic-921,41-015_body,41-015_body-q08,What should you do to pull off foil from the repair area?,"Pull off foil. Build up laminate to final thickness by cutting repair bandages to size, hardening and grinding inbetween as necessary.",0.9308004379272461,kept,41-015_body-q08
semantic-921,41-013_body,41-013_body-q06,What should you do after pulling off the foil during the repair process?,"Build up laminate to final thickness by cutting repair bandages to size, hardening and grinding inbetween as necessary.",0.9308004379272461,dropped,41-015_body-q08
semantic-922,41-013_body,41-013_body-q12,What material is used to remove irregularities after grinding the repaired area?,Glass fiber putty is used to remove irregularities.,0.9180328249931335,kept,41-013_body-q12
semantic-922,41-015_body,41-015_body-q01,What should you use to remove irregularities after grinding the repaired area?,Remove irregularities with a glass fiber putty.,0.9180328249931335,dropped,41-013_body-q12
semantic-923,41-108_body,41-108_body-q02,What page should be referenced for information before starting this procedure?,Page 41-001 should be referenced for information before starting this procedure.,0.9441828727722168,kept,41-108_body-q02
semantic-923,41-101_body,41-101_body-q03,Which page should you refer to for initial information before starting this procedure?,Refer to information on page 41-001 before starting this procedure.,0.9441828727722168,dropped,41-108_body-q02
semantic-923,41-312_body,41-312_body-q02,Which page should you refer to for information before starting this procedure?,Refer to information on page 41-001.,0.9441828727722168,dropped,41-108_body-q02
semantic-923,41-318_body,41-318_body-q03,Which page should you refer to for additional information before starting this procedure?,You should refer to information on page 41-001.,0.9441828727722168,dropped,41-108_body-q02
semantic-924,41-101c_body-con,41-101c_body-con-q02,What page should you refer to for additional information before starting this repair procedure?,You should refer to information on page 41-001 before starting this repair procedure.,0.9738469123840332,kept,41-101c_body-con-q02
semantic-924,41-201c_body-con,41-201c_body-con-q02,What page should you refer to for additional information before starting this repair?,You should refer to information on page 41-001 before starting this repair.,0.9738469123840332,dropped,41-101c_body-con-q02
semantic-925,41-101c_body-con,41-101c_body-con-q06,What important safety warning is given when grinding off edges?,Important! Don't damage the end plate when grinding off the edge and lifting off the cover.,0.9111484289169312,kept,41-101c_body-con-q06
semantic-925,41-104c_body-con,41-104c_body-con-q09,What important warning is given about grinding off the edge?,Don't damage the end plate when grinding off the edge and lifting off the cover.,0.9111484289169312,dropped,41-101c_body-con-q06
semantic-926,41-112_body,41-112_body-q10,What preparation work needs to be done on the new cover before installation?,Grind mating surfaces on new cover and coat mating surfaces required for spot welding with zinc dust paint.,0.9352737665176392,kept,41-112_body-q10
semantic-926,41-101c_body-con,41-101c_body-con-q08,What preparation is required on the new cover before installation?,Grind mating surfaces on new cover.,0.9352737665176392,dropped,41-112_body-q10
semantic-926,41-116_body,41-116_body-q07,How should the new cover be prepared before installation?,Grind mating surfaces on new cover and coat mating surfaces needed for spot welding with zinc dust paint.,0.9352737665176392,dropped,41-112_body-q10
semantic-927,41-105c_body-con,41-105c_body-con-q03,Why are the sheet metal panels too thick for perfect resistance spot welding?,"The sheet metal panels are too thick for perfect resistance spot welding with workshop equipment, so plug spot welding is required in all mating surfaces required for spot welding.",0.9766979217529297,kept,41-105c_body-con-q03
semantic-927,41-101c_body-con,41-101c_body-con-q09,Why are sheet metal panels too thick for perfect resistance spot welding with workshop equipment?,"Sheet metal panels are too thick for perfect resistance spot welding with workshop equipment, so drill holes in all mating surfaces required for plug spot welding.",0.9766979217529297,dropped,41-105c_body-con-q03
semantic-927,41-302c_body-con,41-302c_body-con-q05,Why are the sheet metal panels too thick for perfect resistance spot welding with workshop equipment?,"The sheet metal panels are too thick for perfect resistance spot welding with workshop equipment, requiring alternative preparation methods.",0.9766979217529297,dropped,41-105c_body-con-q03
semantic-928,41-119_body,41-119_body-q02,What is the required spacing for holes when drilling for plug spot welding?,"The spacing of holes should be 40 mm (1.575"").",0.9494195580482483,kept,41-119_body-q02
semantic-928,41-101c_body-con,41-101c_body-con-q10,How should spacing be determined when drilling holes for plug spot welding?,Take spacing between holes from removed part.,0.9494195580482483,dropped,41-119_body-q02
semantic-929,41-101c_body-con,41-101c_body-con-q11,What is shown in image 30 41 679?,"Image 30 41 679 shows the location of spot welds that need to be drilled out, indicated by arrows pointing to the weld locations.",0.9307933449745178,kept,41-101c_body-con-q11
semantic-929,41-130_body,41-130_body-q07,What is shown in image 30 41 295?,Image 30 41 295 shows the wheel house inside section component that needs surface preparation before installation.,0.9307933449745178,dropped,41-101c_body-con-q11
semantic-929,41-203_body,41-203_body-q07,What is shown in image 30 41 359?,Seal joint on cover for side member with a joint sealing compound.,0.9307933449745178,dropped,41-101c_body-con-q11
semantic-929,41-310_body,41-310_body-q08,What is shown in image 30 41 053?,The image shows cutting off the shouldered metal edge on one side of the panel.,0.9307933449745178,dropped,41-101c_body-con-q11
semantic-929,41-332_body,41-332_body-q12,What is shown in image 30 41 079?,Image 30 41 079 shows grinding mating surfaces and applying coat of spot welding paint on wheel house opening.,0.9307933449745178,dropped,41-101c_body-con-q11
semantic-929,51-321_body-equ,51-321_body-equ-q09,What is shown in image 30 51 046?,"The door interior with trim panel removed, showing the window mechanism area.",0.9307933449745178,dropped,41-101c_body-con-q11
semantic-929,62-01_instrume,62-01_instrume-q08,What is shown in image 30 62 013?,Image 30 62 013 shows the instruments being taken out of the housing with the carrier.,0.9307933449745178,dropped,41-101c_body-con-q11
semantic-930,41-101c_body-con,41-101c_body-con-q12,What does image 30 41 685 demonstrate?,"Image 30 41 685 shows the new cover with holes drilled in the mating surfaces for plug spot welding, with arrows indicating the hole locations.",0.9387791156768799,kept,41-101c_body-con-q12
semantic-930,41-312_body,41-312_body-q11,What does image 30 41 438 demonstrate?,It shows making spot welding accessible and drilling out spot welds on the upper panel area.,0.9387791156768799,dropped,41-101c_body-con-q12
semantic-931,41-102_body,41-102_body-q07,What procedure is shown in figure 30 41 574?,Straighten and grind mating surfaces.,0.9711108803749084,kept,41-102_body-q07
semantic-931,41-205_body,41-205_body-q03,What procedure is shown in figure 30 41 352?,Clamp and tack weld B pillar.,0.9711108803749084,dropped,41-102_body-q07
semantic-932,41-102_body,41-102_body-q09,What does figure 30 41 577 demonstrate?,Mark location of and drill holes for plug spot welding in new engine carrier.,0.9130340218544006,kept,41-102_body-q09
semantic-932,51-124_body-equ,51-124_body-equ-q09,What does figure 30 51 409 demonstrate?,Unscrewing bolts to take off bumper side section and pull off plug.,0.9130340218544006,dropped,41-102_body-q09
semantic-933,41-106c_body-con,41-106c_body-con-q03,What welding process is specified for the cover on entrance and from underneath?,Plug spot weld cover on entrance and from underneath.,0.9076024293899536,kept,41-106c_body-con-q03
semantic-933,41-102c_body-con,41-102c_body-con-q03,What type of welding is used for the cover on entrance and underneath?,Plug spot weld cover on entrance and underneath.,0.9076024293899536,dropped,41-106c_body-con-q03
semantic-934,41-125_body,41-125_body-q11,What type of welding is used in the A pillar area?,Inert gas welding is used for the end plate in the A pillar area.,0.9061856865882874,kept,41-125_body-q11
semantic-934,41-102c_body-con,41-102c_body-con-q05,What welding technique is specified for the A pillar?,Weld cover on A pillar.,0.9061856865882874,dropped,41-125_body-q11
semantic-935,41-322_body,41-322_body-q12,What type of joint is used for the entrance welding in image 30 41 243?,A gas plug weld joint is used on the entrance.,0.9012354016304016,kept,41-322_body-q12
semantic-935,41-103_body,41-103_body-q04,What type of welding is specified for the joint shown in diagram 30 41 584?,Inert gas weld the joint.,0.9012354016304016,dropped,41-322_body-q12
semantic-936,41-103_body,41-103_body-q09,What diagram number shows the drilling procedure for plug spot welding?,Diagram 30 41 582 shows drilling holes for plug spot welding in area of reinforcements.,0.9271697998046875,kept,41-103_body-q09
semantic-936,41-327_body,41-327_body-q10,What diagram number shows the drilling of holes for plug spot welding in the entrance joint?,Diagram 30 41 395.,0.9271697998046875,dropped,41-103_body-q09
semantic-937,41-110c_body-con,41-110c_body-con-q05,What areas of the vehicle require anti-drumming compound application?,"The bottom of the car, wheel houses, and tail panel from underneath require anti-drumming compound application.",0.9245151877403259,kept,41-110c_body-con-q05
semantic-937,41-103c_body-con,41-103c_body-con-q11,What areas require anti-drumming compound application?,"The wheel house, trunk floor plate, and entrance require anti-drumming compound application.",0.9245151877403259,dropped,41-110c_body-con-q05
semantic-937,41-106c_body-con,41-106c_body-con-q12,What areas require anti-drumming compound application according to the final instruction?,"The wheel house, trunk floor plate, and trunk lid from underneath require anti-drumming compound application.",0.9245151877403259,dropped,41-110c_body-con-q05
semantic-937,41-110c_body-con,41-110c_body-con-q04,Where should anti-drumming compound be applied?,"Anti-drumming compound should be sprayed on the bottom of car, wheel houses and tail panel from underneath.",0.9245151877403259,dropped,41-110c_body-con-q05
semantic-937,41-305c_body-con,41-305c_body-con-q11,What areas require anti-drumming compound replacement?,Both the trunk and on the outside areas require anti-drumming compound replacement.,0.9245151877403259,dropped,41-110c_body-con-q05
semantic-938,41-108_body,41-108_body-q01,What is the procedure number for replacing left/right engine carrier front section without wheel house?,41 11 043/044 is the procedure number for replacing left/right engine carrier front section without wheel house.,0.9564018845558167,kept,41-108_body-q01
semantic-938,41-104_body,41-104_body-q01,What is the procedure number for replacing the left front engine carrier with wheel house?,The procedure number is 41 11 015.,0.9564018845558167,dropped,41-108_body-q01
semantic-939,41-302c_body-con,41-302c_body-con-q11,What is the final step shown for mating surface preparation?,Grind all mating surfaces and coat mating surfaces required for spot welding with zinc dust paint.,0.9287653565406799,kept,41-302c_body-con-q11
semantic-939,41-104c_body-con,41-104c_body-con-q10,What final step is required for the mating surfaces?,Straighten and grind all mating surfaces.,0.9287653565406799,dropped,41-302c_body-con-q11
semantic-939,41-118_body,41-118_body-q09,What final preparation steps are required for the mating surfaces?,Remove scrap metal. Straighten and grind mating surfaces.,0.9287653565406799,dropped,41-302c_body-con-q11
semantic-940,41-115c_body-con,41-115c_body-con-q10,What type of vehicle body style is this procedure specifically for?,This procedure is specifically for convertible body style vehicles.,0.9715763330459595,kept,41-115c_body-con-q10
semantic-940,41-104c_body-con,41-104c_body-con-q11,What type of vehicle body style does this procedure apply to?,This procedure applies to convertible models only.,0.9715763330459595,dropped,41-115c_body-con-q10
semantic-941,41-107_body,41-107_body-q09,What type of welding method is specified for attaching the engine carrier?,Plug spot welding is specified for attaching the engine carrier.,0.9348602890968323,kept,41-107_body-q09
semantic-941,41-105_body,41-105_body-q03,What welding method is used to attach the engine carrier from the passenger compartment?,Plug spot weld engine carrier from the passenger compartment.,0.9348602890968323,dropped,41-107_body-q09
semantic-942,41-107_body,41-107_body-q10,What should be used to seal the welding seams?,Joint sealing compound should be used to seal all welding seams.,0.9628896713256836,kept,41-107_body-q10
semantic-942,41-105_body,41-105_body-q07,What should be used to seal all welding seams after installation?,Seal all welding seams with joint sealing compound.,0.9628896713256836,dropped,41-107_body-q10
semantic-943,41-105_body,41-105_body-q12,What does reference number 30 41 517 illustrate?,Reference number 30 41 517 shows sealing the engine carrier on inside and outside of separating wall with short inert gas welding seams.,0.930380642414093,kept,41-105_body-q12
semantic-943,41-105_body,41-105_body-q10,What does reference number 30 41 514 indicate?,Reference number 30 41 514 shows plug spot welding the engine carrier from the passenger compartment.,0.930380642414093,dropped,41-105_body-q12
semantic-943,41-204c_body-con,41-204c_body-con-q09,What does reference number 30 41 651 point to?,Reference number 30 41 651 points to where the reinforcement should be mounted and welded.,0.930380642414093,dropped,41-105_body-q12
semantic-943,41-204c_body-con,41-204c_body-con-q10,What is indicated by reference number 30 41 548?,Reference number 30 41 548 indicates the area of the cowl panel that needs to be brazed.,0.930380642414093,dropped,41-105_body-q12
semantic-943,41-204c_body-con,41-204c_body-con-q11,What does reference number 30 41 652 show?,Reference number 30 41 652 shows where all mating surfaces should be sealed off with joint sealing compound.,0.930380642414093,dropped,41-105_body-q12
semantic-943,51-451_body-equ,51-451_body-equ-q08,What is the reference number 30 51 004 associated with?,The automatic transmission console removal procedure showing the plate lifting step.,0.930380642414093,dropped,41-105_body-q12
semantic-944,41-208_body,41-208_body-q01,What should be done to prepare mating surfaces for spot welding?,"Remove scrap metal, straighten and grind mating surfaces, then coat mating surfaces needed for spot welding with zinc dust paint.",0.9369106888771057,kept,41-208_body-q01
semantic-944,41-105c_body-con,41-105c_body-con-q04,What should be done to prepare the mating surfaces before welding?,Grind mating surfaces and deburr holes. Take spacing between holes from the removed part.,0.9369106888771057,dropped,41-208_body-q01
semantic-944,41-113_body,41-113_body-q03,What should be done to the mating surfaces after welding?,Grind mating surfaces and tin out joints if necessary.,0.9369106888771057,dropped,41-208_body-q01
semantic-944,41-115_body,41-115_body-q02,What preparation is required for mating surfaces before welding?,Grind mating surfaces and coat surfaces for spot welding with zinc dust paint.,0.9369106888771057,dropped,41-208_body-q01
semantic-944,41-115_body,41-115_body-q07,How should the mating surfaces be finished after welding?,Grind and tin mating surfaces.,0.9369106888771057,dropped,41-208_body-q01
semantic-944,41-116_body,41-116_body-q05,What preparation is required for the mating surfaces before welding?,"Straighten and grind mating surfaces, then coat mating surfaces needed for spot welding with zinc dust paint.",0.9369106888771057,dropped,41-208_body-q01
semantic-944,41-116c_body-con,41-116c_body-con-q02,What preparation is required on mating surfaces before spot welding?,"Straighten and grind all mating surfaces, then coat mating surfaces required for spot welding with zinc dust paint.",0.9369106888771057,dropped,41-208_body-q01
semantic-944,41-204_body,41-204_body-q07,What preparation is required for the mating surfaces before spot welding?,Straighten and grind mating surfaces. Coat mating surfaces required for spot welding with zinc dust paint.,0.9369106888771057,dropped,41-208_body-q01
semantic-944,41-215_body,41-215_body-q05,What should be done to the mating surface after welding?,Grind mating surface.,0.9369106888771057,dropped,41-208_body-q01
semantic-944,41-216_body,41-216_body-q05,What preparation is required for mating surfaces before spot welding?,"Remove scrap metal, straighten and grind mating surfaces, then coat mating surfaces needed for spot welding with zinc dust paint.",0.9369106888771057,dropped,41-208_body-q01
semantic-944,41-302_body,41-302_body-q01,What should you do to the mating surfaces before spot welding?,"Straighten and grind mating surfaces, then coat mating surfaces needed for spot welding with zinc dust paint.",0.9369106888771057,dropped,41-208_body-q01
semantic-944,41-314_body,41-314_body-q04,What should be done to prepare mating surfaces before welding?,"Remove scrap metal, straighten and grind mating surfaces to prepare them for welding.",0.9369106888771057,dropped,41-208_body-q01
semantic-944,41-320_body,41-320_body-q02,What should be done to mating surfaces before spot welding?,"Remove scrap metal, straighten and grind mating surfaces, then coat mating surfaces needed for spot welding with zinc dust paint.",0.9369106888771057,dropped,41-208_body-q01
semantic-945,41-105c_body-con,41-105c_body-con-q05,How should the reinforcement strips be installed?,"Slide in reinforcement strips half way, align and plug spot weld.",0.9183453321456909,kept,41-105c_body-con-q05
semantic-945,41-105c_body-con,41-105c_body-con-q06,What are the final steps after installing the reinforcement strips?,Clamp down and tack weld cover.,0.9183453321456909,dropped,41-105c_body-con-q05
semantic-946,41-108_body,41-108_body-q08,What should be done with welding spots throughout this procedure?,Drill off welding spots at various locations as shown in the diagrams.,0.9847617745399475,kept,41-108_body-q08
semantic-946,41-106_body,41-106_body-q03,What should be done to the welding spots during this procedure?,Uncover points of connection and drill off welding spots.,0.9847617745399475,dropped,41-108_body-q08
semantic-947,41-125_body,41-125_body-q02,Where should you plug spot weld support on the wheel house?,Plug spot weld support on wheel house as shown in diagram 30 41 495.,0.9278237223625183,kept,41-125_body-q02
semantic-947,41-106c_body-con,41-106c_body-con-q04,Where should you perform plug spot weld connection on the wheel house?,Plug spot weld connection on wheel house at rear.,0.9278237223625183,dropped,41-125_body-q02
semantic-948,41-110_body,41-110_body-q09,What is the source reference shown at the bottom of the page?,The source reference shown is HWB (Hauptwerkstatt-Bulletin).,0.9679810404777527,kept,41-110_body-q09
semantic-948,41-107_body,41-107_body-q08,What is the source reference listed at the bottom of the page?,The source reference is HWB.,0.9679810404777527,dropped,41-110_body-q09
semantic-948,41-308_body,41-308_body-q05,What is the source reference cited at the bottom of the page?,The source reference cited is HWB.,0.9679810404777527,dropped,41-110_body-q09
semantic-948,54-17_hood-sun,54-17_hood-sun-q09,What source reference is noted at the bottom of the page?,The source reference is HWB.,0.9679810404777527,dropped,41-110_body-q09
semantic-949,41-107c_body-con,41-107c_body-con-q01,What is the BMW part number for replacing the trunk floor plate on a convertible?,The part number is 41 12 570 for replacing the trunk floor plate (partial replacement in front of cross member) with tail panel removed on convertible models.,0.9053775072097778,kept,41-107c_body-con-q01
semantic-949,41-111c_body-con,41-111c_body-con-q01,What is the BMW part number for replacing the trunk floor plate on a convertible E30?,The part number is 41 12 585 for replacing the trunk floor plate (partial replacement behind cross member) with tail panel removed on convertibles.,0.9053775072097778,dropped,41-107c_body-con-q01
semantic-950,41-107c_body-con,41-107c_body-con-q02,What page should you refer to for additional information before starting this trunk floor plate repair?,You should refer to information on page 41-001 before beginning the repair work.,0.9469218850135803,kept,41-107c_body-con-q02
semantic-950,41-111c_body-con,41-111c_body-con-q02,What page should you refer to for additional information before beginning this trunk floor plate replacement?,You should refer to information on page 41-001 before starting the repair.,0.9469218850135803,dropped,41-107c_body-con-q02
semantic-951,41-107c_body-con,41-107c_body-con-q04,Where should the trunk floor plate be cut off from the wheel house?,Cut off the trunk floor plate from the wheel house on both the left and right sides.,0.9747040867805481,kept,41-107c_body-con-q04
semantic-951,41-111c_body-con,41-111c_body-con-q08,Where should you cut off the trunk floor plate in relation to the wheel house?,Cut off trunk floor plate at wheel house on left and right sides.,0.9747040867805481,dropped,41-107c_body-con-q04
semantic-951,41-118_body,41-118_body-q06,Where should the trunk floor plate be cut off in relation to the wheel houses?,Cut off trunk floor plate on left and right wheel houses.,0.9747040867805481,dropped,41-107c_body-con-q04
semantic-952,41-107c_body-con,41-107c_body-con-q08,How far toward the rear should spot welds be drilled out on the side members?,"Drill out spot welds on side members forward up to cutting line and approx. 80 mm (3.150"") toward rear.",0.9876798391342163,kept,41-107c_body-con-q08
semantic-952,41-111c_body-con,41-111c_body-con-q10,How far toward the rear should spot welds be drilled along the side members?,"Drill out spot welds along side members approximately 80 mm (3.150"") toward rear.",0.9876798391342163,dropped,41-107c_body-con-q08
semantic-953,41-107c_body-con,41-107c_body-con-q11,What image reference number shows the cutting line marking procedure?,Image reference number 30 41 607 shows the procedure for marking cutting lines at the height of transition.,0.9444791078567505,kept,41-107c_body-con-q11
semantic-953,41-320_body,41-320_body-q09,What image reference number shows the step for marking the cutting line?,Image reference number 30 41 226 shows the step for marking the cutting line.,0.9444791078567505,dropped,41-107c_body-con-q11
semantic-954,41-121_body,41-121_body-q10,What does image 30 41 276 illustrate?,"Image 30 41 276 shows aligning the cross member in height, toward front and rear, according to seams in side members.",0.9001725316047668,kept,41-121_body-q10
semantic-954,41-107c_body-con,41-107c_body-con-q12,What does image reference 30 41 258 demonstrate?,Image reference 30 41 258 shows making left and right spot welding accessible and drilling out spot welds.,0.9001725316047668,dropped,41-121_body-q10
semantic-955,41-111c_body-con,41-111c_body-con-q07,What important caution is given when cutting off the trunk floor plate?,Important! Don't damage the side members when cutting off the trunk floor plate along the marked line.,0.9384018182754517,kept,41-111c_body-con-q07
semantic-955,41-108c_body-con,41-108c_body-con-q02,What important safety consideration is mentioned when cutting off the trunk floor plate?,Don't damage the side members when cutting off the trunk floor plate along the marked line.,0.9384018182754517,dropped,41-111c_body-con-q07
semantic-956,41-326_body,41-326_body-q04,What steps are required after removing scrap metal from mating surfaces?,Remove scrap metal. Straighten and grind mating surfaces. Coat mating surfaces required for spot welding with zinc dust paint.,0.9381836652755737,kept,41-326_body-q04
semantic-956,41-108c_body-con,41-108c_body-con-q05,What needs to be done to prepare the mating surfaces after removing scrap metal?,Straighten and grind mating surfaces after removing scrap metal.,0.9381836652755737,dropped,41-326_body-q04
semantic-956,41-115c_body-con,41-115c_body-con-q08,What should be done to the mating surface after removing scrap metal?,Remove scrap metal and straighten mating surface.,0.9381836652755737,dropped,41-326_body-q04
semantic-956,41-123_body,41-123_body-q06,What preparation is required for mating surfaces after removing scrap metal?,"After removing scrap metal, straighten and grind the mating surfaces.",0.9381836652755737,dropped,41-326_body-q04
semantic-956,41-202c_body-con,41-202c_body-con-q06,What two operations should be performed to prepare the mating surfaces after removing scrap metal?,Straighten and grind the mating surfaces.,0.9381836652755737,dropped,41-326_body-q04
semantic-956,41-304_body,41-304_body-q05,What preparation is needed before removing scrap metal from mating surfaces?,"Remove scrap metal, then straighten and grind mating surfaces.",0.9381836652755737,dropped,41-326_body-q04
semantic-956,41-307_body,41-307_body-q03,What preparation steps are required for the scrap metal and mating surfaces?,"Remove scrap metal, then straighten and grind mating surfaces.",0.9381836652755737,dropped,41-326_body-q04
semantic-956,41-314_body,41-314_body-q11,What must be done to scrap metal before working on mating surfaces?,Remove scrap metal before straightening and grinding the mating surfaces.,0.9381836652755737,dropped,41-326_body-q04
semantic-957,41-109_body,41-109_body-q02,What type of paint should be used to coat the mating surfaces?,Zinc dust paint should be used to coat mating surfaces required for spot welding.,0.9186328649520874,kept,41-109_body-q02
semantic-957,41-110_body,41-110_body-q01,What type of paint should be used to coat mating surfaces on the cover plate?,Zinc dust paint should be used to coat mating surfaces on the cover plate.,0.9186328649520874,dropped,41-109_body-q02
semantic-957,41-123_body,41-123_body-q12,What type of paint is specified for coating the mating surfaces?,Zinc dust paint is specified for coating the mating surfaces.,0.9186328649520874,dropped,41-109_body-q02
semantic-958,41-109_body,41-109_body-q07,What type of welding is used to join the engine carrier front section on the wheel house support and engine carrier?,Inert gas plug weld engine carrier front section on wheel house support and engine carrier.,0.9235073328018188,kept,41-109_body-q07
semantic-958,41-109_body,41-109_body-q06,What welding method is used to attach the engine carrier front section to the wheel house?,Spot weld engine carrier front section on wheel house.,0.9235073328018188,dropped,41-109_body-q07
semantic-959,41-109c_body-con,41-109c_body-con-q03,Where should plug spot welding holes be drilled for areas not accessible for spot welding?,"Drill plug spot welding holes in mating surfaces which are not accessible for spot welding, such as cross member, partial replacement panel, and wheel house.",0.9402508735656738,kept,41-109c_body-con-q03
semantic-959,41-117c_body-con,41-117c_body-con-q02,Where should plug spot welding holes be drilled?,Drill plug spot welding holes through the reinforcement and wheel house outer section in area of the front reinforcement.,0.9402508735656738,dropped,41-109c_body-con-q03
semantic-960,41-109c_body-con,41-109c_body-con-q10,What type of paint should be applied to mating surfaces before spot welding?,Zinc dust paint should be applied to mating surfaces required for spot welding.,0.975965678691864,kept,41-109c_body-con-q10
semantic-960,41-213_body,41-213_body-q03,What type of paint should be used on mating surfaces before spot welding?,Zinc dust paint should be used to coat mating surfaces.,0.975965678691864,dropped,41-109c_body-con-q10
semantic-960,41-216_body,41-216_body-q11,What type of paint should be applied to mating surfaces for welding?,Zinc dust paint should be applied to mating surfaces needed for spot welding.,0.975965678691864,dropped,41-109c_body-con-q10
semantic-960,41-302_body,41-302_body-q02,What type of paint should be applied to mating surfaces that need spot welding?,Zinc dust paint should be applied to mating surfaces needed for spot welding.,0.975965678691864,dropped,41-109c_body-con-q10
semantic-960,41-314_body,41-314_body-q01,What type of paint should be used to coat mating surfaces needed for spot welding?,Zinc dust paint should be used to coat mating surfaces needed for spot welding.,0.975965678691864,dropped,41-109c_body-con-q10
semantic-960,41-326_body,41-326_body-q06,What paint should be applied to mating surfaces for spot welding?,Zinc dust paint should be applied to mating surfaces required for spot welding.,0.975965678691864,dropped,41-109c_body-con-q10
semantic-961,41-127_body,41-127_body-q04,What surface preparation is required before spot welding?,"Straighten and grind mating surfaces, then coat surfaces provided for spot welding with a zinc dust paint.",0.9300468564033508,kept,41-127_body-q04
semantic-961,41-109c_body-con,41-109c_body-con-q12,What surface preparation is required before welding operations begin?,All mating surfaces must be ground before coating with zinc dust paint and spot welding.,0.9300468564033508,dropped,41-127_body-q04
semantic-962,41-110_body,41-110_body-q04,What procedure is shown in image 30 41 115?,Image 30 41 115 shows the procedure to grind and coat mating surfaces with zinc dust paint.,0.965097188949585,kept,41-110_body-q04
semantic-962,41-202_body,41-202_body-q05,What procedure is shown in image 30 41 352?,Clamp and tack weld B pillar.,0.965097188949585,dropped,41-110_body-q04
semantic-962,41-302_body,41-302_body-q05,What is the procedure shown in image 30 41 183?,Install and clamp roof panel.,0.965097188949585,dropped,41-110_body-q04
semantic-962,41-305_body,41-305_body-q02,What procedure is shown in image 30 41 207?,Inert gas weld top joint.,0.965097188949585,dropped,41-110_body-q04
semantic-962,41-319_body,41-319_body-q08,What procedure is shown in image 30 41 219?,Drill off welded spots.,0.965097188949585,dropped,41-110_body-q04
semantic-963,41-110_body,41-110_body-q05,What component is being spot welded in image 30 41 118?,The end plate is being spot welded on the wheel house in image 30 41 118.,0.9552333354949951,kept,41-110_body-q05
semantic-963,41-120_body,41-120_body-q03,What component is shown being welded in figure 30 41 271?,Weld on reinforcement bracket.,0.9552333354949951,dropped,41-110_body-q05
semantic-963,41-202_body,41-202_body-q07,What component is being spot welded in image 30 41 355?,The B pillar is being spot welded on the end plate.,0.9552333354949951,dropped,41-110_body-q05
semantic-964,41-128_body,41-128_body-q05,What type of welding is being performed on the wheel house outside section?,Gas welding is being performed on the wheel house outside section.,0.9181051254272461,kept,41-128_body-q05
semantic-964,41-110_body,41-110_body-q06,What type of welding is performed on the wheel house support?,Inert gas plug spot weld is performed on the wheel house support.,0.9181051254272461,dropped,41-128_body-q05
semantic-965,41-110c_body-con,41-110c_body-con-q01,What is the first step mentioned for installing the tail panel?,Install tail panel.,0.9893311858177185,kept,41-110c_body-con-q01
semantic-965,41-114c_body-con,41-114c_body-con-q01,What is the first step when installing the tail panel?,Install tail panel.,0.9893311858177185,dropped,41-110c_body-con-q01
semantic-966,41-110c_body-con,41-110c_body-con-q03,What compound should be used to seal the mating surfaces?,A body sealing compound should be used to seal off all mating surfaces from top and bottom.,0.9933438301086426,kept,41-110c_body-con-q03
semantic-966,41-114c_body-con,41-114c_body-con-q02,What type of compound should be used to seal the mating surfaces?,A body sealing compound should be used to seal off all mating surfaces from top and bottom.,0.9933438301086426,dropped,41-110c_body-con-q03
semantic-967,41-110c_body-con,41-110c_body-con-q10,From which direction should the tail panel be accessed for anti-drumming compound application?,The tail panel should be accessed from underneath for anti-drumming compound application.,0.9440196752548218,kept,41-110c_body-con-q10
semantic-967,41-114c_body-con,41-114c_body-con-q06,From which direction should the anti-drumming compound be applied to the tail panel?,The anti-drumming compound should be applied to the tail panel from underneath.,0.9440196752548218,dropped,41-110c_body-con-q10
semantic-968,41-114c_body-con,41-114c_body-con-q11,How many different compounds are mentioned in the installation procedure?,Two different compounds are mentioned: body sealing compound and anti-drumming compound.,0.9070080518722534,kept,41-114c_body-con-q11
semantic-968,41-110c_body-con,41-110c_body-con-q11,What two types of compounds are mentioned in the installation procedure?,The procedure mentions body sealing compound and anti-drumming compound.,0.9070080518722534,dropped,41-114c_body-con-q11
semantic-969,41-116_body,41-116_body-q01,What is the procedure title and section number for replacing the cover on left or right side members?,The procedure is titled '41 11 510 REPLACING COVER FOR LEFT OR RIGHT SIDE MEMBER (REAR SIDE PANEL REMOVED) - TWO DOOR MODEL'.,0.9325684309005737,kept,41-116_body-q01
semantic-969,41-111_body,41-111_body-q01,What is the section number and title for replacing left or right side member covers?,Section 41 11 101 - REPLACING LEFT OR RIGHT SIDE MEMBER COVER - Four Door Model.,0.9325684309005737,dropped,41-116_body-q01
semantic-970,41-111_body,41-111_body-q05,What operation is shown in image 30 41 323?,Uncovering mating surfaces and removing brazing solder.,0.9691784977912903,kept,41-111_body-q05
semantic-970,41-312_body,41-312_body-q07,What operation is shown in image 30 41 439?,Grind down edge.,0.9691784977912903,dropped,41-111_body-q05
semantic-971,41-301c_body-con,41-301c_body-con-q06,What cutting procedure is shown in image 30 41 658?,Uncover joint and cut off side panel along the indicated line.,0.92402583360672,kept,41-301c_body-con-q06
semantic-971,41-111_body,41-111_body-q06,What cutting operation is performed in image 30 41 324?,Cut through front cover.,0.92402583360672,dropped,41-301c_body-con-q06
semantic-971,41-201c_body-con,41-201c_body-con-q06,What cutting procedure is shown in image 30 41 527?,Cut through end plate along line.,0.92402583360672,dropped,41-301c_body-con-q06
semantic-971,41-301c_body-con,41-301c_body-con-q08,What final cutting operation is shown in the bottom image 30 41 070?,Cut off side panel from tail panel and trunk side section.,0.92402583360672,dropped,41-301c_body-con-q06
semantic-972,41-111_body,41-111_body-q08,What operations are performed on the B pillar according to image 30 41 328?,Drill off welding spots on B pillar and lift off cover.,0.9127867221832275,kept,41-111_body-q08
semantic-972,41-112_body,41-112_body-q04,What specific procedure is shown for the B pillar in figure 30 41 330?,Straighten and grind mating surfaces on B pillar.,0.9127867221832275,dropped,41-111_body-q08
semantic-973,41-207_body,41-207_body-q08,What surface preparation is needed after removing scrap metal?,"You need to straighten and grind mating surfaces, then coat mating surfaces needed for spot welding with zinc dust paint.",0.9038488864898682,kept,41-207_body-q08
semantic-973,41-111_body,41-111_body-q12,What surface preparation is required after drilling off scrap metal?,"Straighten and grind mating surfaces, then coat mating surfaces required for spot welding with zinc dust paint.",0.9038488864898682,dropped,41-207_body-q08
semantic-973,41-121_body,41-121_body-q03,What surface preparation is required after removing the scrap metal?,"Remove scrap metal, then straighten, grind and coat mating surfaces with zinc dust paint.",0.9038488864898682,dropped,41-207_body-q08
semantic-973,41-201_body,41-201_body-q08,What surface preparation is required after removing scrap metal?,Straighten and grind mating surfaces.,0.9038488864898682,dropped,41-207_body-q08
semantic-974,41-125_body,41-125_body-q12,What coating should be applied to mating surfaces for spot welding?,Zinc dust paint should be applied to mating surfaces needed for spot welding.,0.9160200953483582,kept,41-125_body-q12
semantic-974,41-112_body,41-112_body-q05,What coating should be applied to surfaces that require spot welding?,Coat mating surfaces required for spot welding with zinc dust paint.,0.9160200953483582,dropped,41-125_body-q12
semantic-974,41-113c_body-con,41-113c_body-con-q02,What type of coating is required on mating surfaces for spot welding?,Coating mating surfaces with zinc dust paint is required for spot welding.,0.9160200953483582,dropped,41-125_body-q12
semantic-974,41-304_body,41-304_body-q06,What coating is needed on mating surfaces for spot welding?,Coat mating surfaces needed for spot welding with zinc dust paint.,0.9160200953483582,dropped,41-125_body-q12
semantic-975,41-112_body,41-112_body-q08,What should be checked after installing the front and rear doors?,"Install front and rear doors, and check gaps.",0.9260640740394592,kept,41-112_body-q08
semantic-975,41-202_body,41-202_body-q10,What should be checked after installing the rear door?,Check gaps after installing the rear door.,0.9260640740394592,dropped,41-112_body-q08
semantic-976,41-323_body,41-323_body-q01,What type of welding joint should be used on the B pillar?,"A plug spot weld joint should be used on the B pillar, and then a gas weld joint should be inserted.",0.9287701845169067,kept,41-323_body-q01
semantic-976,41-113_body,41-113_body-q01,What welding technique should be used for the B pillar joint?,Plug spot weld the B pillar joint.,0.9287701845169067,dropped,41-323_body-q01
semantic-977,41-115c_body-con,41-115c_body-con-q12,What preparation step is required before drilling out the spot welds?,Remove the anti-drumming coat on cutting surfaces before drilling out the spot welds.,0.9080078601837158,kept,41-115c_body-con-q12
semantic-977,41-114_body,41-114_body-q06,What is the first step shown in the procedure after drilling out spot welds?,"After drilling out spot welds, lift off the cover.",0.9080078601837158,dropped,41-115c_body-con-q12
semantic-978,41-318_body,41-318_body-q07,What is the first step shown in the repair procedure according to the diagrams?,"The first step is to uncover and drill off welding spots, as indicated in the top diagram.",0.9233661890029907,kept,41-318_body-q07
semantic-978,41-116_body,41-116_body-q04,What is the first step shown in the repair procedure?,Remove brazing solder and pull out cover underneath front door pillar.,0.9233661890029907,dropped,41-318_body-q07
semantic-978,41-123_body,41-123_body-q11,What is the final step shown in this repair procedure?,The final step is to coat all mating surfaces with zinc dust paint.,0.9233661890029907,dropped,41-318_body-q07
semantic-979,41-116c_body-con,41-116c_body-con-q06,What type of welding should be used on the wheel house?,"Spot weld wheel house. Prepare areas for plug spot welding, when they are not accessible for spot welding tongs.",0.9036698341369629,kept,41-116c_body-con-q06
semantic-979,41-130_body,41-130_body-q10,What type of welding is used as the primary method for joining the wheel house?,Spot welding is the primary welding method used for joining the wheel house components.,0.9036698341369629,dropped,41-116c_body-con-q06
semantic-980,41-116c_body-con,41-116c_body-con-q08,What image reference number shows the removal of scrap metal?,Image reference number 30 41 593 shows lifting the end plate slightly and removing scrap metal.,0.9585985541343689,kept,41-116c_body-con-q08
semantic-980,41-121_body,41-121_body-q08,What image number shows the removal of scrap metal?,Image 30 41 272 shows the removal of scrap metal.,0.9585985541343689,dropped,41-116c_body-con-q08
semantic-980,41-332_body,41-332_body-q10,What are the reference numbers for the images showing scrap metal removal?,"The images showing scrap metal removal are numbered 30 41 072, 30 41 073, and 30 41 074.",0.9585985541343689,dropped,41-116c_body-con-q08
semantic-981,41-116c_body-con,41-116c_body-con-q10,What coating is specified for mating surfaces that will be spot welded?,Zinc dust paint is specified for coating mating surfaces required for spot welding.,0.9347242712974548,kept,41-116c_body-con-q10
semantic-981,41-130_body,41-130_body-q09,What coating is specified for spot welding mating surfaces?,Zinc dust paint is specified to coat mating surfaces needed for spot welding.,0.9347242712974548,dropped,41-116c_body-con-q10
semantic-981,41-207_body,41-207_body-q11,What special coating is required on mating surfaces for welding?,Zinc dust paint is required on mating surfaces needed for spot welding.,0.9347242712974548,dropped,41-116c_body-con-q10
semantic-981,41-302c_body-con,41-302c_body-con-q04,What coating is required for spot welding on mating surfaces?,Coat mating surfaces required for spot welding with zinc dust paint.,0.9347242712974548,dropped,41-116c_body-con-q10
semantic-982,41-116c_body-con,41-116c_body-con-q11,What alternative welding method is mentioned when spot welding tongs are not accessible?,Plug spot welding should be prepared for areas where spot welding tongs are not accessible.,0.9405417442321777,kept,41-116c_body-con-q11
semantic-982,41-124_body,41-124_body-q08,What method is used for welding areas not accessible to spot welding tongs?,Plug spot weld areas not accessible for spot welding tongs.,0.9405417442321777,dropped,41-116c_body-con-q11
semantic-983,41-119_body,41-119_body-q03,What preparation steps are required before coating mating surfaces with zinc dust paint?,"Remove scrap metal, straighten and grind mating surfaces before coating with zinc dust paint.",0.9538273215293884,kept,41-119_body-q03
semantic-983,41-116c_body-con,41-116c_body-con-q12,What should be done to all mating surfaces before applying zinc dust paint?,Straighten and grind all mating surfaces before coating them with zinc dust paint.,0.9538273215293884,dropped,41-119_body-q03
semantic-983,41-119_body,41-119_body-q06,What should be done to all mating surfaces before coating with zinc dust paint?,Grind down all mating surfaces before coating them with zinc dust paint.,0.9538273215293884,dropped,41-119_body-q03
semantic-983,41-124_body,41-124_body-q01,What should be done to mating surfaces before applying zinc dust paint?,Grind and coat mating surfaces with zinc dust paint.,0.9538273215293884,dropped,41-119_body-q03
semantic-984,41-117_body,41-117_body-q01,What should be done to check the door after installation?,Install door and check gap. Also clamp on rear side panel if necessary.,0.9238020181655884,kept,41-117_body-q01
semantic-984,41-202c_body-con,41-202c_body-con-q09,What should you check after installing the door?,"Check gaps of entrance and rear side panel, then remove door.",0.9238020181655884,dropped,41-117_body-q01
semantic-985,41-310_body,41-310_body-q10,What welding operation is shown in image 30 41 057?,The image shows welding the bottom of tail panel on left and right side panels with an inert gas welder.,0.9082978963851929,kept,41-310_body-q10
semantic-985,41-117_body,41-117_body-q03,What type of welding is shown in image 30 41 559?,Spot weld cover.,0.9082978963851929,dropped,41-310_body-q10
semantic-985,41-322_body,41-322_body-q05,What type of welding procedure is shown in image 30 41 239?,Spot weld side panel.,0.9082978963851929,dropped,41-310_body-q10
semantic-986,41-117_body,41-117_body-q04,What welding procedure is demonstrated in image 30 41 560?,Plug spot weld joint with door pillar.,0.9270378351211548,kept,41-117_body-q04
semantic-986,41-117_body,41-117_body-q05,What welding technique is shown in the bottom image 30 41 561?,Braze joint along edge.,0.9270378351211548,dropped,41-117_body-q04
semantic-986,41-205_body,41-205_body-q05,What welding procedure is shown in figure 30 41 355?,Spot weld B pillar on end plate.,0.9270378351211548,dropped,41-117_body-q04
semantic-987,41-117_body,41-117_body-q11,What should be checked after door installation?,Check gap after installing the door to ensure proper fit.,0.9605240821838379,kept,41-117_body-q11
semantic-987,41-213_body,41-213_body-q10,What should be checked after installing the door?,Install door and check door gap.,0.9605240821838379,dropped,41-117_body-q11
semantic-988,41-207_body,41-207_body-q10,What is indicated by callout number 30 41 533?,"Callout number 30 41 533 shows the step to remove scrap metal, straighten and grind mating surfaces, and coat mating surfaces needed for spot welding with zinc dust paint.",0.9449139833450317,kept,41-207_body-q10
semantic-988,41-117c_body-con,41-117c_body-con-q09,What does callout number 30 41 600 indicate?,Callout number 30 41 600 indicates the area where plug spot welding holes should be drilled through the reinforcement and wheel house outer section.,0.9449139833450317,dropped,41-207_body-q10
semantic-988,41-117c_body-con,41-117c_body-con-q10,What does callout number 30 41 601 show?,Callout number 30 41 601 shows the plug spot weld reinforcement and wheel house outer section on the wheel house inner section area.,0.9449139833450317,dropped,41-207_body-q10
semantic-988,41-127_body,41-127_body-q10,What does callout number 30 41 280 indicate?,Callout 30 41 280 shows the new wheel house outside section with ground and coated mating surfaces ready for installation.,0.9449139833450317,dropped,41-207_body-q10
semantic-988,51-123_body-equ,51-123_body-equ-q10,What does callout number 30 51 840 illustrate?,Callout number 30 51 840 shows the impact absorber being lifted out after the bolts are unscrewed.,0.9449139833450317,dropped,41-207_body-q10
semantic-988,51-123_body-equ,51-123_body-equ-q12,What does callout number 30 51 841 represent?,Callout number 30 51 841 shows the technical diagram illustrating the proper measurement of distance A for post-accident repair specifications.,0.9449139833450317,dropped,41-207_body-q10
semantic-989,52-103_seats,52-103_seats-q11,What is shown in diagram 30 52 030?,Diagram 30 52 030 shows the inside handle on the passenger's side and the procedure for unscrewing screws and lifting out the holder from above.,0.9197413325309753,kept,52-103_seats-q11
semantic-989,41-118_body,41-118_body-q10,What is shown in diagram 30 41 254?,Uncovering joints and drilling off welding spots.,0.9197413325309753,dropped,52-103_seats-q11
semantic-989,41-333_body,41-333_body-q12,What is shown in diagram 30 41 087?,Diagram 30 41 087 shows the autogen weld web of tail panel and side panel.,0.9197413325309753,dropped,52-103_seats-q11
semantic-989,41-507_body,41-507_body-q12,What is shown in the final diagram numbered 30 41 431?,"Diagram 30 41 431 shows the final step of unhinging the rear door from above, with the door being lifted off its hinges.",0.9197413325309753,dropped,52-103_seats-q11
semantic-989,41-602_body,41-602_body-q11,What is shown in diagram 30 41 322?,Diagram 30 41 322 shows the adjustment of the locking bar length by turning the nut for proper trunk lid alignment.,0.9197413325309753,dropped,52-103_seats-q11
semantic-989,51-263_body-equ,51-263_body-equ-q11,What is shown in diagram 30 51 099?,The drive component with the flat side facing down for proper installation orientation.,0.9197413325309753,dropped,52-103_seats-q11
semantic-989,51-318_body-equ,51-318_body-equ-q09,What is shown in diagram 30 51 808?,Diagram 30 51 808 shows the marking of the window to match openings in ornamental strips.,0.9197413325309753,dropped,52-103_seats-q11
semantic-989,51-470_body-equ,51-470_body-equ-q10,What is shown in diagram 30 51 050?,Diagram 30 51 050 shows compressing and lifting out clips with pliers.,0.9197413325309753,dropped,52-103_seats-q11
semantic-989,62-04_instrume,62-04_instrume-q11,What is shown in diagram 30 62 024?,The clock with its electrical connector and mounting screws that need to be removed.,0.9197413325309753,dropped,52-103_seats-q11
semantic-989,65-303_radio-an,65-303_radio-an-q09,What is shown in diagram 30 65 309?,Diagram 30 65 309 shows how to slide control unit (1) into holder (2).,0.9197413325309753,dropped,52-103_seats-q11
semantic-989,65-93_radio-an,65-93_radio-an-q06,What is shown in diagram 30 65 065?,A set of three cassette boxes assembled together.,0.9197413325309753,dropped,52-103_seats-q11
semantic-990,51-116_body-equ,51-116_body-equ-q10,What does diagram 30 51 398 illustrate?,Diagram 30 51 398 shows the process of unscrewing screws and taking off the rubber guard.,0.9365195631980896,kept,51-116_body-equ-q10
semantic-990,41-118_body,41-118_body-q11,What does diagram 30 41 257 illustrate?,Cutting off trunk floor plate on left and right wheel houses.,0.9365195631980896,dropped,51-116_body-equ-q10
semantic-991,41-122_body,41-122_body-q09,What procedure is illustrated in diagram 30 41 474?,Diagram 30 41 474 shows cutting off wheel house on engine compartment wall.,0.9323078393936157,kept,41-122_body-q09
semantic-991,41-118_body,41-118_body-q12,What procedure is demonstrated in diagram 30 41 258?,Uncovering and drilling off welding spots.,0.9323078393936157,dropped,41-122_body-q09
semantic-991,41-327_body,41-327_body-q05,What procedure is shown in diagram 30 41 392?,Slide half of brace into C pillar and spot weld.,0.9323078393936157,dropped,41-122_body-q09
semantic-991,51-131_body-equ,51-131_body-equ-q09,What procedure is demonstrated in diagram 30 51 462?,It demonstrates turning and lifting out the ornamental strip from above.,0.9323078393936157,dropped,41-122_body-q09
semantic-991,51-343_body-equ,51-343_body-equ-q10,What procedure is illustrated in diagram 30 51 134?,The diagram illustrates pulling out the window glass from above.,0.9323078393936157,dropped,41-122_body-q09
semantic-992,41-120_body,41-120_body-q05,Where should anti-drumming compound be sprayed during tail panel installation?,"Spray an anti-drumming compound on underside of car, wheel houses and bottom of tail panel.",0.9380159378051758,kept,41-120_body-q05
semantic-992,41-311_body,41-311_body-q04,Where should anti-drumming compound be sprayed on the side panel/tail panel joint?,Spray anti-drumming compound on the side panel/tail panel joint underneath the bumper.,0.9380159378051758,dropped,41-120_body-q05
semantic-993,41-329_body,41-329_body-q11,Which images show spot welding procedures?,Images 30 41 089 and 30 41 088 show spot welding procedures for the side panel in trunk lid opening and tail panel on side panel respectively.,0.9133390784263611,kept,41-329_body-q11
semantic-993,41-121_body,41-121_body-q11,Which image shows the spot welding process?,Image 30 41 277 demonstrates spot welding the cross member on left and right sides.,0.9133390784263611,dropped,41-329_body-q11
semantic-994,72-113_equipmen,72-113_equipmen-q12,What is the final step shown in diagram 30 72 020?,Diagram 30 72 020 shows removing the lower strap as part of the installation procedure.,0.904595136642456,kept,72-113_equipmen-q12
semantic-994,41-122_body,41-122_body-q11,What final steps are shown in diagram 30 41 478?,Diagram 30 41 478 shows removing joint sealing compound and drilling out spot welds.,0.904595136642456,dropped,72-113_equipmen-q12
semantic-995,41-204c_body-con,41-204c_body-con-q08,What is the reference number 30 41 547 indicating in the first image?,The reference number 30 41 547 indicates the location where the partial replacement section should be insert gas welded.,0.927823543548584,kept,41-204c_body-con-q08
semantic-995,41-123_body,41-123_body-q08,What is shown in the image with reference number 30 41 483?,The image shows the removal of scrap metal and straightening and grinding of mating surfaces.,0.927823543548584,dropped,41-204c_body-con-q08
semantic-995,41-204c_body-con,41-204c_body-con-q12,What is shown in the image with reference number 30 41 650?,Reference number 30 41 650 shows the new reinforcement for the door pillar that needs its mating surfaces ground.,0.927823543548584,dropped,41-204c_body-con-q08
semantic-996,41-214_body,41-214_body-q01,What should be done to mating surfaces on the cover plate before spot welding?,Grind mating surfaces on cover plate. Coat mating surfaces needed for spot welding with zinc dust paint.,0.9096253514289856,kept,41-214_body-q01
semantic-996,41-125_body,41-125_body-q01,What should be done to mating surfaces before spot welding the end plate?,Grind mating surfaces on end plate. Coat mating surfaces needed for spot welding with zinc dust paint.,0.9096253514289856,dropped,41-214_body-q01
semantic-997,41-125_body,41-125_body-q05,What preparation is required for mating surfaces before spot welding according to diagram 30 41 498?,Grind mating surfaces for end plate. Coat mating surfaces needed for spot welding with zinc dust paint.,0.9136278629302979,kept,41-125_body-q05
semantic-997,41-205_body,41-205_body-q02,What is the first step shown for preparing mating surfaces for spot welding?,Drill holes in mating surfaces required for plug spot welding.,0.9136278629302979,dropped,41-125_body-q05
semantic-998,41-126_body,41-126_body-q09,What part number is shown in the bottom image?,The bottom image shows part numbers 30 41 505 and 30 41 506.,0.9577306509017944,kept,41-126_body-q09
semantic-998,41-126_body,41-126_body-q06,What is the part number shown in the top right image?,The part number shown in the top right image is 30 41 507.,0.9577306509017944,dropped,41-126_body-q09
semantic-999,41-127_body,41-127_body-q02,What page should you refer to for information on replacing the right rear side panel?,"Refer to information on page 41-001, and replace right rear side panel (partial replacement up to window line) 41 35 291.",0.9708854556083679,kept,41-127_body-q02
semantic-999,41-331_body,41-331_body-q02,What page should you refer to for additional information when replacing the right rear side panel?,Page 41-001,0.9708854556083679,dropped,41-127_body-q02
semantic-1000,41-127_body,41-127_body-q09,What callout number 30 41 278 shows in the diagram?,Callout 30 41 278 shows the wheel house outside section being lifted off after drilling the welded spots.,0.9234785437583923,kept,41-127_body-q09
semantic-1000,51-125_body-equ,51-125_body-equ-q06,What callout number 30 51 417 indicates in the upper diagram?,Callout number 30 51 417 indicates the rubber guard component shown in the removal illustration.,0.9234785437583923,dropped,41-127_body-q09
semantic-1001,41-128_body,41-128_body-q07,What arrows are visible in the second illustration?,Two arrows pointing to specific areas where the gas weld wheel house outside section should be inserted on the cover for side member.,0.9013119339942932,kept,41-128_body-q07
semantic-1001,51-475_body-equ,51-475_body-equ-q10,What do the arrows in the second image indicate?,The arrows indicate the locations of bolts that need to be unscrewed on the left and right sides.,0.9013119339942932,dropped,41-128_body-q07
semantic-1002,41-204_body,41-204_body-q03,What parts need to be removed or disconnected before beginning the center door pillar replacement?,"Rear door, front seat, B pillar plate, seat belt, front and rear entrance cover strips and cover plates, front and rear door opening edge guards as required, carpet on entrance, roof liner as required, rear seat cushion and backrest.",0.9955480098724365,kept,41-204_body-q03
semantic-1002,41-201_body,41-201_body-q03,What parts need to be removed or disconnected before starting the center door pillar replacement?,"Rear door, front seat, B pillar plate, seat belt, front and rear entrance cover strips and covers, front and rear door opening edge guards as required, carpet on entrance, roof liner as required, rear seat cushion and backrest.",0.9955480098724365,dropped,41-204_body-q03
semantic-1003,41-201_body,41-201_body-q05,Where should you make the complete cut through the B pillar?,Saw completely through B pillar at cutting point on opening in end plate.,0.928175687789917,kept,41-201_body-q05
semantic-1003,41-201_body,41-201_body-q04,How should you cut through the B pillar initially?,Saw through B pillar along line.,0.928175687789917,dropped,41-201_body-q05
semantic-1003,41-204_body,41-204_body-q06,What should be done after cutting through the B pillar?,Lift off B pillar.,0.928175687789917,dropped,41-201_body-q05
semantic-1003,41-319_body,41-319_body-q03,What should you cut through on the B pillar according to the instructions?,Cut through B pillar to end plate along marked cutting line.,0.928175687789917,dropped,41-201_body-q05
semantic-1004,41-201c_body-con,41-201c_body-con-q01,What is the procedure number for replacing left or right front door pillar on convertible models?,The procedure number is 41 21 501 for replacing left or right front door pillar (Front Side Panel Removed) on convertible models.,0.9306378364562988,kept,41-201c_body-con-q01
semantic-1004,41-207_body,41-207_body-q01,What is the procedure number for replacing left or right front door pillar?,The procedure number is 41 21 501.,0.9306378364562988,dropped,41-201c_body-con-q01
semantic-1005,41-208_body,41-208_body-q03,What preparation is required for the new door pillar before installation?,Grind mating surfaces on new door pillar and coat mating surfaces needed for spot welding with zinc dust paint.,0.9078996777534485,kept,41-208_body-q03
semantic-1005,41-201c_body-con,41-201c_body-con-q03,What preparation steps are required before beginning the door pillar replacement?,"Remove or cover up all car parts which are located in the repair area or subjected to heat, sparks and dust.",0.9078996777534485,dropped,41-208_body-q03
semantic-1006,41-202_body,41-202_body-q09,What preparation is required on the new B pillar before installation?,Grind mating surfaces on new B pillar and coat mating surfaces required for spot welding with zinc dust paint.,0.914905309677124,kept,41-202_body-q09
semantic-1006,41-204_body,41-204_body-q11,What surface preparation is required on the new B pillar before installation?,Grind mating surfaces on new B pillar. Coat mating surfaces required for spot welding with zinc dust paint.,0.914905309677124,dropped,41-202_body-q09
semantic-1007,41-202c_body-con,41-202c_body-con-q05,What material should be used on the bearing surface of the reinforcement?,Use sealing tape on the bearing surface of the reinforcement.,0.9004276990890503,kept,41-202c_body-con-q05
semantic-1007,41-208_body,41-208_body-q07,What should be used on bearing surfaces for reinforcement?,Use insulating tape on bearing surface for reinforcement.,0.9004276990890503,dropped,41-202c_body-con-q05
semantic-1008,41-207_body,41-207_body-q04,What is the first step shown in the procedure for removing the door pillar?,"The first step is to cut through and plate along line, as shown in image 30 41 527.",0.9627647995948792,kept,41-207_body-q04
semantic-1008,41-202c_body-con,41-202c_body-con-q10,What is the first step shown for door pillar removal?,Remove brazing solder and lift off the door pillar.,0.9627647995948792,dropped,41-207_body-q04
semantic-1009,41-208_body,41-208_body-q10,What reference number is shown for the step involving grinding mating surfaces on the new door pillar?,Reference number 30 41 535 is shown for grinding mating surfaces on new door pillar.,0.9327365159988403,kept,41-208_body-q10
semantic-1009,41-202c_body-con,41-202c_body-con-q11,What reference number is associated with grinding mating surfaces on the new door pillar?,Reference number 30 41 642.,0.9327365159988403,dropped,41-208_body-q10
semantic-1010,41-203c_body-con,41-203c_body-con-q02,What type of welding is used at the bottom of the door pillar?,"Inert gas welding is used at the bottom of the door pillar, as shown in image 30 41 648.",0.9130859971046448,kept,41-203c_body-con-q02
semantic-1010,41-208_body,41-208_body-q06,What type of welding should be performed on the door pillar?,Spot weld door pillar.,0.9130859971046448,dropped,41-203c_body-con-q02
semantic-1011,41-305c_body-con,41-305c_body-con-q06,What type of compound should be used to seal all joints?,A body sealing compound should be used to seal off all joints.,0.9169424772262573,kept,41-305c_body-con-q06
semantic-1011,41-210_body,41-210_body-q02,What should be used to seal all joints?,Seal all joints with a joint sealing compound.,0.9169424772262573,dropped,41-305c_body-con-q06
semantic-1011,41-317_body,41-317_body-q07,What compound should be used to seal all joints?,A joint sealing compound,0.9169424772262573,dropped,41-305c_body-con-q06
semantic-1012,41-210_body,41-210_body-q04,What is the callout number shown in the top image?,The callout number shown in the top image is 30 41 550.,0.9774937629699707,kept,41-210_body-q04
semantic-1012,41-210_body,41-210_body-q06,What is the callout number in the bottom image?,The callout number in the bottom image is 30 41 552.,0.9774937629699707,dropped,41-210_body-q04
semantic-1013,41-210_body,41-210_body-q10,Where specifically should the anti-drumming coat be replaced?,The anti-drumming coat should be replaced on entrance and in wheel house.,0.9346089363098145,kept,41-210_body-q10
semantic-1013,41-317_body,41-317_body-q08,Where should damaged anti-drumming coat be replaced?,"In wheel house, on bottom of side panel or in trunk.",0.9346089363098145,dropped,41-210_body-q10
semantic-1014,41-308_body,41-308_body-q11,What type of compound is specified for sealing body joints?,A body sealing compound is specified for coating all mating surfaces and joints.,0.9288101196289062,kept,41-308_body-q11
semantic-1014,41-210_body,41-210_body-q12,What type of compound is specified for joint sealing?,A joint sealing compound is specified for sealing all joints.,0.9288101196289062,dropped,41-308_body-q11
semantic-1015,41-211_body,41-211_body-q05,What is the first cutting step in the roof frame removal process?,Cut off roof frame along the line as shown in the diagram.,0.9034174680709839,kept,41-211_body-q05
semantic-1015,41-216_body,41-216_body-q03,What is the first step when cutting the roof frame?,Cut through roof frame on left and right sides.,0.9034174680709839,dropped,41-211_body-q05
semantic-1016,41-327_body,41-327_body-q06,What drilling procedure is required for the C pillar joint?,Drill holes for plug spot welding in C pillar joint.,0.9030187129974365,kept,41-327_body-q06
semantic-1016,41-211_body,41-211_body-q12,What drilling operation is required on the C pillar?,Drill off roof frame on C pillar.,0.9030187129974365,dropped,41-327_body-q06
semantic-1017,41-214_body,41-214_body-q07,What welding procedure is used for the cowl panel attachment?,Spot weld cowl panel on cowl.,0.9396809935569763,kept,41-214_body-q07
semantic-1017,41-305_body,41-305_body-q05,What welding procedure is specified for the cowl panel?,Spot weld cowl panel.,0.9396809935569763,dropped,41-214_body-q07
semantic-1018,41-214_body,41-214_body-q12,What surface treatment is specified for spot welding preparation?,Zinc dust paint should be applied to mating surfaces needed for spot welding.,0.9128251671791077,kept,41-214_body-q12
semantic-1018,41-309_body,41-309_body-q05,What special preparation is needed for spot welding surfaces?,Remove scrap metal and coat surfaces for spot welding with zinc dust paint.,0.9128251671791077,dropped,41-214_body-q12
semantic-1019,41-217_body,41-217_body-q04,What preparation is required for blank metal parts before installing the roof panel?,Straighten and grind mating surfaces. Coat blank metal parts with zinc dust paint before installing roof panel.,0.9759774208068848,kept,41-217_body-q04
semantic-1019,41-215_body,41-215_body-q08,What special preparation is required for blank metal parts before installing the outside roof panel?,Coat blank metal parts with zinc dust paint before installing outside roof panel.,0.9759774208068848,dropped,41-217_body-q04
semantic-1020,41-301_body,41-301_body-q10,What final step should be performed after lifting off the roof panel?,Grind off scrap metal after lifting off the roof panel.,0.9175476431846619,kept,41-301_body-q10
semantic-1020,41-217_body,41-217_body-q02,What needs to be done after lifting off the roof panel?,Spot weld roof frame inside section.,0.9175476431846619,dropped,41-301_body-q10
semantic-1021,41-322_body,41-322_body-q04,Where should the side panel be spot welded according to image 30 41 242?,Spot weld side panel in wheel opening.,0.9091809391975403,kept,41-322_body-q04
semantic-1021,41-303c_body-con,41-303c_body-con-q02,Where should the side panel be spot welded according to the top right instruction?,Spot weld side panel on the top box.,0.9091809391975403,dropped,41-322_body-q04
semantic-1022,41-322_body,41-322_body-q01,What should you do after mounting and clamping the side panel?,"Mount and clamp side panel, tack welding if necessary. Check door gap.",0.9581663012504578,kept,41-322_body-q01
semantic-1022,41-303c_body-con,41-303c_body-con-q03,What should be done with the side panel after mounting and clamping it down?,"Mount and clamp down side panel, tack welding if necessary.",0.9581663012504578,dropped,41-322_body-q01
semantic-1023,41-329_body,41-329_body-q03,What welding method is used for the side panel in the trunk lid opening?,Spot welding is used for the side panel in the trunk lid opening.,0.9259612560272217,kept,41-329_body-q03
semantic-1023,41-304c_body-con,41-304c_body-con-q01,What welding method should be used to attach the side panel on the trunk lid opening surface?,Spot weld the side panel on the trunk lid opening surface.,0.9259612560272217,dropped,41-329_body-q03
semantic-1024,41-304c_body-con,41-304c_body-con-q12,What finishing technique is mentioned as potentially necessary after grinding down joints?,Tinning is mentioned as potentially necessary after grinding down joints.,0.9006763100624084,kept,41-304c_body-con-q12
semantic-1024,41-316_body,41-316_body-q07,What finishing work is mentioned for the joints after grinding?,"Grind joint, tinning if necessary.",0.9006763100624084,dropped,41-304c_body-con-q12
semantic-1025,41-309_body,41-309_body-q09,What is shown in figure 30 41 046?,Figure 30 41 046 shows the location for cutting the tail panel with measurement lines indicated.,0.9688107967376709,kept,41-309_body-q09
semantic-1025,41-311_body,41-311_body-q07,What is shown in figure 30 41 061?,Figure 30 41 061 shows brazing the reinforcement corner on the tail panel.,0.9688107967376709,dropped,41-309_body-q09
semantic-1026,41-310_body,41-310_body-q02,What type of welder should be used to weld the bottom of the tail panel to the side panels?,An inert gas welder should be used to weld the bottom of tail panel on left and right side panels.,0.9349223971366882,kept,41-310_body-q02
semantic-1026,41-329_body,41-329_body-q07,What type of welder should be used when welding the side panel on the tail panel?,An inert gas welder should be used when welding the side panel on the tail panel.,0.9349223971366882,dropped,41-310_body-q02
semantic-1027,41-310_body,41-310_body-q04,What type of welder is specified for welding the web of the tail panel to the side panels?,An autogen welder should be used to weld web of tail panel and left and right side panels in area of trunk lid.,0.9190295934677124,kept,41-310_body-q04
semantic-1027,41-316_body,41-316_body-q06,What welder type is specified for connecting the tail panel and side panel from inside?,Weld connector between tail panel and side panel from inside with an autogen welder.,0.9190295934677124,dropped,41-310_body-q04
semantic-1028,41-323_body,41-323_body-q02,What welding method is specified for connecting the tail panel and side panel?,Autogen weld is specified for connecting the panel on the tail panel and side panel.,0.9533117413520813,kept,41-323_body-q02
semantic-1028,41-310_body,41-310_body-q06,What welding method is used to attach the tail panel to the side panel?,Weld tail panel on side panel using spot welding.,0.9533117413520813,dropped,41-323_body-q02
semantic-1028,41-316_body,41-316_body-q03,What welding method is specified for attaching the tail panel to the side panel?,Spot weld tail panel on side panel.,0.9533117413520813,dropped,41-323_body-q02
semantic-1028,41-316_body,41-316_body-q05,What type of welding is used for the side panel on tail panel installation?,"Inert gas weld side panel on tail panel, then grind down welding bead.",0.9533117413520813,dropped,41-323_body-q02
semantic-1029,41-310_body,41-310_body-q11,What is demonstrated in image 30 41 058?,The image shows welding the web of tail panel and left and right side panels in area of trunk lid with an autogen welder.,0.9287278056144714,kept,41-310_body-q11
semantic-1029,51-321_body-equ,51-321_body-equ-q11,What is demonstrated in image 30 51 029?,The process of loosening screws in the window adjustment mechanism.,0.9287278056144714,dropped,41-310_body-q11
semantic-1030,41-313_body,41-313_body-q07,What is the first step shown in the side panel removal process?,"The first step is to cut off side panel along line, as shown in specification 30 41 441.",0.9630599617958069,kept,41-313_body-q07
semantic-1030,41-319_body,41-319_body-q10,What is the final step shown for the side panel removal process?,Cut off side panel on guide plate and remove side panel.,0.9630599617958069,dropped,41-313_body-q07
semantic-1031,41-314_body,41-314_body-q07,What should be checked after installing and clamping the side panel?,"Check door gap after installing and clamping side panel, and tack weld if necessary.",0.9155532121658325,kept,41-314_body-q07
semantic-1031,41-328_body,41-328_body-q01,What should you check after mounting and clamping the side panel?,Check door gaps.,0.9155532121658325,dropped,41-314_body-q07
semantic-1032,41-324_body,41-324_body-q08,What sealing procedure is recommended for all joints?,Seal inside of all joints with a body sealing compound and spray on an anti-drumming compound.,0.9228565692901611,kept,41-324_body-q08
semantic-1032,41-317_body,41-317_body-q11,What should be done after sealing all joints?,"Replace damaged anti-drumming coat in wheel house, on bottom of side panel or in trunk.",0.9228565692901611,dropped,41-324_body-q08
semantic-1033,41-318_body,41-318_body-q02,What type of replacement is being performed on the right rear side panel?,This is a partial replacement up to the window line for a two door model.,0.9869620203971863,kept,41-318_body-q02
semantic-1033,41-331_body,41-331_body-q04,What type of replacement is being performed for the right rear side panel?,Partial replacement up to wheel house,0.9869620203971863,dropped,41-318_body-q02
semantic-1034,41-318_body,41-318_body-q04,What are some of the components that need to be removed or disconnected before replacing the right rear side panel?,"Components include the rear bumper, right tail light assembly, trunk mat, trunk wall trim, right wheel house trim, tail panel trim, trunk lid seal, rear window complete with frame, side window, rear seat cushion and backrest, side trim panel, hatrack, entrance cover strip, and carpet as required.",0.9417724609375,kept,41-318_body-q04
semantic-1034,41-331_body,41-331_body-q03,What components need to be removed before replacing the right rear side panel?,"Remove bumper assembly, tail lights, trunk mat, rear trim panel, right wheel house trim panel, tail panel trim panel, tail panel plate, trunk lid seal, fuel tank assembly, right wheel house cover, fuel filler neck and right expansion tank.",0.9417724609375,dropped,41-318_body-q04
semantic-1035,41-320_body,41-320_body-q03,How far above the required joint should the C pillar be cut through on the new side panel?,"The C pillar should be cut through approximately 10 mm (0.394"") above the required joint on the new side panel.",0.9234451651573181,kept,41-320_body-q03
semantic-1035,41-320_body,41-320_body-q01,How far above the provided joint should the B pillar be cut on the new side panel?,"The B pillar should be cut approximately 10 mm (0.394"") above the provided joint on the new side panel.",0.9234451651573181,dropped,41-320_body-q03
semantic-1035,41-326_body,41-326_body-q05,How far above the specified joint should the C pillar be cut from a new side panel?,"Cut off C pillar from a new side panel about 10 mm (0.394"") above the specified joint.",0.9234451651573181,dropped,41-320_body-q03
semantic-1036,41-327_body,41-327_body-q03,What is the caution when removing scrap metal on C pillar?,Caution! Don't damage end plate on inside.,0.9169347286224365,kept,41-327_body-q03
semantic-1036,41-320_body,41-320_body-q04,What caution is given when removing scrap metal on B and C pillars?,Don't damage air guide plate.,0.9169347286224365,dropped,41-327_body-q03
semantic-1037,41-327_body,41-327_body-q04,How wide should the brace be that you prepare from the new side panel?,"Prepare an approx. 50 mm (2"") wide brace from a section of the new side panel.",0.9085052609443665,kept,41-327_body-q04
semantic-1037,41-320_body,41-320_body-q06,How wide should the brace be that is prepared from pillar sections cut off the new side panel?,"The brace should be approximately 50 mm (2"") wide.",0.9085052609443665,dropped,41-327_body-q04
semantic-1038,41-323_body,41-323_body-q05,Where should the gas weld side panel be inserted according to the diagram?,"The gas weld side panel should be inserted on the tail panel, as shown in reference 30 41 086.",0.9601913094520569,kept,41-323_body-q05
semantic-1038,41-333_body,41-333_body-q07,Where should the gas weld side panel be inserted?,Insert gas weld side panel on tail panel.,0.9601913094520569,dropped,41-323_body-q05
semantic-1039,41-507_body,41-507_body-q09,What does callout number 30 41 429 show in the procedure?,Callout number 30 41 429 shows the hinge mechanism and bolt locations for the rear door.,0.9714102745056152,kept,41-507_body-q09
semantic-1039,41-325_body,41-325_body-q07,What does callout number 30 41 382 indicate in the procedure?,Callout number 30 41 382 indicates the step to uncover and drill off welding spots.,0.9714102745056152,dropped,41-507_body-q09
semantic-1040,41-327_body,41-327_body-q08,Where should body sealing compound be applied according to the final step?,"Apply a coat of body sealing compound on the bearing surfaces of the wind guide plate, tank filler neck and wheel opening.",0.9452961683273315,kept,41-327_body-q08
semantic-1040,41-333_body,41-333_body-q03,Where should body sealing compound be applied according to the instructions?,Apply body sealing compound in the area of fuel tank filler neck.,0.9452961683273315,dropped,41-327_body-q08
semantic-1041,41-333_body,41-333_body-q09,Which diagram shows the application of body sealing compound?,Diagram 30 41 080 shows the application of body sealing compound in the area of fuel tank filler neck.,0.9438989758491516,kept,41-333_body-q09
semantic-1041,41-327_body,41-327_body-q11,What diagram number shows the application of body sealing compound?,Diagram 30 41 396.,0.9438989758491516,dropped,41-333_body-q09
semantic-1042,41-330_body,41-330_body-q03,What important note applies to the spot welded flange in the rear wheel opening area?,The spot welded flange in the rear area of the wheel opening must be crimped on cars beginning with 1988 models or when using wider tires. Compare with opposite side if necessary.,0.9349119663238525,kept,41-330_body-q03
semantic-1042,41-335_body,41-335_body-q02,What is the important note about the spot welding flange in the rear area of the wheel housing opening?,The spot welding flange in the rear area of the wheel housing opening must be crimped on cars beginning with 1988 models or when using wider tires.,0.9349119663238525,dropped,41-330_body-q03
semantic-1043,41-330_body,41-330_body-q04,How should all joints be sealed during body repair?,Seal inside of all joints with a body sealing compound and spray on a coat of anti-drumming material.,0.9355350136756897,kept,41-330_body-q04
semantic-1043,41-335_body,41-335_body-q05,How should all joints be sealed after body work?,Seal all joints with body sealing compound and spray with anti-drumming compound.,0.9355350136756897,dropped,41-330_body-q04
semantic-1044,51-325_body-equ,51-325_body-equ-q10,What is the first step in the removal procedure?,Remove door trim panel as described in section 51 41 001 and pull off plastic sheet.,0.9390221238136292,kept,51-325_body-equ-q10
semantic-1044,41-331_body,41-331_body-q09,What is the final step shown in the removal process?,Remove scrap metal,0.9390221238136292,dropped,51-325_body-equ-q10
semantic-1044,51-440_body-equ,51-440_body-equ-q10,What is the final step shown in the removal procedure?,"Pull off plate cover, unscrew screws, and take off plate.",0.9390221238136292,dropped,51-325_body-equ-q10
semantic-1045,41-500_body,41-500_body-q11,What is the source of supply for the grease mentioned in the procedure?,The source of supply for the grease is HWB.,0.9248579144477844,kept,41-500_body-q11
semantic-1045,51-213_body-equ,51-213_body-equ-q12,What is the source of supply indicated for the grease?,The source of supply for the grease is HWB.,0.9248579144477844,dropped,41-500_body-q11
semantic-1046,41-501_body,41-501_body-q10,How should the door be adjusted for uniform gaps?,Adjust door forward and back in such a manner to have uniform gaps at front and rear. Adjust height of door according to embossed edge.,0.9581009149551392,kept,41-501_body-q10
semantic-1046,41-505_body,41-505_body-q09,How should the door be adjusted for proper gap uniformity?,"Adjust door forward and back in such a manner, to have an uniform gap at front and rear.",0.9581009149551392,dropped,41-501_body-q10
semantic-1047,41-502_body,41-502_body-q02,How should the striker be aligned vertically?,Align striker vertically until guide engages in door without tension.,0.937171459197998,kept,41-502_body-q02
semantic-1047,41-502_body,41-502_body-q10,What should you check for when aligning the striker vertically?,Check that the guide engages in the door without tension.,0.937171459197998,dropped,41-502_body-q02
semantic-1047,41-506_body,41-506_body-q11,What should happen when the striker is properly aligned vertically?,The guide should engage in the door without tension.,0.937171459197998,dropped,41-502_body-q02
semantic-1048,41-502_body,41-502_body-q03,What is the horizontal alignment requirement for the striker?,Align striker horizontally until outside surface of closed door (2nd catch) is in same plane with rear side panel or rear door.,0.916077733039856,kept,41-502_body-q03
semantic-1048,41-506_body,41-506_body-q10,What is the reference point for horizontal alignment of the striker?,The outside surface of the closed door (2nd catch) should be in the same plane with the rear side panel.,0.916077733039856,dropped,41-502_body-q03
semantic-1049,41-503_body,41-503_body-q12,What does callout number 4 represent in the door hinge assembly?,Callout number 4 represents the Door end hinge with bearing sleeve.,0.9033831357955933,kept,41-503_body-q12
semantic-1049,41-503_body,41-503_body-q07,What does callout number 1 indicate in the door hinge diagram?,Callout number 1 indicates the Bolt.,0.9033831357955933,dropped,41-503_body-q12
semantic-1050,51-215_body-equ,51-215_body-equ-q09,What adjustment may be necessary if applicable during installation?,"If applicable, adjust or bend the contact tongue.",0.933326005935669,kept,51-215_body-equ-q09
semantic-1050,41-504_body,41-504_body-q11,What adjustment procedure is mentioned for installation?,"Adjust front door, see 41 51 004.",0.933326005935669,dropped,51-215_body-equ-q09
semantic-1050,51-330_body-equ,51-330_body-equ-q06,What adjustment procedure should be followed after installation?,Adjust window - see 51 32 154.,0.933326005935669,dropped,51-215_body-equ-q09
semantic-1050,51-371_body-equ,51-371_body-equ-q05,What adjustment procedure is referenced during installation?,Adjust rear window regulator - see 51 37.,0.933326005935669,dropped,51-215_body-equ-q09
semantic-1051,41-505_body,41-505_body-q12,What bolts need to be loosened during the door adjustment process?,Loosen top bolts and loosen bottom bolts.,0.9196783304214478,kept,41-505_body-q12
semantic-1051,41-506_body,41-506_body-q09,What type of bolts need to be loosened for door lock adjustment?,Torx bolts,0.9196783304214478,dropped,41-505_body-q12
semantic-1052,41-506_body,41-506_body-q03,What is the horizontal alignment procedure for the striker in step 30 41 422?,Align striker horizontally until outside surface of closed door (2nd catch) is in same plane with rear side panel.,0.905582845211029,kept,41-506_body-q03
semantic-1052,41-506_body,41-506_body-q02,How should the striker be aligned vertically according to step 30 41 421?,Align striker vertically until guide engages in door without tension.,0.905582845211029,dropped,41-506_body-q03
semantic-1053,41-507_body,41-507_body-q10,What components are visible in diagram 30 41 430?,"Diagram 30 41 430 shows the rubber cap, retainer, and pin that need to be removed during the door removal process.",0.9057891368865967,kept,41-507_body-q10
semantic-1053,51-252_body-equ,51-252_body-equ-q07,What component is shown in diagram 30 51 251?,The area where screws need to be unscrewed during the removal process.,0.9057891368865967,dropped,41-507_body-q10
semantic-1053,62-04_instrume,62-04_instrume-q10,What component is visible in diagram 30 62 021?,The tachometer component that is being removed during the procedure.,0.9057891368865967,dropped,41-507_body-q10
semantic-1054,41-508_body,41-508_body-q03,Which reference number should be consulted for door trim panel removal?,Remove door trim panel - 51 42 001.,0.9007362127304077,kept,41-508_body-q03
semantic-1054,51-323_body-equ,51-323_body-equ-q03,What is the reference number for removing and installing door trim panel?,The reference number is 51 41 001.,0.9007362127304077,dropped,41-508_body-q03
semantic-1055,41-508_body,41-508_body-q08,What is shown in the bottom diagram with reference number 30 41 417?,The bottom diagram shows unscrewing the hinge at the bottom and lifting off the door.,0.9133569002151489,kept,41-508_body-q08
semantic-1055,41-508_body,41-508_body-q09,What does the top diagram with reference number 30 41 416 demonstrate?,The top diagram demonstrates unscrewing the hinge at the top.,0.9133569002151489,dropped,41-508_body-q08
semantic-1056,51-00-index-b_body-equ,51-00-index-b_body-equ-q05,What procedures are covered under section 51 26 000?,"Section 51 26 000 covers switch procedures, including switches for front door lock (driver), rear door lock (driver), trunk lid lock (driver), and tank flap lock (driver).",0.9244155883789062,kept,51-00-index-b_body-equ-q05
semantic-1056,51-121_body-equ,51-121_body-equ-q12,What procedure is covered under section 51 12 000?,Section 51 12 000 covers removing and installing the rear bumper assembly.,0.9244155883789062,dropped,51-00-index-b_body-equ-q05
semantic-1056,51-240_body-equ,51-240_body-equ-q01,What procedure is covered in section 51 24 100?,Section 51 24 100 covers removing and installing/replacing the trunk lid lock.,0.9244155883789062,dropped,51-00-index-b_body-equ-q05
semantic-1057,51-112_body-equ,51-112_body-equ-q08,How many different components are labeled in this front bumper assembly diagram?,"There are 7 different components labeled in this front bumper assembly diagram, numbered 1 through 7.",0.9317296743392944,kept,51-112_body-equ-q08
semantic-1057,51-120_body-equ,51-120_body-equ-q08,How many main components are labeled in this rear bumper assembly drawing?,There are 6 main components labeled in this rear bumper assembly drawing.,0.9317296743392944,dropped,51-112_body-equ-q08
semantic-1058,51-115_body-equ,51-115_body-equ-q05,What is the first step mentioned for removing the front bumper?,"The first step is to remove front bumper - see section 51 11 000, then unscrew light and pull off plug.",0.9823787212371826,kept,51-115_body-equ-q05
semantic-1058,51-114_body-equ,51-114_body-equ-q01,What is the first step when removing the front bumper?,Disconnect battery ground lead. Pull off left and right plugs.,0.9823787212371826,dropped,51-115_body-equ-q05
semantic-1059,51-313_body-equ,51-313_body-equ-q12,What is shown in diagram 30 51 787?,The diagram shows cutting through the cement bead all around and lifting out the window with Special Tool 51 3 010.,0.911907434463501,kept,51-313_body-equ-q12
semantic-1059,51-114_body-equ,51-114_body-equ-q10,What is shown in diagram 30 51 390?,The diagram shows the disconnection of battery ground lead and removal of left and right plugs.,0.911907434463501,dropped,51-313_body-equ-q12
semantic-1059,51-164_body-equ,51-164_body-equ-q07,What is shown in diagram 30 51 580?,The grab handle with arrows indicating the removal direction.,0.911907434463501,dropped,51-313_body-equ-q12
semantic-1059,51-210_body-equ,51-210_body-equ-q08,What is shown in diagram 30 51 562?,Diagram 30 51 562 shows the front door striker bolt locations with arrows pointing to the bolts to be unscrewed.,0.911907434463501,dropped,51-313_body-equ-q12
semantic-1059,51-221_body-equ,51-221_body-equ-q10,What is shown in diagram 30 51 122?,Diagram 30 51 122 shows the door trim panel removal with the plastic sheet being pulled off.,0.911907434463501,dropped,51-313_body-equ-q12
semantic-1059,51-471_body-equ,51-471_body-equ-q05,What is shown in diagram 30 51 751?,The procedure for removing the cover on convertibles.,0.911907434463501,dropped,51-313_body-equ-q12
semantic-1059,72-112_equipmen,72-112_equipmen-q06,What is shown in diagram 30 51 738?,The convertible seat belt mechanism with the plate being lifted out and screw being unscrewed.,0.911907434463501,dropped,51-313_body-equ-q12
semantic-1060,51-121_body-equ,51-121_body-equ-q04,What tool is needed to remove the side marker light on the solid plastic version?,A screwdriver is needed to press into the notch on the side and pry out the side marker light.,0.9170302748680115,kept,51-121_body-equ-q04
semantic-1060,51-114_body-equ,51-114_body-equ-q11,What tool is specifically mentioned for removing the side marker light?,A screwdriver is used to press into the notch and pry out the side marker light.,0.9170302748680115,dropped,51-121_body-equ-q04
semantic-1061,51-115_body-equ,51-115_body-equ-q10,What is the final step shown for bumper side section removal?,The final step is to lift out bumper after all electrical connections have been removed and bolts unscrewed.,0.9131140112876892,kept,51-115_body-equ-q10
semantic-1061,51-121_body-equ,51-121_body-equ-q07,What is the final step shown for bumper removal?,Unscrew the bolts and take off the bumper.,0.9131140112876892,dropped,51-115_body-equ-q10
semantic-1062,51-122_body-equ,51-122_body-equ-q01,What is the procedure number for replacing both impact absorbers for the rear bumper?,The procedure number is 51 21 170 for replacing both impact absorbers for rear bumper.,0.9807892441749573,kept,51-122_body-equ-q01
semantic-1062,51-116_body-equ,51-116_body-equ-q01,What is the procedure number for replacing both impact absorbers for the front bumper?,The procedure number is 51 11 163.,0.9807892441749573,dropped,51-122_body-equ-q01
semantic-1063,51-125_body-equ,51-125_body-equ-q01,What is the procedure number for replacing the rubber guard on the rear bumper?,The procedure number is 51 12 421 for replacing the rubber guard on rear bumper.,0.980894923210144,kept,51-125_body-equ-q01
semantic-1063,51-116_body-equ,51-116_body-equ-q03,What is the procedure number for replacing the rubber guard on the front bumper?,The procedure number is 51 11 167.,0.980894923210144,dropped,51-125_body-equ-q01
semantic-1064,51-116_body-equ,51-116_body-equ-q04,How do you remove the rubber guard from the front bumper?,"Remove the bumper (see 51 11 000), unscrew the license plate if applicable, and lift out the license plate holder. Then unscrew screws and take off the rubber guard.",0.9798834323883057,kept,51-116_body-equ-q04
semantic-1064,51-121_body-equ,51-121_body-equ-q05,How do you remove the rubber guard from the bumper?,Lift out the clips through the holes to take off the rubber guard.,0.9798834323883057,dropped,51-116_body-equ-q04
semantic-1064,51-125_body-equ,51-125_body-equ-q03,How do you remove the rubber guard from the rear bumper?,"Remove the bumper per section 51 12 000, press out the clips, and take off the rubber guard.",0.9798834323883057,dropped,51-116_body-equ-q04
semantic-1065,51-123_body-equ,51-123_body-equ-q08,What does callout number 30 51 406 indicate in the upper right diagram?,Callout number 30 51 406 shows the location of screws on the left and right sides that need to be unscrewed to remove the plate.,0.9233506321907043,kept,51-123_body-equ-q08
semantic-1065,51-123_body-equ,51-123_body-equ-q09,What does callout number 30 51 839 show in the left side diagrams?,Callout number 30 51 839 shows the absorber that needs to be removed by unscrewing bolts.,0.9233506321907043,dropped,51-123_body-equ-q08
semantic-1066,51-130_body-equ,51-130_body-equ-q01,What are the steps to remove the radiator grill center section?,"Open engine hood, remove clamps, and remove grill.",0.9067122936248779,kept,51-130_body-equ-q01
semantic-1066,51-130_body-equ,51-130_body-equ-q03,How do you remove the radiator grill side section?,"Lift off clamps, unscrew screws, and remove grill.",0.9067122936248779,dropped,51-130_body-equ-q01
semantic-1067,51-130_body-equ,51-130_body-equ-q02,What procedure number covers removing and installing the radiator grill center section?,Procedure 51 13 000.,0.9396036267280579,kept,51-130_body-equ-q02
semantic-1067,51-130_body-equ,51-130_body-equ-q04,What is the procedure number for removing and installing the radiator grill side section?,Procedure 51 13 040.,0.9396036267280579,dropped,51-130_body-equ-q02
semantic-1068,51-130_body-equ,51-130_body-equ-q05,What steps are required to remove the heater air inlet grill?,"Lift out cover (1), unscrew nut (2), and take off windshield wiper arm (3).",0.9298034310340881,kept,51-130_body-equ-q05
semantic-1068,51-130_body-equ,51-130_body-equ-q09,What is the final step shown for the heater air inlet grill removal?,Lift out grill.,0.9298034310340881,dropped,51-130_body-equ-q05
semantic-1069,51-131_body-equ,51-131_body-equ-q05,What should be done during installation regarding the clips?,Replace clips if necessary and replace clips located in front area if necessary.,0.9216092228889465,kept,51-131_body-equ-q05
semantic-1069,51-420_body-equ,51-420_body-equ-q06,What should you check during installation regarding the clips?,Check for correct fit of clips and replace if necessary.,0.9216092228889465,dropped,51-131_body-equ-q05
semantic-1070,51-210_body-equ,51-210_body-equ-q09,What is illustrated in diagram 30 51 583?,Diagram 30 51 583 shows the striker installation with arrows indicating the tightening direction and door handle operation.,0.9058711528778076,kept,51-210_body-equ-q09
semantic-1070,51-131_body-equ,51-131_body-equ-q08,What does the diagram numbered 30 51 461 illustrate?,It shows lifting out the ornamental strip beginning at the front end.,0.9058711528778076,dropped,51-210_body-equ-q09
semantic-1070,51-252_body-equ,51-252_body-equ-q09,What does diagram 30 51 720 illustrate?,The preloading of the short cable by adjusting the remote control during installation.,0.9058711528778076,dropped,51-210_body-equ-q09
semantic-1070,51-471_body-equ,51-471_body-equ-q07,What does diagram 30 51 753 illustrate?,The step to pull out expander rivet.,0.9058711528778076,dropped,51-210_body-equ-q09
semantic-1071,51-131_body-equ,51-131_body-equ-q10,What installation step is shown in diagram 30 51 463?,It shows pressing on the ornamental strip tightly with Special Tool 51 1 060.,0.9308211207389832,kept,51-131_body-equ-q10
semantic-1071,51-263_body-equ,51-263_body-equ-q09,What final step is shown for installation in diagram 30 51 103?,Align drive to tank flap and tighten screws.,0.9308211207389832,dropped,51-131_body-equ-q10
semantic-1072,51-140_body-equ,51-140_body-equ-q02,How should the front BMW emblem be removed?,Lift out emblem carefully.,0.9691452383995056,kept,51-140_body-equ-q02
semantic-1072,51-140_body-equ,51-140_body-equ-q06,How should the rear BMW emblem be removed?,Lift out emblem carefully.,0.9691452383995056,dropped,51-140_body-equ-q02
semantic-1073,51-140_body-equ,51-140_body-equ-q08,What diagram number illustrates the installation components for the front emblem?,Diagram number 30 51 598 illustrates the installation components for the front emblem.,0.9373840093612671,kept,51-140_body-equ-q08
semantic-1073,51-140_body-equ,51-140_body-equ-q10,What diagram number shows the rear emblem installation components?,Diagram number 30 51 600 shows the rear emblem installation components.,0.9373840093612671,dropped,51-140_body-equ-q08
semantic-1074,51-150_body-equ,51-150_body-equ-q06,Which procedure covers removing and installing the rubbing strip on the rear side panel?,Procedure 51 15 390 covers removing and installing or replacing rubbing strip on left or right rear side panel.,0.9428236484527588,kept,51-150_body-equ-q06
semantic-1074,51-150_body-equ,51-150_body-equ-q07,What is the removal procedure for the rear side panel rubbing strip?,Unscrew screw and pull off rubbing strip.,0.9428236484527588,dropped,51-150_body-equ-q06
semantic-1075,51-162_body-equ,51-162_body-equ-q03,How do you remove the ashtray according to the manual?,Lift out the ashtray and unscrew the nut.,0.9531487226486206,kept,51-162_body-equ-q03
semantic-1075,51-450_body-equ,51-450_body-equ-q06,How do you remove the ashtray?,Lift out ashtray and unscrew nut.,0.9531487226486206,dropped,51-162_body-equ-q03
semantic-1076,51-450_body-equ,51-450_body-equ-q05,What specific instruction is given for manual transmission shift lever removal?,"Pull off shift lever knob, and the shift lever knob must engage in twist lock during installation.",0.904936671257019,kept,51-450_body-equ-q05
semantic-1076,51-162_body-equ,51-162_body-equ-q05,What steps are required for manual transmission shift lever removal?,"Pull off shift lever knob, then engage shift lever knob in twist lock for installation.",0.904936671257019,dropped,51-450_body-equ-q05
semantic-1077,51-162_body-equ,51-162_body-equ-q11,What is the first safety step that must be performed before beginning this procedure?,Disconnect the battery ground lead before starting any work.,0.9014112949371338,kept,51-162_body-equ-q11
semantic-1077,64-110_heating-,64-110_heating--q12,What safety precaution must be taken before starting this procedure?,Disconnect battery ground lead before beginning any work.,0.9014112949371338,dropped,51-162_body-equ-q11
semantic-1078,51-163_body-equ,51-163_body-equ-q01,What is the first step shown for removing the ashtray console?,Unscrew bolts and lift out ashtray console.,0.9855049252510071,kept,51-163_body-equ-q01
semantic-1078,51-451_body-equ,51-451_body-equ-q05,What is the final step shown for removing the ashtray console?,Unscrew bolts and lift out ashtray console.,0.9855049252510071,dropped,51-163_body-equ-q01
semantic-1079,51-163_body-equ,51-163_body-equ-q03,Which direction should you pull the tray according to the procedure?,Pull out tray toward rear.,0.9132587909698486,kept,51-163_body-equ-q03
semantic-1079,51-451_body-equ,51-451_body-equ-q07,Which direction should the tray be pulled for removal?,Pull out tray toward rear.,0.9132587909698486,dropped,51-163_body-equ-q03
semantic-1080,51-210_body-equ,51-210_body-equ-q04,Which trim panel should be removed on two door models for front door striker replacement?,"On two door models, if applicable, remove the side trim panel (see 51 43 000).",0.9481476545333862,kept,51-210_body-equ-q04
semantic-1080,51-210_body-equ,51-210_body-equ-q03,What trim panel needs to be removed on four door models when replacing the front door striker?,"On four door models, if applicable, remove the B pillar trim (see 51 43 150).",0.9481476545333862,dropped,51-210_body-equ-q04
semantic-1081,51-210_body-equ,51-210_body-equ-q05,How should the striker bolts be tightened during installation?,Tighten striker bolts lightly in middle position.,0.9849958419799805,kept,51-210_body-equ-q05
semantic-1081,51-220_body-equ,51-220_body-equ-q03,How should the striker bolts be initially tightened during installation?,Tighten striker bolts lightly in middle position.,0.9849958419799805,dropped,51-210_body-equ-q05
semantic-1082,51-210_body-equ,51-210_body-equ-q06,What procedure helps align the striker during installation?,Close door with opened door handle. This aligns the striker.,0.9453400373458862,kept,51-210_body-equ-q06
semantic-1082,51-220_body-equ,51-220_body-equ-q04,What is the correct method for aligning the striker during installation?,Close door with opened door handle. This aligns the striker.,0.9453400373458862,dropped,51-210_body-equ-q06
semantic-1083,51-261_body-equ,51-261_body-equ-q06,Where can you find information about troubleshooting central locks?,See page 51 - 800.,0.984359622001648,kept,51-261_body-equ-q06
semantic-1083,51-211_body-equ,51-211_body-equ-q07,Where can you find troubleshooting information for central locks?,Page 51 - 800,0.984359622001648,dropped,51-261_body-equ-q06
semantic-1084,51-240_body-equ,51-240_body-equ-q05,How do you remove the lock cylinder?,Remove the lock cylinder by lifting out the circlip and pulling out the lock cylinder toward the rear.,0.9342844486236572,kept,51-240_body-equ-q05
semantic-1084,51-212_body-equ,51-212_body-equ-q04,How should the lock be removed from the lock cylinder?,"Disengage lock in lever on the lock cylinder, then remove lock complete with remote control.",0.9342844486236572,dropped,51-240_body-equ-q05
semantic-1085,51-213_body-equ,51-213_body-equ-q02,What should be done to the lock cylinder during installation?,The lock cylinder should be lubricated with grease during installation.,0.9034942984580994,kept,51-213_body-equ-q02
semantic-1085,51-240_body-equ,51-240_body-equ-q06,What should be checked during installation of the lock cylinder?,Check that the circlip fits in the groove correctly.,0.9034942984580994,dropped,51-213_body-equ-q02
semantic-1086,51-221_body-equ,51-221_body-equ-q12,What section reference is given for the door trim panel removal procedure?,The door trim panel removal procedure is referenced in section 51 42 001.,0.9115341901779175,kept,51-221_body-equ-q12
semantic-1086,51-213_body-equ,51-213_body-equ-q04,What reference is given for removing the door trim panel?,See section 51 41 001 for removing the door trim panel.,0.9115341901779175,dropped,51-221_body-equ-q12
semantic-1087,51-214_body-equ,51-214_body-equ-q05,What are the five components labeled in the Front Passenger's Door Lock Cylinder Layout diagram?,"1 = Lock cylinder, 2 = Drive for microswitch, 3 = Microswitch, 4 = Clamp, 5 = Holder.",0.925125241279602,kept,51-214_body-equ-q05
semantic-1087,51-214_body-equ,51-214_body-equ-q10,What are the five numbered components in the Driver's Door Lock Cylinder Layout diagram?,"1 = Lock cylinder, 2 = Drive for microswitch, 3 = Microswitch, 4 = Clamp, 5 = Holder.",0.925125241279602,dropped,51-214_body-equ-q05
semantic-1088,51-220_body-equ,51-220_body-equ-q12,What page section is this procedure found in?,Page 51-220 in the Body Equipment section.,0.9604451656341553,kept,51-220_body-equ-q12
semantic-1088,51-263_body-equ,51-263_body-equ-q12,What page section is this procedure located in?,Page 51-263 of the service manual.,0.9604451656341553,dropped,51-220_body-equ-q12
semantic-1089,51-221_body-equ,51-221_body-equ-q02,What are the four components of the rear door lock arrangement according to the diagram?,"The four components are: 1. Lock, 2. Catch button linkage, 3. Remote control, and 4. Drive/connecting linkage.",0.9653298258781433,kept,51-221_body-equ-q02
semantic-1089,51-261_body-equ,51-261_body-equ-q02,What are the four components labeled in the rear door lock arrangement diagram?,"1 = Lock, 2 = Locking linkage, 3 = Door remote control linkage, 4 = Drive/connecting link",0.9653298258781433,dropped,51-221_body-equ-q02
semantic-1090,63-01_lights,63-01_lights-q10,What is the final step shown for headlight removal?,Pull off plugs on headlight.,0.9428305625915527,kept,63-01_lights-q10
semantic-1090,51-230_body-equ,51-230_body-equ-q11,What is the first step in the headlight removal procedure?,Unscrew left headlight.,0.9428305625915527,dropped,63-01_lights-q10
semantic-1091,51-241_body-equ,51-241_body-equ-q11,What does diagram 30 51 709 illustrate?,Diagram 30 51 709 illustrates the gas pressure prop installation with the piston rod facing down.,0.9202641248703003,kept,51-241_body-equ-q11
semantic-1091,51-252_body-equ,51-252_body-equ-q10,What is shown in diagram 30 51 721?,The preloading of the long cable by adjusting during the installation process.,0.9202641248703003,dropped,51-241_body-equ-q11
semantic-1091,51-325_body-equ,51-325_body-equ-q11,What does diagram 30 51 734 show?,Diagram 30 51 734 shows the process of sliding out window glass and rubber frame downward.,0.9202641248703003,dropped,51-241_body-equ-q11
semantic-1092,51-769_body-equ,51-769_body-equ-q09,What components need to be removed when removing the side trim panel?,"Unscrew hexagon head screws (1) and self-tapping screw (2), pull off seal (3), then take off engine hood release grip and side trim panel.",0.9056424498558044,kept,51-769_body-equ-q09
semantic-1092,51-251_body-equ,51-251_body-equ-q04,What component needs to be removed after the trim panel according to the procedure?,Remove remote control.,0.9056424498558044,dropped,51-769_body-equ-q09
semantic-1093,51-432_body-equ,51-432_body-equ-q01,What procedure is being described in section 51 43 150?,Section 51 43 150 covers removing and installing trim panel for left or right door pillar.,0.9494059085845947,kept,51-432_body-equ-q01
semantic-1093,51-252_body-equ,51-252_body-equ-q01,What is the procedure being described in section 51 25?,Removing and installing or replacing top lid lock.,0.9494059085845947,dropped,51-432_body-equ-q01
semantic-1094,51-252_body-equ,51-252_body-equ-q04,What is the first step in the installation process?,Preload the short cable lightly by adjusting the remote control.,0.9142574667930603,kept,51-252_body-equ-q04
semantic-1094,51-261_body-equ,51-261_body-equ-q12,What is the final step in the installation procedure?,Tighten the screw installed first.,0.9142574667930603,dropped,51-252_body-equ-q04
semantic-1095,51-260_body-equ,51-260_body-equ-q05,What color coding is used for the driver's door in the upper and lower sections?,Upper section is white and lower section is red.,0.9190492630004883,kept,51-260_body-equ-q05
semantic-1095,51-260_body-equ,51-260_body-equ-q08,What color coding is used for rear doors in both upper and lower sections?,Upper section is red and lower section is white.,0.9190492630004883,dropped,51-260_body-equ-q05
semantic-1096,51-260_body-equ,51-260_body-equ-q07,What position should the lock be in during installation step 1?,Lock in LOCKED position.,0.9809132814407349,kept,51-260_body-equ-q07
semantic-1096,51-261_body-equ,51-261_body-equ-q08,What position should the lock be in during step 1 of the installation process?,Lock in LOCKED position.,0.9809132814407349,dropped,51-260_body-equ-q07
semantic-1097,51-260_body-equ,51-260_body-equ-q11,What should be done with the drive in step 3 after engaging it in the connecting link?,Hold it in the installed position with a screw (screw is not tightened).,0.9283037781715393,kept,51-260_body-equ-q11
semantic-1097,51-262_body-equ,51-262_body-equ-q08,What should be done with the drive after engaging it in the connecting link?,Slide in drive and engage in lock.,0.9283037781715393,dropped,51-260_body-equ-q11
semantic-1098,51-261_body-equ,51-261_body-equ-q07,What should be checked during installation according to the drive identification reference?,Check drive identification - see 51 26 000.,0.9726717472076416,kept,51-261_body-equ-q07
semantic-1098,51-262_body-equ,51-262_body-equ-q12,What reference should be checked for drive identification during installation?,Check drive identification - see 51 26 000.,0.9726717472076416,dropped,51-261_body-equ-q07
semantic-1099,51-318_body-equ,51-318_body-equ-q11,What does diagram 30 51 812 demonstrate?,Diagram 30 51 812 demonstrates the installation and fitting of the window in the body opening using Special Tool 51 3 010.,0.9078477621078491,kept,51-318_body-equ-q11
semantic-1099,51-263_body-equ,51-263_body-equ-q08,What is demonstrated in diagram 30 51 424?,"Unscrewing screws, pulling off the plug, and removing the drive.",0.9078477621078491,dropped,51-318_body-equ-q11
semantic-1100,51-311_body-equ,51-311_body-equ-q08,What is the main task described in this service procedure?,"The main task is replacing the rear window, including disconnecting defogger connections and checking function after installation.",0.9779197573661804,kept,51-311_body-equ-q08
semantic-1100,65-93_radio-an,65-93_radio-an-q12,What is the main task being performed in this service procedure?,Service installing cassette box.,0.9779197573661804,dropped,51-311_body-equ-q08
semantic-1101,51-313_body-equ,51-313_body-equ-q04,How should the knife be positioned when mounting it on the tool for windshield removal?,Mount the knife on the tool. The knife must be parallel to axis of the tool.,0.9264543056488037,kept,51-313_body-equ-q04
semantic-1101,51-316_body-equ,51-316_body-equ-q03,How should the knife be positioned when mounting it on the tool for window removal?,The knife must be parallel to axis of the tool.,0.9264543056488037,dropped,51-313_body-equ-q04
semantic-1102,51-317_body-equ,51-317_body-equ-q01,What special tool is used to cut through the cement bead and lift out the window?,Special Tool 51 3 010 is used to cut through cement bead all around and lift out the window.,0.9691838622093201,kept,51-317_body-equ-q01
semantic-1102,51-313_body-equ,51-313_body-equ-q06,What special tool is required to lift out the window after cutting through the cement bead?,Special Tool 51 3 010.,0.9691838622093201,dropped,51-317_body-equ-q01
semantic-1103,51-317_body-equ,51-317_body-equ-q08,What thickness should the residual cement on the body opening surface be reduced to?,"The residual cement on the body opening surface should be reduced to about 0.5 mm (0.020"") with the knife.",0.9170987010002136,kept,51-317_body-equ-q08
semantic-1103,51-313_body-equ,51-313_body-equ-q08,How thick should the residual cement be cut to on the body opening surface?,"Cut off residual cement on body opening surface with the knife to about 0.5 mm (0.020"").",0.9170987010002136,dropped,51-317_body-equ-q08
semantic-1104,51-314_body-equ,51-314_body-equ-q03,What are the cement bead dimensions when replacing a window?,"When replacing a window, the cement bead dimensions are a = 10 mm (0.394"") and b = 12 mm (0.472"").",0.9312213063240051,kept,51-314_body-equ-q03
semantic-1104,51-314_body-equ,51-314_body-equ-q02,What are the dimensions for the cement bead when reusing a window?,"When reusing a window, the cement bead dimensions are a = 12 mm (0.472"") and b = 22 mm (0.866"").",0.9312213063240051,dropped,51-314_body-equ-q03
semantic-1105,51-317_body-equ,51-317_body-equ-q06,What is the minimum air drying time required after applying primer?,The air drying time must be at least 10 minutes after applying primer.,0.9122348427772522,kept,51-317_body-equ-q06
semantic-1105,51-314_body-equ,51-314_body-equ-q05,How long is the air drying time required after coating with primer?,Air drying time at least 10 minutes.,0.9122348427772522,dropped,51-317_body-equ-q06
semantic-1106,51-360_body-equ,51-360_body-equ-q03,What is the first step in removing a rear side window according to the procedure?,"The first step is to remove the rear side trim panel (see section 51 43 000), then lift off the C pillar plate and unscrew the screw.",0.9319508671760559,kept,51-360_body-equ-q03
semantic-1106,51-316_body-equ,51-316_body-equ-q06,What is the first step shown for removing the rear window?,Lift out clips.,0.9319508671760559,dropped,51-360_body-equ-q03
semantic-1107,51-330_body-equ,51-330_body-equ-q07,How do you remove the window regulator from the door?,"Pull off plug and slide window regulator forward out of the guides, then lift out complete window regulator.",0.9674766659736633,kept,51-330_body-equ-q07
semantic-1107,51-324_body-equ,51-324_body-equ-q07,How should the window regulator be removed from the door?,Pull off the plug and slide the window regulator forward out of the guides.,0.9674766659736633,dropped,51-330_body-equ-q07
semantic-1108,51-340_body-equ,51-340_body-equ-q01,What is the part number for the rear door trim panel that needs to be removed?,The rear door trim panel part number is 51 42 001.,0.9237654209136963,kept,51-340_body-equ-q01
semantic-1108,51-344_body-equ,51-344_body-equ-q02,What part number is specified for the rear door trim panel?,The rear door trim panel part number is 51 42 001.,0.9237654209136963,dropped,51-340_body-equ-q01
semantic-1109,51-371_body-equ,51-371_body-equ-q03,What are the initial steps before removing the window regulator?,"Window closed, disconnect plug, and unscrew screws.",0.9515888094902039,kept,51-371_body-equ-q03
semantic-1109,51-340_body-equ,51-340_body-equ-q08,What is the final step in removing the window regulator?,Turn and remove the window regulator.,0.9515888094902039,dropped,51-371_body-equ-q03
semantic-1109,51-370_body-equ,51-370_body-equ-q11,What is the final step when removing the window regulator?,Turn and lift out the window regulator.,0.9515888094902039,dropped,51-371_body-equ-q03
semantic-1109,51-371_body-equ,51-371_body-equ-q04,How is the complete window regulator removed?,Remove complete window regulator from above.,0.9515888094902039,dropped,51-371_body-equ-q03
semantic-1110,51-371_body-equ,51-371_body-equ-q01,What is the procedure number for removing and installing or replacing a window regulator?,The procedure number is 51 37 000.,0.9016707539558411,kept,51-371_body-equ-q01
semantic-1110,51-340_body-equ,51-340_body-equ-q11,What is the procedure code for removing and installing/replacing the window regulator?,The procedure code is 51 34 020.,0.9016707539558411,dropped,51-371_body-equ-q01
semantic-1111,64-502_heating-,64-502_heating--q07,What is shown in diagram 30 64 137?,Diagram 30 64 137 shows the removal of the temperature switch and temperature sensor from the housing.,0.944576621055603,kept,64-502_heating--q07
semantic-1111,51-341_body-equ,51-341_body-equ-q12,What is shown in diagram 30 51 137?,Diagram 30 51 137 shows the step where screws are loosened.,0.944576621055603,dropped,64-502_heating--q07
semantic-1112,51-342_body-equ,51-342_body-equ-q01,What is the procedure number for replacing left or right rear door window?,51 34 171 REPLACING LEFT OR RIGHT REAR DOOR WINDOW.,0.9317392110824585,kept,51-342_body-equ-q01
semantic-1112,51-344_body-equ,51-344_body-equ-q01,What is the procedure number for replacing window fixed in frame of left or right rear door?,The procedure number is 51 34 191.,0.9317392110824585,dropped,51-342_body-equ-q01
semantic-1113,51-343_body-equ,51-343_body-equ-q06,What installation tip is given for working with the rubber frame?,Coat the rubber frame with relaxed water to make installation easier.,0.9466607570648193,kept,51-343_body-equ-q06
semantic-1113,51-345_body-equ,51-345_body-equ-q11,What installation tip is provided for the rubber frame?,Coat the rubber frame with relaxed water to make installation easier.,0.9466607570648193,dropped,51-343_body-equ-q06
semantic-1114,51-343_body-equ,51-343_body-equ-q08,What component is shown in diagram 30 51 144?,The diagram shows the door remote control being unscrewed and the clip being loosened.,0.9136624932289124,kept,51-343_body-equ-q08
semantic-1114,51-456_body-equ,51-456_body-equ-q08,What component is shown in diagram 30 13 208?,The diagram shows the glove box area with the light plug that needs to be pulled off.,0.9136624932289124,dropped,51-343_body-equ-q08
semantic-1115,51-343_body-equ,51-343_body-equ-q11,What is being shown in diagram 30 51 131?,The diagram shows loosening the guide rail on the rubber frame of the fixed window and disconnecting the retainer at the top.,0.9072535037994385,kept,51-343_body-equ-q11
semantic-1115,51-343_body-equ,51-343_body-equ-q12,What does diagram 30 51 132 demonstrate?,The diagram demonstrates how the beads on the rubber frame must engage in bores of the window guide during installation.,0.9072535037994385,dropped,51-343_body-equ-q11
semantic-1116,51-360_body-equ,51-360_body-equ-q10,Where should the installation of ornamental strips begin?,Installation of ornamental strips should begin at the upper edge of the window.,0.9286442995071411,kept,51-360_body-equ-q10
semantic-1116,51-361_body-equ,51-361_body-equ-q07,Where should you begin inserting the ornamental strips during installation?,"Insert ornamental strips, beginning at upper window edge.",0.9286442995071411,dropped,51-360_body-equ-q10
semantic-1117,51-420_body-equ,51-420_body-equ-q01,What is the procedure number for replacing the left or right rear door trim panel?,The procedure number is 51 42 001 for replacing left or right rear door trim panel.,0.9700068831443787,kept,51-420_body-equ-q01
semantic-1117,51-410_body-equ,51-410_body-equ-q01,What is the procedure number for replacing left or right front door trim panel?,The procedure number is 51 41 001.,0.9700068831443787,dropped,51-420_body-equ-q01
semantic-1118,51-410_body-equ,51-410_body-equ-q04,What should be checked when installing the door trim panel?,"Check clips, replacing if necessary.",0.9388571977615356,kept,51-410_body-equ-q04
semantic-1118,51-411_body-equ,51-411_body-equ-q03,What should you check during installation of the door trim panel components?,Check for correct fit of clips.,0.9388571977615356,dropped,51-410_body-equ-q04
semantic-1119,51-420_body-equ,51-420_body-equ-q04,What happens to the window recess seal when you lift the door trim panel out of clamps?,The window recess seal will also be pulled off when the door trim panel is lifted out of clamps.,0.9935942888259888,kept,51-420_body-equ-q04
semantic-1119,51-411_body-equ,51-411_body-equ-q01,What happens to the window recess seal when lifting the door trim panel out of the clamps?,The window recess seal will also be lifted out along with the door trim panel.,0.9935942888259888,dropped,51-420_body-equ-q04
semantic-1120,51-431_body-equ,51-431_body-equ-q01,What specific step is required for convertibles when removing the rear seat cushion?,"For convertibles, you must lift out the rear seat cushion, and during installation, the seat cushion must engage in the openings.",0.9149866700172424,kept,51-431_body-equ-q01
semantic-1120,72-114_equipmen,72-114_equipmen-q01,What special procedure is required for convertibles when removing the rear seat cushion and backrest?,"For convertibles, you need to remove the rear seat cushion and backrest - see section 52 20 000.",0.9149866700172424,dropped,51-431_body-equ-q01
semantic-1121,51-432_body-equ,51-432_body-equ-q05,What is the final step shown in figure 30 51 433 for trim panel removal?,"Press out cover and run belt through B pillar trim panel, then remove trim panel.",0.9667792320251465,kept,51-432_body-equ-q05
semantic-1121,51-432_body-equ,51-432_body-equ-q03,What steps are shown in figure 30 51 431 for trim panel removal?,Pull off cap and unscrew screw.,0.9667792320251465,dropped,51-432_body-equ-q05
semantic-1122,51-456_body-equ,51-456_body-equ-q02,What is the first step when removing the instrument panel trim at the bottom left?,Unscrew screws and take out trim panel.,0.9463881850242615,kept,51-456_body-equ-q02
semantic-1122,51-450_body-equ,51-450_body-equ-q01,What is the first step when removing and installing the instrument panel trim?,Disconnect the battery ground lead.,0.9463881850242615,dropped,51-456_body-equ-q02
semantic-1123,51-452_body-equ,51-452_body-equ-q12,What is the final step shown for instrument carrier removal?,Lift instrument carrier out of instrument panel and pull off all plugs.,0.9177928566932678,kept,51-452_body-equ-q12
semantic-1123,65-304_radio-an,65-304_radio-an-q06,What is the procedure for removing the instrument carrier?,Lift instrument carrier out of instrument panel. Pull off all plugs.,0.9177928566932678,dropped,51-452_body-equ-q12
semantic-1124,51-470_body-equ,51-470_body-equ-q09,In what direction should you push the cover strip after removing it from the first clip?,Push the cover strip forward as far as possible until the rear clips are cleared.,0.9182055592536926,kept,51-470_body-equ-q09
semantic-1124,51-470_body-equ,51-470_body-equ-q11,"After pushing the cover strip forward, in which direction do you pull it off?",Pull off the cover strip toward the rear after the rear clips are cleared.,0.9182055592536926,dropped,51-470_body-equ-q09
semantic-1125,51-475_body-equ,51-475_body-equ-q03,What are the two main steps required to remove the engine splash guard?,"First, unscrew bolts on left and right sides, then remove engine splash guard.",0.9644711017608643,kept,51-475_body-equ-q03
semantic-1125,51-475_body-equ,51-475_body-equ-q02,What is the first step in removing the engine splash guard?,Unscrew bolts on left and right sides.,0.9644711017608643,dropped,51-475_body-equ-q03
semantic-1126,65-361_radio-an,65-361_radio-an-q05,Is it necessary to remove the front spoiler to remove the temperature sensor?,"No, it is not necessary to remove the temperature sensor. The front spoiler removal shown in the image is only for better understanding of the procedure.",0.9077799916267395,kept,65-361_radio-an-q05
semantic-1126,51-710_body-equ,51-710_body-equ-q12,Is the temperature sensor always present when removing the front spoiler?,"No, the temperature sensor is only present if applicable, as indicated by the instruction 'If applicable, pull off temperature sensor (1).'",0.9077799916267395,dropped,65-361_radio-an-q05
semantic-1127,51-712_body-equ,51-712_body-equ-q01,What is the procedure number for replacing the plate on rear side panel?,51 71 440 REPLACING PLATE ON REAR SIDE PANEL,0.959966242313385,kept,51-712_body-equ-q01
semantic-1127,51-711_body-equ,51-711_body-equ-q01,What is the procedure number for replacing the plate on the front side panel?,The procedure number is 51 71 434.,0.959966242313385,dropped,51-712_body-equ-q01
semantic-1128,51-711_body-equ,51-711_body-equ-q04,What installation step is required for the sealing cord?,Pull new sealing cord into panel.,0.9272685647010803,kept,51-711_body-equ-q04
semantic-1128,51-712_body-equ,51-712_body-equ-q06,What needs to be done with the sealing cord during installation?,Pull new sealing cord into plate.,0.9272685647010803,dropped,51-711_body-equ-q04
semantic-1128,51-716_body-equ,51-716_body-equ-q09,What is the installation procedure for the sealing cord?,Pull new sealing cord into guard.,0.9272685647010803,dropped,51-711_body-equ-q04
semantic-1129,65-305_radio-an,65-305_radio-an-q10,What should be applied to the hole edges after drilling?,Zinc dust paint should be applied to coat the edges of the holes after deburring.,0.9244699478149414,kept,65-305_radio-an-q10
semantic-1129,51-711_body-equ,51-711_body-equ-q09,What should be applied to the edges of the drilled holes?,Deburr and coat edges of holes with zinc dust paint.,0.9244699478149414,dropped,65-305_radio-an-q10
semantic-1130,51-713_body-equ,51-713_body-equ-q06,What type of paint should be used on the drilled hole edges?,Zinc dust paint should be used to coat the edges of the holes.,0.9265148639678955,kept,51-713_body-equ-q06
semantic-1130,51-717_body-equ,51-717_body-equ-q10,What type of paint should be used to coat the hole edges?,Zinc dust paint should be used to coat the edges of the holes.,0.9265148639678955,dropped,51-713_body-equ-q06
semantic-1131,51-713_body-equ,51-713_body-equ-q09,Why is it important to coat the hole edges with zinc dust paint?,The zinc dust paint coating protects the drilled hole edges from corrosion.,0.9336782693862915,kept,51-713_body-equ-q09
semantic-1131,65-101_radio-an,65-101_radio-an-q12,What is the purpose of coating the hole edges with zinc dust paint?,To prevent rust formation after deburring the hole edges.,0.9336782693862915,dropped,51-713_body-equ-q09
semantic-1132,51-769_body-equ,51-769_body-equ-q07,What steps are required for cars before 09/85 with carpeting and with front speakers?,"Unscrew cover (1) and take out speaker, pull away carpet on side, push mounting tab of footrest underneath the carpet and mount with bolt (2).",0.9055594801902771,kept,51-769_body-equ-q07
semantic-1132,51-769_body-equ,51-769_body-equ-q06,What procedure is described for cars before 09/85 with carpeting and without front speakers?,Pull away carpet on side and mount self-tapping nut.,0.9055594801902771,dropped,51-769_body-equ-q07
semantic-1133,51-802_body-equ,51-802_body-equ-q05,What should I do if pin 4 (brown) of the control unit does not have ground?,Check socket 4 wire (brown) on control unit plug for breaks and repair if necessary. Also refer to ground supply on central ground point behind the instrument panel at bottom left.,0.9037042856216431,kept,51-802_body-equ-q05
semantic-1133,51-802_body-equ,51-802_body-equ-q06,What is the solution if pin 4 (brown) of the control unit has proper ground?,Replace the control unit.,0.9037042856216431,dropped,51-802_body-equ-q05
semantic-1134,51-813_body-equ,51-813_body-equ-q05,What symptom is being diagnosed in section 3 of this troubleshooting flowchart?,No Function When Operating Left Rear Door Window Push Button (In Center Console),0.9592915773391724,kept,51-813_body-equ-q05
semantic-1134,51-803_body-equ,51-803_body-equ-q01,What is the main symptom being diagnosed in this troubleshooting flowchart?,No function when operating driver's door lock (unlocking - locking).,0.9592915773391724,dropped,51-813_body-equ-q05
semantic-1135,51-804_body-equ,51-804_body-equ-q06,What socket should I check for passenger's door drive against car ground?,Check socket 5 (brown) on plug for passenger's door drive against car ground.,0.9166387915611267,kept,51-804_body-equ-q06
semantic-1135,51-803_body-equ,51-803_body-equ-q06,Which socket should I check on the driver's door drive plug against car ground?,Check socket 5 (brown) on plug for driver's door drive against car ground.,0.9166387915611267,dropped,51-804_body-equ-q06
semantic-1136,51-814_body-equ,51-814_body-equ-q08,What color wires correspond to pins 4 and 5 on the left rear door window push button?,Pins 4 and 5 correspond to brown wires on the left rear door window push button.,0.9314383864402771,kept,51-814_body-equ-q08
semantic-1136,51-812_body-equ,51-812_body-equ-q05,What wire colors are mentioned for pins 4 and 5 of the driver's door window push button?,Pins 4 and 5 of the driver's door window push button are brown wires.,0.9314383864402771,dropped,51-814_body-equ-q08
semantic-1136,51-812_body-equ,51-812_body-equ-q08,What wire colors are specified for pin 1 and pin 8 of the driver's door window push button?,Pin 1 is black and pin 8 is violet.,0.9314383864402771,dropped,51-814_body-equ-q08
semantic-1137,51-813_body-equ,51-813_body-equ-q02,What should I inspect if there's no voltage or ground in sockets 2 and 1 of the plug connection between door wire harness and window motor when operating the driver's door push button?,"Check door wire harness for breaks, repairing if necessary.",0.9273635745048523,kept,51-813_body-equ-q02
semantic-1137,51-815_body-equ,51-815_body-equ-q01,What should I check if there is no voltage or ground in sockets 2 or 3 of the plug connection between left rear door wire harness and power window motor while operating the push button?,"Check door wire harness for breaks, repairing if necessary.",0.9273635745048523,dropped,51-813_body-equ-q02
semantic-1138,51-813_body-equ,51-813_body-equ-q10,Which sockets should be checked for voltage or ground when testing the connection between the door wire harness and window motor?,Sockets 2 and 1 of the plug connection between door wire harness and window motor.,0.9444087743759155,kept,51-813_body-equ-q10
semantic-1138,51-815_body-equ,51-815_body-equ-q03,Which sockets should I test for voltage or ground in the plug connection between left rear door wire harness and power window motor?,Sockets 2 or 3.,0.9444087743759155,dropped,51-813_body-equ-q10
semantic-1139,52-201_seats,52-201_seats-q02,What is the first step to remove the rear seat cushion?,"Lift out seat cushion, then unscrew bolt (1).",0.9476256966590881,kept,52-201_seats-q02
semantic-1139,65-101a_radio-an,65-101a_radio-an-q05,What is the first step for removing the seat cushion?,Lift out seat cushion.,0.9476256966590881,dropped,52-201_seats-q02
semantic-1140,54-02_hood-sun,54-02_hood-sun-q03,What are the steps to remove the sun roof winder escutcheon?,Unscrew the bolt and remove the escutcheon.,0.9326151609420776,kept,54-02_hood-sun-q03
semantic-1140,54-02_hood-sun,54-02_hood-sun-q04,How do you remove the sun roof winder after removing the escutcheon?,Unscrew the bolts and remove the winder.,0.9326151609420776,dropped,54-02_hood-sun-q03
semantic-1141,54-03_hood-sun,54-03_hood-sun-q03,What procedure is referenced for removing and installing the sun roof lid?,Remove and install sun roof lid 54 12 100.,0.927669882774353,kept,54-03_hood-sun-q03
semantic-1141,54-07_hood-sun,54-07_hood-sun-q02,What should be removed and installed first according to the sun roof lid procedure?,Remove and install sun roof lid 54 12 100.,0.927669882774353,dropped,54-03_hood-sun-q03
semantic-1142,54-03_hood-sun,54-03_hood-sun-q09,What marking system is used to identify left and right guide pins?,Guide pins (2) are marked with L for left or R for right.,0.9119406342506409,kept,54-03_hood-sun-q09
semantic-1142,54-07_hood-sun,54-07_hood-sun-q04,How are the guide pins marked to distinguish left from right?,Guide pins (2) are marked L = left or R = right.,0.9119406342506409,dropped,54-03_hood-sun-q09
semantic-1143,54-08_hood-sun,54-08_hood-sun-q07,How should the trim be handled during removal?,"Pull off the trim carefully and unscrew the left and right bolts. During installation, paste the trim.",0.983514130115509,kept,54-08_hood-sun-q07
semantic-1143,54-04_hood-sun,54-04_hood-sun-q03,How should the trim be handled during the removal process?,Pull off trim carefully and unscrew left and right bolts.,0.983514130115509,dropped,54-08_hood-sun-q07
semantic-1144,65-91_radio-an,65-91_radio-an-q09,What should be done with the edge guard during removal?,Pull off edge guard (3) partially.,0.9583278894424438,kept,65-91_radio-an-q09
semantic-1144,54-04_hood-sun,54-04_hood-sun-q08,How should the edge guard be handled during removal?,Pull off edge guard partially.,0.9583278894424438,dropped,65-91_radio-an-q09
semantic-1145,54-09_hood-sun,54-09_hood-sun-q03,What causes the sun roof to lift onesidedly?,"The sun roof lifts onesidedly due to drive cables being maladjusted in position 0 or rear guide turns on drive cable. To correct this, adjust drive cables in position 0 and lock drive cable in front of and behind guide with punch marks or by squeezing.",0.9403107166290283,kept,54-09_hood-sun-q03
semantic-1145,54-10_hood-sun,54-10_hood-sun-q06,What causes the sun roof not to lift?,The sun roof may not lift due to a defective relay or maladjustment.,0.9403107166290283,dropped,54-09_hood-sun-q03
semantic-1146,54-10_hood-sun,54-10_hood-sun-q02,What causes whistling noise when the sun roof is closed?,An excessive gap between the roof and sun roof front or rear causes whistling noise with the sun roof closed.,0.9038059711456299,kept,54-10_hood-sun-q02
semantic-1146,54-10_hood-sun,54-10_hood-sun-q03,How do I fix whistling noise from a closed sun roof?,Replace the rubber seals or adjust the sun roof lid to eliminate the excessive gap.,0.9038059711456299,dropped,54-10_hood-sun-q02
semantic-1147,54-16_hood-sun,54-16_hood-sun-q02,What should the distance measurement be for the front threaded pin?,The distance A should be 181 mm (7.126 inches) for the front threaded pin.,0.9276130795478821,kept,54-16_hood-sun-q02
semantic-1147,54-16_hood-sun,54-16_hood-sun-q03,What is the specified distance measurement for the rear threaded pin?,The distance B should be 159 mm (6.260 inches) for the rear threaded pin.,0.9276130795478821,dropped,54-16_hood-sun-q02
semantic-1148,62-02_instrume,62-02_instrume-q03,What is the first step shown for both temperature gauge and fuel gauge removal?,"The first step is to unscrew screws, as indicated by the arrows pointing to the screws in the instrument cluster.",0.9074441194534302,kept,62-02_instrume-q03
semantic-1148,62-02_instrume,62-02_instrume-q05,What procedure must be performed before removing either the temperature gauge or fuel gauge?,Remove and install instrument carrier assembly 62 21 000.,0.9074441194534302,dropped,62-02_instrume-q03
semantic-1149,62-78_instrume,62-78_instrume-q09,What resistance value should I measure in the bulb tester for proper operation?,"The resistance should be 4.7 ohms in the bulb tester from terminal 31 to terminal KKL with lights turned on. If not okay, replace the bulb tester.",0.930992066860199,kept,62-78_instrume-q09
semantic-1149,62-76_instrume,62-76_instrume-q05,What resistance reading should you get when testing the bulb tester?,Resistance should be 4.7 ohms in bulb tester from terminal 31 to terminal 54 KL with stop light switch operated.,0.930992066860199,dropped,62-78_instrume-q09
semantic-1150,62-78_instrume,62-78_instrume-q08,How do I check the ground connection on the bulb tester?,"Check terminal 31 (ground) on the bulb tester. If it's not okay, make the ground connection.",0.9762459993362427,kept,62-78_instrume-q08
semantic-1150,62-77_instrume,62-77_instrume-q07,How do you test the ground connection on the bulb tester?,Check if terminal 31 (ground) on bulb tester is okay.,0.9762459993362427,dropped,62-78_instrume-q08
semantic-1151,62-78_instrume,62-78_instrume-q10,What is the final step if the wire from bulb tester terminal KKL to check control terminal KKL is faulty?,"If the wire from bulb tester terminal KKL to check control terminal KKL is not okay, check or replace the wire, then check plug connections on check control and replace the check control.",0.9115565419197083,kept,62-78_instrume-q10
semantic-1151,62-77_instrume,62-77_instrume-q09,What is the final step if the wire from bulb tester terminal 58 KL to check control is not okay?,"Check or replace the wire, then check plug connections on check control and replace check control if necessary.",0.9115565419197083,dropped,62-78_instrume-q10
semantic-1152,63-04_lights,63-04_lights-q10,What callout number 30 63 042 shows in the center stop light illustration?,Callout number 30 63 042 shows the reflector component of the center stop light.,0.9291567802429199,kept,63-04_lights-q10
semantic-1152,63-04_lights,63-04_lights-q09,What callout number 30 63 041 identifies in the center stop light diagram?,Callout number 30 63 041 identifies the center stop light assembly.,0.9291567802429199,dropped,63-04_lights-q10
semantic-1153,64-00-index-a_heating-,64-00-index-a_heating--q01,What section number covers Heating and Air Conditioning in this manual?,Section 64 covers Heating and Air Conditioning.,0.9399239420890808,kept,64-00-index-a_heating--q01
semantic-1153,64-00-index-b_heating-,64-00-index-b_heating--q01,What section number covers Heating and Air Conditioning?,Section 64 covers Heating and Air Conditioning.,0.9399239420890808,dropped,64-00-index-a_heating--q01
semantic-1154,64-02_heating-,64-02_heating--q05,Where are the arrows with callout 1 positioned in the dashboard?,"The arrows with callout 1 are positioned on the right side of the dashboard, pointing towards what appears to be air vents or distribution points.",0.905093789100647,kept,64-02_heating--q05
semantic-1154,64-02_heating-,64-02_heating--q06,Where is the arrow with callout 2 located in relation to the dashboard?,"The arrow with callout 2 is located on the left side of the dashboard diagram, pointing towards the left portion of the ventilation system.",0.905093789100647,dropped,64-02_heating--q05
semantic-1155,64-07_heating-,64-07_heating--q06,Where should the red charging hose be connected?,Connect red charging hose (1) on the high pressure side (thin pipe or drier) of the air conditioner.,0.9033316373825073,kept,64-07_heating--q06
semantic-1155,64-07_heating-,64-07_heating--q05,Where should the blue charging hose be connected?,Connect blue charging hose (1) on the low pressure side (thick pipe) of the air conditioner.,0.9033316373825073,dropped,64-07_heating--q06
semantic-1156,64-10_heating-,64-10_heating--q05,What is the final step shown for completely removing the valve core assembly?,Unscrew the coupling nut (3) and take off the valve turner (2) with valve core (4).,0.9115596413612366,kept,64-10_heating--q05
semantic-1156,64-10_heating-,64-10_heating--q02,What are the first two steps for removing the valve core?,"First, unscrew the protective cap (1), then screw on the valve core remover (2).",0.9115596413612366,dropped,64-10_heating--q05
semantic-1157,64-113_heating-,64-113_heating--q09,How should the cable be connected during installation at the sliding control?,"Connect cable (1) in sliding control (2), push sliding control end of air flap against stop, turn sleeve (3) enough until it can be placed in opening, and secure cable with clamp (4).",0.9503574371337891,kept,64-113_heating--q09
semantic-1157,64-111_heating-,64-111_heating--q05,What is the correct installation procedure for connecting the cable in the sliding control?,"Connect cable (1) in sliding control (2), push sliding control and air flap against stop, turn sleeve (3) enough until it can be placed in opening, and secure cable with clamp (4).",0.9503574371337891,dropped,64-113_heating--q09
semantic-1158,64-111_heating-,64-111_heating--q06,What should you do after unscrewing the screws from the control panel?,Pull out control panel slightly.,0.9422742128372192,kept,64-111_heating--q06
semantic-1158,64-112_heating-,64-112_heating--q05,How should you remove the control panel after unscrewing screws?,Pull out control panel slightly.,0.9422742128372192,dropped,64-111_heating--q06
semantic-1158,64-114_heating-,64-114_heating--q05,What should you do after unscrewing the control panel screws?,Disconnect plug.,0.9422742128372192,dropped,64-111_heating--q06
semantic-1159,64-112_heating-,64-112_heating--q12,What reference numbers are shown for the instrument panel trim and tray removal?,"The instrument panel trim removal is referenced as 51 45 180, and the tray removal is referenced as 51 16 200.",0.96890789270401,kept,64-112_heating--q12
semantic-1159,64-111_heating-,64-111_heating--q11,What are the reference numbers mentioned for the instrument panel trim and tray removal?,The instrument panel trim reference is 51 45 180 and the tray reference is 51 16 200.,0.96890789270401,dropped,64-112_heating--q12
semantic-1159,64-113_heating-,64-113_heating--q11,Which reference numbers are associated with removing and installing the instrument panel trim and tray?,Reference 51 45 180 for instrument panel trim on left side and reference 51 16 200 for the tray.,0.96890789270401,dropped,64-112_heating--q12
semantic-1160,65-301_radio-an,65-301_radio-an-q12,What safety precaution is mentioned at the beginning of the procedure?,Disconnect the battery ground lead before beginning any work.,0.9115680456161499,kept,65-301_radio-an-q12
semantic-1160,64-111_heating-,64-111_heating--q12,What safety precaution should be taken before starting this procedure?,Disconnect battery ground lead before beginning any work.,0.9115680456161499,dropped,65-301_radio-an-q12
semantic-1161,64-112_heating-,64-112_heating--q07,What components are shown in the diagram numbered 30 64 134?,"The diagram shows components labeled (1) and (2), with arrows indicating movement directions for the temperature mixing flap mechanism.",0.9162377715110779,kept,64-112_heating--q07
semantic-1161,64-112_heating-,64-112_heating--q11,What components are numbered in diagram 30 64 173?,"The diagram shows numbered components (1), (2), and (3) related to the control panel removal procedure.",0.9162377715110779,dropped,64-112_heating--q07
semantic-1162,64-114_heating-,64-114_heating--q09,What adjustment must be made to the operating rod?,The length of the operating rod must be adjusted in such a manner that the fresh air/circulating air flaps can be opened and closed completely by the operating motor.,0.9036191701889038,kept,64-114_heating--q09
semantic-1162,64-114_heating-,64-114_heating--q10,How is the operating rod adjustment performed?,Adjust by disconnecting on the operating motor and turning the operating rod in the ball head.,0.9036191701889038,dropped,64-114_heating--q09
semantic-1163,64-119_heating-,64-119_heating--q02,What are the first steps for removing the blower switch on cars without radio?,"Lift off radio opening mask, then pull off control knob.",0.9348081946372986,kept,64-119_heating--q02
semantic-1163,64-119_heating-,64-119_heating--q03,How do you remove the blower switch on cars with radio?,Unscrew bolt (1).,0.9348081946372986,dropped,64-119_heating--q02
semantic-1164,64-119_heating-,64-119_heating--q05,What does callout number 2 indicate in the glove box diagram?,The trim panel that needs to be taken off after unscrewing the screw.,0.9626322388648987,kept,64-119_heating--q05
semantic-1164,64-119_heating-,64-119_heating--q04,What does callout number 1 indicate in the glove box area diagram?,The screw that needs to be unscrewed when opening the glove box.,0.9626322388648987,dropped,64-119_heating--q05
semantic-1165,64-121_heating-,64-121_heating--q03,Which instrument panel components need to be removed and installed?,"Remove and install instrument panel trim on left side 51 45 180, and remove and install tray 51 16 200.",0.9163287281990051,kept,64-121_heating--q03
semantic-1165,64-502_heating-,64-502_heating--q09,What instrument panel component needs to be removed according to the procedure?,The instrument panel trim on the left side (reference 51 45 130) needs to be removed and installed.,0.9163287281990051,dropped,64-121_heating--q03
semantic-1166,64-502_heating-,64-502_heating--q08,Which tray must be removed and installed as part of this procedure?,Tray 51 16 200 must be removed and installed.,0.9832649827003479,kept,64-502_heating--q08
semantic-1166,64-123_heating-,64-123_heating--q03,Which tray needs to be removed and installed during this procedure?,Remove and install tray 51 16 200.,0.9832649827003479,dropped,64-502_heating--q08
semantic-1167,64-500_heating-,64-500_heating--q04,What tool is recommended for discharging pressure in the air conditioner?,A valve core remover should be used to discharge pressure in the air conditioner.,0.9874323010444641,kept,64-500_heating--q04
semantic-1167,64-503_heating-,64-503_heating--q04,What tool is recommended for discharging pressure in the air conditioner system?,A valve core remover.,0.9874323010444641,dropped,64-500_heating--q04
semantic-1168,65-360_radio-an,65-360_radio-an-q09,What is the procedure for accessing components behind the glove box?,Open the glove box and pull out pins (1) of both retaining straps to gain access.,0.9156707525253296,kept,65-360_radio-an-q09
semantic-1168,64-500_heating-,64-500_heating--q06,How do you access the glove box components?,"Open glove box, unscrew bolt (1), and take off trim panel (2).",0.9156707525253296,dropped,65-360_radio-an-q09
semantic-1169,64-501_heating-,64-501_heating--q05,What must be replaced during installation according to the instructions?,The seals must be replaced during installation.,0.9822942614555359,kept,64-501_heating--q05
semantic-1169,64-504_heating-,64-504_heating--q07,What needs to be replaced during installation according to the instructions?,Replace seals during installation.,0.9822942614555359,dropped,64-501_heating--q05
semantic-1170,64-504_heating-,64-504_heating--q10,What special tool is mentioned for straightening condenser cooling fins?,A special comb (component 1) is used to straighten bent cooling fins on the condenser.,0.975510835647583,kept,64-504_heating--q10
semantic-1170,64-503_heating-,64-503_heating--q11,What special tool is needed for straightening bent cooling fins on the condenser?,Special comb (1).,0.975510835647583,dropped,64-504_heating--q10
semantic-1170,64-507_heating-,64-507_heating--q06,What tool is recommended for straightening bent cooling fins on the condenser?,A special comb should be used to straighten bent cooling fins on condenser.,0.975510835647583,dropped,64-504_heating--q10
semantic-1171,65-151_radio-an,65-151_radio-an-q10,What tool is mentioned for tightening the nut?,A wrench is specified for tightening the nut.,0.9875287413597107,kept,65-151_radio-an-q10
semantic-1171,65-101_radio-an,65-101_radio-an-q07,What tool is specified for tightening the nut?,Tighten nut with wrench (1).,0.9875287413597107,dropped,65-151_radio-an-q10
semantic-1172,65-102_radio-an,65-102_radio-an-q01,What tool is needed to pry the cover strip out of clamps on the left door beam for two door cars?,A screwdriver is needed to pry the cover strip out of clamps on the left door beam.,0.9868521690368652,kept,65-102_radio-an-q01
semantic-1172,65-152_radio-an,65-152_radio-an-q01,What tool is used to pry the cover strip out of clamps on the left door beam for two door cars?,A screwdriver is used to pry the cover strip out of clamps on the left door beam.,0.9868521690368652,dropped,65-102_radio-an-q01
semantic-1173,65-102_radio-an,65-102_radio-an-q05,What is the difference in the cover strip removal procedure between two door and four door cars?,"For two door cars, pry cover strip out of clamps on left door beam only. For four door cars, pry cover strips out of clamps on left front and rear door beams.",0.9864978790283203,kept,65-102_radio-an-q05
semantic-1173,65-152_radio-an,65-152_radio-an-q06,What is the difference in cover strip removal between two door and four door cars?,"For two door cars, pry cover strip out of clamps on left door beam only. For four door cars, pry cover strips out of clamps on left front and rear door beams.",0.9864978790283203,dropped,65-102_radio-an-q05
semantic-1174,65-152_radio-an,65-152_radio-an-q10,What needs to be detached along the door beams for four door cars?,Detach B pillar trim at bottom and detach carpet along door beams.,0.9771134257316589,kept,65-152_radio-an-q10
semantic-1174,65-102_radio-an,65-102_radio-an-q07,What needs to be detached along the door beam for four door cars?,Detach carpet along door beams for four door cars.,0.9771134257316589,dropped,65-152_radio-an-q10
semantic-1175,65-303_radio-an,65-303_radio-an-q03,What does connection number 1 represent in the wire harness sketch?,Connection 1 is the connection for the control unit.,0.9314360022544861,kept,65-303_radio-an-q03
semantic-1175,65-305_radio-an,65-305_radio-an-q04,What does connection point 1 in the wire harness diagram represent?,Connection for cruise control.,0.9314360022544861,dropped,65-303_radio-an-q03
semantic-1176,65-91_radio-an,65-91_radio-an-q03,What does callout number 1 identify in the front speaker assembly diagram?,Callout number 1 identifies the end plate of door beam.,0.930715024471283,kept,65-91_radio-an-q03
semantic-1176,65-91_radio-an,65-91_radio-an-q11,What does callout number 5 identify in the speaker assembly diagram?,Callout number 5 identifies the mask.,0.930715024471283,dropped,65-91_radio-an-q03
semantic-1176,65-92_radio-an,65-92_radio-an-q03,What does callout number 1 indicate in the rear speaker assembly diagram?,Self-tapping screw,0.930715024471283,dropped,65-91_radio-an-q03
semantic-1177,65-94_radio-an,65-94_radio-an-q03,What is the part number referenced in the first diagram showing the cassette insertion?,The part number is 30 65 067.,0.9072611331939697,kept,65-94_radio-an-q03
semantic-1177,65-94_radio-an,65-94_radio-an-q04,What is the part number shown in the second diagram with the cassette holders?,The part number is 30 65 058.,0.9072611331939697,dropped,65-94_radio-an-q03
semantic-1178,72-00-index-a_equipmen,72-00-index-a_equipmen-q02,On which pages can I find the procedure for removing and installing the front seat belt?,The procedure for removing and installing the front seat belt can be found on pages 72-110.,0.906754195690155,kept,72-00-index-a_equipmen-q02
semantic-1178,72-00-index-a_equipmen,72-00-index-a_equipmen-q05,Where can I find the procedure for removing and installing the rear seat belt?,The procedure for removing and installing the rear seat belt can be found on pages 72-112.,0.906754195690155,dropped,72-00-index-a_equipmen-q02
semantic-1179,72-110_equipmen,72-110_equipmen-q01,What is the procedure number for removing and installing or replacing the front seat belt complete?,The procedure number is 72 11 030.,0.9327149987220764,kept,72-110_equipmen-q01
semantic-1179,72-113_equipmen,72-113_equipmen-q01,What is the procedure number for removing and installing or replacing the rear seat belt?,The procedure number is 72 11 102.,0.9327149987220764,dropped,72-110_equipmen-q01
semantic-1180,72-110_equipmen,72-110_equipmen-q08,What change was made to the washer configuration since 1985 models?,"Since 1985 models, washers 2 and 4 are omitted from the assembly.",0.9257659912109375,kept,72-110_equipmen-q08
semantic-1180,72-111_equipmen,72-111_equipmen-q04,What changed regarding the washers for models since 1985?,Since 1985 Models: Both washers (2 and 4) have been omitted.,0.9257659912109375,dropped,72-110_equipmen-q08
semantic-1181,72-112_equipmen,72-112_equipmen-q11,What is the final step for the automatic reel removal procedure?,"Unscrew the bolt and remove the automatic reel, then install with specified tightening torque.",0.9299823641777039,kept,72-112_equipmen-q11
semantic-1181,72-111_equipmen,72-111_equipmen-q11,What is the procedure for removing the automatic reel?,Unscrew bolt and remove automatic reel.,0.9299823641777039,dropped,72-112_equipmen-q11
semantic-1182,bmwtorquespecs-003,bmwtorquespecs-003-q03,What is the torque specification for an M5 thread with screw size 12.9?,10.0 Nm (ft. lbs.),0.9027968049049377,kept,bmwtorquespecs-003-q03
semantic-1182,bmwtorquespecs-003,bmwtorquespecs-003-q01,What is the torque specification for an M4 thread with screw size 8.8?,2.9 Nm (ft. lbs.),0.9027968049049377,dropped,bmwtorquespecs-003-q03
semantic-1183,bmwtorquespecs-003,bmwtorquespecs-003-q09,What document reference should I consult for the applicable range of tightening torques?,Extract from company standard BMW N 600 02.0,0.9683967232704163,kept,bmwtorquespecs-003-q09
semantic-1183,bmwtorquespecs-005,bmwtorquespecs-005-q04,What document should I refer to for the applicable range of tightening torques?,BMW N 600 02.0,0.9683967232704163,dropped,bmwtorquespecs-003-q09
semantic-1184,bmwtorquespecs-010,bmwtorquespecs-010-q08,What are the two thread types covered in this torque specification table?,M18 thread and M18x1.5 thread,0.9008156061172485,kept,bmwtorquespecs-010-q08
semantic-1184,bmwtorquespecs-004,bmwtorquespecs-004-q10,What are the two thread sizes covered in this torque specification table?,M6 thread and M7 thread,0.9008156061172485,dropped,bmwtorquespecs-010-q08
semantic-1185,bmwtorquespecs-012,bmwtorquespecs-012-q10,Which BMW engine types are listed for the S38/S14/M40/M42/M43/M44/M50/M41/M51/S50/S50 US main bearing screws?,S38/S14/M40/M42/M43/M44/M50/M41/M51/S50/S50 US engines using M10 screws,0.9293400645256042,kept,bmwtorquespecs-012-q10
semantic-1185,bmwtorquespecs-011,bmwtorquespecs-011-q07,Which engine types are listed for the S38/S14/M40/M42/M43/M44/M50/M41/M51/S50/S50 US main bearing screws?,S38/S14/M40/M42/M43/M44/M50/M41/M51/S50/S50 US,0.9293400645256042,dropped,bmwtorquespecs-012-q10
semantic-1186,bmwtorquespecs-045,bmwtorquespecs-045-q06,What is the specified protrusion measurement for short studs from the head?,88 ± 1.0 mm,0.9433515071868896,kept,bmwtorquespecs-045-q06
semantic-1186,bmwtorquespecs-045,bmwtorquespecs-045-q07,What is the protrusion measurement specification for long studs from the head?,98 ± 0.5 mm,0.9433515071868896,dropped,bmwtorquespecs-045-q06
semantic-1187,bmwtorquespecs-061,bmwtorquespecs-061-q10,What is the highest torque value specified in this Engine Electrical Equipment table?,16 Nm for the ground connections flange nut (2AZ),0.9565198421478271,kept,bmwtorquespecs-061-q10
semantic-1187,bmwtorquespecs-054,bmwtorquespecs-054-q08,What is the highest torque value shown in this Engine Electrical System table?,20 Nm (ft. lbs.),0.9565198421478271,dropped,bmwtorquespecs-061-q10
semantic-1188,bmwtorquespecs-062,bmwtorquespecs-062-q07,What are the column headers shown in this torque specification table?,"Type, Screw, Measure, and Unit.",0.9855351448059082,kept,bmwtorquespecs-062-q07
semantic-1188,bmwtorquespecs-107,bmwtorquespecs-107-q10,What are the column headers in the torque specification table?,"Type, Screw, Measure, Unit",0.9855351448059082,dropped,bmwtorquespecs-062-q07
semantic-1189,bmwtorquespecs-071,bmwtorquespecs-071-q10,What section of the service manual does this page cover?,"Section 13-4 Fuel delivery and metering system, specifically the Injection Pump Control receptacle",0.9674240350723267,kept,bmwtorquespecs-071-q10
semantic-1189,bmwtorquespecs-067,bmwtorquespecs-067-q08,What section of the service manual does this page belong to?,12 - 17 Engine Electrical System,0.9674240350723267,dropped,bmwtorquespecs-071-q10
semantic-1189,getrag-020,getrag-020-q06,What section of the service manual is this page from?,Getrag265:5_Rebuild_Shift section of the BMW E30 M3 Service Manual,0.9674240350723267,dropped,bmwtorquespecs-071-q10
semantic-1190,bmwtorquespecs-078,bmwtorquespecs-078-q10,What fuel system components are covered under section 13 81?,"Air intake valves, low-pressure and vacuum hoses",0.9201589226722717,kept,bmwtorquespecs-078-q10
semantic-1190,bmwtorquespecs-069,bmwtorquespecs-069-q09,Which fuel system components are covered under subsection 13.31?,Fuel Pump with Drive and Pipes,0.9201589226722717,dropped,bmwtorquespecs-078-q10
semantic-1191,bmwtorquespecs-080,bmwtorquespecs-080-q10,Which component uses a 516g screw type and has the lowest torque specification?,Holder of filler connection on body (3AZ) at 5 Nm,0.9052243828773499,kept,bmwtorquespecs-080-q10
semantic-1191,bmwtorquespecs-080,bmwtorquespecs-080-q05,Which component uses a 518g screw type and requires 3 Nm of torque?,Holder for filler connections on body (4AZ),0.9052243828773499,dropped,bmwtorquespecs-080-q10
semantic-1192,bmwtorquespecs-082,bmwtorquespecs-082-q07,Which components have a torque specification of 2 Nm?,"Electric connections on fuel pump (3AZ), plastic nut on cover for fuel pipes (6AZ), and hose clamps 10 - 16 mm dia. (7AZ)",0.9113574028015137,kept,bmwtorquespecs-082-q07
semantic-1192,bmwtorquespecs-096,bmwtorquespecs-096-q08,Which component has a torque specification of 25 Nm?,The retaining plate for reverse gear shaft on intermediate housing and M8x30 screws,0.9113574028015137,dropped,bmwtorquespecs-082-q07
semantic-1193,bmwtorquespecs-103,bmwtorquespecs-103-q06,How many different screw sizes are specified for hex screws in the transmission to engine section?,"There are three different hex screw sizes specified: M8, M10, and M12.",0.9658530950546265,kept,bmwtorquespecs-103-q06
semantic-1193,bmwtorquespecs-094,bmwtorquespecs-094-q08,How many different hex screw sizes are specified for transmission to engine mounting?,"Three sizes: M8, M10, and M12",0.9658530950546265,dropped,bmwtorquespecs-103-q06
semantic-1194,bmwtorquespecs-110,bmwtorquespecs-110-q01,What is the torque specification for the Torx screws used on the F clutch on the transmission case?,The Torx screws for F clutch on transmission case (4HP-22/4HP-24) require 10 Nm torque.,0.9061896800994873,kept,bmwtorquespecs-110-q01
semantic-1194,bmwtorquespecs-110,bmwtorquespecs-110-q09,What is the screw size for the Torx screws used on the transmission case F clutch?,The Torx screws for F clutch on transmission case use M6 screws.,0.9061896800994873,dropped,bmwtorquespecs-110-q01
semantic-1195,bmwtorquespecs-120,bmwtorquespecs-120-q10,Are there different torque specifications for the shift arm console to body connection depending on the vehicle model?,"Yes, all vehicles except E31 require 21 Nm, while E31 vehicles require only 9 Nm.",0.9209702014923096,kept,bmwtorquespecs-120-q10
semantic-1195,bmwtorquespecs-120,bmwtorquespecs-120-q06,"For the shift arm console to body connection, what are the different torque values based on vehicle type?","21 Nm for all vehicles except E31, and 9 Nm for E31 vehicles.",0.9209702014923096,dropped,bmwtorquespecs-120-q10
semantic-1196,bosch-motronic-ml-3-1-13-14,bosch-motronic-ml-3-1-13-14-q05,What voltage range is specified for the lower limit Lambda regulation test in cycle 40?,minore di 1 V (il LED si spegne; funzionamento irregolare motore),0.9191473126411438,kept,bosch-motronic-ml-3-1-13-14-q05
semantic-1196,bosch-motronic-ml-3-1-13-14,bosch-motronic-ml-3-1-13-14-q04,What voltage specification is given for the upper limit Lambda regulation test in cycle 39?,10...15 V (il LED si accende),0.9191473126411438,dropped,bosch-motronic-ml-3-1-13-14-q05
semantic-1197,html-320is-techspec,html-320is-techspec-q06,What is the production dates: 03/88 - 11/90 specification?,09/87 - 07/90 ,0.9545207023620605,kept,html-320is-techspec-q06
semantic-1197,html-m3-techspec,html-m3-techspec-q06,What is the production dates: 07/85 - 12/90 specification?,06/88 - 06/91 ,0.9545207023620605,dropped,html-320is-techspec-q06
semantic-1198,html-320is-techspec,html-320is-techspec-q17,What is the 0.34?,The 0.34 for the BMW E30 320is is 0.37 .,0.9367460608482361,kept,html-320is-techspec-q17
semantic-1198,html-m3-techspec,html-m3-techspec-q17,What is the 0.33?,The 0.33 for the BMW E30 M3 is 0.62 .,0.9367460608482361,dropped,html-320is-techspec-q17
semantic-1199,html-320is-techspec,html-320is-techspec-q20,What is the 231 km/h?,The 231 km/h for the BMW E30 320is is 227 km/h .,0.9032564759254456,kept,html-320is-techspec-q20
semantic-1199,html-m3-techspec,html-m3-techspec-q20,What is the 235 km/h?,The 235 km/h for the BMW E30 M3 is ??? km/h .,0.9032564759254456,dropped,html-320is-techspec-q20
