timestamp,page_id,qa_id,question,answer,rejection_reason,filter_name
2026-02-11T00:30:39.594037Z,-003,-003-q01,What component is being removed according to the text on this page?,"Roll pins are being removed, specifically the 2nd 3rd hub roll pin.",self_referential: on this page,self_referential
2026-02-11T00:30:39.594037Z,-010,-010-q01,What type of bearing is being installed in this image?,A new genuine bearing is being installed.,self_referential: in this image,self_referential
2026-02-11T00:30:39.594037Z,-010,-010-q07,What type of bearing construction is shown in this image?,This appears to be a ball bearing with multiple steel balls contained between inner and outer races.,self_referential: in this image,self_referential
2026-02-11T00:30:39.594037Z,-011,-011-q01,What component is being shown in the press setup in this image?,A differential gear assembly with its housing and gear mechanism is being shown in the hydraulic press setup.,self_referential: in this image,self_referential
2026-02-11T00:30:39.594037Z,-018,-018-q04,What cleaning procedure is being demonstrated in this image?,The image demonstrates the cleaning of an engine component using a wire brush to remove deposits and debris from the casting surfaces.,self_referential: in this image,self_referential
2026-02-11T00:30:39.594037Z,-024,-024-q01,What is the bearing part number shown in the circular bearing component?,1 09 0070,answer_too_short,answer_length
2026-02-11T00:30:39.594037Z,-024,-024-q02,What country is marked on the bearing component?,GERMANY,answer_too_short,answer_length
2026-02-11T00:30:39.594037Z,-024,-024-q10,What is the complete bearing identification number visible in the center of the component?,1 09 0070,answer_too_short,answer_length
2026-02-11T00:30:39.594037Z,00-00-intro-02_maintena,00-00-intro-02_maintena-q05,What should be used between the lifting arm and vehicle frame at the rear?,"Apply rubber block of lifting arm on the rear perpendicular reinforcement of the frame member, which is also provided for application of the car's jack.",question_similarity: 0.86 with 00-00-intro-02_maintena-q04,question_diversity
2026-02-11T00:30:39.594037Z,00-00-intro-03_maintena,00-00-intro-03_maintena-q10,What components are shown in the rear towing eyes diagram?,"The diagram shows the rear towing eyes location on the vehicle, with arrows indicating the rear towing points.",question_similarity: 0.82 with 00-00-intro-03_maintena-q09,question_diversity
2026-02-11T00:30:39.594037Z,00-03_maintena,00-03_maintena-q03,What is the group number associated with the radio inspection procedures?,Gr. 65,answer_too_short,answer_length
2026-02-11T00:30:39.594037Z,00-03_maintena,00-03_maintena-q05,What is the group number for the windshield washing system service?,Gr. 00,answer_too_short,answer_length
2026-02-11T00:30:39.594037Z,00-03_torque-s,00-03_torque-s-q01,What is the maximum tightening torque for an M6 8.8 screw?,9.9 Nm,answer_too_short,answer_length
2026-02-11T00:30:39.594037Z,00-03_torque-s,00-03_torque-s-q02,What torque specification should I use for an M6 10.9 bolt?,14.0 Nm,answer_too_short,answer_length
2026-02-11T00:30:39.594037Z,00-03_torque-s,00-03_torque-s-q03,What is the tightening torque for M6 12.9 fasteners?,16.5 Nm,answer_too_short,answer_length
2026-02-11T00:30:39.594037Z,00-03_torque-s,00-03_torque-s-q04,What torque value is specified for M7 8.8 screws?,14.8 Nm,answer_too_short,answer_length
2026-02-11T00:30:39.594037Z,00-03_torque-s,00-03_torque-s-q05,What is the maximum tightening torque for an M7 10.9 bolt?,21.3 Nm,answer_too_short,answer_length
2026-02-11T00:30:39.594037Z,00-03_torque-s,00-03_torque-s-q06,What torque specification applies to M7 12.9 fasteners?,25.5 Nm,answer_too_short,answer_length
2026-02-11T00:30:39.594037Z,00-13_maintena,00-13_maintena-q07,What is the order number for the Service Indicator adapter?,The adapter order number is 62 1 140.,question_similarity: 0.80 with 00-13_maintena-q06,question_diversity
2026-02-11T00:30:39.594037Z,00-14_maintena,00-14_maintena-q03,What group reference is used for replacing spark plugs?,Gr. 12,answer_too_short,answer_length
2026-02-11T00:30:39.594037Z,00-14_maintena,00-14_maintena-q04,Which group reference covers air cleaner and air filter cartridge replacement?,Gr. 13,answer_too_short,answer_length
2026-02-11T00:30:39.594037Z,00-14_maintena,00-14_maintena-q05,What is the group reference for replacing the main fuel filter?,Gr. 16,answer_too_short,answer_length
2026-02-11T00:30:39.594037Z,00-14_maintena,00-14_maintena-q06,Which group reference covers checking the clutch drive plate for wear?,Gr. 21,answer_too_short,answer_length
2026-02-11T00:30:39.594037Z,00-14_maintena,00-14_maintena-q07,What group reference is used for replacing manual transmission oil and transfer case oil for 325 iX?,Gr. 23,answer_too_short,answer_length
2026-02-11T00:30:39.594037Z,00-14_maintena,00-14_maintena-q08,Which group reference covers checking front wheel bearing play?,Gr. 31,answer_too_short,answer_length
2026-02-11T00:30:39.594037Z,00-14_maintena,00-14_maintena-q09,What is the group reference for checking automatic transmission oil level?,Gr. 24,answer_too_short,answer_length
2026-02-11T00:30:39.594037Z,00-14_maintena,00-14_maintena-q10,Which group reference is listed for the additional job of canoe timing belt service on M20 engines?,Gr. 11,answer_too_short,answer_length
2026-02-11T00:30:39.594037Z,00-torque-specs-001,00-torque-specs-001-q06,What information is typically found in a tightening torques section?,A tightening torques section typically contains specific torque values with their units for proper fastener installation.,generic_answer: typically,generic_answer
2026-02-11T00:30:39.594037Z,00-torque-specs-002,00-torque-specs-002-q02,"What is the μ total value for screws that are phosphatized, untreated or galvanized?",0.125,answer_too_short,answer_length
2026-02-11T00:30:39.594037Z,00-torque-specs-002,00-torque-specs-002-q06,What DIN standard applies to nuts with height of 0.8 x d?,DIN 934,answer_too_short,answer_length
2026-02-11T00:30:39.594037Z,00-torque-specs-003,00-torque-specs-003-q07,Which screw type has the highest torque specification on this page?,M5 12.9 with 10.0 Nm (ft. lbs.),self_referential: on this page,self_referential
2026-02-11T00:30:39.594037Z,00-torque-specs-004,00-torque-specs-004-q01,What is the maximum tightening torque for an M6 8.8 screw?,9.9 Nm,answer_too_short,answer_length
2026-02-11T00:30:39.594037Z,00-torque-specs-004,00-torque-specs-004-q02,What torque specification applies to M6 12.9 screws?,16.5 Nm,answer_too_short,answer_length
2026-02-11T00:30:39.594037Z,00-torque-specs-004,00-torque-specs-004-q03,What is the tightening torque for M7 8.8 thread screws?,14.8 Nm,answer_too_short,answer_length
2026-02-11T00:30:39.594037Z,00-torque-specs-004,00-torque-specs-004-q04,How much torque should be applied to M7 10.9 screws?,21.3 Nm,answer_too_short,answer_length
2026-02-11T00:30:39.594037Z,00-torque-specs-004,00-torque-specs-004-q05,What is the maximum tightening torque for M7 12.9 screws?,25.5 Nm,answer_too_short,answer_length
2026-02-11T00:30:39.594037Z,00-torque-specs-004,00-torque-specs-004-q07,What torque value is specified for M6 10.9 thread screws?,14.0 Nm,answer_too_short,answer_length
2026-02-11T00:30:39.594037Z,00-torque-specs-007,00-torque-specs-007-q10,What is the highest torque specification shown on this page?,147 Nm (ft. lbs.) for M12x1.5 12.9,self_referential: on this page,self_referential
2026-02-11T00:30:39.594037Z,00-torque-specs-011,00-torque-specs-011-q01,What is the torque specification for M10/M20/M30 main bearing screws?,60 Nm,answer_too_short,answer_length
2026-02-11T00:30:39.594037Z,00-torque-specs-011,00-torque-specs-011-q02,What torque value should be used for M21 main bearing screws?,65 Nm,answer_too_short,answer_length
2026-02-11T00:30:39.594037Z,00-torque-specs-011,00-torque-specs-011-q06,How does the torque angle differ between M10 and M11 main bearing screws?,"M10 main bearing screws require 70° torque angle, while M11 main bearing screws require 100° torque angle",invalid_question_type: comparison,question_type
2026-02-11T00:30:39.594037Z,00-torque-specs-011,00-torque-specs-011-q07,What torque specification applies to all the initial torque steps shown in the table?,20 Nm,answer_too_short,answer_length
2026-02-11T00:30:39.594037Z,00-torque-specs-011,00-torque-specs-011-q08,Which engine types use the S38/S14/M40/M42/M43/M44/M50/M41/M51/S50/S50 US specification?,These engine types use M10 screws with no specific torque angle listed in the visible portion,invalid_question_type: application,question_type
2026-02-11T00:30:39.594037Z,00-torque-specs-012,00-torque-specs-012-q04,What is the difference in torque angle between engines with M10 and M11 main bearing screws for the M60/1/M60/2/M62?,"M10 main bearing screws require a 70° torque angle, while M11 main bearing screws require a 100° torque angle.",invalid_question_type: comparison,question_type
2026-02-11T00:30:39.594037Z,00-torque-specs-012,00-torque-specs-012-q10,Which engine types require the highest torque angle specification?,Engines with M11 main bearing screws (M60/1/M60/2/M62) require the highest torque angle at 100°.,invalid_question_type: comparison,question_type
2026-02-11T00:30:39.594037Z,00-torque-specs-013,00-torque-specs-013-q01,What is the torque specification for main bearing cap inclined bolts?,20 Nm,answer_too_short,answer_length
2026-02-11T00:30:39.594037Z,00-torque-specs-013,00-torque-specs-013-q03,What is the torque specification for threaded support sleeves?,10 Nm,answer_too_short,answer_length
2026-02-11T00:30:39.594037Z,00-torque-specs-013,00-torque-specs-013-q04,What are the two different torque values for struts/bracing shell fasteners?,43 Nm for M10 screws and 22 Nm for M8 screws,invalid_question_type: comparison,question_type
2026-02-11T00:30:39.594037Z,00-torque-specs-013,00-torque-specs-013-q06,What torque should be applied to main oil duct screw plugs?,34 Nm,answer_too_short,answer_length
2026-02-11T00:30:39.594037Z,00-torque-specs-013,00-torque-specs-013-q07,What is the thread size for main oil duct screw plugs?,M16 x 1.5,answer_too_short,answer_length
2026-02-11T00:30:39.594037Z,00-torque-specs-013,00-torque-specs-013-q08,What is the torque specification for oil spray nozzle on engine block?,12 Nm,answer_too_short,answer_length
2026-02-11T00:30:39.594037Z,00-torque-specs-013,00-torque-specs-013-q09,Which engine types require the main bearing cap inclined bolt specifications?,M60/1/M60/2/M62/M70/S70/M73,invalid_question_type: application,question_type
2026-02-11T00:30:39.594037Z,00-torque-specs-014,00-torque-specs-014-q01,What is the initial torque specification for cylinder head bolts?,30 Nm,answer_too_short,answer_length
2026-02-11T00:30:39.594037Z,00-torque-specs-014,00-torque-specs-014-q03,What type of screw head should be used for cylinder head bolt repair work?,Torx head,answer_too_short,answer_length
2026-02-11T00:30:39.594037Z,00-torque-specs-015,00-torque-specs-015-q01,What is the initial torque specification for M21 cylinder head bolts?,50 Nm,answer_too_short,answer_length
2026-02-11T00:30:39.594037Z,00-torque-specs-015,00-torque-specs-015-q04,How long is the warm-running time required for M21 cylinder head bolts?,15 min,answer_too_short,answer_length
2026-02-11T00:30:39.594037Z,00-torque-specs-015,00-torque-specs-015-q05,What is the initial torque specification for M30 cylinder head bolts?,60 Nm,answer_too_short,answer_length
2026-02-11T00:30:39.594037Z,00-torque-specs-015,00-torque-specs-015-q07,What is the setting time required for M30 cylinder head bolts?,20 min,answer_too_short,answer_length
2026-02-11T00:30:39.594037Z,00-torque-specs-015,00-torque-specs-015-q08,What is the final torque specification for M30 cylinder head bolts after setting time?,80 Nm,answer_too_short,answer_length
2026-02-11T00:30:39.594037Z,00-torque-specs-015,00-torque-specs-015-q09,What is the warm-running time for M30 cylinder head bolts?,25 min,answer_too_short,answer_length
2026-02-11T00:30:39.594037Z,00-torque-specs-016,00-torque-specs-016-q01,What is the initial torque specification for cylinder head bolts on the 5AZ engine?,80 Nm,answer_too_short,answer_length
2026-02-11T00:30:39.594037Z,00-torque-specs-016,00-torque-specs-016-q02,How much should all cylinder head bolts be loosened before retorquing on the 5AZ engine?,1/2 turn,answer_too_short,answer_length
2026-02-11T00:30:39.594037Z,00-torque-specs-016,00-torque-specs-016-q03,What is the final torque specification after the torque angle steps for 5AZ cylinder head bolts?,50 Nm,answer_too_short,answer_length
2026-02-11T00:30:39.594037Z,00-torque-specs-016,00-torque-specs-016-q05,What is the warm-running time specification for the cylinder head bolt procedure?,25 min,answer_too_short,answer_length
2026-02-11T00:30:39.594037Z,00-torque-specs-016,00-torque-specs-016-q06,What is the torque specification for 6AZ cylinder head bolts with cast iron engine block?,30 Nm,answer_too_short,answer_length
2026-02-11T00:30:39.594037Z,00-torque-specs-016,00-torque-specs-016-q07,What is the difference in initial torque between 5AZ and 6AZ cylinder head bolts?,The 5AZ requires 80 Nm while the 6AZ requires 30 Nm,invalid_question_type: comparison,question_type
2026-02-11T00:30:39.594037Z,00-torque-specs-016,00-torque-specs-016-q09,What is the torque specification for M52 aluminum engine block cylinder head bolts?,40 Nm,answer_too_short,answer_length
2026-02-11T00:30:39.594037Z,00-torque-specs-017,00-torque-specs-017-q01,What is the torque specification for cylinder head bolts?,30 Nm,answer_too_short,answer_length
2026-02-11T00:30:39.594037Z,00-torque-specs-018,00-torque-specs-018-q01,What is the torque specification for cylinder head bolts on the 7AZ engine?,30 Nm,answer_too_short,answer_length
2026-02-11T00:30:39.594037Z,00-torque-specs-018,00-torque-specs-018-q05,What is the initial torque specification for 8AZ cylinder head bolts?,30 Nm,answer_too_short,answer_length
2026-02-11T00:30:39.594037Z,00-torque-specs-019,00-torque-specs-019-q01,What is the final torque specification for S14/S38 B35 cylinder head bolts?,100 Nm,answer_too_short,answer_length
2026-02-11T00:30:39.594037Z,00-torque-specs-019,00-torque-specs-019-q03,How long is the setting time required during the cylinder head bolt installation sequence?,15 min,answer_too_short,answer_length
2026-02-11T00:30:39.594037Z,00-torque-specs-019,00-torque-specs-019-q04,What is the initial torque value for S38 B36/S38 B38 cylinder head bolts?,20 Nm,answer_too_short,answer_length
2026-02-11T00:30:39.594037Z,00-torque-specs-019,00-torque-specs-019-q08,What is the second torque value in the S14/S38 B35 cylinder head bolt sequence?,80 Nm,answer_too_short,answer_length
2026-02-11T00:30:39.594037Z,00-torque-specs-020,00-torque-specs-020-q01,What is the torque specification for the cylinder head cover M6 screws?,10 Nm,answer_too_short,answer_length
2026-02-11T00:30:39.594037Z,00-torque-specs-020,00-torque-specs-020-q02,What torque should be applied to M7 screws on the cylinder head cover?,15 Nm,answer_too_short,answer_length
2026-02-11T00:30:39.594037Z,00-torque-specs-020,00-torque-specs-020-q06,What is the torque specification for timing case to cylinder head M7 screws?,15 Nm,answer_too_short,answer_length
2026-02-11T00:30:39.594037Z,00-torque-specs-020,00-torque-specs-020-q07,What is the highest torque value specified on this page?,20 Nm for M8 screws on the timing case to cylinder head connection,self_referential: on this page,self_referential
2026-02-11T00:30:39.594037Z,00-torque-specs-020,00-torque-specs-020-q09,What screw size is used for the oil trap to cylinder head cover on M21 engines?,M8 screws,answer_too_short,answer_length
2026-02-11T00:30:39.594037Z,00-torque-specs-021,00-torque-specs-021-q06,Which component uses the highest torque specification on this page?,The M22 x 1.5 oil pan bolts require the highest torque at 60 Nm.,self_referential: on this page,self_referential
2026-02-11T00:30:39.594037Z,00-torque-specs-022,00-torque-specs-022-q01,What is the torque specification for M6 screws on the timing case and top and bottom timing case cover?,10 Nm,answer_too_short,answer_length
2026-02-11T00:30:39.594037Z,00-torque-specs-022,00-torque-specs-022-q02,What torque value should be used for M8 bolts on the front/rear end cover to crankcase?,22 Nm,answer_too_short,answer_length
2026-02-11T00:30:39.594037Z,00-torque-specs-022,00-torque-specs-022-q03,What is the highest torque specification shown on this page?,65 Nm for M42x1.5 bolts on timing case cover (M51/M41 engines),self_referential: on this page,self_referential
2026-02-11T00:30:39.594037Z,00-torque-specs-022,00-torque-specs-022-q05,What is the torque specification for the sealing plug or connector on timing case cover for M51/M41 engines?,30 Nm,answer_too_short,answer_length
2026-02-11T00:30:39.594037Z,00-torque-specs-022,00-torque-specs-022-q06,What thread pitch is specified for the sealing plug or connector on timing case cover?,M20x1.5,answer_too_short,answer_length
2026-02-11T00:30:39.594037Z,00-torque-specs-023,00-torque-specs-023-q02,What screw type is specified for the crankshaft increment wheel?,M5 10.9,answer_too_short,answer_length
2026-02-11T00:30:39.594037Z,00-torque-specs-024,00-torque-specs-024-q01,What is the torque specification for flywheel to crankshaft bolts on M60/1/M60/2/M62 Manual Transmission?,105 Nm,answer_too_short,answer_length
2026-02-11T00:30:39.594037Z,00-torque-specs-024,00-torque-specs-024-q02,What torque should be applied to new micro-encapsulated screws on M40/M42/M43/M44/M51 Automatic/M52 Automatic transmissions?,120 Nm,answer_too_short,answer_length
2026-02-11T00:30:39.594037Z,00-torque-specs-024,00-torque-specs-024-q03,What is the torque specification for new micro-encapsulated screws on all other transmissions?,105 Nm,answer_too_short,answer_length
2026-02-11T00:30:39.594037Z,00-torque-specs-025,00-torque-specs-025-q03,What is the torque specification for M30/S14/S38 B 35 engines with M24 x 1.5 screws?,440 Nm.,answer_too_short,answer_length
2026-02-11T00:30:39.594037Z,00-torque-specs-025,00-torque-specs-025-q08,What final torque value is applied after unfastening the screw one half turn on S38 B36 engines?,60 Nm.,answer_too_short,answer_length
2026-02-11T00:30:39.594037Z,00-torque-specs-026,00-torque-specs-026-q01,What is the torque specification for the vibration damper hub on crankshaft?,60 Nm,answer_too_short,answer_length
2026-02-11T00:30:39.594037Z,00-torque-specs-026,00-torque-specs-026-q02,What screw type is used for the S38 B38 vibration damper hub on crankshaft?,M12x1.5,answer_too_short,answer_length
2026-02-11T00:30:39.594037Z,00-torque-specs-026,00-torque-specs-026-q03,What screw type is specified for the S50 engine vibration damper?,M12x1.5,answer_too_short,answer_length
2026-02-11T00:30:39.594037Z,00-torque-specs-028,00-torque-specs-028-q01,What is the torque specification for M10/M30 connecting rod bolts?,55 Nm,answer_too_short,answer_length
2026-02-11T00:30:39.594037Z,00-torque-specs-028,00-torque-specs-028-q03,What is the final torque setting for M20/M21/M40/M41/M42/M43/M44/M50/M51/M52/S52/S50 US/M70/S70/M73 engines?,20 Nm,answer_too_short,answer_length
2026-02-11T00:30:39.594037Z,00-torque-specs-028,00-torque-specs-028-q06,What is the final torque specification for M60/1/M60/2/M62 engines?,20 Nm,answer_too_short,answer_length
2026-02-11T00:30:39.594037Z,00-torque-specs-028,00-torque-specs-028-q08,How does the torque angle differ between M20 series and M60 series engines?,M20 series engines require 70° while M60 series engines require 80°,invalid_question_type: comparison,question_type
2026-02-11T00:30:39.594037Z,00-torque-specs-029,00-torque-specs-029-q01,What is the torque specification for connecting rod bolts marked S14?,55 Nm,answer_too_short,answer_length
2026-02-11T00:30:39.594037Z,00-torque-specs-029,00-torque-specs-029-q03,What is the main torque value for S38 connecting rod bolts?,30 Nm,answer_too_short,answer_length
2026-02-11T00:30:39.594037Z,00-torque-specs-029,00-torque-specs-029-q06,What is the final torque specification for S50 connecting rod bolts?,20 Nm,answer_too_short,answer_length
2026-02-11T00:30:39.594037Z,00-torque-specs-030,00-torque-specs-030-q03,What is the torque value for the screw plug for bearing pin?,20 Nm.,answer_too_short,answer_length
2026-02-11T00:30:39.594037Z,00-torque-specs-030,00-torque-specs-030-q07,What is the screw specification mentioned in the Measure column for the idler lever?,M10 10.9.,answer_too_short,answer_length
2026-02-11T00:30:39.594037Z,00-torque-specs-030,00-torque-specs-030-q08,How many different torque specifications are listed on this page?,Two torque specifications are listed: 90 Nm and 20 Nm.,self_referential: on this page,self_referential
2026-02-11T00:30:39.594037Z,00-torque-specs-031,00-torque-specs-031-q01,What is the torque specification for camshaft bearing cap screws with M6 threads?,10 Nm,answer_too_short,answer_length
2026-02-11T00:30:39.594037Z,00-torque-specs-031,00-torque-specs-031-q02,What torque should be applied to M10 sprocket to camshaft bolts on M20/M21/M40 engines?,65 Nm,answer_too_short,answer_length
2026-02-11T00:30:39.594037Z,00-torque-specs-031,00-torque-specs-031-q03,"For sprocket to camshaft flange bolts on M60/1/M60/2/M62 engines, what is the required torque?",15 Nm,answer_too_short,answer_length
2026-02-11T00:30:39.594037Z,00-torque-specs-031,00-torque-specs-031-q05,How much torque should be applied to the splined shaft to intake camshaft on M52/S52/S50 US/M50 VANOS engines?,40 Nm,answer_too_short,answer_length
2026-02-11T00:30:39.594037Z,00-torque-specs-031,00-torque-specs-031-q07,What thread specification is used for the splined shaft to intake camshaft on M52/S52/S50 US/M50 VANOS engines?,M14 x 1.5,answer_too_short,answer_length
2026-02-11T00:30:39.594037Z,00-torque-specs-031,00-torque-specs-031-q08,What is the initial torque specification for M51/M41 sprocket to camshaft before applying the torque angle?,20 Nm,answer_too_short,answer_length
2026-02-11T00:30:39.594037Z,00-torque-specs-033,00-torque-specs-033-q01,What is the torque specification for the clamping bolt in the rocker arm?,10 Nm,answer_too_short,answer_length
2026-02-11T00:30:39.594037Z,00-torque-specs-034,00-torque-specs-034-q01,What is the torque specification for the toothed belt pulley to intermediate shaft?,60 Nm,answer_too_short,answer_length
2026-02-11T00:30:39.594037Z,00-torque-specs-034,00-torque-specs-034-q03,What engine types does the intermediate shaft specification apply to?,M20/M21,answer_too_short,answer_length
2026-02-11T00:30:39.594037Z,00-torque-specs-034,00-torque-specs-034-q05,Which section number covers the intermediate shaft specifications?,11 35,answer_too_short,answer_length
2026-02-11T00:30:39.594037Z,00-torque-specs-034,00-torque-specs-034-q10,What is the document reference number shown on this page?,AZD11-21.frb,self_referential: on this page,self_referential
2026-02-11T00:30:39.594037Z,00-torque-specs-035,00-torque-specs-035-q05,What is the difference in torque between the filter screw on VANOS adjusting unit and the pressure line connection?,"The filter screw requires 12 Nm (M10x1) while the pressure line requires 20 Nm (M12x1), a difference of 8 Nm.",invalid_question_type: comparison,question_type
2026-02-11T00:30:39.594037Z,00-torque-specs-035,00-torque-specs-035-q06,Which VANOS control unit cover requires higher torque - intake side or exhaust side?,The exhaust side cover requires higher torque at 13 Nm (M6 10.9) compared to the intake side at 5 Nm (M5).,invalid_question_type: comparison,question_type
2026-02-11T00:30:39.594037Z,00-torque-specs-035,00-torque-specs-035-q09,What are the two different torque values specified for the cover for solenoid valve on VANOS control unit?,6 Nm for M5 8.8 screw (S50 B 30) and 8 Nm for M5 10.9 screw (S50 B 32).,invalid_question_type: comparison,question_type
2026-02-11T00:30:39.594037Z,00-torque-specs-036,00-torque-specs-036-q01,What is the torque specification for the plug for pressure relief valve on M10/M30 engines?,40 Nm,answer_too_short,answer_length
2026-02-11T00:30:39.594037Z,00-torque-specs-036,00-torque-specs-036-q02,What torque should be applied to the M20 plug for pressure relief valve?,30 Nm,answer_too_short,answer_length
2026-02-11T00:30:39.594037Z,00-torque-specs-037,00-torque-specs-037-q01,What is the torque specification for M8 screws on the full flow oil filter cover?,22 Nm,answer_too_short,answer_length
2026-02-11T00:30:39.594037Z,00-torque-specs-037,00-torque-specs-037-q02,What torque should be applied to M10 screws on the oil filter and pipes?,33 Nm,answer_too_short,answer_length
2026-02-11T00:30:39.594037Z,00-torque-specs-037,00-torque-specs-037-q03,What is the torque specification for M12 screws in the oil filter system?,33 Nm,answer_too_short,answer_length
2026-02-11T00:30:39.594037Z,00-torque-specs-037,00-torque-specs-037-q04,What torque value is specified for the screwed-on cover?,25 Nm,answer_too_short,answer_length
2026-02-11T00:30:39.594037Z,00-torque-specs-037,00-torque-specs-037-q05,What is the torque specification for M8 screws on the oil filter housing and lines on crankcase?,22 Nm,answer_too_short,answer_length
2026-02-11T00:30:39.594037Z,00-torque-specs-037,00-torque-specs-037-q06,What torque should be applied to M20 x 1.5 fasteners in the oil filter system?,40 Nm,answer_too_short,answer_length
2026-02-11T00:30:39.594037Z,00-torque-specs-038,00-torque-specs-038-q06,What are the two different torque specifications for hollow bolts on the camshaft lubrication oil line?,"10 Nm for M8x1 hollow bolts and 5 Nm for M5 hollow bolts, both applicable to all engines.",invalid_question_type: comparison,question_type
2026-02-11T00:30:39.594037Z,00-torque-specs-038,00-torque-specs-038-q07,Which component uses M21/S38 type screws according to this specification table?,The oil filter drain plug hollow bolt uses M21/S38 type screws.,invalid_question_type: application,question_type
2026-02-11T00:30:39.594037Z,00-torque-specs-038,00-torque-specs-038-q09,Which oil line component has the highest torque requirement?,The oil drain line on oil filter and upper section of oil pan (banjo bolt) has the highest torque requirement at 30 Nm.,invalid_question_type: comparison,question_type
2026-02-11T00:30:39.594037Z,00-torque-specs-040,00-torque-specs-040-q01,What is the torque specification for M8 screws when installing the water pump to crankcase?,22 Nm,answer_too_short,answer_length
2026-02-11T00:30:39.594037Z,00-torque-specs-040,00-torque-specs-040-q02,What is the torque specification for M6 screws when installing the water pump to crankcase?,10 Nm,answer_too_short,answer_length
2026-02-11T00:30:39.594037Z,00-torque-specs-040,00-torque-specs-040-q04,What component is covered under section 11-30 of the engine specifications?,Engine,answer_too_short,answer_length
2026-02-11T00:30:39.594037Z,00-torque-specs-041,00-torque-specs-041-q01,What is the torque specification for the fan clutch coupling nut on the water pump?,40 Nm,answer_too_short,answer_length
2026-02-11T00:30:39.594037Z,00-torque-specs-041,00-torque-specs-041-q10,How many torque specifications are listed in the Fan subsection on this page?,One torque specification is listed - 40 Nm for the fan clutch coupling nut,self_referential: on this page,self_referential
2026-02-11T00:30:39.594037Z,00-torque-specs-042,00-torque-specs-042-q10,What unit of measurement is used for all torque specifications on this page?,All torque specifications on this page are measured in Nm (Newton meters).,self_referential: on this page,self_referential
2026-02-11T00:30:39.594037Z,00-torque-specs-043,00-torque-specs-043-q01,What is the torque specification for M8 screws on the intake manifold to cylinder head?,22 Nm,answer_too_short,answer_length
2026-02-11T00:30:39.594037Z,00-torque-specs-043,00-torque-specs-043-q02,What torque should be used for M7 screws on the intake manifold?,15 Nm,answer_too_short,answer_length
2026-02-11T00:30:39.594037Z,00-torque-specs-043,00-torque-specs-043-q03,What is the correct torque value for M6 screws on the intake manifold?,10 Nm,answer_too_short,answer_length
2026-02-11T00:30:39.594037Z,00-torque-specs-045,00-torque-specs-045-q01,What is the torque specification for exhaust manifold to cylinder head bolts when mounting on a new cylinder head or with new studs?,28 Nm,answer_too_short,answer_length
2026-02-11T00:30:39.594037Z,00-torque-specs-045,00-torque-specs-045-q02,What torque should be applied for subsequent mounting of the exhaust manifold?,15 Nm,answer_too_short,answer_length
2026-02-11T00:30:39.594037Z,00-torque-specs-045,00-torque-specs-045-q03,What is the retorque specification after 2000 km for the exhaust manifold bolts?,15 Nm,answer_too_short,answer_length
2026-02-11T00:30:39.594037Z,00-torque-specs-045,00-torque-specs-045-q10,What engine type is specified for the exhaust manifold torque specifications?,M30 Turbo,answer_too_short,answer_length
2026-02-11T00:30:39.594037Z,00-torque-specs-045,00-torque-specs-045-q07,What is the protrusion specification for long studs from the cylinder head?,98 ± 0.5 mm,question_similarity: 0.83 with 00-torque-specs-045-q06,question_diversity
2026-02-11T00:30:39.594037Z,00-torque-specs-047,00-torque-specs-047-q01,What is the torque specification for the vacuum pump on cylinder head M6 screws?,10 Nm,answer_too_short,answer_length
2026-02-11T00:30:39.594037Z,00-torque-specs-047,00-torque-specs-047-q03,What is the torque specification for M8 screws on the M51/M41 vacuum pump?,22 Nm,answer_too_short,answer_length
2026-02-11T00:30:39.594037Z,00-torque-specs-047,00-torque-specs-047-q04,What is the torque specification for M9 screws on the M51/M41 vacuum pump?,22 Nm,answer_too_short,answer_length
2026-02-11T00:30:39.594037Z,00-torque-specs-048,00-torque-specs-048-q01,What is the torque specification for the cap nut on the air intake tube?,30 Nm,answer_too_short,answer_length
2026-02-11T00:30:39.594037Z,00-torque-specs-048,00-torque-specs-048-q08,Which component in section 11 72 has the highest torque specification?,The cap nut on air intake tube at 30 Nm,invalid_question_type: comparison,question_type
2026-02-11T00:30:39.594037Z,00-torque-specs-048,00-torque-specs-048-q09,Do the compression screw and lock nut have the same torque specification?,"Yes, both require 5 Nm",invalid_question_type: comparison,question_type
2026-02-11T00:30:39.594037Z,00-torque-specs-049,00-torque-specs-049-q01,What is the torque specification for the oxygen sensor and oxygen monitor sensor?,55 Nm,answer_too_short,answer_length
2026-02-11T00:30:39.594037Z,00-torque-specs-049,00-torque-specs-049-q08,What torque value should be applied when installing lambda oxygen sensors?,55 Nm,answer_too_short,answer_length
2026-02-11T00:30:39.594037Z,00-torque-specs-050,00-torque-specs-050-q01,What is the torque specification for M8 screws on the rubber mount to front axle carrier?,22 Nm,answer_too_short,answer_length
2026-02-11T00:30:39.594037Z,00-torque-specs-050,00-torque-specs-050-q02,What torque should I use for M10 screws on the rubber mount to engine console?,47 Nm,answer_too_short,answer_length
2026-02-11T00:30:39.594037Z,00-torque-specs-050,00-torque-specs-050-q03,What are the two different screw sizes used for the engine console to engine mounting?,M8 screws (22 Nm) and M10 screws (47 Nm),invalid_question_type: comparison,question_type
2026-02-11T00:30:39.594037Z,00-torque-specs-050,00-torque-specs-050-q04,What is the torque specification for M8 screws on the engine console to engine mounting?,22 Nm,answer_too_short,answer_length
2026-02-11T00:30:39.594037Z,00-torque-specs-050,00-torque-specs-050-q07,Is there a difference in M8 screw torque between the front axle carrier mount and engine console mount?,"No, both use M8 screws with 22 Nm torque specification",invalid_question_type: comparison,question_type
2026-02-11T00:30:39.594037Z,00-torque-specs-051,00-torque-specs-051-q01,What is the torque specification for M20 distributor screws?,22 Nm,answer_too_short,answer_length
2026-02-11T00:30:39.594037Z,00-torque-specs-051,00-torque-specs-051-q02,What torque should I use for M10/M30 distributor screws?,10 Nm,answer_too_short,answer_length
2026-02-11T00:30:39.594037Z,00-torque-specs-051,00-torque-specs-051-q03,What is the torque specification for the distributor rotor to adapter with DME?,2.8 Nm,answer_too_short,answer_length
2026-02-11T00:30:39.594037Z,00-torque-specs-052,00-torque-specs-052-q01,What is the torque specification for M12x1.25 spark plugs?,23 ± 3 Nm,answer_too_short,answer_length
2026-02-11T00:30:39.594037Z,00-torque-specs-052,00-torque-specs-052-q02,What is the torque specification for M14x1.25 spark plugs?,30 ± 3 Nm,answer_too_short,answer_length
2026-02-11T00:30:39.594037Z,00-torque-specs-052,00-torque-specs-052-q06,What thread pitch is specified for the M12 spark plugs?,1.25 mm,answer_too_short,answer_length
2026-02-11T00:30:39.594037Z,00-torque-specs-052,00-torque-specs-052-q07,What thread pitch is specified for the M14 spark plugs?,1.25 mm,answer_too_short,answer_length
2026-02-11T00:30:39.594037Z,00-torque-specs-054,00-torque-specs-054-q08,Which electronic shift unit component has the lowest torque specification?,The TCI control unit at 2.5 Nm (ft. lbs.),invalid_question_type: comparison,question_type
2026-02-11T00:30:39.594037Z,00-torque-specs-054,00-torque-specs-054-q09,Do the crankshaft sensors on timing case cover and cylinder crankcase have the same torque specification?,"Yes, both have 5.0 Nm (ft. lbs.) with M52 fasteners",invalid_question_type: comparison,question_type
2026-02-11T00:30:39.594037Z,00-torque-specs-055,00-torque-specs-055-q02,What screw type is used for the 80 A fuse on glow plug relay?,M41/M51,answer_too_short,answer_length
2026-02-11T00:30:39.594037Z,00-torque-specs-055,00-torque-specs-055-q05,What type of screw is specified for the Terminal 30 wire to glow plug relay connection?,M41/M51,answer_too_short,answer_length
2026-02-11T00:30:39.594037Z,00-torque-specs-055,00-torque-specs-055-q06,What section number covers the Preheating Relay specifications?,12 21,answer_too_short,answer_length
2026-02-11T00:30:39.594037Z,00-torque-specs-056,00-torque-specs-056-q01,What is the torque specification for the glow plug (1AZ)?,25 Nm,answer_too_short,answer_length
2026-02-11T00:30:39.594037Z,00-torque-specs-056,00-torque-specs-056-q02,"What torque value should I use for the 4"" glow plug (2AZ)?",20 Nm,answer_too_short,answer_length
2026-02-11T00:30:39.594037Z,00-torque-specs-058,00-torque-specs-058-q03,What component is covered under section 12 32?,Governor,answer_too_short,answer_length
2026-02-11T00:30:39.594037Z,00-torque-specs-058,00-torque-specs-058-q05,What section of the manual covers Engine Electrical Equipment?,12 - 8,answer_too_short,answer_length
2026-02-11T00:30:39.594037Z,00-torque-specs-059,00-torque-specs-059-q01,What is the torque specification for the starter mount?,50 Nm,answer_too_short,answer_length
2026-02-11T00:30:39.594037Z,00-torque-specs-059,00-torque-specs-059-q03,What is the torque specification for the support to crankcase?,47 Nm,answer_too_short,answer_length
2026-02-11T00:30:39.594037Z,00-torque-specs-059,00-torque-specs-059-q05,Which terminal connection requires the highest torque specification?,Terminal 30 requires the highest torque at 12 Nm,invalid_question_type: comparison,question_type
2026-02-11T00:30:39.594037Z,00-torque-specs-059,00-torque-specs-059-q09,Are these torque specifications applicable to all vehicle types?,"Yes, all specifications shown apply to 'All' vehicle types",invalid_question_type: application,question_type
2026-02-11T00:30:39.594037Z,00-torque-specs-059,00-torque-specs-059-q10,What is the difference in torque between Terminal 50 and the bolt connection to pole tube?,Both Terminal 50 and the bolt connection to pole tube have the same torque specification of 6 Nm,invalid_question_type: comparison,question_type
2026-02-11T00:30:39.594037Z,00-torque-specs-060,00-torque-specs-060-q02,What screw size is used for the wiring harness on distributor connection?,M8 screw.,answer_too_short,answer_length
2026-02-11T00:30:39.594037Z,00-torque-specs-060,00-torque-specs-060-q03,What is the torque value for the wiring harness on distributor (2AZ)?,10 Nm.,answer_too_short,answer_length
2026-02-11T00:30:39.594037Z,00-torque-specs-060,00-torque-specs-060-q06,What component designation is used for the wiring harness on distributor?,E36 M41.,answer_too_short,answer_length
2026-02-11T00:30:39.594037Z,00-torque-specs-061,00-torque-specs-061-q02,What torque value should be used for ground connections flange nut?,16 Nm.,answer_too_short,answer_length
2026-02-11T00:30:39.594037Z,00-torque-specs-061,00-torque-specs-061-q03,What is the torque specification for the cover on heating splash wall?,1.1 Nm.,answer_too_short,answer_length
2026-02-11T00:30:39.594037Z,00-torque-specs-061,00-torque-specs-061-q04,Which component has the highest torque specification in this table?,The ground connections flange nut at 16 Nm.,invalid_question_type: comparison,question_type
2026-02-11T00:30:39.594037Z,00-torque-specs-061,00-torque-specs-061-q05,Which component has the lowest torque specification in this table?,The cover on heating splash wall at 1.1 Nm.,invalid_question_type: comparison,question_type
2026-02-11T00:30:39.594037Z,00-torque-specs-062,00-torque-specs-062-q02,What screw size is used for the wiring harness connection on distributor?,M8 screw.,answer_too_short,answer_length
2026-02-11T00:30:39.594037Z,00-torque-specs-062,00-torque-specs-062-q03,What is the torque value for the wiring harness connection on distributor?,10 Nm.,answer_too_short,answer_length
2026-02-11T00:30:39.594037Z,00-torque-specs-062,00-torque-specs-062-q05,What type designation is listed for the wiring harness on electrical cutout device?,M51/M41.,answer_too_short,answer_length
2026-02-11T00:30:39.594037Z,00-torque-specs-062,00-torque-specs-062-q06,What type designation applies to the wiring harness connection on distributor?,E36 M41.,answer_too_short,answer_length
2026-02-11T00:30:39.594037Z,00-torque-specs-062,00-torque-specs-062-q08,What screw size is specified for the electrical cutout device wiring harness?,M5 screw.,answer_too_short,answer_length
2026-02-11T00:30:39.594037Z,00-torque-specs-063,00-torque-specs-063-q01,What is the torque specification for the oil pressure switch/oil temperature switch on S14/S50/S38 engines?,20 Nm,answer_too_short,answer_length
2026-02-11T00:30:39.594037Z,00-torque-specs-063,00-torque-specs-063-q02,What torque value should be used when installing the oil pressure switch on M60/M62/M73 engines?,27 Nm,answer_too_short,answer_length
2026-02-11T00:30:39.594037Z,00-torque-specs-063,00-torque-specs-063-q03,What is the torque specification for the oil pressure switch on all other engine types not specifically mentioned?,35 Nm,answer_too_short,answer_length
2026-02-11T00:30:39.594037Z,00-torque-specs-063,00-torque-specs-063-q09,"Under which section number is this oil pressure, oil temperature, oil level display information found?",12 61,answer_too_short,answer_length
2026-02-11T00:30:39.594037Z,00-torque-specs-064,00-torque-specs-064-q01,What is the torque specification for the temperature sensor to water flange with M21 connection?,18 Nm,answer_too_short,answer_length
2026-02-11T00:30:39.594037Z,00-torque-specs-064,00-torque-specs-064-q02,What torque should be applied to the temperature sensor to water flange with M51 connection?,13 Nm,answer_too_short,answer_length
2026-02-11T00:30:39.594037Z,00-torque-specs-064,00-torque-specs-064-q03,What is the torque specification for the temperature switch (5.5°C/17°C) to fuel filter/cylinder head?,18 Nm,answer_too_short,answer_length
2026-02-11T00:30:39.594037Z,00-torque-specs-064,00-torque-specs-064-q04,What torque is required for the coolant temperature sensor with S38/S50 2-pin plug-in connection?,13 Nm,answer_too_short,answer_length
2026-02-11T00:30:39.594037Z,00-torque-specs-064,00-torque-specs-064-q05,What is the torque specification for the remote thermometer sensor with 2-pin plug-in connection?,20 Nm,answer_too_short,answer_length
2026-02-11T00:30:39.594037Z,00-torque-specs-064,00-torque-specs-064-q06,What torque should be applied to the remote thermometer sensor on the coolant flange for S50 engines?,18 Nm,answer_too_short,answer_length
2026-02-11T00:30:39.594037Z,00-torque-specs-064,00-torque-specs-064-q07,What is the torque specification for the air temperature sensor on S38/S50 engines?,13 Nm,answer_too_short,answer_length
2026-02-11T00:30:39.594037Z,00-torque-specs-064,00-torque-specs-064-q08,What torque is required for the oil temperature sensor on S38/S50 engines?,13 Nm,answer_too_short,answer_length
2026-02-11T00:30:39.594037Z,00-torque-specs-065,00-torque-specs-065-q01,What is the torque specification for the temperature switch for electronic box?,15 Nm,answer_too_short,answer_length
2026-02-11T00:30:39.594037Z,00-torque-specs-065,00-torque-specs-065-q04,Under what section number are switches and relays covered?,12 63,answer_too_short,answer_length
2026-02-11T00:30:39.594037Z,00-torque-specs-065,00-torque-specs-065-q05,What is the main section this page covers according to the header?,12 - 15 Engine Electrical Equipment,self_referential: on this page,self_referential
2026-02-11T00:30:39.594037Z,00-torque-specs-065,00-torque-specs-065-q07,How many different components are listed in the switches and relays subsection on this page?,1 component (temperature switch for electronic box),self_referential: on this page,self_referential
2026-02-11T00:30:39.594037Z,00-torque-specs-066,00-torque-specs-066-q08,What units are used for the torque measurements on this page?,Nm (Newton meters),self_referential: on this page,self_referential
2026-02-11T00:30:39.594037Z,00-torque-specs-066,00-torque-specs-066-q09,Does the E36 use both sender specifications listed on this page?,"No, the E36 only uses the lever to pedal value sender specification (1AZ). It is not listed for the pedal value sender to pedal console specification (2AZ).",self_referential: on this page,self_referential
2026-02-11T00:30:39.594037Z,00-torque-specs-067,00-torque-specs-067-q04,Which engine variants require the center section to body torque specification?,E32/E34,answer_too_short,answer_length
2026-02-11T00:30:39.594037Z,00-torque-specs-067,00-torque-specs-067-q08,Which engine variants use the control unit box cover torque specification?,E38/E39,answer_too_short,answer_length
2026-02-11T00:30:39.594037Z,00-torque-specs-068,00-torque-specs-068-q01,What is the torque specification for the carburetor to intake manifold connection?,10 Nm,answer_too_short,answer_length
2026-02-11T00:30:39.594037Z,00-torque-specs-068,00-torque-specs-068-q04,What is the torque specification for the flow valve at maximum setting?,28 Nm,answer_too_short,answer_length
2026-02-11T00:30:39.594037Z,00-torque-specs-068,00-torque-specs-068-q07,What is the torque specification for the throttle valve neck to intake manifold?,10 Nm,answer_too_short,answer_length
2026-02-11T00:30:39.594037Z,00-torque-specs-068,00-torque-specs-068-q09,What is the torque specification for the warm-up regulator to engine connection?,23 Nm,answer_too_short,answer_length
2026-02-11T00:30:39.594037Z,00-torque-specs-068,00-torque-specs-068-q10,Which component has the highest torque specification in the carburetor section?,The flow valve at maximum setting with 28 Nm,invalid_question_type: comparison,question_type
2026-02-11T00:30:39.594037Z,00-torque-specs-069,00-torque-specs-069-q01,What is the torque specification for the fuel pump to engine connection?,12 Nm,answer_too_short,answer_length
2026-02-11T00:30:39.594037Z,00-torque-specs-069,00-torque-specs-069-q04,What is the torque specification for the M12 fuel pipe coupling bolt?,20 Nm,answer_too_short,answer_length
2026-02-11T00:30:39.594037Z,00-torque-specs-069,00-torque-specs-069-q05,How much torque should be applied to the fuel pipe to pressure regulator connection?,30 Nm,answer_too_short,answer_length
2026-02-11T00:30:39.594037Z,00-torque-specs-069,00-torque-specs-069-q06,What is the torque specification for the return pipe connector to pressure regulator?,27 Nm,answer_too_short,answer_length
2026-02-11T00:30:39.594037Z,00-torque-specs-070,00-torque-specs-070-q01,What is the torque specification for the fuel filter coupling nut?,14 Nm,answer_too_short,answer_length
2026-02-11T00:30:39.594037Z,00-torque-specs-070,00-torque-specs-070-q02,What thread size is used for the fuel filter adapter?,M12 x 1.5,answer_too_short,answer_length
2026-02-11T00:30:39.594037Z,00-torque-specs-070,00-torque-specs-070-q03,What is the torque value for tightening the fuel filter to holder bolt?,22 Nm,answer_too_short,answer_length
2026-02-11T00:30:39.594037Z,00-torque-specs-070,00-torque-specs-070-q04,Which component has the highest torque specification in the fuel filter system?,The fuel filter to holder (2AZ) has the highest torque specification at 22 Nm,invalid_question_type: comparison,question_type
2026-02-11T00:30:39.594037Z,00-torque-specs-070,00-torque-specs-070-q05,What thread specification is used for the hollow bolt in the fuel line to filter housing?,M14 x 1.5,answer_too_short,answer_length
2026-02-11T00:30:39.594037Z,00-torque-specs-070,00-torque-specs-070-q09,Which fuel filter component requires the lowest torque specification?,The adapter requires the lowest torque at 9 Nm,invalid_question_type: comparison,question_type
2026-02-11T00:30:39.594037Z,00-torque-specs-071,00-torque-specs-071-q01,What is the torque specification for the plug for high pressure section of injection pump?,25 Nm,answer_too_short,answer_length
2026-02-11T00:30:39.594037Z,00-torque-specs-071,00-torque-specs-071-q03,What is the torque value for the electric shutoff to injection pump?,20 ± 5 Nm,answer_too_short,answer_length
2026-02-11T00:30:39.594037Z,00-torque-specs-071,00-torque-specs-071-q04,How much torque should be applied to the electric cold start valve to injection pump?,20 Nm,answer_too_short,answer_length
2026-02-11T00:30:39.594037Z,00-torque-specs-071,00-torque-specs-071-q07,What is the torque specification for the distributor injection pump to flange and console?,22 Nm,answer_too_short,answer_length
2026-02-11T00:30:39.594037Z,00-torque-specs-071,00-torque-specs-071-q10,What is the torque specification for the expansion element housing that controls temperature dependent idling speed boost?,18 Nm,answer_too_short,answer_length
2026-02-11T00:30:39.594037Z,00-torque-specs-072,00-torque-specs-072-q01,What is the torque specification for the chain sprocket to injection pump?,47 Nm,answer_too_short,answer_length
2026-02-11T00:30:39.594037Z,00-torque-specs-072,00-torque-specs-072-q03,What is the torque value for the toothed belt pulley to injection pump?,50 Nm,answer_too_short,answer_length
2026-02-11T00:30:39.594037Z,00-torque-specs-072,00-torque-specs-072-q04,What fastener type is specified for the toothed belt pulley to injection pump?,M51/M41,answer_too_short,answer_length
2026-02-11T00:30:39.594037Z,00-torque-specs-072,00-torque-specs-072-q05,What is the torque specification for the chain tensioner?,15 Nm,answer_too_short,answer_length
2026-02-11T00:30:39.594037Z,00-torque-specs-072,00-torque-specs-072-q07,What fastener type is used for the chain tensioner?,M51/M41,answer_too_short,answer_length
2026-02-11T00:30:39.594037Z,00-torque-specs-073,00-torque-specs-073-q10,What unit of measurement is used for all torque specifications on this page?,Nm (Newton meters).,self_referential: on this page,self_referential
2026-02-11T00:30:39.594037Z,00-torque-specs-074,00-torque-specs-074-q02,What torque value should be used for the coolant temperature sensor (2AZ) on M60/1/M60/2/M21/M51 engines?,18 Nm.,answer_too_short,answer_length
2026-02-11T00:30:39.594037Z,00-torque-specs-074,00-torque-specs-074-q03,How much torque is required for the coolant temperature sensor on all other engine types?,13 Nm.,answer_too_short,answer_length
2026-02-11T00:30:39.594037Z,00-torque-specs-074,00-torque-specs-074-q07,Which sensor requires the lowest torque specification on this page?,The air-mass sensor on lower section of air filter housing (7AZ) requires 3.5 Nm.,self_referential: on this page,self_referential
2026-02-11T00:30:39.594037Z,00-torque-specs-074,00-torque-specs-074-q09,Which sensor has the highest torque requirement according to this table?,The temperature switch (3AZ) has the highest torque requirement at 28 Nm.,invalid_question_type: comparison,question_type
2026-02-11T00:30:39.594037Z,00-torque-specs-074,00-torque-specs-074-q10,What engine types use the twin temperature sensor (6AZ)?,"M41, M43, M44, S50, S52, M52, M62, and M73 engines.",invalid_question_type: application,question_type
2026-02-11T00:30:39.594037Z,00-torque-specs-075,00-torque-specs-075-q03,What screw size is used for mounting the fuel injector to the intake manifold?,M6 screw.,answer_too_short,answer_length
2026-02-11T00:30:39.594037Z,00-torque-specs-075,00-torque-specs-075-q07,What component number is assigned to fuel injectors in this specification table?,13 64.,answer_too_short,answer_length
2026-02-11T00:30:39.594037Z,00-torque-specs-075,00-torque-specs-075-q09,What are the two different fuel injector torque specifications listed on this page?,10 Nm for fuel injector to intake manifold and 25 Nm for coupling nut on fuel injector.,self_referential: on this page,self_referential
2026-02-11T00:30:39.594037Z,00-torque-specs-076,00-torque-specs-076-q03,What engine types does the air intake silencer specification apply to?,M41/M51,answer_too_short,answer_length
2026-02-11T00:30:39.594037Z,00-torque-specs-076,00-torque-specs-076-q05,What is the reference number for the air intake silencer on cylinder head cover?,13 71,answer_too_short,answer_length
2026-02-11T00:30:39.594037Z,00-torque-specs-077,00-torque-specs-077-q03,What type designation applies to the screw plug on low-pressure regulator?,316g/518g,answer_too_short,answer_length
2026-02-11T00:30:39.594037Z,00-torque-specs-078,00-torque-specs-078-q01,What is the torque specification for the air intake line on the low-pressure unit?,22 Nm,answer_too_short,answer_length
2026-02-11T00:30:39.594037Z,00-torque-specs-078,00-torque-specs-078-q03,What is the screw type specified for the air intake line on the low-pressure unit?,316g/518g,answer_too_short,answer_length
2026-02-11T00:30:39.594037Z,00-torque-specs-078,00-torque-specs-078-q05,"What is the item number for air intake valves, low-pressure and vacuum hoses?",13 81,answer_too_short,answer_length
2026-02-11T00:30:39.594037Z,00-torque-specs-078,00-torque-specs-078-q06,What unit of measurement is used for the torque specification on this page?,Nm (Newton-meters),self_referential: on this page,self_referential
2026-02-11T00:30:39.594037Z,00-torque-specs-078,00-torque-specs-078-q10,How many torque specifications are listed on this page?,One torque specification is listed (22 Nm for the air intake line),self_referential: on this page,self_referential
2026-02-11T00:30:39.594037Z,00-torque-specs-079,00-torque-specs-079-q01,What is the torque specification for the MAP sensor on holder in the fuel system?,3.5 Nm,answer_too_short,answer_length
2026-02-11T00:30:39.594037Z,00-torque-specs-079,00-torque-specs-079-q02,What type of screw is used for the MAP sensor on holder?,316g/518g,answer_too_short,answer_length
2026-02-11T00:30:39.594037Z,00-torque-specs-079,00-torque-specs-079-q05,"What is the specification number for the mixture and metering system, low-pressure reducer?",13 82,answer_too_short,answer_length
2026-02-11T00:30:39.594037Z,00-torque-specs-079,00-torque-specs-079-q10,How tight should the MAP sensor on holder be torqued?,3.5 Nm,answer_too_short,answer_length
2026-02-11T00:30:39.594037Z,00-torque-specs-080,00-torque-specs-080-q01,What is the torque specification for the support frame on body (1AZ)?,45 Nm,answer_too_short,answer_length
2026-02-11T00:30:39.594037Z,00-torque-specs-080,00-torque-specs-080-q02,What screw type is used for the gas density sensor on non-return cock of gas tank?,316g/518g,answer_too_short,answer_length
2026-02-11T00:30:39.594037Z,00-torque-specs-080,00-torque-specs-080-q03,How much torque should be applied to the gas density sensor on the non-return cock of the gas tank?,35 Nm,answer_too_short,answer_length
2026-02-11T00:30:39.594037Z,00-torque-specs-082,00-torque-specs-082-q01,What is the torque specification for the pump assembly to metal-bonded mount?,6.5 Nm,answer_too_short,answer_length
2026-02-11T00:30:39.594037Z,00-torque-specs-082,00-torque-specs-082-q02,What torque should be applied to the holder to fuel pump or fuel reservoir?,6.5 Nm,answer_too_short,answer_length
2026-02-11T00:30:39.594037Z,00-torque-specs-082,00-torque-specs-082-q03,What is the torque specification for electric connections on fuel pump using M4 screws?,1.2 Nm,answer_too_short,answer_length
2026-02-11T00:30:39.594037Z,00-torque-specs-082,00-torque-specs-082-q04,What torque value is specified for M5 electric connections on fuel pump?,1.6 Nm,answer_too_short,answer_length
2026-02-11T00:30:39.594037Z,00-torque-specs-084,00-torque-specs-084-q03,What is the torque specification for the plastic sealing ring that is 26.5 mm high on E34/E31 models?,40 Nm,answer_too_short,answer_length
2026-02-11T00:30:39.594037Z,00-torque-specs-084,00-torque-specs-084-q05,What is the final torque value after applying the torque angle for the plastic sealing ring?,55 Nm,answer_too_short,answer_length
2026-02-11T00:30:39.594037Z,00-torque-specs-084,00-torque-specs-084-q06,What torque specification is given for the metal sealing ring on E39 models?,35 Nm,answer_too_short,answer_length
2026-02-11T00:30:39.594037Z,00-torque-specs-085,00-torque-specs-085-q01,What is the torque specification for coolant hoses that are 32 to 48 mm in diameter?,2.5 Nm,answer_too_short,answer_length
2026-02-11T00:30:39.594037Z,00-torque-specs-085,00-torque-specs-085-q08,What vehicle types do these coolant system torque specifications apply to?,All types,answer_too_short,answer_length
2026-02-11T00:30:39.594037Z,00-torque-specs-085,00-torque-specs-085-q07,Which coolant system component has the lowest torque specification?,The level switch to coolant expansion tank at 3 Nm,question_similarity: 0.80 with 00-torque-specs-085-q06,question_diversity
2026-02-11T00:30:39.594037Z,00-torque-specs-086,00-torque-specs-086-q02,What torque should be applied to the M6 radiator mounting screw?,10 Nm,answer_too_short,answer_length
2026-02-11T00:30:39.594037Z,00-torque-specs-086,00-torque-specs-086-q03,What is the torque specification for the drain plug on radiator (2AZ)?,2.5 Nm,answer_too_short,answer_length
2026-02-11T00:30:39.594037Z,00-torque-specs-086,00-torque-specs-086-q04,How much torque should be applied to the temperature switch to radiator connection?,15 Nm,answer_too_short,answer_length
2026-02-11T00:30:39.594037Z,00-torque-specs-087,00-torque-specs-087-q01,What is the torque specification for the engine oil cooler to body connection?,14 Nm,answer_too_short,answer_length
2026-02-11T00:30:39.594037Z,00-torque-specs-088,00-torque-specs-088-q01,What is the torque specification for pipes to engine oil cooler?,28 Nm,answer_too_short,answer_length
2026-02-11T00:30:39.594037Z,00-torque-specs-088,00-torque-specs-088-q02,What torque should be applied to pipes to oil filter head on the E36 M3?,25 Nm,answer_too_short,answer_length
2026-02-11T00:30:39.594037Z,00-torque-specs-089,00-torque-specs-089-q04,How much torque is required for oil lines on transmission oil cooler with ASS 300J?,28 Nm,answer_too_short,answer_length
2026-02-11T00:30:39.594037Z,00-torque-specs-089,00-torque-specs-089-q07,How much torque is specified for oil hose on oil pipe for E23 models?,28 Nm,answer_too_short,answer_length
2026-02-11T00:30:39.594037Z,00-torque-specs-089,00-torque-specs-089-q09,How much torque should be applied to oil pipe bracket on body for E23 models?,6.5 Nm,answer_too_short,answer_length
2026-02-11T00:30:39.594037Z,00-torque-specs-089,00-torque-specs-089-q10,What is the torque specification for oil cooler on transmission with 5HP30?,10 Nm,answer_too_short,answer_length
2026-02-11T00:30:39.594037Z,00-torque-specs-090,00-torque-specs-090-q02,What should compression springs be preloaded to for the M51 type connection?,27 ± 1 mm,answer_too_short,answer_length
2026-02-11T00:30:39.594037Z,00-torque-specs-091,00-torque-specs-091-q01,What is the torque specification for M8 screws when attaching the clutch housing to crankcase?,27 Nm,answer_too_short,answer_length
2026-02-11T00:30:39.594037Z,00-torque-specs-091,00-torque-specs-091-q02,What torque value should be used for M10 bolts in the clutch housing to crankcase assembly?,51 Nm,answer_too_short,answer_length
2026-02-11T00:30:39.594037Z,00-torque-specs-091,00-torque-specs-091-q10,What unit of measurement is used for all the torque specifications on this page?,Nm (Newton meters),self_referential: on this page,self_referential
2026-02-11T00:30:39.594037Z,00-torque-specs-092,00-torque-specs-092-q01,What is the torque specification for M8 8.8 bolts when attaching the clutch to flywheel?,24 Nm,answer_too_short,answer_length
2026-02-11T00:30:39.594037Z,00-torque-specs-092,00-torque-specs-092-q02,What torque value should be used for M8 10.9 bolts in the clutch to flywheel assembly?,34 Nm,answer_too_short,answer_length
2026-02-11T00:30:39.594037Z,00-torque-specs-092,00-torque-specs-092-q07,What component designation is used for the clutch disc and drive plate assembly?,21 21,answer_too_short,answer_length
2026-02-11T00:30:39.594037Z,00-torque-specs-092,00-torque-specs-092-q09,What unit of measurement is used for all torque specifications on this page?,Nm (Newton meters),self_referential: on this page,self_referential
2026-02-11T00:30:39.594037Z,00-torque-specs-093,00-torque-specs-093-q01,What is the torque specification for coupling bolts for hydraulic pipes?,17 Nm,answer_too_short,answer_length
2026-02-11T00:30:39.594037Z,00-torque-specs-093,00-torque-specs-093-q02,What torque should be applied when connecting the master cylinder to console?,22 Nm,answer_too_short,answer_length
2026-02-11T00:30:39.594037Z,00-torque-specs-093,00-torque-specs-093-q03,What is the torque value for the master cylinder setscrew?,22 Nm,answer_too_short,answer_length
2026-02-11T00:30:39.594037Z,00-torque-specs-093,00-torque-specs-093-q04,How much torque should be applied to the master cylinder to pedal assembly connection?,10 Nm,answer_too_short,answer_length
2026-02-11T00:30:39.594037Z,00-torque-specs-093,00-torque-specs-093-q05,What is the specified torque for the slave cylinder to clutch housing or transmission case?,22 Nm,answer_too_short,answer_length
2026-02-11T00:30:39.594037Z,00-torque-specs-094,00-torque-specs-094-q01,What is the torque specification for M8 hex screws on the transmission to engine?,25 Nm,answer_too_short,answer_length
2026-02-11T00:30:39.594037Z,00-torque-specs-094,00-torque-specs-094-q02,What torque should be applied to M10 hex screws during transmission installation?,49 Nm,answer_too_short,answer_length
2026-02-11T00:30:39.594037Z,00-torque-specs-094,00-torque-specs-094-q03,How much torque is required for M12 hex screws on the transmission?,74 Nm,answer_too_short,answer_length
2026-02-11T00:30:39.594037Z,00-torque-specs-094,00-torque-specs-094-q04,What is the correct torque specification for M8 Torx bolts?,22 Nm,answer_too_short,answer_length
2026-02-11T00:30:39.594037Z,00-torque-specs-094,00-torque-specs-094-q05,What torque should be used for M10 Torx bolts on the transmission?,43 Nm,answer_too_short,answer_length
2026-02-11T00:30:39.594037Z,00-torque-specs-094,00-torque-specs-094-q06,What is the torque specification for M12 Torx bolts?,72 Nm,answer_too_short,answer_length
2026-02-11T00:30:39.594037Z,00-torque-specs-095,00-torque-specs-095-q06,Which component has the highest torque specification in this transmission assembly table?,The transmission to clutch housing connection has the highest torque specification at 76 Nm.,invalid_question_type: comparison,question_type
2026-02-11T00:30:39.594037Z,00-torque-specs-095,00-torque-specs-095-q07,Are there different torque specifications for the oil drain plug between transmission types?,"Yes, the standard transmission types use 50 Nm while the S 6 S 560 G transmission type uses 52 Nm.",invalid_question_type: comparison,question_type
2026-02-11T00:30:39.594037Z,00-torque-specs-096,00-torque-specs-096-q01,What is the torque specification for the transmission case rear/front sections?,22 Nm,answer_too_short,answer_length
2026-02-11T00:30:39.594037Z,00-torque-specs-096,00-torque-specs-096-q02,What torque should be applied to M8x22 screws on the cover with guide tube/transmission case?,18 Nm,answer_too_short,answer_length
2026-02-11T00:30:39.594037Z,00-torque-specs-096,00-torque-specs-096-q03,What is the torque specification for M8x30 screws?,25 Nm,answer_too_short,answer_length
2026-02-11T00:30:39.594037Z,00-torque-specs-096,00-torque-specs-096-q04,How much torque should be applied to M6 screws?,10 Nm,answer_too_short,answer_length
2026-02-11T00:30:39.594037Z,00-torque-specs-096,00-torque-specs-096-q05,What is the torque specification for the bearing cap/sealing flange?,10.5 Nm,answer_too_short,answer_length
2026-02-11T00:30:39.594037Z,00-torque-specs-096,00-torque-specs-096-q06,What torque is required for the reverse gear shaft on intermediate housing?,49 Nm,answer_too_short,answer_length
2026-02-11T00:30:39.594037Z,00-torque-specs-096,00-torque-specs-096-q07,What is the torque specification for the retaining plate for reverse gear shaft on intermediate housing?,25 Nm,answer_too_short,answer_length
2026-02-11T00:30:39.594037Z,00-torque-specs-096,00-torque-specs-096-q10,What type of measurement unit is used for all torque specifications on this page?,Nm (Newton meters),self_referential: on this page,self_referential
2026-02-11T00:30:39.594037Z,00-torque-specs-098,00-torque-specs-098-q03,How much torque is required for the reversing bolt to reversing lever on ZF S-5-16/5 5 D 310 Z transmissions?,43 Nm,answer_too_short,answer_length
2026-02-11T00:30:39.594037Z,00-torque-specs-098,00-torque-specs-098-q07,What screw size is used for the plug in rear casing section on 260/280 transmissions?,M22 screw,answer_too_short,answer_length
2026-02-11T00:30:39.594037Z,00-torque-specs-099,00-torque-specs-099-q02,What screw size is used for the retaining plates for bearings on housing (17AZ)?,M6 screw.,answer_too_short,answer_length
2026-02-11T00:30:39.594037Z,00-torque-specs-099,00-torque-specs-099-q10,What is the component designation for the holder to transfer case?,16AZ.,answer_too_short,answer_length
2026-02-11T00:30:39.594037Z,00-torque-specs-100,00-torque-specs-100-q01,What is the initial torque specification for the output flange collar nut installed with bolt cement?,190 Nm,answer_too_short,answer_length
2026-02-11T00:30:39.594037Z,00-torque-specs-100,00-torque-specs-100-q02,What is the final torque specification for the output flange collar nut installed with bolt cement?,120 Nm,answer_too_short,answer_length
2026-02-11T00:30:39.594037Z,00-torque-specs-100,00-torque-specs-100-q03,What type of transmission applies to the gear wheel to layshaft torque specification?,265 Sport,answer_too_short,answer_length
2026-02-11T00:30:39.594037Z,00-torque-specs-100,00-torque-specs-100-q04,What is the torque specification for the M10 screw connecting the gear wheel to layshaft?,60 Nm,answer_too_short,answer_length
2026-02-11T00:30:39.594037Z,00-torque-specs-100,00-torque-specs-100-q10,What procedural step comes between initial torque and final torque for the output flange collar nut?,Loosen,answer_too_short,answer_length
2026-02-11T00:30:39.594037Z,00-torque-specs-101,00-torque-specs-101-q01,What is the torque specification for shift arms to transmission case?,45 Nm,answer_too_short,answer_length
2026-02-11T00:30:39.594037Z,00-torque-specs-101,00-torque-specs-101-q07,Which component requires a torque of 45 Nm during installation?,Shift arms to transmission case,invalid_question_type: application,question_type
2026-02-11T00:30:39.594037Z,00-torque-specs-101,00-torque-specs-101-q09,What date is shown on this manual page?,20/10/97,answer_too_short,answer_length
2026-02-11T00:30:39.594037Z,00-torque-specs-101,00-torque-specs-101-q10,How many different components are listed in the Interior Shift Components section on this page?,One component - shift arms to transmission case,self_referential: on this page,self_referential
2026-02-11T00:30:39.594037Z,00-torque-specs-102,00-torque-specs-102-q08,Which connections require the highest torque specification on this page?,Both the transmission mount rubber to body (1AZ) and transmission cross member to body (2AZ) require the highest torque at 42 Nm.,self_referential: on this page,self_referential
2026-02-11T00:30:39.594037Z,00-torque-specs-103,00-torque-specs-103-q03,What is the highest torque specification for hex screws shown on this page?,82 Nm (ft. lbs.) for M12 hex screws,self_referential: on this page,self_referential
2026-02-11T00:30:39.594037Z,00-torque-specs-103,00-torque-specs-103-q06,What is the torque specification for M12 Torx bolts?,72 Nm (ft. lbs.),question_similarity: 0.80 with 00-torque-specs-103-q04,question_diversity
2026-02-11T00:30:39.594037Z,00-torque-specs-104,00-torque-specs-104-q05,What are the different torque specifications for the plug on transfer plate (4AZ) depending on the model type?,"For all models: 16 Nm with M10 screw. For 4HP-22/4HP-24: 40 Nm with M14 screw, or 50 Nm with M20 screw.",invalid_question_type: comparison,question_type
2026-02-11T00:30:39.594037Z,00-torque-specs-104,00-torque-specs-104-q06,"Which component uses a 1/2"" screw and what is its torque specification?","The converter bell housing on A4S 270R/A4S 310R models uses a 1/2"" screw with 42 Nm torque specification.",invalid_question_type: application,question_type
2026-02-11T00:30:39.594037Z,00-torque-specs-104,00-torque-specs-104-q07,What is the highest torque specification shown on this transmission case oil sump page?,"50 Nm, which is used for the plug on transfer plate (4AZ) with an M20 screw on 4HP-22/4HP-24 models.",invalid_question_type: comparison,question_type
2026-02-11T00:30:39.594037Z,00-torque-specs-104,00-torque-specs-104-q09,Which components are applicable to all transmission types?,"The transmission extension (1AZ), guard (2AZ), converter bell housing (3AZ), and plug on transfer plate (4AZ) are all applicable to all transmission types.",invalid_question_type: application,question_type
2026-02-11T00:30:39.594037Z,00-torque-specs-104,00-torque-specs-104-q10,What is the torque specification difference between the converter bell housing on all models versus 4HP-22/4HP-24 models?,"All models use 25 Nm with M8 screw, while 4HP-22/4HP-24 models use 46 Nm with M10 screw - a difference of 21 Nm.",invalid_question_type: comparison,question_type
2026-02-11T00:30:39.594037Z,00-torque-specs-105,00-torque-specs-105-q03,How much torque is required for the oil filler plug on the A5S 310Z/A5S 560Z transmission?,100 Nm.,answer_too_short,answer_length
2026-02-11T00:30:39.594037Z,00-torque-specs-105,00-torque-specs-105-q07,What is the torque specification for oil pan bolts on the A5S 300J transmission?,9 Nm.,answer_too_short,answer_length
2026-02-11T00:30:39.594037Z,00-torque-specs-106,00-torque-specs-106-q01,What is the torque specification for the oil filter pipe on 3HP-22 transmissions?,105 Nm,answer_too_short,answer_length
2026-02-11T00:30:39.594037Z,00-torque-specs-106,00-torque-specs-106-q02,What torque should be applied to the oil filter pipe on 4HP-22/4HP-24/ASS 310Z transmissions?,98 Nm,answer_too_short,answer_length
2026-02-11T00:30:39.594037Z,00-torque-specs-106,00-torque-specs-106-q09,Which component has the highest torque specification on this page?,The oil filter pipe on 3HP-22 transmissions at 105 Nm,self_referential: on this page,self_referential
2026-02-11T00:30:39.594037Z,00-torque-specs-107,00-torque-specs-107-q01,What is the torque specification for the slotted nut/output flange on the automatic transmission?,120 Nm,answer_too_short,answer_length
2026-02-11T00:30:39.594037Z,00-torque-specs-107,00-torque-specs-107-q10,What date is shown on this specification page?,20/10/97,answer_too_short,answer_length
2026-02-11T00:30:39.594037Z,00-torque-specs-108,00-torque-specs-108-q01,What is the torque specification for the output flange collar nut on A5S 300J transmissions?,225 Nm,answer_too_short,answer_length
2026-02-11T00:30:39.594037Z,00-torque-specs-108,00-torque-specs-108-q02,What torque should be applied to the output flange collar nut on all other automatic transmission types?,100 Nm,answer_too_short,answer_length
2026-02-11T00:30:39.594037Z,00-torque-specs-108,00-torque-specs-108-q06,What unit of measurement is used for all the torque specifications shown on this page?,Nm (Newton meters),self_referential: on this page,self_referential
2026-02-11T00:30:39.594037Z,00-torque-specs-109,00-torque-specs-109-q01,What is the torque specification for the center bolt on the brake coupling D/G on gear box housing?,30 Nm,answer_too_short,answer_length
2026-02-11T00:30:39.594037Z,00-torque-specs-109,00-torque-specs-109-q02,What torque value should be applied to both outer screws during the first tightening sequence?,15 Nm,answer_too_short,answer_length
2026-02-11T00:30:39.594037Z,00-torque-specs-109,00-torque-specs-109-q03,What is the final torque specification for the center bolt in the tightening sequence?,63 Nm,answer_too_short,answer_length
2026-02-11T00:30:39.594037Z,00-torque-specs-109,00-torque-specs-109-q04,What torque should be applied to both outer screws in the second tightening step?,30 Nm,answer_too_short,answer_length
2026-02-11T00:30:39.594037Z,00-torque-specs-109,00-torque-specs-109-q05,What is the final torque specification for both outer screws at the end of the sequence?,63 Nm,answer_too_short,answer_length
2026-02-11T00:30:39.594037Z,00-torque-specs-11-01,00-torque-specs-11-01-q01,What is the torque specification for M10/M20/M30 main bearing screws on the 1AZ crankcase?,60 Nm,answer_too_short,answer_length
2026-02-11T00:30:39.594037Z,00-torque-specs-11-01,00-torque-specs-11-01-q02,What torque should be applied to M21 main bearing screws?,65 Nm,answer_too_short,answer_length
2026-02-11T00:30:39.594037Z,00-torque-specs-11-01,00-torque-specs-11-01-q07,What is the initial torque value before applying the torque angle for 2AZ main bearing screws?,20 Nm,answer_too_short,answer_length
2026-02-11T00:30:39.594037Z,00-torque-specs-11-02,00-torque-specs-11-02-q03,What is the torque specification for threaded support sleeves?,10 Nm.,answer_too_short,answer_length
2026-02-11T00:30:39.594037Z,00-torque-specs-11-02,00-torque-specs-11-02-q08,Which component has the highest torque specification on this page?,The struts/bracing shell M10 screws at 43 Nm.,self_referential: on this page,self_referential
2026-02-11T00:30:39.594037Z,00-torque-specs-11-04,00-torque-specs-11-04-q01,What is the torque specification for cylinder head bolts?,30 Nm,answer_too_short,answer_length
2026-02-11T00:30:39.594037Z,00-torque-specs-11-05,00-torque-specs-11-05-q01,What is the initial torque specification for M21 cylinder head bolts?,50 Nm,answer_too_short,answer_length
2026-02-11T00:30:39.594037Z,00-torque-specs-11-05,00-torque-specs-11-05-q04,How long is the warm-running time required for M21 cylinder head bolts?,15 min,answer_too_short,answer_length
2026-02-11T00:30:39.594037Z,00-torque-specs-11-05,00-torque-specs-11-05-q06,What is the initial torque specification for M30 cylinder head bolts?,60 Nm,answer_too_short,answer_length
2026-02-11T00:30:39.594037Z,00-torque-specs-11-05,00-torque-specs-11-05-q07,How long is the settling time for M30 cylinder head bolts?,20 min,answer_too_short,answer_length
2026-02-11T00:30:39.594037Z,00-torque-specs-11-05,00-torque-specs-11-05-q08,What is the second torque specification for M30 cylinder head bolts after settling time?,80 Nm,answer_too_short,answer_length
2026-02-11T00:30:39.594037Z,00-torque-specs-11-06,00-torque-specs-11-06-q01,What is the initial torque specification for M51/M41 cylinder head bolts?,80 Nm,answer_too_short,answer_length
2026-02-11T00:30:39.594037Z,00-torque-specs-11-06,00-torque-specs-11-06-q02,"After loosening all bolts 1/2 turn, what is the next torque specification for M51/M41 cylinder head bolts?",50 Nm,answer_too_short,answer_length
2026-02-11T00:30:39.594037Z,00-torque-specs-11-06,00-torque-specs-11-06-q04,How long is the warm-running time specified for M51/M41 cylinder head bolt installation?,25 min,answer_too_short,answer_length
2026-02-11T00:30:39.594037Z,00-torque-specs-11-06,00-torque-specs-11-06-q06,What is the initial torque specification for M40/M42/M43/M44/M50/S50 US/S52/M52 cylinder head bolts with cast iron engine block?,30 Nm,answer_too_short,answer_length
2026-02-11T00:30:39.594037Z,00-torque-specs-11-06,00-torque-specs-11-06-q08,What is the initial torque specification for M52 cylinder head bolts with cast aluminum engine block?,40 Nm,answer_too_short,answer_length
2026-02-11T00:30:39.594037Z,00-torque-specs-11-07,00-torque-specs-11-07-q01,What is the initial torque specification for cylinder head bolts on the S50 engine?,30 Nm,answer_too_short,answer_length
2026-02-11T00:30:39.594037Z,00-torque-specs-11-08,00-torque-specs-11-08-q01,What is the torque specification for M70/S70/M73 cylinder head bolts?,30 Nm,answer_too_short,answer_length
2026-02-11T00:30:39.594037Z,00-torque-specs-11-08,00-torque-specs-11-08-q06,What is the initial torque value for M60/1/M60/2/M62 cylinder head bolts?,30 Nm,answer_too_short,answer_length
2026-02-11T00:30:39.594037Z,00-torque-specs-11-10,00-torque-specs-11-10-q01,What is the torque specification for M6 screws on the cylinder head cover?,10 Nm,answer_too_short,answer_length
2026-02-11T00:30:39.594037Z,00-torque-specs-11-10,00-torque-specs-11-10-q02,What torque should be applied to M7 screws on the cylinder head cover?,15 Nm,answer_too_short,answer_length
2026-02-11T00:30:39.594037Z,00-torque-specs-11-10,00-torque-specs-11-10-q03,What is the torque specification for M8 screws on the M21 engine's cylinder head cover?,15 Nm,answer_too_short,answer_length
2026-02-11T00:30:39.594037Z,00-torque-specs-11-10,00-torque-specs-11-10-q04,What torque value is specified for the oil trap to cylinder head cover on M21 engines?,17 Nm,answer_too_short,answer_length
2026-02-11T00:30:39.594037Z,00-torque-specs-11-10,00-torque-specs-11-10-q05,What is the torque specification for M7 screws when installing the timing case to cylinder head?,15 Nm,answer_too_short,answer_length
2026-02-11T00:30:39.594037Z,00-torque-specs-11-10,00-torque-specs-11-10-q06,What torque should be applied to M8 screws on the timing case to cylinder head?,20 Nm,answer_too_short,answer_length
2026-02-11T00:30:39.594037Z,00-torque-specs-11-13,00-torque-specs-11-13-q02,What screw type is specified for the increment wheel on crankshaft?,M5 10.9,answer_too_short,answer_length
2026-02-11T00:30:39.594037Z,00-torque-specs-11-13,00-torque-specs-11-13-q06,What is the subsection number for Crankshaft and Bearings?,11 21,answer_too_short,answer_length
2026-02-11T00:30:39.594037Z,00-torque-specs-11-14,00-torque-specs-11-14-q01,What is the torque specification for flywheel to crankshaft bolts on M60/1/M60/2/M62 Manual Transmission?,105 Nm,answer_too_short,answer_length
2026-02-11T00:30:39.594037Z,00-torque-specs-11-14,00-torque-specs-11-14-q02,What torque should I use for new micro-encapsulated flywheel screws on M40/M42/M43/M44/M51 Automatic/M52 Automatic transmissions?,120 Nm,answer_too_short,answer_length
2026-02-11T00:30:39.594037Z,00-torque-specs-11-14,00-torque-specs-11-14-q03,What is the torque specification for new micro-encapsulated flywheel screws on all other transmissions?,105 Nm,answer_too_short,answer_length
2026-02-11T00:30:39.594037Z,00-torque-specs-11-15,00-torque-specs-11-15-q05,What is the initial torque before applying torque angles for M41/M51/M60/1/M60/2/M62 screws?,100 Nm.,answer_too_short,answer_length
2026-02-11T00:30:39.594037Z,00-torque-specs-11-16,00-torque-specs-11-16-q01,What is the torque specification for the vibration damper hub on crankshaft?,60 Nm,answer_too_short,answer_length
2026-02-11T00:30:39.594037Z,00-torque-specs-11-16,00-torque-specs-11-16-q02,What screw size is used for the S38 B38 vibration damper hub on crankshaft?,M12x1.5,answer_too_short,answer_length
2026-02-11T00:30:39.594037Z,00-torque-specs-11-16,00-torque-specs-11-16-q03,What screw size is specified for the S50 replace screws?,M12x1.5,answer_too_short,answer_length
2026-02-11T00:30:39.594037Z,00-torque-specs-11-16,00-torque-specs-11-16-q05,What engine section is covered on this page?,Section 11-16 Engine,self_referential: on this page,self_referential
2026-02-11T00:30:39.594037Z,00-torque-specs-11-17,00-torque-specs-11-17-q04,What are the two different torque values specified for pulley to vibration damper connections?,22 Nm for both S38 B35 type (M8 8.8 screw) and S50 type (M8 8.8 screw).,invalid_question_type: comparison,question_type
2026-02-11T00:30:39.594037Z,00-torque-specs-11-17,00-torque-specs-11-17-q08,What is the difference in torque between M40 and M42/M43/M44 sprocket installations?,"M40 requires 310 Nm while M42/M43/M44 require 330 Nm, a difference of 20 Nm.",invalid_question_type: comparison,question_type
2026-02-11T00:30:39.594037Z,00-torque-specs-11-18,00-torque-specs-11-18-q01,What is the torque specification for M10/M30 connecting rod bolts?,55 Nm,answer_too_short,answer_length
2026-02-11T00:30:39.594037Z,00-torque-specs-11-18,00-torque-specs-11-18-q04,What is the main torque value after the application torque for connecting rods?,20 Nm,answer_too_short,answer_length
2026-02-11T00:30:39.594037Z,00-torque-specs-11-18,00-torque-specs-11-18-q08,How does the torque angle differ between the two connecting rod bolt groups?,The first group uses 70° while the M60/1/M60/2/M62 group uses 80°,invalid_question_type: comparison,question_type
2026-02-11T00:30:39.594037Z,00-torque-specs-11-18,00-torque-specs-11-18-q09,What section number covers Connecting Rods and Bearings?,11 24,answer_too_short,answer_length
2026-02-11T00:30:39.594037Z,00-torque-specs-11-18,00-torque-specs-11-18-q10,Are the application torque and main torque values the same for both connecting rod bolt groups?,"Yes, both groups use 5 Nm for application torque and 20 Nm for the main torque",invalid_question_type: comparison,question_type
2026-02-11T00:30:39.594037Z,00-torque-specs-11-19,00-torque-specs-11-19-q01,What is the torque specification for S14 connecting rod bolts?,55 Nm,answer_too_short,answer_length
2026-02-11T00:30:39.594037Z,00-torque-specs-11-19,00-torque-specs-11-19-q03,What is the main torque value for S38 connecting rod bolts?,30 Nm,answer_too_short,answer_length
2026-02-11T00:30:39.594037Z,00-torque-specs-11-19,00-torque-specs-11-19-q06,What is the main torque specification for S50 connecting rod bolts?,20 Nm,answer_too_short,answer_length
2026-02-11T00:30:39.594037Z,00-torque-specs-11-20,00-torque-specs-11-20-q01,What is the torque specification for the idler lever to alternator bracket screw?,90 Nm,answer_too_short,answer_length
2026-02-11T00:30:39.594037Z,00-torque-specs-11-20,00-torque-specs-11-20-q03,What is the torque specification for the screw plug for bearing pin?,20 Nm,answer_too_short,answer_length
2026-02-11T00:30:39.594037Z,00-torque-specs-11-20,00-torque-specs-11-20-q04,What size is the screw plug for bearing pin?,M51/M41,answer_too_short,answer_length
2026-02-11T00:30:39.594037Z,00-torque-specs-11-20,00-torque-specs-11-20-q06,What is the specification for the screw that needs to be replaced according to item 1AZ?,M10 10.9,answer_too_short,answer_length
2026-02-11T00:30:39.594037Z,00-torque-specs-11-21,00-torque-specs-11-21-q01,What is the torque specification for M6 camshaft bearing cap screws?,10 Nm,answer_too_short,answer_length
2026-02-11T00:30:39.594037Z,00-torque-specs-11-21,00-torque-specs-11-21-q02,What torque should be applied to M10 sprocket to camshaft screws on M20/M21/M40 engines?,65 Nm,answer_too_short,answer_length
2026-02-11T00:30:39.594037Z,00-torque-specs-11-21,00-torque-specs-11-21-q05,What thread specification is used for splined shaft to intake camshaft on M52/S52/S50 US/M50 VANOS engines?,M14 x 1.5,answer_too_short,answer_length
2026-02-11T00:30:39.594037Z,00-torque-specs-11-21,00-torque-specs-11-21-q08,What torque value applies to M7 screws for sprocket to camshaft flange on all engines except M50/M52/S52/S50 US/M50 VANOS?,15 Nm,answer_too_short,answer_length
2026-02-11T00:30:39.594037Z,00-torque-specs-11-21,00-torque-specs-11-21-q09,What is the initial torque specification for splined shaft to intake camshaft before applying the torque angle?,40 Nm,answer_too_short,answer_length
2026-02-11T00:30:39.594037Z,00-torque-specs-11-21,00-torque-specs-11-21-q10,Which camshaft component uses the highest torque specification shown on this page?,Sprocket to camshaft on M20/M21/M40 engines at 65 Nm,self_referential: on this page,self_referential
2026-02-11T00:30:39.594037Z,00-torque-specs-11-24,00-torque-specs-11-24-q01,What is the torque specification for the toothed belt pulley to intermediate shaft?,60 Nm,answer_too_short,answer_length
2026-02-11T00:30:39.594037Z,00-torque-specs-11-24,00-torque-specs-11-24-q03,What engine types does the intermediate shaft specification apply to?,M20/M21,answer_too_short,answer_length
2026-02-11T00:30:39.594037Z,00-torque-specs-11-24,00-torque-specs-11-24-q06,What unit of measurement is used for the torque specification on this page?,Nm (Newton meters),self_referential: on this page,self_referential
2026-02-11T00:30:39.594037Z,00-torque-specs-11-25,00-torque-specs-11-25-q01,What is the torque specification for the 4/2 way directional valve/solenoid valve on VANOS housing?,30 Nm,answer_too_short,answer_length
2026-02-11T00:30:39.594037Z,00-torque-specs-11-25,00-torque-specs-11-25-q05,What is the torque value for the hydraulic line for VANOS on oil filter aggregate carrier?,32 Nm,answer_too_short,answer_length
2026-02-11T00:30:39.594037Z,00-torque-specs-11-26,00-torque-specs-11-26-q01,What is the torque specification for the plug for pressure relief valve with M10/M30 thread?,40 Nm,answer_too_short,answer_length
2026-02-11T00:30:39.594037Z,00-torque-specs-11-26,00-torque-specs-11-26-q02,What torque should be applied to the M20 pressure relief valve plug?,30 Nm,answer_too_short,answer_length
2026-02-11T00:30:39.594037Z,00-torque-specs-11-26,00-torque-specs-11-26-q06,What are the two different torque specifications for M10 bolts in the oil pump assembly?,47 Nm for M10 bolts and 25 Nm for M10x1 bolts,invalid_question_type: comparison,question_type
2026-02-11T00:30:39.594037Z,00-torque-specs-11-26,00-torque-specs-11-26-q07,Which component uses M8 screws according to the oil pump specifications?,The oil pump to crankcase connection uses M8 screws,invalid_question_type: application,question_type
2026-02-11T00:30:39.594037Z,00-torque-specs-11-26,00-torque-specs-11-26-q08,What is the difference in torque between M6 screws used in the oil pump assembly?,Both the oil pump cover and sprocket to oil pump use M6 screws with the same 10 Nm torque specification,invalid_question_type: comparison,question_type
2026-02-11T00:30:39.594037Z,00-torque-specs-11-26,00-torque-specs-11-26-q10,Which oil pump component requires the highest torque specification?,The M10 bolts require the highest torque at 47 Nm,invalid_question_type: comparison,question_type
2026-02-11T00:30:39.594037Z,00-torque-specs-11-26,00-torque-specs-11-26-q05,What is the torque specification for the sprocket to oil pump bolts?,10 Nm with M6 screws,question_similarity: 0.83 with 00-torque-specs-11-26-q03,question_diversity
2026-02-11T00:30:39.594037Z,00-torque-specs-11-27,00-torque-specs-11-27-q01,What is the torque specification for M8 screws on the full flow oil filter cover?,22 Nm,answer_too_short,answer_length
2026-02-11T00:30:39.594037Z,00-torque-specs-11-27,00-torque-specs-11-27-q04,What is the torque specification for the screwed-on cover?,25 Nm,answer_too_short,answer_length
2026-02-11T00:30:39.594037Z,00-torque-specs-11-27,00-torque-specs-11-27-q05,What torque value is specified for M8 screws on the oil filter housing and lines on crankcase?,22 Nm,answer_too_short,answer_length
2026-02-11T00:30:39.594037Z,00-torque-specs-11-27,00-torque-specs-11-27-q06,What is the torque specification for M20 x 1.5 threads on the oil filter housing and lines?,40 Nm,answer_too_short,answer_length
2026-02-11T00:30:39.594037Z,00-torque-specs-11-27,00-torque-specs-11-27-q09,What is the difference in torque between M8 and M10 screws for oil filter components?,"M8 screws require 22 Nm while M10 screws require 33 Nm, a difference of 11 Nm",invalid_question_type: comparison,question_type
2026-02-11T00:30:39.594037Z,00-torque-specs-11-28,00-torque-specs-11-28-q01,What is the torque specification for the hollow bolt on the oil filter drain plug?,20 Nm,answer_too_short,answer_length
2026-02-11T00:30:39.594037Z,00-torque-specs-11-28,00-torque-specs-11-28-q03,What is the torque value for the full length screw in threaded insert for the oil filter drain plug?,23 Nm,answer_too_short,answer_length
2026-02-11T00:30:39.594037Z,00-torque-specs-11-28,00-torque-specs-11-28-q05,What is the torque specification for the oil drain line on oil filter and upper section of oil pan banjo bolt?,30 Nm,answer_too_short,answer_length
2026-02-11T00:30:39.594037Z,00-torque-specs-11-28,00-torque-specs-11-28-q07,What is the torque specification for the hollow bolt on the camshaft lubrication oil line?,10 Nm,answer_too_short,answer_length
2026-02-11T00:30:39.594037Z,00-torque-specs-11-29,00-torque-specs-11-29-q04,What is the torque specification for the oil supply pipe to turbocharger hollow bolt?,25 Nm.,answer_too_short,answer_length
2026-02-11T00:30:39.594037Z,00-torque-specs-11-29,00-torque-specs-11-29-q05,How much torque should be applied to the oil supply pipe to turbocharger coupling nut?,30 Nm.,answer_too_short,answer_length
2026-02-11T00:30:39.594037Z,00-torque-specs-11-30,00-torque-specs-11-30-q01,What is the torque specification for the M8 screw on the water pump to crankcase?,22 Nm,answer_too_short,answer_length
2026-02-11T00:30:39.594037Z,00-torque-specs-11-30,00-torque-specs-11-30-q02,What size screw requires 10 Nm of torque for the water pump to crankcase connection?,M6 screw,answer_too_short,answer_length
2026-02-11T00:30:39.594037Z,00-torque-specs-11-30,00-torque-specs-11-30-q09,What unit of measurement is used for all the torque specifications on this page?,Nm (Newton meters),self_referential: on this page,self_referential
2026-02-11T00:30:39.594037Z,00-torque-specs-11-31,00-torque-specs-11-31-q01,What is the torque specification for the fan clutch coupling nut on the water pump?,40 Nm,answer_too_short,answer_length
2026-02-11T00:30:39.594037Z,00-torque-specs-11-31,00-torque-specs-11-31-q05,What section number covers the fan specifications?,11 52,answer_too_short,answer_length
2026-02-11T00:30:39.594037Z,00-torque-specs-11-31,00-torque-specs-11-31-q10,How many fan-related torque specifications are shown on this page?,One specification - the fan clutch coupling nut at 40 Nm,self_referential: on this page,self_referential
2026-02-11T00:30:39.594037Z,00-torque-specs-11-33,00-torque-specs-11-33-q01,What is the torque specification for M8 screws on the intake manifold to cylinder head?,22 Nm,answer_too_short,answer_length
2026-02-11T00:30:39.594037Z,00-torque-specs-11-33,00-torque-specs-11-33-q02,What torque value should be used for M7 screws on the intake manifold?,15 Nm,answer_too_short,answer_length
2026-02-11T00:30:39.594037Z,00-torque-specs-11-33,00-torque-specs-11-33-q03,What is the correct torque for M6 screws on the intake manifold on cylinder head?,10 Nm,answer_too_short,answer_length
2026-02-11T00:30:39.594037Z,00-torque-specs-11-35,00-torque-specs-11-35-q01,What is the torque specification for exhaust manifold to cylinder head bolts when mounting on a new cylinder head or with new studs?,28 Nm,answer_too_short,answer_length
2026-02-11T00:30:39.594037Z,00-torque-specs-11-35,00-torque-specs-11-35-q02,What torque should be applied for subsequent mounting of exhaust manifold bolts?,15 Nm,answer_too_short,answer_length
2026-02-11T00:30:39.594037Z,00-torque-specs-11-35,00-torque-specs-11-35-q03,What is the retorque specification for exhaust manifold bolts after 2000 km?,15 Nm,answer_too_short,answer_length
2026-02-11T00:30:39.594037Z,00-torque-specs-11-35,00-torque-specs-11-35-q06,What is the protrusion measurement for long studs from the cylinder head?,98 + 0.5 mm,question_similarity: 0.83 with 00-torque-specs-11-35-q05,question_diversity
2026-02-11T00:30:39.594037Z,00-torque-specs-11-38,00-torque-specs-11-38-q01,What is the torque specification for the cap nut on the air intake tube?,30 Nm,answer_too_short,answer_length
2026-02-11T00:30:39.594037Z,00-torque-specs-11-39,00-torque-specs-11-39-q01,What is the torque specification for the oxygen sensor and oxygen monitor sensor?,55 Nm,answer_too_short,answer_length
2026-02-11T00:30:39.594037Z,00-torque-specs-11-39,00-torque-specs-11-39-q09,How many different components are listed in the emissions-control Lambda oxygen sensor section on this page?,One component - the oxygen sensor and oxygen monitor sensor,self_referential: on this page,self_referential
2026-02-11T00:30:39.594037Z,00-torque-specs-11-40,00-torque-specs-11-40-q01,What is the torque specification for the M8 screws on the rubber mount to front axle carrier?,22 Nm,answer_too_short,answer_length
2026-02-11T00:30:39.594037Z,00-torque-specs-11-40,00-torque-specs-11-40-q02,What torque should I use for the M10 bolts when installing the rubber mount to engine console?,47 Nm,answer_too_short,answer_length
2026-02-11T00:30:39.594037Z,00-torque-specs-11-40,00-torque-specs-11-40-q09,What is the torque specification for M8 screws on the engine console to engine mounting?,22 Nm,answer_too_short,answer_length
2026-02-11T00:30:39.594037Z,00-torque-specs-11-40,00-torque-specs-11-40-q10,What unit of measurement is used for all the torque specifications on this page?,Nm (Newton meters),self_referential: on this page,self_referential
2026-02-11T00:30:39.594037Z,00-torque-specs-110,00-torque-specs-110-q05,Which component has the highest torque specification on this page?,The ASS 560Z component has the highest torque specification at 23 Nm.,self_referential: on this page,self_referential
2026-02-11T00:30:39.594037Z,00-torque-specs-111,00-torque-specs-111-q06,What torque is specified for the adapter plate on shift unit for the A4S 270R/A4S 310R?,13 Nm.,answer_too_short,answer_length
2026-02-11T00:30:39.594037Z,00-torque-specs-112,00-torque-specs-112-q01,What is the torque specification for the oil pump to case on the 1st pass for A4S 270R/A4S 310R transmission?,10 Nm,answer_too_short,answer_length
2026-02-11T00:30:39.594037Z,00-torque-specs-112,00-torque-specs-112-q04,What is the torque specification for A5S 560Z transmission with M6 screws?,10 Nm,answer_too_short,answer_length
2026-02-11T00:30:39.594037Z,00-torque-specs-112,00-torque-specs-112-q07,What torque is required for the oil pump body on A4S 270R/A4S 310R transmissions?,20 Nm,answer_too_short,answer_length
2026-02-11T00:30:39.594037Z,00-torque-specs-112,00-torque-specs-112-q08,What is the torque specification for the oil cooler pipe adapter to transmission?,28 Nm,answer_too_short,answer_length
2026-02-11T00:30:39.594037Z,00-torque-specs-113,00-torque-specs-113-q03,How much torque should be applied to the hexagon nut on stud?,10 Nm.,answer_too_short,answer_length
2026-02-11T00:30:39.594037Z,00-torque-specs-114,00-torque-specs-114-q02,What torque should be applied to the solenoid valve to valve housing on A4S 270R/A4S 310R transmissions?,10 Nm.,answer_too_short,answer_length
2026-02-11T00:30:39.594037Z,00-torque-specs-114,00-torque-specs-114-q03,What is the torque specification for the guide plate/parking lock mechanism on A5S 560Z transmissions?,23 Nm.,answer_too_short,answer_length
2026-02-11T00:30:39.594037Z,00-torque-specs-114,00-torque-specs-114-q09,What torque specification applies to the guide plate/parking lock mechanism on A5S 310Z transmissions?,10 Nm.,answer_too_short,answer_length
2026-02-11T00:30:39.594037Z,00-torque-specs-114,00-torque-specs-114-q10,What is the torque specification for A5S 560Z transmission solenoid valve to valve housing?,6 Nm.,answer_too_short,answer_length
2026-02-11T00:30:39.594037Z,00-torque-specs-115,00-torque-specs-115-q03,How much torque should be applied to the A4S 270R/A4S 310R transmission socket to case connection?,14 Nm.,answer_too_short,answer_length
2026-02-11T00:30:39.594037Z,00-torque-specs-116,00-torque-specs-116-q01,What is the torque specification for the torque converter to flywheel bolts using M8 screws?,26 Nm,answer_too_short,answer_length
2026-02-11T00:30:39.594037Z,00-torque-specs-116,00-torque-specs-116-q03,What is the torque specification for M10 screws on all other automatic transmission types not specifically listed?,49 Nm,answer_too_short,answer_length
2026-02-11T00:30:39.594037Z,00-torque-specs-116,00-torque-specs-116-q10,What is the item number for the torque converter specifications in this table?,24 40,answer_too_short,answer_length
2026-02-11T00:30:39.594037Z,00-torque-specs-117,00-torque-specs-117-q01,What is the torque specification for the M8x1 screw on the selector lever on transmission for all types?,10 Nm,answer_too_short,answer_length
2026-02-11T00:30:39.594037Z,00-torque-specs-117,00-torque-specs-117-q02,What torque should be applied to the M8 screw for ASS 300J type?,15 Nm,answer_too_short,answer_length
2026-02-11T00:30:39.594037Z,00-torque-specs-117,00-torque-specs-117-q08,What section number covers the automatic transmission external shift linkage?,24 51,answer_too_short,answer_length
2026-02-11T00:30:39.594037Z,00-torque-specs-117,00-torque-specs-117-q10,What unit of measurement is used for all torque specifications on this page?,Nm (Newton meters),self_referential: on this page,self_referential
2026-02-11T00:30:39.594037Z,00-torque-specs-118,00-torque-specs-118-q01,What is the torque specification for the shift segment to shaft on A4S 310R/A4S 310R type transmissions?,22 Nm,answer_too_short,answer_length
2026-02-11T00:30:39.594037Z,00-torque-specs-118,00-torque-specs-118-q03,What is the torque value for the detent spring on shift unit component?,25 Nm,answer_too_short,answer_length
2026-02-11T00:30:39.594037Z,00-torque-specs-118,00-torque-specs-118-q05,What is the difference in torque specifications between the shift segment to shaft and the A5S 300J connection?,"The shift segment to shaft requires 22 Nm while the A5S 300J requires 35 Nm, a difference of 13 Nm",invalid_question_type: comparison,question_type
2026-02-11T00:30:39.594037Z,00-torque-specs-118,00-torque-specs-118-q08,What section number covers the Interior Shift Elements specifications?,24 52,answer_too_short,answer_length
2026-02-11T00:30:39.594037Z,00-torque-specs-118,00-torque-specs-118-q09,Which has the highest torque specification among the interior shift elements shown?,The A5S 300J with M14x1.5 screw at 35 Nm,invalid_question_type: comparison,question_type
2026-02-11T00:30:39.594037Z,00-torque-specs-118,00-torque-specs-118-q10,What is the main section number for Automatic Transmission specifications shown on this page?,24 - 16,answer_too_short,answer_length
2026-02-11T00:30:39.594037Z,00-torque-specs-118,00-torque-specs-118-q07,What component is referenced as 2AZ in the Interior Shift Elements section?,Detent spring on shift unit,question_similarity: 0.85 with 00-torque-specs-118-q06,question_diversity
2026-02-11T00:30:39.594037Z,00-torque-specs-119,00-torque-specs-119-q01,What is the torque specification for the cross member to body mounting bolts?,21 Nm,answer_too_short,answer_length
2026-02-11T00:30:39.594037Z,00-torque-specs-119,00-torque-specs-119-q02,What torque should I use for the rubber mounts to cross member or transmission?,21 Nm,answer_too_short,answer_length
2026-02-11T00:30:39.594037Z,00-torque-specs-119,00-torque-specs-119-q04,What is the torque specification for the support tube to engine subframe on the E36?,42 Nm,answer_too_short,answer_length
2026-02-11T00:30:39.594037Z,00-torque-specs-119,00-torque-specs-119-q05,What torque specification applies to the rubber mounts to carrier pipe?,21 Nm,answer_too_short,answer_length
2026-02-11T00:30:39.594037Z,00-torque-specs-119,00-torque-specs-119-q08,What is the torque specification for the carrier plate?,21 Nm,answer_too_short,answer_length
2026-02-11T00:30:39.594037Z,00-torque-specs-12-01,00-torque-specs-12-01-q01,What is the torque specification for M20 screws on the distributor?,22 Nm,answer_too_short,answer_length
2026-02-11T00:30:39.594037Z,00-torque-specs-12-01,00-torque-specs-12-01-q02,What torque should be applied to M10/M30 screws on the distributor?,10 Nm,answer_too_short,answer_length
2026-02-11T00:30:39.594037Z,00-torque-specs-12-01,00-torque-specs-12-01-q03,What is the torque specification for the distributor rotor to adapter with DME?,2.8 Nm,answer_too_short,answer_length
2026-02-11T00:30:39.594037Z,00-torque-specs-12-02,00-torque-specs-12-02-q01,What is the torque specification for M12x1.25 spark plugs?,23 ± 3 Nm,answer_too_short,answer_length
2026-02-11T00:30:39.594037Z,00-torque-specs-12-02,00-torque-specs-12-02-q02,What is the torque specification for M14x1.25 spark plugs?,30 ± 3 Nm,answer_too_short,answer_length
2026-02-11T00:30:39.594037Z,00-torque-specs-12-02,00-torque-specs-12-02-q03,What section number covers spark plugs in the Engine Electrical System?,12 12,answer_too_short,answer_length
2026-02-11T00:30:39.594037Z,00-torque-specs-12-02,00-torque-specs-12-02-q06,What condition are the spark plugs specified for in this table?,Ungreased,answer_too_short,answer_length
2026-02-11T00:30:39.594037Z,00-torque-specs-12-02,00-torque-specs-12-02-q10,What is the main section number for the Engine Electrical System?,12 - 2,answer_too_short,answer_length
2026-02-11T00:30:39.594037Z,00-torque-specs-12-05,00-torque-specs-12-05-q02,What screw type is used for the 80 A fuse on glow plug relay?,M41/M51,answer_too_short,answer_length
2026-02-11T00:30:39.594037Z,00-torque-specs-12-05,00-torque-specs-12-05-q04,What section number covers the preheating relay specifications?,12 21,answer_too_short,answer_length
2026-02-11T00:30:39.594037Z,00-torque-specs-12-05,00-torque-specs-12-05-q05,What type of screw is specified for both preheating relay connections?,M41/M51,answer_too_short,answer_length
2026-02-11T00:30:39.594037Z,00-torque-specs-12-05,00-torque-specs-12-05-q10,Which row contains the specification for the 80 A fuse on glow plug relay?,Row 2AZ,answer_too_short,answer_length
2026-02-11T00:30:39.594037Z,00-torque-specs-12-06,00-torque-specs-12-06-q01,What is the torque specification for the standard glow plug (1AZ)?,25 Nm,answer_too_short,answer_length
2026-02-11T00:30:39.594037Z,00-torque-specs-12-06,00-torque-specs-12-06-q02,What torque value should be used for the 4-inch glow plug (2AZ)?,20 Nm,answer_too_short,answer_length
2026-02-11T00:30:39.594037Z,00-torque-specs-12-08,00-torque-specs-12-08-q09,What units are used for the torque specifications on this page?,Nm (Newton-meters),self_referential: on this page,self_referential
2026-02-11T00:30:39.594037Z,00-torque-specs-12-09,00-torque-specs-12-09-q01,What is the torque specification for the starter mount?,50 Nm,answer_too_short,answer_length
2026-02-11T00:30:39.594037Z,00-torque-specs-12-09,00-torque-specs-12-09-q03,What is the torque specification for the support to crankcase?,47 Nm,answer_too_short,answer_length
2026-02-11T00:30:39.594037Z,00-torque-specs-12-10,00-torque-specs-12-10-q04,What is the type designation for the wiring harness on distributor component 2AZ?,E36 M41.,answer_too_short,answer_length
2026-02-11T00:30:39.594037Z,00-torque-specs-12-11,00-torque-specs-12-11-q05,What screw size is specified for the holder for modules?,M6 screw.,answer_too_short,answer_length
2026-02-11T00:30:39.594037Z,00-torque-specs-12-11,00-torque-specs-12-11-q07,What vehicle type applies to all the specifications in the plug connectors and terminals section?,Type E36.,answer_too_short,answer_length
2026-02-11T00:30:39.594037Z,00-torque-specs-12-12,00-torque-specs-12-12-q02,What screw size is used for the wiring harness connection on the distributor?,M8 screw.,answer_too_short,answer_length
2026-02-11T00:30:39.594037Z,00-torque-specs-12-12,00-torque-specs-12-12-q03,How much torque should be applied to the distributor wiring harness connection?,10 Nm.,answer_too_short,answer_length
2026-02-11T00:30:39.594037Z,00-torque-specs-12-12,00-torque-specs-12-12-q04,What is the part number for the electrical cutout device wiring harness?,M51/M41.,answer_too_short,answer_length
2026-02-11T00:30:39.594037Z,00-torque-specs-12-12,00-torque-specs-12-12-q05,What is the part number for the distributor wiring harness connection?,E36 M41.,answer_too_short,answer_length
2026-02-11T00:30:39.594037Z,00-torque-specs-12-13,00-torque-specs-12-13-q01,What is the torque specification for the oil pressure switch/oil temperature switch on S14/S50/S38 engines?,20 Nm,answer_too_short,answer_length
2026-02-11T00:30:39.594037Z,00-torque-specs-12-13,00-torque-specs-12-13-q02,What torque should be applied to the oil pressure switch on M60/M62/M73 engines?,27 Nm,answer_too_short,answer_length
2026-02-11T00:30:39.594037Z,00-torque-specs-12-13,00-torque-specs-12-13-q03,What is the torque specification for all other oil pressure switches not specifically listed?,35 Nm,answer_too_short,answer_length
2026-02-11T00:30:39.594037Z,00-torque-specs-12-14,00-torque-specs-12-14-q01,What is the torque specification for the temperature sensor to water flange with M21 thread?,18 Nm,answer_too_short,answer_length
2026-02-11T00:30:39.594037Z,00-torque-specs-12-14,00-torque-specs-12-14-q02,What torque should be used for the temperature sensor to water flange with M51 thread?,13 Nm,answer_too_short,answer_length
2026-02-11T00:30:39.594037Z,00-torque-specs-12-14,00-torque-specs-12-14-q04,How much torque is required for the coolant temperature sensor with 2-pin plug-in connection on S38/S50 engines?,13 Nm,answer_too_short,answer_length
2026-02-11T00:30:39.594037Z,00-torque-specs-12-14,00-torque-specs-12-14-q05,What torque specification applies to the coolant temperature sensor 2-pin plug-in connection for all other engines except S38/S50?,20 Nm,answer_too_short,answer_length
2026-02-11T00:30:39.594037Z,00-torque-specs-12-14,00-torque-specs-12-14-q07,How much torque is specified for the remote thermometer sensor on coolant flange for S50 engines?,18 Nm,answer_too_short,answer_length
2026-02-11T00:30:39.594037Z,00-torque-specs-12-14,00-torque-specs-12-14-q08,What torque should be applied to the air temperature sensor on S38/S50 engines?,13 Nm,answer_too_short,answer_length
2026-02-11T00:30:39.594037Z,00-torque-specs-12-14,00-torque-specs-12-14-q09,What is the torque specification for the oil temperature sensor on S38/S50 engines?,13 Nm,answer_too_short,answer_length
2026-02-11T00:30:39.594037Z,00-torque-specs-12-15,00-torque-specs-12-15-q01,What is the torque specification for the temperature switch for electronic box?,15 Nm,answer_too_short,answer_length
2026-02-11T00:30:39.594037Z,00-torque-specs-12-15,00-torque-specs-12-15-q07,What is the subcategory number for switches and relays in the engine electrical equipment section?,12 63,answer_too_short,answer_length
2026-02-11T00:30:39.594037Z,00-torque-specs-12-17,00-torque-specs-12-17-q05,Which control unit housing component requires the lowest torque specification?,The center section to body requires the lowest torque at 3 Nm (ft. lbs.),invalid_question_type: comparison,question_type
2026-02-11T00:30:39.594037Z,00-torque-specs-12-17,00-torque-specs-12-17-q09,Which components share the same torque specification of 5 Nm?,The assembly of upper and lower sections and the control unit holder in E box both require 5 Nm (ft. lbs.),invalid_question_type: comparison,question_type
2026-02-11T00:30:39.594037Z,00-torque-specs-121,00-torque-specs-121-q01,What is the torque specification for the Bowden cable on shift tower/transmission?,15 Nm,answer_too_short,answer_length
2026-02-11T00:30:39.594037Z,00-torque-specs-121,00-torque-specs-121-q02,How much torque should be applied to the clamping screw on the shift lever?,10 Nm,answer_too_short,answer_length
2026-02-11T00:30:39.594037Z,00-torque-specs-121,00-torque-specs-121-q04,What is the torque specification for the switch to shift console connection?,4.5 Nm,answer_too_short,answer_length
2026-02-11T00:30:39.594037Z,00-torque-specs-121,00-torque-specs-121-q10,What is the reference number for this shift console section in the manual?,25 16,answer_too_short,answer_length
2026-02-11T00:30:39.594037Z,00-torque-specs-122,00-torque-specs-122-q02,What torque value should be used for M14 screws on E31/E38/E39 models in the propeller shaft assembly?,140 Nm.,answer_too_short,answer_length
2026-02-11T00:30:39.594037Z,00-torque-specs-122,00-torque-specs-122-q03,How does the torque specification differ between E32/E34/E36/E39 models and M3/M5 models for M12 10.9 screws?,"E32/E34/E36/E38/E39 models require 100 Nm, while M3/M5 models require 115 Nm for M12 10.9 screws.",invalid_question_type: comparison,question_type
2026-02-11T00:30:39.594037Z,00-torque-specs-122,00-torque-specs-122-q07,What torque value is specified for the clamping ring slide installation on all BMW models?,10 Nm.,answer_too_short,answer_length
2026-02-11T00:30:39.594037Z,00-torque-specs-122,00-torque-specs-122-q08,What is the specific torque requirement for the clamping ring on E30 Four Wheel Drive models?,22 Nm.,answer_too_short,answer_length
2026-02-11T00:30:39.594037Z,00-torque-specs-122,00-torque-specs-122-q06,What is the torque specification for the aluminum propeller shaft flexible disk connection to the transmission on E39 models?,M12 10.9 screw with 90 Nm torque.,question_similarity: 0.94 with 00-torque-specs-122-q04,question_diversity
2026-02-11T00:30:39.594037Z,00-torque-specs-123,00-torque-specs-123-q05,What is the torque specification for the center mount to body?,21 Nm.,answer_too_short,answer_length
2026-02-11T00:30:39.594037Z,00-torque-specs-123,00-torque-specs-123-q06,What torque is specified for the pivot to center propeller shaft journal with Loctite?,97 Nm.,answer_too_short,answer_length
2026-02-11T00:30:39.594037Z,00-torque-specs-124,00-torque-specs-124-q07,Which transfer box connection requires the highest torque specification?,The output flange collar nut requires the highest torque at 110 Nm.,invalid_question_type: comparison,question_type
2026-02-11T00:30:39.594037Z,00-torque-specs-124,00-torque-specs-124-q08,Do the case bolts and electromagnetic clutch to case bolts have the same torque specification?,"Yes, both require 25 Nm using M8 screws.",invalid_question_type: comparison,question_type
2026-02-11T00:30:39.594037Z,00-torque-specs-124,00-torque-specs-124-q10,What is the difference in torque specification between manual and automatic transmission transfer box connections?,"Manual transmission uses M10 screws at 42 Nm, while automatic transmission uses M8 screws at 23 Nm.",invalid_question_type: comparison,question_type
2026-02-11T00:30:39.594037Z,00-torque-specs-125,00-torque-specs-125-q01,What is the torque specification for the 7AZ plug with M24x1.5 threads?,33 Nm,answer_too_short,answer_length
2026-02-11T00:30:39.594037Z,00-torque-specs-125,00-torque-specs-125-q02,What torque value should be used for M14 x 1.5 screws on the transfer box plug?,33 Nm,answer_too_short,answer_length
2026-02-11T00:30:39.594037Z,00-torque-specs-125,00-torque-specs-125-q03,What is the torque specification for M18x1.5 screws on the transfer box plug?,23 Nm,answer_too_short,answer_length
2026-02-11T00:30:39.594037Z,00-torque-specs-125,00-torque-specs-125-q04,How much torque should be applied to the transmission cross member to rubber mounts bolts?,80 Nm,answer_too_short,answer_length
2026-02-11T00:30:39.594037Z,00-torque-specs-125,00-torque-specs-125-q05,What is the torque specification for the transmission cross member to body bolts?,24 Nm,answer_too_short,answer_length
2026-02-11T00:30:39.594037Z,00-torque-specs-126,00-torque-specs-126-q08,What section number covers the General Electrical system?,61 - 1,answer_too_short,answer_length
2026-02-11T00:30:39.594037Z,00-torque-specs-126,00-torque-specs-126-q09,What subsection number covers Plug Connections?,61 13,answer_too_short,answer_length
2026-02-11T00:30:39.594037Z,00-torque-specs-127,00-torque-specs-127-q01,What is the torque specification for the 1AZ temperature switch at 91°C?,14 Nm,answer_too_short,answer_length
2026-02-11T00:30:39.594037Z,00-torque-specs-127,00-torque-specs-127-q02,What is the torque specification for the 1AZ temperature switch at 99°C?,14 Nm,answer_too_short,answer_length
2026-02-11T00:30:39.594037Z,00-torque-specs-127,00-torque-specs-127-q03,What torque should be applied to the 2AZ oil pressure switch for M10/M40/M42/M21/M51/M20/M30/M50/M60/1/M60/2/M70/S70 engines?,40 Nm,answer_too_short,answer_length
2026-02-11T00:30:39.594037Z,00-torque-specs-127,00-torque-specs-127-q04,What is the torque specification for the 2AZ oil pressure switch on S14/S50/S38/M43 engines?,20 Nm,answer_too_short,answer_length
2026-02-11T00:30:39.594037Z,00-torque-specs-127,00-torque-specs-127-q05,What torque should be used for the 3AZ reversing light switch?,20 Nm,answer_too_short,answer_length
2026-02-11T00:30:39.594037Z,00-torque-specs-127,00-torque-specs-127-q07,What torque should be applied to the 5AZ transmission switch on the shift block?,4.5 Nm,answer_too_short,answer_length
2026-02-11T00:30:39.594037Z,00-torque-specs-127,00-torque-specs-127-q10,Which switch has the lowest torque specification on this page?,The 4AZ light switch on instrument panel for E36/E38 models with 2 Nm,self_referential: on this page,self_referential
2026-02-11T00:30:39.594037Z,00-torque-specs-128,00-torque-specs-128-q09,What unit of measurement is used for all torque specifications on this page?,Nm (Newton meters),self_referential: on this page,self_referential
2026-02-11T00:30:39.594037Z,00-torque-specs-13-01,00-torque-specs-13-01-q01,What is the torque specification for connecting the carburetor to the intake manifold?,10 Nm,answer_too_short,answer_length
2026-02-11T00:30:39.594037Z,00-torque-specs-13-01,00-torque-specs-13-01-q04,How much torque should be applied to the flow valve?,28 Nm,answer_too_short,answer_length
2026-02-11T00:30:39.594037Z,00-torque-specs-13-01,00-torque-specs-13-01-q08,How much torque should be applied to the warm-up regulator to engine connection?,23 Nm,answer_too_short,answer_length
2026-02-11T00:30:39.594037Z,00-torque-specs-13-02,00-torque-specs-13-02-q01,What is the torque specification for the fuel pump to engine connection?,12 Nm,answer_too_short,answer_length
2026-02-11T00:30:39.594037Z,00-torque-specs-13-02,00-torque-specs-13-02-q05,How much torque should be applied to the M12 fuel pipe coupling bolt?,20 Nm,answer_too_short,answer_length
2026-02-11T00:30:39.594037Z,00-torque-specs-13-02,00-torque-specs-13-02-q06,What is the torque specification for the fuel pipe to pressure regulator connection?,30 Nm,answer_too_short,answer_length
2026-02-11T00:30:39.594037Z,00-torque-specs-13-02,00-torque-specs-13-02-q07,What torque value is required for the return pipe connector to pressure regulator?,27 Nm,answer_too_short,answer_length
2026-02-11T00:30:39.594037Z,00-torque-specs-13-02,00-torque-specs-13-02-q09,Which models use the M12 fuel pipe coupling bolt specification?,All with K-Jetr.,question_similarity: 0.82 with 00-torque-specs-13-02-q08,question_diversity
2026-02-11T00:30:39.594037Z,00-torque-specs-13-03,00-torque-specs-13-03-q08,Which fuel filter component requires the highest torque specification?,The fuel filter to holder connection requires the highest torque at 22 Nm.,question_similarity: 0.80 with 00-torque-specs-13-03-q07,question_diversity
2026-02-11T00:30:39.594037Z,00-torque-specs-13-04,00-torque-specs-13-04-q01,What is the torque specification for the plug for high pressure section of injection pump?,25 Nm,answer_too_short,answer_length
2026-02-11T00:30:39.594037Z,00-torque-specs-13-04,00-torque-specs-13-04-q03,What is the torque value for the electric shutoff to injection pump?,20 ± 5 Nm,answer_too_short,answer_length
2026-02-11T00:30:39.594037Z,00-torque-specs-13-04,00-torque-specs-13-04-q05,What is the torque specification for the electric cold start valve to injection pump?,20 Nm,answer_too_short,answer_length
2026-02-11T00:30:39.594037Z,00-torque-specs-13-04,00-torque-specs-13-04-q07,What is the torque value for the expansion element housing to injection pump?,18 Nm,answer_too_short,answer_length
2026-02-11T00:30:39.594037Z,00-torque-specs-13-04,00-torque-specs-13-04-q10,What torque specification is used for the coupling bolt (OUT) to injection pump fuel return?,25 Nm,answer_too_short,answer_length
2026-02-11T00:30:39.594037Z,00-torque-specs-13-05,00-torque-specs-13-05-q01,What is the torque specification for the chain sprocket to injection pump?,47 Nm,answer_too_short,answer_length
2026-02-11T00:30:39.594037Z,00-torque-specs-13-05,00-torque-specs-13-05-q02,What screw type is used for the toothed belt pulley to injection pump?,M51/M41,answer_too_short,answer_length
2026-02-11T00:30:39.594037Z,00-torque-specs-13-05,00-torque-specs-13-05-q03,How much torque should be applied to the chain tensioner?,15 Nm,answer_too_short,answer_length
2026-02-11T00:30:39.594037Z,00-torque-specs-13-05,00-torque-specs-13-05-q04,What is the torque specification for the toothed belt pulley to injection pump?,50 Nm,answer_too_short,answer_length
2026-02-11T00:30:39.594037Z,00-torque-specs-13-05,00-torque-specs-13-05-q08,What screw type is used for the chain tensioner?,M51/M41,answer_too_short,answer_length
2026-02-11T00:30:39.594037Z,00-torque-specs-13-05,00-torque-specs-13-05-q09,What section number covers the injection pump drive specifications?,13.52,answer_too_short,answer_length
2026-02-11T00:30:39.594037Z,00-torque-specs-13-06,00-torque-specs-13-06-q03,What are the two different torque specifications listed for the injection nozzle combination to cylinder head?,40 Nm for M21 screws and 65 Nm for M51/M41 screws.,invalid_question_type: comparison,question_type
2026-02-11T00:30:39.594037Z,00-torque-specs-13-06,00-torque-specs-13-06-q06,Which component has the highest torque specification in the fuel injection nozzles and pipes section?,The injection nozzle combination assembly at 80 Nm.,invalid_question_type: comparison,question_type
2026-02-11T00:30:39.594037Z,00-torque-specs-13-06,00-torque-specs-13-06-q09,How many different torque specifications are listed for fuel injection components on this page?,"Five different torque specifications: 80 Nm, 40 Nm, 65 Nm, 20 Nm (twice for different applications).",self_referential: on this page,self_referential
2026-02-11T00:30:39.594037Z,00-torque-specs-13-06,00-torque-specs-13-06-q10,What is the unit of measurement used for all torque specifications on this page?,Nm (Newton meters).,self_referential: on this page,self_referential
2026-02-11T00:30:39.594037Z,00-torque-specs-13-07,00-torque-specs-13-07-q08,Which sensor requires the lowest torque specification?,The air-mass sensor on lower section of air filter housing (7AZ) requires only 3.5 Nm.,invalid_question_type: comparison,question_type
2026-02-11T00:30:39.594037Z,00-torque-specs-13-07,00-torque-specs-13-07-q09,Which sensor requires the highest torque specification?,The temperature switch (3AZ) requires the highest torque at 28 Nm.,invalid_question_type: comparison,question_type
2026-02-11T00:30:39.594037Z,00-torque-specs-13-07,00-torque-specs-13-07-q10,What are the different torque values specified for the coolant temperature sensor depending on screw type?,"18 Nm for M60/1/M60/2/M21/M51 type screws, and 13 Nm for all other types.",invalid_question_type: comparison,question_type
2026-02-11T00:30:39.594037Z,00-torque-specs-13-08,00-torque-specs-13-08-q02,What torque should be applied to the coupling nut on fuel injector?,25 Nm.,answer_too_short,answer_length
2026-02-11T00:30:39.594037Z,00-torque-specs-13-08,00-torque-specs-13-08-q04,What type of screw is used for the fuel injector to intake manifold connection?,M6 screw.,answer_too_short,answer_length
2026-02-11T00:30:39.594037Z,00-torque-specs-13-08,00-torque-specs-13-08-q08,What subsection number covers fuel injectors in this manual?,13 64.,answer_too_short,answer_length
2026-02-11T00:30:39.594037Z,00-torque-specs-13-08,00-torque-specs-13-08-q09,How many different fuel injector torque specifications are listed on this page?,Two specifications are listed: fuel injector to intake manifold and coupling nut on fuel injector.,self_referential: on this page,self_referential
2026-02-11T00:30:39.594037Z,00-torque-specs-13-08,00-torque-specs-13-08-q10,What unit of measurement is used for all the torque specifications on this page?,Nm (Newton meters).,self_referential: on this page,self_referential
2026-02-11T00:30:39.594037Z,00-torque-specs-13-09,00-torque-specs-13-09-q03,What is the component type designation for the air intake silencer on cylinder head cover?,M41/M51,answer_too_short,answer_length
2026-02-11T00:30:39.594037Z,00-torque-specs-13-09,00-torque-specs-13-09-q05,What is the item number for the air intake silencer?,13 71,answer_too_short,answer_length
2026-02-11T00:30:39.594037Z,00-torque-specs-13-09,00-torque-specs-13-09-q09,How many air intake silencer components are specified on this page?,One component - the air intake silencer on cylinder head cover,self_referential: on this page,self_referential
2026-02-11T00:30:39.594037Z,00-torque-specs-13-10,00-torque-specs-13-10-q02,What type of screw is specified for the low-pressure regulator screw plug?,316g/518g,answer_too_short,answer_length
2026-02-11T00:30:39.594037Z,00-torque-specs-13-10,00-torque-specs-13-10-q06,What unit of measurement is used for the torque specification on this page?,Nm (Newton meters),self_referential: on this page,self_referential
2026-02-11T00:30:39.594037Z,00-torque-specs-13-10,00-torque-specs-13-10-q07,How many different torque specifications are listed on this page?,One torque specification is listed on this page,self_referential: on this page,self_referential
2026-02-11T00:30:39.594037Z,00-torque-specs-13-10,00-torque-specs-13-10-q10,What date is shown on this manual page?,20/10/97,answer_too_short,answer_length
2026-02-11T00:30:39.594037Z,00-torque-specs-13-11,00-torque-specs-13-11-q01,What is the torque specification for the air intake line on the low-pressure unit?,22 Nm,answer_too_short,answer_length
2026-02-11T00:30:39.594037Z,00-torque-specs-13-11,00-torque-specs-13-11-q03,What is the part number or type specification for the air intake line on low-pressure unit?,316g/518g,answer_too_short,answer_length
2026-02-11T00:30:39.594037Z,00-torque-specs-13-11,00-torque-specs-13-11-q06,What unit of measurement is used for the torque specification on this page?,Nm (Newton meters),self_referential: on this page,self_referential
2026-02-11T00:30:39.594037Z,00-torque-specs-13-12,00-torque-specs-13-12-q01,What is the torque specification for the MAP sensor on holder?,3.5 Nm,answer_too_short,answer_length
2026-02-11T00:30:39.594037Z,00-torque-specs-13-12,00-torque-specs-13-12-q07,What type of fuel system component requires 3.5 Nm torque?,MAP sensor on holder,invalid_question_type: application,question_type
2026-02-11T00:30:39.594037Z,00-torque-specs-13-12,00-torque-specs-13-12-q09,What date is shown on this service manual page?,20/10/97,answer_too_short,answer_length
2026-02-11T00:30:39.594037Z,00-torque-specs-13-13,00-torque-specs-13-13-q01,What is the torque specification for the support frame on body in the gas tank with attachment section?,45 Nm,answer_too_short,answer_length
2026-02-11T00:30:39.594037Z,00-torque-specs-13-13,00-torque-specs-13-13-q02,What torque value should be used when installing the gas density sensor on non-return cock of gas tank?,35 Nm,answer_too_short,answer_length
2026-02-11T00:30:39.594037Z,00-torque-specs-13-13,00-torque-specs-13-13-q06,What screw type is used for both the support frame on body and gas density sensor on non-return cock?,316g/518g,answer_too_short,answer_length
2026-02-11T00:30:39.594037Z,00-torque-specs-131,00-torque-specs-131-q04,What is the torque specification for the M6 screw on the E36 comp/touring?,10 Nm,answer_too_short,answer_length
2026-02-11T00:30:39.594037Z,00-torque-specs-131,00-torque-specs-131-q05,What torque is required for the wiper motor to console connection?,13 Nm,answer_too_short,answer_length
2026-02-11T00:30:39.594037Z,00-torque-specs-131,00-torque-specs-131-q06,What is the torque specification for the motor crank to wiper motor?,13 Nm,answer_too_short,answer_length
2026-02-11T00:30:39.594037Z,00-torque-specs-131,00-torque-specs-131-q07,What torque should be applied to the wiper arm to wiper shaft connection?,13 Nm,answer_too_short,answer_length
2026-02-11T00:30:39.594037Z,00-torque-specs-131,00-torque-specs-131-q08,What is the torque specification for the spray nozzle to tailgate?,10 Nm,answer_too_short,answer_length
2026-02-11T00:30:39.594037Z,00-torque-specs-132,00-torque-specs-132-q02,What torque should be applied when connecting the bracket to body on headlight cleaners?,15 Nm,answer_too_short,answer_length
2026-02-11T00:30:39.594037Z,00-torque-specs-132,00-torque-specs-132-q07,What component reference number is given for headlight cleaners?,61 67,answer_too_short,answer_length
2026-02-11T00:30:39.594037Z,00-torque-specs-133,00-torque-specs-133-q06,What is the minimum torque value for speedometer sender screws?,6.6 Nm,answer_too_short,answer_length
2026-02-11T00:30:39.594037Z,00-torque-specs-133,00-torque-specs-133-q07,What is the maximum torque value for speedometer sender screws?,8.4 Nm,answer_too_short,answer_length
2026-02-11T00:30:39.594037Z,00-torque-specs-133,00-torque-specs-133-q10,What date was this torque specification document created?,20/10/97,answer_too_short,answer_length
2026-02-11T00:30:39.594037Z,00-torque-specs-133,00-torque-specs-133-q08,What is the torque range specification for speedometer sender screws?,The torque range is 6.6 to 8.4 Nm,question_similarity: 0.90 with 00-torque-specs-133-q01,question_diversity
2026-02-11T00:30:39.594037Z,00-torque-specs-134,00-torque-specs-134-q01,What is the torque specification for M10 8.8 hitch bolts?,42 Nm,answer_too_short,answer_length
2026-02-11T00:30:39.594037Z,00-torque-specs-134,00-torque-specs-134-q02,What torque should be applied to M10 10.9 axial strut bolts?,59 Nm,answer_too_short,answer_length
2026-02-11T00:30:39.594037Z,00-torque-specs-134,00-torque-specs-134-q03,What is the torque specification for the M40 slotted nut on the take-up pipe to hitch?,220 Nm,answer_too_short,answer_length
2026-02-11T00:30:39.594037Z,00-torque-specs-134,00-torque-specs-134-q10,What section number covers trailer hitch specifications?,71 60,answer_too_short,answer_length
2026-02-11T00:30:39.594037Z,00-torque-specs-135,00-torque-specs-135-q01,What is the torque specification for the safety belt on the B-pillar?,31 Nm,answer_too_short,answer_length
2026-02-11T00:30:39.594037Z,00-torque-specs-135,00-torque-specs-135-q02,What torque should be applied to safety belt mounting bolts on the body (except B-pillar)?,48 Nm,answer_too_short,answer_length
2026-02-11T00:30:39.594037Z,00-torque-specs-135,00-torque-specs-135-q03,What is the torque specification for screws used in seatbelt height adjustment on the body?,24 Nm,answer_too_short,answer_length
2026-02-11T00:30:39.594037Z,00-torque-specs-135,00-torque-specs-135-q05,What torque value is specified for the seat belt to seat connection on E31 models?,47 Nm,answer_too_short,answer_length
2026-02-11T00:30:39.594037Z,00-torque-specs-135,00-torque-specs-135-q07,What torque specification applies to the headrest to backrest connection?,24 Nm,answer_too_short,answer_length
2026-02-11T00:30:39.594037Z,00-torque-specs-135,00-torque-specs-135-q08,Which vehicle type uses the tension relief between roller blind mount and backrest lock mount specification?,E39/2,answer_too_short,answer_length
2026-02-11T00:30:39.594037Z,00-torque-specs-135,00-torque-specs-135-q09,What is the torque specification for safety belt with belt height adjustment?,31 Nm,answer_too_short,answer_length
2026-02-11T00:30:39.594037Z,00-torque-specs-135,00-torque-specs-135-q10,What torque value is specified for the seat belt to backrest connection on E31 models?,24 Nm,answer_too_short,answer_length
2026-02-11T00:30:39.594037Z,00-torque-specs-136,00-torque-specs-136-q01,What is the torque specification for the airbag module on doors?,11 Nm,answer_too_short,answer_length
2026-02-11T00:30:39.594037Z,00-torque-specs-136,00-torque-specs-136-q04,What is the torque specification for the ITS head airbag on body?,11 Nm,answer_too_short,answer_length
2026-02-11T00:30:39.594037Z,00-torque-specs-136,00-torque-specs-136-q09,What vehicle type is specified for the additional steel bracket for ITS head airbag on body?,E38 L7,answer_too_short,answer_length
2026-02-11T00:30:39.594037Z,00-torque-specs-16-02,00-torque-specs-16-02-q01,What is the torque specification for the pump assembly to metal-bonded mount?,6.5 Nm,answer_too_short,answer_length
2026-02-11T00:30:39.594037Z,00-torque-specs-16-02,00-torque-specs-16-02-q02,What torque should be applied to the holder to fuel pump or fuel reservoir?,6.5 Nm,answer_too_short,answer_length
2026-02-11T00:30:39.594037Z,00-torque-specs-16-02,00-torque-specs-16-02-q03,What is the torque specification for electric connections on fuel pump using M4 screws?,1.2 Nm,answer_too_short,answer_length
2026-02-11T00:30:39.594037Z,00-torque-specs-16-02,00-torque-specs-16-02-q04,What torque value is specified for M5 electric connections on the fuel pump?,1.6 Nm,answer_too_short,answer_length
2026-02-11T00:30:39.594037Z,00-torque-specs-16-03,00-torque-specs-16-03-q08,What subsection number covers Fuel Vapor Venting specifications?,16 13,answer_too_short,answer_length
2026-02-11T00:30:39.594037Z,00-torque-specs-16-03,00-torque-specs-16-03-q05,Which BMW model has the lowest torque specification for the fuel vapor venting tank to body connection?,E24 model with 3 Nm (ft. lbs.),question_similarity: 0.88 with 00-torque-specs-16-03-q04,question_diversity
2026-02-11T00:30:39.594037Z,00-torque-specs-16-04,00-torque-specs-16-04-q03,What is the torque specification for the plastic sealing ring that is 26.5 mm high?,40 Nm,answer_too_short,answer_length
2026-02-11T00:30:39.594037Z,00-torque-specs-16-04,00-torque-specs-16-04-q05,What torque value follows the torque angle specification?,55 Nm,answer_too_short,answer_length
2026-02-11T00:30:39.594037Z,00-torque-specs-16-04,00-torque-specs-16-04-q06,What is the torque specification for the metal sealing ring (E39)?,35 Nm,answer_too_short,answer_length
2026-02-11T00:30:39.594037Z,00-torque-specs-16-04,00-torque-specs-16-04-q07,What torque should be applied to the intank pump with fill level sensor nuts when tightening crosswise?,6.5 Nm,answer_too_short,answer_length
2026-02-11T00:30:39.594037Z,00-torque-specs-17-01,00-torque-specs-17-01-q01,What is the torque specification for coolant hoses with 32 to 48 mm diameter?,2.5 Nm,answer_too_short,answer_length
2026-02-11T00:30:39.594037Z,00-torque-specs-17-02,00-torque-specs-17-02-q02,What torque should be applied to the M6 screws when mounting the radiator to the body?,10 Nm,answer_too_short,answer_length
2026-02-11T00:30:39.594037Z,00-torque-specs-17-02,00-torque-specs-17-02-q03,What is the torque specification for the drain plug on the radiator?,2.5 Nm,answer_too_short,answer_length
2026-02-11T00:30:39.594037Z,00-torque-specs-17-02,00-torque-specs-17-02-q04,How much torque is required for the temperature switch to radiator connection?,15 Nm,answer_too_short,answer_length
2026-02-11T00:30:39.594037Z,00-torque-specs-17-02,00-torque-specs-17-02-q07,Which component has the highest torque specification in the radiator mounting section?,The temperature switch to radiator at 15 Nm,invalid_question_type: comparison,question_type
2026-02-11T00:30:39.594037Z,00-torque-specs-17-02,00-torque-specs-17-02-q09,What is the lowest torque specification listed for radiator components?,2.5 Nm for the drain plug on radiator,invalid_question_type: comparison,question_type
2026-02-11T00:30:39.594037Z,00-torque-specs-17-02,00-torque-specs-17-02-q10,Which two components share the same 9 Nm torque specification?,The radiator to body self-tapping screw (B6.3) and the expansion tank to body both require 9 Nm,invalid_question_type: comparison,question_type
2026-02-11T00:30:39.594037Z,00-torque-specs-17-04,00-torque-specs-17-04-q01,What is the torque specification for pipes to engine oil cooler?,28 Nm,answer_too_short,answer_length
2026-02-11T00:30:39.594037Z,00-torque-specs-17-04,00-torque-specs-17-04-q02,What torque should be applied to the pipes to oil filter head?,25 Nm,answer_too_short,answer_length
2026-02-11T00:30:39.594037Z,00-torque-specs-17-04,00-torque-specs-17-04-q04,What torque value is required for the holder for oil cooler pipes to alternator?,10 Nm,answer_too_short,answer_length
2026-02-11T00:30:39.594037Z,00-torque-specs-17-04,00-torque-specs-17-04-q08,What vehicle type specification applies to the pipes to oil filter head?,E36 M3,answer_too_short,answer_length
2026-02-11T00:30:39.594037Z,00-torque-specs-17-05,00-torque-specs-17-05-q04,How much torque should I apply to oil lines on transmission oil cooler for A5S 300J?,28 Nm.,answer_too_short,answer_length
2026-02-11T00:30:39.594037Z,00-torque-specs-17-05,00-torque-specs-17-05-q07,What is the torque specification for oil hose on oil pipe for E23?,28 Nm.,answer_too_short,answer_length
2026-02-11T00:30:39.594037Z,00-torque-specs-17-05,00-torque-specs-17-05-q08,How much torque should I use for the oil pipe bracket on radiator for E23?,2 Nm.,answer_too_short,answer_length
2026-02-11T00:30:39.594037Z,00-torque-specs-17-05,00-torque-specs-17-05-q09,What is the torque specification for oil pipe bracket on body for E23?,6.5 Nm.,answer_too_short,answer_length
2026-02-11T00:30:39.594037Z,00-torque-specs-17-05,00-torque-specs-17-05-q10,What torque should be applied to oil cooler on transmission for 5HP30?,10 Nm.,answer_too_short,answer_length
2026-02-11T00:30:39.594037Z,00-torque-specs-18-01,00-torque-specs-18-01-q02,What is the preload specification for compression springs with nuts on M51 connections?,27 ± 1 mm,answer_too_short,answer_length
2026-02-11T00:30:39.594037Z,00-torque-specs-21-01,00-torque-specs-21-01-q01,What is the torque specification for M8 screws when attaching the clutch housing to crankcase?,27 Nm,answer_too_short,answer_length
2026-02-11T00:30:39.594037Z,00-torque-specs-21-01,00-torque-specs-21-01-q02,What torque value should I use for M10 bolts on the clutch housing to crankcase connection?,51 Nm,answer_too_short,answer_length
2026-02-11T00:30:39.594037Z,00-torque-specs-21-01,00-torque-specs-21-01-q03,What is the specified torque for M12 fasteners connecting the clutch housing to crankcase?,86 Nm,answer_too_short,answer_length
2026-02-11T00:30:39.594037Z,00-torque-specs-21-02,00-torque-specs-21-02-q01,What is the torque specification for the M8 8.8 bolt on the clutch to flywheel?,24 Nm,answer_too_short,answer_length
2026-02-11T00:30:39.594037Z,00-torque-specs-21-02,00-torque-specs-21-02-q02,What torque should be applied to the M8 10.9 bolts for the clutch disc and drive plate?,34 Nm,answer_too_short,answer_length
2026-02-11T00:30:39.594037Z,00-torque-specs-21-03,00-torque-specs-21-03-q01,What is the torque specification for coupling bolts for hydraulic pipes in the clutch operation system?,17 Nm,answer_too_short,answer_length
2026-02-11T00:30:39.594037Z,00-torque-specs-21-03,00-torque-specs-21-03-q02,What torque should be applied when installing the master cylinder to console?,22 Nm,answer_too_short,answer_length
2026-02-11T00:30:39.594037Z,00-torque-specs-21-03,00-torque-specs-21-03-q03,What is the specified torque for the master cylinder setscrew?,22 Nm,answer_too_short,answer_length
2026-02-11T00:30:39.594037Z,00-torque-specs-21-03,00-torque-specs-21-03-q04,How much torque should be applied to the master cylinder to pedal assembly connection?,10 Nm,answer_too_short,answer_length
2026-02-11T00:30:39.594037Z,00-torque-specs-21-03,00-torque-specs-21-03-q05,What is the torque specification for connecting the slave cylinder to clutch housing or transmission case?,22 Nm,answer_too_short,answer_length
2026-02-11T00:30:39.594037Z,00-torque-specs-23-01,00-torque-specs-23-01-q01,What is the torque specification for M8 hex screws when attaching the transmission to engine?,25 Nm,answer_too_short,answer_length
2026-02-11T00:30:39.594037Z,00-torque-specs-23-01,00-torque-specs-23-01-q02,What torque should I use for M10 hex screws in the transmission to engine connection?,48 Nm,answer_too_short,answer_length
2026-02-11T00:30:39.594037Z,00-torque-specs-23-01,00-torque-specs-23-01-q03,What is the torque specification for the largest hex screws (M12) used in transmission to engine mounting?,74 Nm,answer_too_short,answer_length
2026-02-11T00:30:39.594037Z,00-torque-specs-23-01,00-torque-specs-23-01-q04,What torque should M8 Torx bolts be tightened to for transmission mounting?,22 Nm,answer_too_short,answer_length
2026-02-11T00:30:39.594037Z,00-torque-specs-23-01,00-torque-specs-23-01-q05,What is the torque specification for M10 Torx bolts in the transmission assembly?,43 Nm,answer_too_short,answer_length
2026-02-11T00:30:39.594037Z,00-torque-specs-23-01,00-torque-specs-23-01-q06,What torque should I apply to M12 Torx bolts in the transmission?,72 Nm,answer_too_short,answer_length
2026-02-11T00:30:39.594037Z,00-torque-specs-23-01,00-torque-specs-23-01-q10,Do hex screws or Torx bolts generally require higher torque values for the same thread size in transmission mounting?,Hex screws generally require higher torque values than Torx bolts for the same thread size,generic_answer: generally,generic_answer
2026-02-11T00:30:39.594037Z,00-torque-specs-23-02,00-torque-specs-23-02-q03,What is the torque value for the oil drain plug/filler plug on all transmission types?,50 Nm.,answer_too_short,answer_length
2026-02-11T00:30:39.594037Z,00-torque-specs-23-02,00-torque-specs-23-02-q04,Is there a different torque specification for the oil drain plug on S 6 S 560 G transmissions?,"Yes, the S 6 S 560 G transmission has a torque specification of 52 Nm for the oil drain plug.",invalid_question_type: comparison,question_type
2026-02-11T00:30:39.594037Z,00-torque-specs-23-02,00-torque-specs-23-02-q05,Which transmission assembly component requires the highest torque specification?,The transmission to clutch housing connection requires the highest torque at 76 Nm.,invalid_question_type: comparison,question_type
2026-02-11T00:30:39.594037Z,00-torque-specs-23-02,00-torque-specs-23-02-q10,What is the lowest torque specification shown in this transmission assembly table?,23 Nm for the reinforcement plate to transmission connection using M8 screws.,invalid_question_type: comparison,question_type
2026-02-11T00:30:39.594037Z,00-torque-specs-23-03,00-torque-specs-23-03-q01,What is the torque specification for transmission case rear/front sections?,22 Nm,answer_too_short,answer_length
2026-02-11T00:30:39.594037Z,00-torque-specs-23-03,00-torque-specs-23-03-q02,What screw size is used for the cover with guide tube/transmission case?,M8x22,answer_too_short,answer_length
2026-02-11T00:30:39.594037Z,00-torque-specs-23-03,00-torque-specs-23-03-q03,What is the torque value for the cover with guide tube/transmission case bolts?,18 Nm,answer_too_short,answer_length
2026-02-11T00:30:39.594037Z,00-torque-specs-23-03,00-torque-specs-23-03-q06,What is the torque specification for M6 screws in this transmission section?,10 Nm,answer_too_short,answer_length
2026-02-11T00:30:39.594037Z,00-torque-specs-23-03,00-torque-specs-23-03-q07,What torque value should be applied to the bearing cap/sealing flange?,10.5 Nm,answer_too_short,answer_length
2026-02-11T00:30:39.594037Z,00-torque-specs-23-03,00-torque-specs-23-03-q08,What is the torque specification for the retaining plate for reverse gear shaft on intermediate housing?,25 Nm,answer_too_short,answer_length
2026-02-11T00:30:39.594037Z,00-torque-specs-23-03,00-torque-specs-23-03-q10,What section and subsection number covers the case and covers specifications shown on this page?,"Section 23-3 Manual transmission, subsection 23.11 Case and Covers",self_referential: on this page,self_referential
2026-02-11T00:30:39.594037Z,00-torque-specs-23-04,00-torque-specs-23-04-q03,What is the torque specification for M10 screws on all transmission types for the reverse gear shaft to case?,45 Nm.,answer_too_short,answer_length
2026-02-11T00:30:39.594037Z,00-torque-specs-23-07,00-torque-specs-23-07-q01,What is the initial torque specification for the output flange collar nut installed with bolt cement?,190 Nm,answer_too_short,answer_length
2026-02-11T00:30:39.594037Z,00-torque-specs-23-07,00-torque-specs-23-07-q02,What is the final torque specification for the output flange collar nut after loosening?,120 Nm,answer_too_short,answer_length
2026-02-11T00:30:39.594037Z,00-torque-specs-23-07,00-torque-specs-23-07-q04,What torque specification is required for the gear wheel to layshaft bolts?,60 Nm,answer_too_short,answer_length
2026-02-11T00:30:39.594037Z,00-torque-specs-23-07,00-torque-specs-23-07-q05,What transmission type uses the gear wheel to layshaft specification shown?,265 Sport,answer_too_short,answer_length
2026-02-11T00:30:39.594037Z,00-torque-specs-23-07,00-torque-specs-23-07-q08,What procedure is performed between initial and final torque on the output flange?,Loosen,answer_too_short,answer_length
2026-02-11T00:30:39.594037Z,00-torque-specs-23-08,00-torque-specs-23-08-q01,What is the torque specification for the shift arms to transmission case?,45 Nm,answer_too_short,answer_length
2026-02-11T00:30:39.594037Z,00-torque-specs-23-08,00-torque-specs-23-08-q07,How many interior shift component specifications are shown on this page?,One specification is shown,self_referential: on this page,self_referential
2026-02-11T00:30:39.594037Z,00-torque-specs-23-08,00-torque-specs-23-08-q08,What component requires a torque of 45 Nm during installation?,Shift arms to transmission case,invalid_question_type: application,question_type
2026-02-11T00:30:39.594037Z,00-torque-specs-23-08,00-torque-specs-23-08-q10,What date is shown on this service manual page?,20/10/97,answer_too_short,answer_length
2026-02-11T00:30:39.594037Z,00-torque-specs-24-01,00-torque-specs-24-01-q08,Which fasteners require the highest torque in the transmission assembly according to this table?,M12 hex screws at 82 Nm (ft. lbs.),invalid_question_type: comparison,question_type
2026-02-11T00:30:39.594037Z,00-torque-specs-24-01,00-torque-specs-24-01-q10,Are there different torque specifications for different screw sizes in the transmission to engine connection?,"Yes, M8 screws require 24 Nm, M10 screws require 45 Nm, and M12 screws require 82 Nm (ft. lbs.)",invalid_question_type: comparison,question_type
2026-02-11T00:30:39.594037Z,00-torque-specs-24-02,00-torque-specs-24-02-q05,What is the highest torque specification shown on this page?,"The highest torque specification is 50 Nm, which is used for the 4HP-22/4HP-24 transmission type with M20 screws.",self_referential: on this page,self_referential
2026-02-11T00:30:39.594037Z,00-torque-specs-24-03,00-torque-specs-24-03-q02,What torque should be applied to the oil drain plug on transmission A4S 270R/A4S 310R?,25 Nm.,answer_too_short,answer_length
2026-02-11T00:30:39.594037Z,00-torque-specs-24-03,00-torque-specs-24-03-q03,Which transmission has the highest torque specification for the oil filler plug?,A5S 310Z/A5S 560Z requires 100 Nm for the oil filler plug.,invalid_question_type: comparison,question_type
2026-02-11T00:30:39.594037Z,00-torque-specs-24-03,00-torque-specs-24-03-q05,How much torque is required for the oil drain plug on A5S 560Z transmission?,50 Nm.,answer_too_short,answer_length
2026-02-11T00:30:39.594037Z,00-torque-specs-24-03,00-torque-specs-24-03-q09,What torque is specified for the oil filler plug on A5S 300J transmission?,40 Nm.,answer_too_short,answer_length
2026-02-11T00:30:39.594037Z,00-torque-specs-24-03,00-torque-specs-24-03-q10,How does the oil pan torque differ between A5S 300J and A5S 560Z/A5S 440Z transmissions?,A5S 300J uses 9 Nm while A5S 560Z/A5S 440Z uses M6 screws at 10 Nm.,invalid_question_type: comparison,question_type
2026-02-11T00:30:39.594037Z,00-torque-specs-24-04,00-torque-specs-24-04-q01,What is the torque specification for the oil filler pipe on the 3HP-22 transmission?,105 Nm,answer_too_short,answer_length
2026-02-11T00:30:39.594037Z,00-torque-specs-24-04,00-torque-specs-24-04-q02,What torque should I use for the oil filler pipe on 4HP-22/4HP-24/A5S 310Z transmissions?,98 Nm,answer_too_short,answer_length
2026-02-11T00:30:39.594037Z,00-torque-specs-24-05,00-torque-specs-24-05-q01,What is the torque specification for the slotted nut/output flange on automatic transmission extension bearings and seals?,120 Nm,answer_too_short,answer_length
2026-02-11T00:30:39.594037Z,00-torque-specs-24-05,00-torque-specs-24-05-q09,What date is shown on this torque specification page?,20/10/97,answer_too_short,answer_length
2026-02-11T00:30:39.594037Z,00-torque-specs-24-06,00-torque-specs-24-06-q01,What is the torque specification for the output flange collar nut on A5S 300J transmission?,225 Nm,answer_too_short,answer_length
2026-02-11T00:30:39.594037Z,00-torque-specs-24-06,00-torque-specs-24-06-q02,What torque should be applied to the output flange collar nut on all other transmissions except A5S 300J?,100 Nm,answer_too_short,answer_length
2026-02-11T00:30:39.594037Z,00-torque-specs-24-06,00-torque-specs-24-06-q10,Which automatic transmission model has the specific torque requirement of 225 Nm for the output flange collar nut?,A5S 300J,answer_too_short,answer_length
2026-02-11T00:30:39.594037Z,00-torque-specs-24-09,00-torque-specs-24-09-q03,What is the torque specification for adapter plate on shift unit for A4S 270R/A4S 310R transmissions?,13 Nm.,answer_too_short,answer_length
2026-02-11T00:30:39.594037Z,00-torque-specs-24-09,00-torque-specs-24-09-q06,What is the torque specification for A5S 560Z transmission with M6 x 12 screws?,6 Nm.,answer_too_short,answer_length
2026-02-11T00:30:39.594037Z,00-torque-specs-24-09,00-torque-specs-24-09-q07,How does the torque differ between A5S 560Z with M6 x 12 versus M6x55 screws?,M6 x 12 screws require 6 Nm while M6x55 screws require 8 Nm.,invalid_question_type: comparison,question_type
2026-02-11T00:30:39.594037Z,00-torque-specs-24-11,00-torque-specs-24-11-q03,What is the torque value for the stud in centrifugal governor?,3 Nm.,answer_too_short,answer_length
2026-02-11T00:30:39.594037Z,00-torque-specs-24-11,00-torque-specs-24-11-q04,How much torque should be applied to the hexagon nut on stud?,10 Nm.,answer_too_short,answer_length
2026-02-11T00:30:39.594037Z,00-torque-specs-24-12,00-torque-specs-24-12-q06,What is the difference in torque requirements between A5S 300J M5 and M6 bolts for the pulse sender?,A5S 300J M5 bolts require 6 Nm while M6 bolts require 8 Nm.,invalid_question_type: comparison,question_type
2026-02-11T00:30:39.594037Z,00-torque-specs-24-13,00-torque-specs-24-13-q07,What unit of measurement is used for the torque specifications on this page?,Nm (Newton meters).,self_referential: on this page,self_referential
2026-02-11T00:30:39.594037Z,00-torque-specs-24-15,00-torque-specs-24-15-q01,What is the torque specification for the selector lever on transmission screw size M8x1?,10 Nm,answer_too_short,answer_length
2026-02-11T00:30:39.594037Z,00-torque-specs-24-15,00-torque-specs-24-15-q03,What is the torque specification for the M8 screw on the A5S 300J transmission type?,15 Nm,answer_too_short,answer_length
2026-02-11T00:30:39.594037Z,00-torque-specs-24-15,00-torque-specs-24-15-q07,What transmission type uses the M8 screw specification?,A5S 300J,answer_too_short,answer_length
2026-02-11T00:30:39.594037Z,00-torque-specs-24-15,00-torque-specs-24-15-q10,What unit of measurement is used for the torque specifications on this page?,Nm (Newton meters),self_referential: on this page,self_referential
2026-02-11T00:30:39.594037Z,00-torque-specs-24-16,00-torque-specs-24-16-q01,What is the torque specification for the shift segment to shaft on A4S 310R/A4S 310R transmissions?,22 Nm,answer_too_short,answer_length
2026-02-11T00:30:39.594037Z,00-torque-specs-24-16,00-torque-specs-24-16-q03,What is the torque specification for the detent spring on shift unit for A4S 270R/A4S 310R transmissions?,25 Nm,answer_too_short,answer_length
2026-02-11T00:30:39.594037Z,00-torque-specs-24-16,00-torque-specs-24-16-q04,What screw size is used for the detent spring on shift unit?,5/16 inch,answer_too_short,answer_length
2026-02-11T00:30:39.594037Z,00-torque-specs-24-16,00-torque-specs-24-16-q09,What section number covers the Interior Shift Elements specifications?,24 52,answer_too_short,answer_length
2026-02-11T00:30:39.594037Z,00-torque-specs-24-16,00-torque-specs-24-16-q10,Which transmission variant uses M14x1.5 threading in the Interior Shift Elements?,A5S 300J,answer_too_short,answer_length
2026-02-11T00:30:39.594037Z,00-torque-specs-24-17,00-torque-specs-24-17-q01,What is the torque specification for the cross member to body mounting?,21 Nm,answer_too_short,answer_length
2026-02-11T00:30:39.594037Z,00-torque-specs-24-17,00-torque-specs-24-17-q02,What torque should be applied to the rubber mounts to cross member or transmission?,21 Nm,answer_too_short,answer_length
2026-02-11T00:30:39.594037Z,00-torque-specs-24-17,00-torque-specs-24-17-q03,What is the torque specification for the support tube to engine subframe on E36 models?,42 Nm,answer_too_short,answer_length
2026-02-11T00:30:39.594037Z,00-torque-specs-24-17,00-torque-specs-24-17-q04,What torque value is specified for the rubber mounts to carrier pipe on E36 models?,21 Nm,answer_too_short,answer_length
2026-02-11T00:30:39.594037Z,00-torque-specs-24-17,00-torque-specs-24-17-q05,What is the carrier plate torque specification for E36 models?,21 Nm,answer_too_short,answer_length
2026-02-11T00:30:39.594037Z,00-torque-specs-25-01,00-torque-specs-25-01-q06,How does the shift arm console to body torque differ between E31 and other models?,E31 requires 9 Nm while all other models except E31 require 21 Nm.,invalid_question_type: comparison,question_type
2026-02-11T00:30:39.594037Z,00-torque-specs-25-01,00-torque-specs-25-01-q08,Which components in the shift mechanism require the highest torque specification?,The front console to shift console connection at 25 Nm.,invalid_question_type: comparison,question_type
2026-02-11T00:30:39.594037Z,00-torque-specs-25-02,00-torque-specs-25-02-q01,What is the torque specification for the Bowden cable on the shift tower/transmission?,15 Nm,answer_too_short,answer_length
2026-02-11T00:30:39.594037Z,00-torque-specs-25-02,00-torque-specs-25-02-q02,What torque should be applied to the clamping screw on the shift lever?,10 Nm,answer_too_short,answer_length
2026-02-11T00:30:39.594037Z,00-torque-specs-25-02,00-torque-specs-25-02-q04,How much torque is required for the switch to shift console connection?,4.5 Nm,answer_too_short,answer_length
2026-02-11T00:30:39.594037Z,00-torque-specs-26-01,00-torque-specs-26-01-q01,What is the torque specification for the universal joint to propeller shaft and transmission connection using M10 8.8 screws?,48 Nm,answer_too_short,answer_length
2026-02-11T00:30:39.594037Z,00-torque-specs-26-01,00-torque-specs-26-01-q02,What torque should be applied to M14 screws on E31/E38/E39 propeller shaft applications?,140 Nm,answer_too_short,answer_length
2026-02-11T00:30:39.594037Z,00-torque-specs-26-01,00-torque-specs-26-01-q03,What is the difference in torque specification between M12 8.8 and M12 10.9 screws for E32/E34/E36/E38/E39 applications?,M12 8.8 screws require 81 Nm while M12 10.9 screws require 100 Nm,invalid_question_type: comparison,question_type
2026-02-11T00:30:39.594037Z,00-torque-specs-26-01,00-torque-specs-26-01-q06,What is the torque specification for coupling propeller shaft to transmission on all vehicle types using M10 screws?,60 Nm,answer_too_short,answer_length
2026-02-11T00:30:39.594037Z,00-torque-specs-26-01,00-torque-specs-26-01-q07,What torque should be applied to M12 screws when coupling propeller shaft to transmission on E32/E31 models?,95 Nm,answer_too_short,answer_length
2026-02-11T00:30:39.594037Z,00-torque-specs-26-01,00-torque-specs-26-01-q08,What is the torque specification for the clamping ring for slide after installation in car on all vehicle types?,10 Nm,answer_too_short,answer_length
2026-02-11T00:30:39.594037Z,00-torque-specs-26-01,00-torque-specs-26-01-q09,How much torque is required for the clamping ring installation on E30 Four Wheel Drive models?,22 Nm,answer_too_short,answer_length
2026-02-11T00:30:39.594037Z,00-torque-specs-26-01,00-torque-specs-26-01-q10,What is the highest torque specification shown on this propeller shaft page?,140 Nm for M14 screws on E31/E38/E39 applications,invalid_question_type: comparison,question_type
2026-02-11T00:30:39.594037Z,00-torque-specs-26-02,00-torque-specs-26-02-q04,How much torque is required for the M10 compression nut in the constant velocity joint version?,64 Nm.,answer_too_short,answer_length
2026-02-11T00:30:39.594037Z,00-torque-specs-26-02,00-torque-specs-26-02-q07,What is the torque specification for mounting the center mount to body?,21 Nm.,answer_too_short,answer_length
2026-02-11T00:30:39.594037Z,00-torque-specs-27-02,00-torque-specs-27-02-q01,What is the torque specification for the M24x1.5 plug on the transfer box?,33 Nm,answer_too_short,answer_length
2026-02-11T00:30:39.594037Z,00-torque-specs-27-02,00-torque-specs-27-02-q02,What torque should be applied to the M14 x 1.5 screws on the transfer box?,33 Nm,answer_too_short,answer_length
2026-02-11T00:30:39.594037Z,00-torque-specs-27-02,00-torque-specs-27-02-q03,What is the torque specification for M18x1.5 fasteners on the transfer box?,23 Nm,answer_too_short,answer_length
2026-02-11T00:30:39.594037Z,00-torque-specs-27-02,00-torque-specs-27-02-q04,What torque value is specified for the transmission cross member to rubber mounts bolts?,80 Nm,answer_too_short,answer_length
2026-02-11T00:30:39.594037Z,00-torque-specs-27-02,00-torque-specs-27-02-q06,What is the torque specification for the transmission cross member to body attachment?,24 Nm,answer_too_short,answer_length
2026-02-11T00:30:39.594037Z,00-torque-specs-61-02,00-torque-specs-61-02-q01,What is the torque specification for the 91°C temperature switch?,14 Nm,answer_too_short,answer_length
2026-02-11T00:30:39.594037Z,00-torque-specs-61-02,00-torque-specs-61-02-q02,What torque should be applied to the 99°C temperature switch?,14 Nm,answer_too_short,answer_length
2026-02-11T00:30:39.594037Z,00-torque-specs-61-02,00-torque-specs-61-02-q03,What is the torque specification for oil pressure switches on M10/M40/M42/M21/M51/M20/M30/M50/M60/1/M60/2/M70/S70 engines?,40 Nm,answer_too_short,answer_length
2026-02-11T00:30:39.594037Z,00-torque-specs-61-02,00-torque-specs-61-02-q04,What torque should be used for oil pressure switches on S14/S50/S38/M43 engines?,20 Nm,answer_too_short,answer_length
2026-02-11T00:30:39.594037Z,00-torque-specs-61-02,00-torque-specs-61-02-q05,How much torque is specified for the reversing light switch?,20 Nm,answer_too_short,answer_length
2026-02-11T00:30:39.594037Z,00-torque-specs-61-02,00-torque-specs-61-02-q07,What torque should be applied to the transmission switch on shift block?,4.5 Nm,answer_too_short,answer_length
2026-02-11T00:30:39.594037Z,00-torque-specs-61-03,00-torque-specs-61-03-q07,What section number covers Control Units and Modules?,61 35,answer_too_short,answer_length
2026-02-11T00:30:39.594037Z,00-torque-specs-61-03,00-torque-specs-61-03-q09,What tolerance is specified for the power window module torque specification?,±0.5 Nm,answer_too_short,answer_length
2026-02-11T00:30:39.594037Z,00-torque-specs-61-04,00-torque-specs-61-04-q05,What torque specification applies to Bosch and Magnet Marelli motor crank to wiper motor with M8 screws?,"The specification shows M8 screw type but the torque value is not specified in the visible portion for Bosch, Magnet Marelli.",generic_answer: not specified,generic_answer
2026-02-11T00:30:39.594037Z,00-torque-specs-61-04,00-torque-specs-61-04-q09,Which windshield wiper components require different torque values between E31LL/E38 and E36/E31RL types?,The wiper motor secured to wiper bracket requires 7.5 Nm for E31LL/E38 and 10 Nm for E36/E31RL.,invalid_question_type: comparison,question_type
2026-02-11T00:30:39.594037Z,00-torque-specs-61-07,00-torque-specs-61-07-q02,What torque should be applied when installing the bracket to body for headlight cleaners?,15 Nm,answer_too_short,answer_length
2026-02-11T00:30:39.594037Z,00-torque-specs-61-07,00-torque-specs-61-07-q08,What unit of measurement is used for all torque specifications on this page?,Nm (Newton meters),self_referential: on this page,self_referential
2026-02-11T00:30:39.594037Z,00-torque-specs-62-01,00-torque-specs-62-01-q02,Which vehicle types does the speedometer sender screw specification apply to?,All types,answer_too_short,answer_length
2026-02-11T00:30:39.594037Z,00-torque-specs-62-01,00-torque-specs-62-01-q04,What is the minimum torque value for speedometer sender screws?,6.6 Nm,answer_too_short,answer_length
2026-02-11T00:30:39.594037Z,00-torque-specs-62-01,00-torque-specs-62-01-q05,What is the maximum torque value for speedometer sender screws?,8.4 Nm,answer_too_short,answer_length
2026-02-11T00:30:39.594037Z,00-torque-specs-71-01,00-torque-specs-71-01-q01,What is the torque specification for the M10 8.8 hitch bolts when mounting the hitch to the body?,42 Nm,answer_too_short,answer_length
2026-02-11T00:30:39.594037Z,00-torque-specs-71-01,00-torque-specs-71-01-q02,What torque value should be used for the M10 10.9 axial strut bolts in the trailer hitch assembly?,59 Nm,answer_too_short,answer_length
2026-02-11T00:30:39.594037Z,00-torque-specs-71-01,00-torque-specs-71-01-q03,What is the specified torque for the M40 slotted nut used on the take-up pipe to hitch connection?,220 Nm,answer_too_short,answer_length
2026-02-11T00:30:39.594037Z,00-torque-specs-72-01,00-torque-specs-72-01-q01,"What is the torque specification for the safety bolt on body, except for B-pillar?",48 Nm,answer_too_short,answer_length
2026-02-11T00:30:39.594037Z,00-torque-specs-72-01,00-torque-specs-72-01-q02,What torque value should be used for safety bolts on B-pillar?,31 Nm,answer_too_short,answer_length
2026-02-11T00:30:39.594037Z,00-torque-specs-72-01,00-torque-specs-72-01-q03,What is the torque specification for screws used for seatbelt height adjustment on body?,24 Nm,answer_too_short,answer_length
2026-02-11T00:30:39.594037Z,00-torque-specs-72-01,00-torque-specs-72-01-q04,How much torque should be applied when installing the seat belt to seat on E31 models?,47 Nm,answer_too_short,answer_length
2026-02-11T00:30:39.594037Z,00-torque-specs-72-01,00-torque-specs-72-01-q06,What torque specification applies to seat belt to backrest on E31 models?,24 Nm,answer_too_short,answer_length
2026-02-11T00:30:39.594037Z,00-torque-specs-72-01,00-torque-specs-72-01-q07,What is the torque value for headrest to backrest attachment on E31?,24 Nm,answer_too_short,answer_length
2026-02-11T00:30:39.594037Z,00-torque-specs-72-01,00-torque-specs-72-01-q09,What torque should be used for safety belt with belt height adjustment?,31 Nm,answer_too_short,answer_length
2026-02-11T00:30:39.594037Z,00-torque-specs-72-01,00-torque-specs-72-01-q10,What is the torque specification for tension relief between roller blind mount and backrest lock mount on E39/2?,24 Nm,answer_too_short,answer_length
2026-02-11T00:30:39.594037Z,00-torque-specs-72-02,00-torque-specs-72-02-q01,What is the torque specification for the airbag module on doors?,11 Nm,answer_too_short,answer_length
2026-02-11T00:30:39.594037Z,00-torque-specs-72-02,00-torque-specs-72-02-q05,What is the torque specification for the bracket of ITS head airbag on body?,2.5 Nm,answer_too_short,answer_length
2026-02-11T00:30:39.594037Z,00-torque-specs-72-02,00-torque-specs-72-02-q07,What is the torque specification for the ITS head airbag on body component?,11 Nm,answer_too_short,answer_length
2026-02-11T00:30:39.594037Z,00-torque-specs-72-02,00-torque-specs-72-02-q10,Which vehicle model uses the additional steel bracket specification for ITS head airbag?,E38 L7,answer_too_short,answer_length
2026-02-11T00:30:39.594037Z,11-100_engine,11-100_engine-q04,What type of engine illustration is shown on this page?,"This page shows a detailed cutaway or cross-sectional illustration of the complete engine assembly, revealing both external and internal components.",self_referential: on this page,self_referential
2026-02-11T00:30:39.594037Z,11-102_engine,11-102_engine-q12,What is the main topic covered in section 11 00 050 shown on this page?,Removing and installing engine.,self_referential: on this page,self_referential
2026-02-11T00:30:39.594037Z,11-108_engine,11-108_engine-q02,What is the specified tightening torque for M8 bolts during installation?,M8 bolts should be tightened to 21 + 1 Nm (15 + 0.7 ft. lbs.).,question_similarity: 0.83 with 11-108_engine-q01,question_diversity
2026-02-11T00:30:39.594037Z,11-52b_engine,11-52b_engine-q10,What part number is referenced for removing the radiator?,The radiator removal references Group 17.,question_similarity: 0.80 with 11-52b_engine-q09,question_diversity
2026-02-11T00:30:39.594037Z,11-54_engine,11-54_engine-q02,What is the maximum permissible tilt play for the exhaust valve when checking valve guide for wear?,The maximum permissible tilt play for the exhaust valve is 0.80 mm (0.031 inches).,question_similarity: 0.87 with 11-54_engine-q01,question_diversity
2026-02-11T00:30:39.594037Z,11-54_engine,11-54_engine-q05,What are the minimum edge thickness requirements for exhaust valves after machining?,"For exhaust valves, the minimum edge thickness 'A' is 0.80 mm (0.037 inches) and 'T' is 32 - 0.1 mm (1.260 - 0.004 inches).",question_similarity: 0.85 with 11-54_engine-q04,question_diversity
2026-02-11T00:30:39.594037Z,11-54_engine,11-54_engine-q09,What are the valve seat diameter specifications for 'V' exhaust valves after grinding?,The 'V' exhaust valve seat diameter is 31.4 ± 0.1 mm (1.236 ± 0.004 inches).,question_similarity: 0.86 with 11-54_engine-q08,question_diversity
2026-02-11T00:30:39.594037Z,11-55_engine,11-55_engine-q10,What procedure is being demonstrated in section 11 12 729?,Checking cylinder head for cracks in water test with the cylinder head disassembled.,question_similarity: 0.82 with 11-55_engine-q09,question_diversity
2026-02-11T00:30:39.594037Z,11-60_engine,11-60_engine-q08,What tool designation is shown in the middle image for holding the flywheel?,11 2 100.,answer_too_short,answer_length
2026-02-11T00:30:39.594037Z,11-66_engine,11-66_engine-q06,What measurement should be taken using the middle illustration?,Measure side clearance.,question_similarity: 0.80 with 11-66_engine-q05,question_diversity
2026-02-11T00:30:39.594037Z,11-72_engine,11-72_engine-q03,What is the tightening torque for the chain tensioner cylinder?,50 ± 2 Nm (36 ± 1.5 ft. lbs.).,question_similarity: 0.80 with 11-72_engine-q02,question_diversity
2026-02-11T00:30:39.594037Z,11-73_engine,11-73_engine-q02,What is the nominal valve clearance specification for warm conditions?,The nominal valve clearance for warm conditions is 0.31 to 0.40 mm (0.012 to 0.016 inches).,question_similarity: 0.82 with 11-73_engine-q01,question_diversity
2026-02-11T00:30:39.594037Z,12-06_engine-e,12-06_engine-e-q11,What are the two main procedure numbers covered on this page?,12 13 009 for checking ignition coil and 12 13 011 for replacing ignition coil.,self_referential: on this page,self_referential
2026-02-11T00:30:39.594037Z,12-07_engine-e,12-07_engine-e-q10,What is depicted in the middle diagram image 30 12 142?,The diagram shows the installation process with sealing surfaces being prepared and the control unit being positioned for installation.,self_referential: depicted in,self_referential
2026-02-11T00:30:39.594037Z,12-106_engine-e,12-106_engine-e-q08,What are the reference numbers shown for the different diagram sections on this page?,"The reference numbers shown are: 30 12 308 for the glove box layout, 30 12 307 for the engine compartment view, 30 12 308 for the 20-pin connector, 30 12 305 for the relays behind trim panel, and 30 12 306 for the diagnostic components.",self_referential: on this page,self_referential
2026-02-11T00:30:39.594037Z,12-107_2_engine-e,12-107_2_engine-e-q08,How many total pins are shown in this engine plug connection diagram?,20 pins,answer_too_short,answer_length
2026-02-11T00:30:39.594037Z,12-107a_engine-e,12-107a_engine-e-q07,How many different relay types are shown on this page?,"Three different relay types are shown on this page: Master Relay M20, Fuel Pump Relay M20, and Oxygen Sensor Relay M20.",self_referential: on this page,self_referential
2026-02-11T00:30:39.594037Z,12-108_1_engine-e,12-108_1_engine-e-q01,What type of test list is described on this page?,This page describes an Engine Electric/Electronic Brief Test List without application of self-diagnosis.,self_referential: on this page,self_referential
2026-02-11T00:30:39.594037Z,12-112_engine-e,12-112_engine-e-q11,How many main tests are described on this page for ignition system components?,Two main tests are described: Test 2 for the ignition coil and Test 3 for spark plugs.,self_referential: on this page,self_referential
2026-02-11T00:30:39.594037Z,12-112_engine-e,12-112_engine-e-q08,What component is labeled as number 15 in the diagram?,"Number 15 indicates a component in the ignition system assembly, shown in the middle section of the diagram.",question_similarity: 0.82 with 12-112_engine-e-q07,question_diversity
2026-02-11T00:30:39.594037Z,12-114_1_engine-e,12-114_1_engine-e-q09,What two main systems are covered by the tests shown on this page?,The fuel supply system (Test 15) and the intake system (Test 16).,self_referential: on this page,self_referential
2026-02-11T00:30:39.594037Z,12-132_1_engine-e,12-132_1_engine-e-q07,What component number is shown in the lower diagram for the shielded connector installation?,32 12 105,answer_too_short,answer_length
2026-02-11T00:30:39.594037Z,12-132_1_engine-e,12-132_1_engine-e-q10,What part number is associated with the upper sender replacement diagram?,28 12 000,answer_too_short,answer_length
2026-02-11T00:30:39.594037Z,12-132_1_engine-e,12-132_1_engine-e-q12,What diagram reference number is shown for the sender testing procedure?,30 12 926,answer_too_short,answer_length
2026-02-11T00:30:39.594037Z,12-142_2_engine-e,12-142_2_engine-e-q02,What is the reference number for the first diagram showing the alternator disassembly?,30 12 040,answer_too_short,answer_length
2026-02-11T00:30:39.594037Z,12-142_2_engine-e,12-142_2_engine-e-q03,What is the reference number for the second diagram showing the alternator rear housing?,30 12 042,answer_too_short,answer_length
2026-02-11T00:30:39.594037Z,12-142_2_engine-e,12-142_2_engine-e-q12,What is the specific page reference for this alternator service information?,12/142/2,answer_too_short,answer_length
2026-02-11T00:30:39.594037Z,12-143_2_engine-e,12-143_2_engine-e-q07,What is the procedure number for removing and installing or replacing the voltage regulator?,12 32 000,answer_too_short,answer_length
2026-02-11T00:30:39.594037Z,12-151_engine-e,12-151_engine-e-q09,What is the procedure number for this starter removal and installation task?,12 41 020,answer_too_short,answer_length
2026-02-11T00:30:39.594037Z,12-154_engine-e,12-154_engine-e-q01,What is the reference number for disassembling and assembling the starter layshaft?,12 41 513,answer_too_short,answer_length
2026-02-11T00:30:39.594037Z,13-613_fuel-sys,13-613_fuel-sys-q01,What is the procedure number for removing and installing the control unit?,13 61 000,answer_too_short,answer_length
2026-02-11T00:30:39.594037Z,13-613_fuel-sys,13-613_fuel-sys-q06,What diagram reference number is shown for the plug connections?,13 61 010,answer_too_short,answer_length
2026-02-11T00:30:39.594037Z,13-622_fuel-sys,13-622_fuel-sys-q01,What is the service procedure number for removing and installing the air flow sensor?,13 62 000,answer_too_short,answer_length
2026-02-11T00:30:39.594037Z,13-626_fuel-sys,13-626_fuel-sys-q01,What is the procedure number for removing and installing/checking the temperature time switch?,13 62 050,answer_too_short,answer_length
2026-02-11T00:30:39.594037Z,13-626_fuel-sys,13-626_fuel-sys-q11,What is the test lead part number for checking the temperature time switch?,61 1 440,answer_too_short,answer_length
2026-02-11T00:30:39.594037Z,13-627_fuel-sys,13-627_fuel-sys-q01,What is the BMW part number for removing and installing/checking the pressure sensor?,13 62 080,answer_too_short,answer_length
2026-02-11T00:30:39.594037Z,13-627_fuel-sys,13-627_fuel-sys-q07,What resistance should be measured at atmospheric pressure of ≥ 930 mbar?,There will be resistance of approximately ∞ ohms between plug connections (1 and 2).,question_similarity: 0.83 with 13-627_fuel-sys-q06,question_diversity
2026-02-11T00:30:39.594037Z,13-642_fuel-sys,13-642_fuel-sys-q01,What is the procedure number for replacing one fuel injector?,13 64 501,answer_too_short,answer_length
2026-02-11T00:30:39.594037Z,13-700_fuel-sys,13-700_fuel-sys-q10,What is the equivalent Fahrenheit temperature for the upper switching point?,The upper switching point of 4°C is equivalent to 39°F.,question_similarity: 0.82 with 13-700_fuel-sys-q09,question_diversity
2026-02-11T00:30:39.594037Z,13-720_fuel-sys,13-720_fuel-sys-q06,What component number is shown for removing and installing the fuel pressure regulator?,13 51 200,answer_too_short,answer_length
2026-02-11T00:30:39.594037Z,13-750_fuel-sys,13-750_fuel-sys-q02,What color wire is plug 2 in the control unit plug connections?,Plug 2 is Blue.,question_similarity: 0.83 with 13-750_fuel-sys-q01,question_diversity
2026-02-11T00:30:39.594037Z,13-750_fuel-sys,13-750_fuel-sys-q06,What does plug connection D represent when 0 + 1?,D) 0 + 1 = unleaded prem. grade ECE.,question_similarity: 0.80 with 13-750_fuel-sys-q03,question_diversity
2026-02-11T00:30:39.594037Z,13-750_fuel-sys,13-750_fuel-sys-q09,"In the state of plug connections, what does 1 mean?",1 = connected.,question_similarity: 0.82 with 13-750_fuel-sys-q08,question_diversity
2026-02-11T00:30:39.594037Z,13-750_fuel-sys,13-750_fuel-sys-q10,What does F represent in the plug connections list?,F) To control unit.,question_similarity: 0.80 with 13-750_fuel-sys-q07,question_diversity
2026-02-11T00:30:39.594037Z,13-771_fuel-sys,13-771_fuel-sys-q11,What part numbers are visible on this page for reference?,"Part numbers shown include 30 13 631, 30 13 456, 28 13 63001, and 28 13 63002.",self_referential: on this page,self_referential
2026-02-11T00:30:39.594037Z,13-806_fuel-sys,13-806_fuel-sys-q10,What is the tolerance range for the nominal idle speed on automatic transmission vehicles?,± 50 rpm,answer_too_short,answer_length
2026-02-11T00:30:39.594037Z,13-810_fuel-sys,13-810_fuel-sys-q09,"If there's no voltage between terminal 2 and terminal 4, what wire should you check?",Check brown wire for breaks according to wiring diagram with ohmmeter (M 06). Eliminate breaks.,question_similarity: 0.81 with 13-810_fuel-sys-q07,question_diversity
2026-02-11T00:30:39.594037Z,13-813_fuel-sys,13-813_fuel-sys-q05,What tool designation is specified for the voltmeter used in this procedure?,M 01.,answer_too_short,answer_length
2026-02-11T00:30:39.594037Z,13-813_fuel-sys,13-813_fuel-sys-q11,What section number is shown at the top of this page?,13-813.,answer_too_short,answer_length
2026-02-11T00:30:39.594037Z,13-932_fuel-sys,13-932_fuel-sys-q04,"Which pins are used for power ground of fuel injectors in a 6 cylinder engine for the 1st, 2nd and 3rd cylinders?",Pin 25.,answer_too_short,answer_length
2026-02-11T00:30:39.594037Z,13-932_fuel-sys,13-932_fuel-sys-q05,"Which pin provides the power ground for fuel injectors in the 4th, 5th and 6th cylinders of a 6 cylinder engine?",Pin 13.,answer_too_short,answer_length
2026-02-11T00:30:39.594037Z,13-932_fuel-sys,13-932_fuel-sys-q07,Which pin carries the coolant temperature sensor signal?,Pin 10.,answer_too_short,answer_length
2026-02-11T00:30:39.594037Z,13-932_fuel-sys,13-932_fuel-sys-q09,Which pin provides the idle signal from the throttle switch?,Pin 2.,answer_too_short,answer_length
2026-02-11T00:30:39.594037Z,16-05_fuel-tan,16-05_fuel-tan-q08,What is the BMW part number shown in the first diagram?,30 16 030,answer_too_short,answer_length
2026-02-11T00:30:39.594037Z,16-05_fuel-tan,16-05_fuel-tan-q09,What BMW part number is associated with the carbon canister and check valve diagram?,30 16 031,answer_too_short,answer_length
2026-02-11T00:30:39.594037Z,16-05_fuel-tan,16-05_fuel-tan-q10,What part number corresponds to the vent hose routing diagram?,30 16 032,answer_too_short,answer_length
2026-02-11T00:30:39.594037Z,16-08_fuel-tan,16-08_fuel-tan-q10,What does terminal W represent in the fuel level sender circuit?,W = Warning lamp.,question_similarity: 0.83 with 16-08_fuel-tan-q09,question_diversity
2026-02-11T00:30:39.594037Z,17-04_radiator,17-04_radiator-q11,Where can you find additional specifications and service information referenced on this page?,See Specifications and Service Information of Gr. 00 as noted at the bottom of the page.,self_referential: on this page,self_referential
2026-02-11T00:30:39.594037Z,18-02_exhaust-,18-02_exhaust--q11,What callout numbers are shown in the images on this page?,"The callout numbers shown are 30 18 106, 30 18 004, 30 18 048, and 30 18 003.",self_referential: on this page,self_referential
2026-02-11T00:30:39.594037Z,18-04_exhaust-,18-04_exhaust--q01,What is the procedure number for removing and installing or replacing the catalytic converter?,18 32 005,answer_too_short,answer_length
2026-02-11T00:30:39.594037Z,18-04_exhaust-,18-04_exhaust--q10,What are the three main images shown in the diagrams on this page?,"The oxygen sensor disconnection area, the catalytic converter connection to final muffler, and the exhaust pipe connection to manifold with holder assembly.",self_referential: on this page,self_referential
2026-02-11T00:30:39.594037Z,18-07_exhaust-,18-07_exhaust--q01,What is the job number for removing and installing or replacing the catalytic converter?,18 32 005,answer_too_short,answer_length
2026-02-11T00:30:39.594037Z,18-09_exhaust-,18-09_exhaust--q02,What does the 'A' designation mean in the exhaust carrier installation?,A = Version with automatic transmission,question_similarity: 0.82 with 18-09_exhaust--q01,question_diversity
2026-02-11T00:30:39.594037Z,1990-bmw-m3-electrical-troubleshooting-manual-00-00-cover,1990-bmw-m3-electrical-troubleshooting-manual-00-00-cover-q03,Which BMW model does this manual cover?,BMW M3,answer_too_short,answer_length
2026-02-11T00:30:39.594037Z,1990-bmw-m3-electrical-troubleshooting-manual-00-08,1990-bmw-m3-electrical-troubleshooting-manual-00-08-q05,What resistance value is shown on the wire between the power distribution box and the low fluid switch?,1.5 RD,answer_too_short,answer_length
2026-02-11T00:30:39.594037Z,1990-bmw-m3-electrical-troubleshooting-manual-00-08,1990-bmw-m3-electrical-troubleshooting-manual-00-08-q06,What resistance value is shown on the wire between the low fluid switch and the low fluid indicator?,1.5 RD,answer_too_short,answer_length
2026-02-11T00:30:39.594037Z,1990-bmw-m3-electrical-troubleshooting-manual-00-08,1990-bmw-m3-electrical-troubleshooting-manual-00-08-q07,What color/gauge wire connects to the low fluid indicator at the bottom of the circuit?,1.6 BR,answer_too_short,answer_length
2026-02-11T00:30:39.594037Z,1990-bmw-m3-electrical-troubleshooting-manual-0670-00,1990-bmw-m3-electrical-troubleshooting-manual-0670-00-q01,What is the section number for Power Distribution?,0670-0,answer_too_short,answer_length
2026-02-11T00:30:39.594037Z,1990-bmw-m3-electrical-troubleshooting-manual-0670-07,1990-bmw-m3-electrical-troubleshooting-manual-0670-07-q01,What fuses are detailed in the power distribution diagram on this page?,"Fuses 8, 12, and 19 are detailed in this power distribution diagram.",self_referential: on this page,self_referential
2026-02-11T00:30:39.594037Z,1990-bmw-m3-electrical-troubleshooting-manual-0670-11,1990-bmw-m3-electrical-troubleshooting-manual-0670-11-q04,When is Fuse 9 hot according to the diagram?,Fuse 9 is hot in run or start.,question_similarity: 0.80 with 1990-bmw-m3-electrical-troubleshooting-manual-0670-11-q03,question_diversity
2026-02-11T00:30:39.594037Z,1990-bmw-m3-electrical-troubleshooting-manual-0670-16,1990-bmw-m3-electrical-troubleshooting-manual-0670-16-q01,What is the main ground distribution section shown on this page?,Ground Distribution: G200 (Partial) and G300,self_referential: on this page,self_referential
2026-02-11T00:30:39.594037Z,1990-bmw-m3-electrical-troubleshooting-manual-0670-16,1990-bmw-m3-electrical-troubleshooting-manual-0670-16-q05,What wire gauge is used for the driver's door lock connection?,.75 BR,answer_too_short,answer_length
2026-02-11T00:30:39.594037Z,1990-bmw-m3-electrical-troubleshooting-manual-0670-16,1990-bmw-m3-electrical-troubleshooting-manual-0670-16-q07,What is the wire gauge for the connection from S305 to the driver's window and console switch?,1.5 BR,answer_too_short,answer_length
2026-02-11T00:30:39.594037Z,1990-bmw-m3-electrical-troubleshooting-manual-1240-00,1990-bmw-m3-electrical-troubleshooting-manual-1240-00-q01,What is the system identification number for this START circuit diagram?,1240-0,answer_too_short,answer_length
2026-02-11T00:30:39.594037Z,1990-bmw-m3-electrical-troubleshooting-manual-1240-00,1990-bmw-m3-electrical-troubleshooting-manual-1240-00-q02,What fuse rating is shown for Fuse 10 in the power distribution box?,75 AMP,answer_too_short,answer_length
2026-02-11T00:30:39.594037Z,1990-bmw-m3-electrical-troubleshooting-manual-1240-00,1990-bmw-m3-electrical-troubleshooting-manual-1240-00-q07,What wire gauge is shown for the connection between the battery and starter?,25 BK/GN,answer_too_short,answer_length
2026-02-11T00:30:39.594037Z,1990-bmw-m3-electrical-troubleshooting-manual-3435-00,1990-bmw-m3-electrical-troubleshooting-manual-3435-00-q02,What fuse rating is specified for the power distribution box in the brake warning system?,7.5 AMP,answer_too_short,answer_length
2026-02-11T00:30:39.594037Z,1990-bmw-m3-electrical-troubleshooting-manual-3435-00,1990-bmw-m3-electrical-troubleshooting-manual-3435-00-q03,What resistance value is shown for the brake sensor input?,220 OHMS,answer_too_short,answer_length
2026-02-11T00:30:39.594037Z,1990-bmw-m3-electrical-troubleshooting-manual-3435-00,1990-bmw-m3-electrical-troubleshooting-manual-3435-00-q07,What is the resistance value shown in the sensor circuit?,303 OHMS,answer_too_short,answer_length
2026-02-11T00:30:39.594037Z,1990-bmw-m3-electrical-troubleshooting-manual-3450-00,1990-bmw-m3-electrical-troubleshooting-manual-3450-00-q01,What is the section number for the Antilock Braking System in this manual?,3450-0,answer_too_short,answer_length
2026-02-11T00:30:39.594037Z,1990-bmw-m3-electrical-troubleshooting-manual-3450-00,1990-bmw-m3-electrical-troubleshooting-manual-3450-00-q02,What wire gauge is used for the connection between the ignition switch and injection electronics?,.75 GN,answer_too_short,answer_length
2026-02-11T00:30:39.594037Z,1990-bmw-m3-electrical-troubleshooting-manual-3450-00,1990-bmw-m3-electrical-troubleshooting-manual-3450-00-q06,What fuse rating is shown for the power distribution box fuse?,7.5 AMP,answer_too_short,answer_length
2026-02-11T00:30:39.594037Z,1990-bmw-m3-electrical-troubleshooting-manual-6210-02,1990-bmw-m3-electrical-troubleshooting-manual-6210-02-q01,What is the resistance value specified for the 68 OHMS component in the instrument cluster circuit?,68 OHMS,answer_too_short,answer_length
2026-02-11T00:30:39.594037Z,1990-bmw-m3-electrical-troubleshooting-manual-6210-02,1990-bmw-m3-electrical-troubleshooting-manual-6210-02-q05,What is the current rating for the fuse labeled as 7.5 AMP in the power distribution box?,7.5 AMP,answer_too_short,answer_length
2026-02-11T00:30:39.594037Z,1990-bmw-m3-electrical-troubleshooting-manual-6210-03,1990-bmw-m3-electrical-troubleshooting-manual-6210-03-q02,What is the amperage rating of fuse 10 in the power distribution box?,Fuse 10 is rated at 7.5 AMP.,question_similarity: 0.85 with 1990-bmw-m3-electrical-troubleshooting-manual-6210-03-q01,question_diversity
2026-02-11T00:30:39.594037Z,1990-bmw-m3-electrical-troubleshooting-manual-6210-04,1990-bmw-m3-electrical-troubleshooting-manual-6210-04-q02,What is the amperage rating for Fuse 18 in the power distribution box?,7.5 AMP,answer_too_short,answer_length
2026-02-11T00:30:39.594037Z,1990-bmw-m3-electrical-troubleshooting-manual-6210-04,1990-bmw-m3-electrical-troubleshooting-manual-6210-04-q04,What color is indicated for the 'Check' active check control alarm indicator?,YELLOW,answer_too_short,answer_length
2026-02-11T00:30:39.594037Z,1990-bmw-m3-electrical-troubleshooting-manual-6216-03,1990-bmw-m3-electrical-troubleshooting-manual-6216-03-q02,What is the amperage rating of FUSE 10 in the power distribution box?,FUSE 10 is rated at 7.5 AMP.,question_similarity: 0.85 with 1990-bmw-m3-electrical-troubleshooting-manual-6216-03-q01,question_diversity
2026-02-11T00:30:39.594037Z,1990-bmw-m3-electrical-troubleshooting-manual-6300-00,1990-bmw-m3-electrical-troubleshooting-manual-6300-00-q02,What is the section number for this light switch details diagram?,6300-0,answer_too_short,answer_length
2026-02-11T00:30:39.594037Z,1990-bmw-m3-electrical-troubleshooting-manual-6300-00,1990-bmw-m3-electrical-troubleshooting-manual-6300-00-q04,Which fuse is labeled as 7.5 AMP in the power distribution box?,FUSE 22,answer_too_short,answer_length
2026-02-11T00:30:39.594037Z,1990-bmw-m3-electrical-troubleshooting-manual-6313-01,1990-bmw-m3-electrical-troubleshooting-manual-6313-01-q01,What is the wire gauge specification shown for the main power feed to the turn signal switch?,1.5 GN/VL,answer_too_short,answer_length
2026-02-11T00:30:39.594037Z,1990-bmw-m3-electrical-troubleshooting-manual-6320-00,1990-bmw-m3-electrical-troubleshooting-manual-6320-00-q01,What is the section number for the rear marker/license/trunk lights wiring diagram?,6320-0,answer_too_short,answer_length
2026-02-11T00:30:39.594037Z,1990-bmw-m3-electrical-troubleshooting-manual-6320-00,1990-bmw-m3-electrical-troubleshooting-manual-6320-00-q02,Which fuse number is shown for the 75 AMP circuit in the power distribution box?,Fuse 21,answer_too_short,answer_length
2026-02-11T00:30:39.594037Z,1990-bmw-m3-electrical-troubleshooting-manual-6320-00,1990-bmw-m3-electrical-troubleshooting-manual-6320-00-q04,What is the wire color designation for the ground distribution connection?,.75 BR,answer_too_short,answer_length
2026-02-11T00:30:39.594037Z,1990-bmw-m3-electrical-troubleshooting-manual-6320-00,1990-bmw-m3-electrical-troubleshooting-manual-6320-00-q08,What wire color connects from the light switch to the various rear lighting components?,.75 GY/RD,answer_too_short,answer_length
2026-02-11T00:30:39.594037Z,1990-bmw-m3-electrical-troubleshooting-manual-6412-02,1990-bmw-m3-electrical-troubleshooting-manual-6412-02-q10,What is the section number for this A/C Air Delivery Control diagnostic procedure?,6421-2,answer_too_short,answer_length
2026-02-11T00:30:39.594037Z,1990-bmw-m3-electrical-troubleshooting-manual-6412-02,1990-bmw-m3-electrical-troubleshooting-manual-6412-02-q06,What voltage should be measured between pins 7 (GN/BR) and 8 (GN)?,Battery voltage,question_similarity: 0.85 with 1990-bmw-m3-electrical-troubleshooting-manual-6412-02-q05,question_diversity
2026-02-11T00:30:39.594037Z,1990-bmw-m3-electrical-troubleshooting-manual-6412-02,1990-bmw-m3-electrical-troubleshooting-manual-6412-02-q12,What does 'See 2' refer to in the diagnosis column of the voltage test table?,See 2 refers to the second diagnostic step in the sequence for troubleshooting when the voltage measurement is incorrect.,question_similarity: 0.87 with 1990-bmw-m3-electrical-troubleshooting-manual-6412-02-q11,question_diversity
2026-02-11T00:30:39.594037Z,1990-bmw-m3-electrical-troubleshooting-manual-6413-02,1990-bmw-m3-electrical-troubleshooting-manual-6413-02-q11,"If voltage is not present at all four wires (YL, BK, GN and BU), which test should be performed?",Do Test C,answer_too_short,answer_length
2026-02-11T00:30:39.594037Z,1990-bmw-m3-electrical-troubleshooting-manual-6454-00,1990-bmw-m3-electrical-troubleshooting-manual-6454-00-q01,What is the resistance value of the auxiliary fan normal speed blower resistor?,6 OHMS,answer_too_short,answer_length
2026-02-11T00:30:39.594037Z,1990-bmw-m3-electrical-troubleshooting-manual-6454-00,1990-bmw-m3-electrical-troubleshooting-manual-6454-00-q07,At what temperature does the dual temperature switch close for normal speed fan operation?,195°F (91°C),question_similarity: 0.86 with 1990-bmw-m3-electrical-troubleshooting-manual-6454-00-q03,question_diversity
2026-02-11T00:30:39.594037Z,1990-bmw-m3-electrical-troubleshooting-manual-6571-00,1990-bmw-m3-electrical-troubleshooting-manual-6571-00-q03,What color wire goes from the cruise control switch to the vehicle speed input?,.5 BU/YL,answer_too_short,answer_length
2026-02-11T00:30:39.594037Z,1990-bmw-m3-electrical-troubleshooting-manual-6581-00,1990-bmw-m3-electrical-troubleshooting-manual-6581-00-q02,What is the amperage rating of fuse 12 in the power distribution box?,Fuse 12 is rated at 7.5 AMP.,question_similarity: 0.85 with 1990-bmw-m3-electrical-troubleshooting-manual-6581-00-q01,question_diversity
2026-02-11T00:30:39.594037Z,1990-bmw-m3-electrical-troubleshooting-manual-7000-02,1990-bmw-m3-electrical-troubleshooting-manual-7000-02-q08,How many different engine compartment views are provided on this page?,"There are 6 different engine compartment views provided on this page, labeled as Figures 1 through 6.",self_referential: on this page,self_referential
2026-02-11T00:30:39.594037Z,1990-bmw-m3-electrical-troubleshooting-manual-7000-04,1990-bmw-m3-electrical-troubleshooting-manual-7000-04-q08,How many different engine compartment views are shown on this page?,"There are 6 different engine compartment views shown on this page, labeled as Figures 1 through 6.",self_referential: on this page,self_referential
2026-02-11T00:30:39.594037Z,1990-bmw-m3-electrical-troubleshooting-manual-7000-11,1990-bmw-m3-electrical-troubleshooting-manual-7000-11-q07,How many different component location views are shown on this page?,"Six different component location views are shown on this page, labeled as Figures 1 through 6.",self_referential: on this page,self_referential
2026-02-11T00:30:39.594037Z,1990-bmw-m3-electrical-troubleshooting-manual-8000-04,1990-bmw-m3-electrical-troubleshooting-manual-8000-04-q02,What is the main topic covered on this page?,This page shows splice location views for door harness splice locations.,self_referential: on this page,self_referential
2026-02-11T00:30:39.594037Z,1990-bmw-m3-electrical-troubleshooting-manual-8000-05,1990-bmw-m3-electrical-troubleshooting-manual-8000-05-q01,What is the page number shown in the header?,8000-5,answer_too_short,answer_length
2026-02-11T00:30:39.594037Z,1990-bmw-m3-electrical-troubleshooting-manual-8500-00,1990-bmw-m3-electrical-troubleshooting-manual-8500-00-q01,What is the connector designation shown on this page?,8500-0 DIAGNOSTIC CONNECTOR,self_referential: on this page,self_referential
2026-02-11T00:30:39.594037Z,1990-bmw-m3-electrical-troubleshooting-manual-8500-03,1990-bmw-m3-electrical-troubleshooting-manual-8500-03-q01,What is the part number for the Cruise Control Unit connector shown on this page?,The Cruise Control Unit connector is labeled with part number B260002.03.,self_referential: on this page,self_referential
2026-02-11T00:30:39.594037Z,1990-bmw-m3-electrical-troubleshooting-manual-8500-03,1990-bmw-m3-electrical-troubleshooting-manual-8500-03-q08,What type of view is shown for all the connectors on this page?,"All connectors on this page show the wiring face view, which is the view looking into the connector from the wire harness side.",self_referential: on this page,self_referential
2026-02-11T00:30:39.594037Z,1990-bmw-m3-electrical-troubleshooting-manual-8500-04,1990-bmw-m3-electrical-troubleshooting-manual-8500-04-q03,What is the part number for the Evaporator Temperature Regulator connector?,B060024,answer_too_short,answer_length
2026-02-11T00:30:39.594037Z,1990-bmw-m3-electrical-troubleshooting-manual-8500-04,1990-bmw-m3-electrical-troubleshooting-manual-8500-04-q10,Which components show both Wiring Face and Mating Face views on this page?,The Evaporative Purge Valve Relay shows both Mating Face and Wiring Face views on this page.,self_referential: on this page,self_referential
2026-02-11T00:30:39.594037Z,1990-bmw-m3-electrical-troubleshooting-manual-8500-07,1990-bmw-m3-electrical-troubleshooting-manual-8500-07-q02,How many pins does the Rear Defogger Switch connector have?,8 pins,answer_too_short,answer_length
2026-02-11T00:30:39.594037Z,1990-bmw-m3-electrical-troubleshooting-manual-8500-07,1990-bmw-m3-electrical-troubleshooting-manual-8500-07-q05,How many pins does the Oxygen Sensor Heater 318is connector have?,4 pins,answer_too_short,answer_length
2026-02-11T00:30:39.594037Z,1990-bmw-m3-electrical-troubleshooting-manual-8500-07,1990-bmw-m3-electrical-troubleshooting-manual-8500-07-q07,How many pins does the Power Window Switches connector have?,8 pins,answer_too_short,answer_length
2026-02-11T00:30:39.594037Z,1990-bmw-m3-electrical-troubleshooting-manual-8500-11,1990-bmw-m3-electrical-troubleshooting-manual-8500-11-q10,What type of face is shown for connector C243?,Connector C243 shows a mating face with connector designation B080002-00.,question_similarity: 0.80 with 1990-bmw-m3-electrical-troubleshooting-manual-8500-11-q04,question_diversity
2026-02-11T00:30:39.594037Z,1990-bmw-m3-electrical-troubleshooting-manual-9005-02,1990-bmw-m3-electrical-troubleshooting-manual-9005-02-q06,What page reference is given for the Power Distribution Box?,7000- 0-1,answer_too_short,answer_length
2026-02-11T00:30:39.594037Z,1990-bmw-m3-electrical-troubleshooting-manual-9005-03,1990-bmw-m3-electrical-troubleshooting-manual-9005-03-q02,What page reference is given for the Washer Pump location?,7000- 4-2,answer_too_short,answer_length
2026-02-11T00:30:39.594037Z,1990-bmw-m3-electrical-troubleshooting-manual-9005-03,1990-bmw-m3-electrical-troubleshooting-manual-9005-03-q03,How many pins does connector C101 have?,20 pins,answer_too_short,answer_length
2026-02-11T00:30:39.594037Z,1990-bmw-m3-electrical-troubleshooting-manual-9005-03,1990-bmw-m3-electrical-troubleshooting-manual-9005-03-q05,What is the pin count for connector C114?,8 pins,answer_too_short,answer_length
2026-02-11T00:30:39.594037Z,1990-bmw-m3-electrical-troubleshooting-manual-9005-03,1990-bmw-m3-electrical-troubleshooting-manual-9005-03-q07,How many pins does the C200 connector have?,10 pins,answer_too_short,answer_length
2026-02-11T00:30:39.594037Z,1990-bmw-m3-electrical-troubleshooting-manual-9005-03,1990-bmw-m3-electrical-troubleshooting-manual-9005-03-q09,What page reference shows the location of Window Motors?,7000-10-3,answer_too_short,answer_length
2026-02-11T00:30:39.594037Z,1990-bmw-m3-electrical-troubleshooting-manual-9005-04,1990-bmw-m3-electrical-troubleshooting-manual-9005-04-q02,What page reference is given for connector C270?,7000-6-2,answer_too_short,answer_length
2026-02-11T00:30:39.594037Z,1990-bmw-m3-electrical-troubleshooting-manual-9005-04,1990-bmw-m3-electrical-troubleshooting-manual-9005-04-q03,How many pins does connector C302 have?,25 pins,answer_too_short,answer_length
2026-02-11T00:30:39.594037Z,1990-bmw-m3-electrical-troubleshooting-manual-9005-04,1990-bmw-m3-electrical-troubleshooting-manual-9005-04-q05,What is the pin count for connector C404?,21 pins,answer_too_short,answer_length
2026-02-11T00:30:39.594037Z,1990-bmw-m3-electrical-troubleshooting-manual-9005-04,1990-bmw-m3-electrical-troubleshooting-manual-9005-04-q08,What page reference should I use to find connector C503?,7000-10-4,answer_too_short,answer_length
2026-02-11T00:30:39.594037Z,1990-bmw-m3-electrical-troubleshooting-manual-9005-05,1990-bmw-m3-electrical-troubleshooting-manual-9005-05-q09,"Which ground point is located on the inner fender, behind LH headlight?",G104.,answer_too_short,answer_length
2026-02-11T00:30:39.594037Z,23-00-index-b_manual-t,23-00-index-b_manual-t-q03,What is the reference number for the transmission case front section removal and installation procedure?,23 11 014,answer_too_short,answer_length
2026-02-11T00:30:39.594037Z,23-00-index-c_manual-t,23-00-index-c_manual-t-q05,What is the section number for the guide sleeve for clutch release bearing procedure?,23 11 623,answer_too_short,answer_length
2026-02-11T00:30:39.594037Z,23-105_manual-t,23-105_manual-t-q07,What is the part number labeled 23 1007 in the diagram?,Part number 23 1007 is a special tool component used in the ball bearing installation process.,question_similarity: 0.82 with 23-105_manual-t-q06,question_diversity
2026-02-11T00:30:39.594037Z,23-108_manual-t,23-108_manual-t-q07,What is the part number for the seal installation tool shown in the lower illustration?,23 1 360.,answer_too_short,answer_length
2026-02-11T00:30:39.594037Z,23-108_manual-t,23-108_manual-t-q08,What component is labeled as 30 23 270 in the diagram?,The lower portion of the transmission case or housing assembly.,question_similarity: 0.83 with 23-108_manual-t-q06,question_diversity
2026-02-11T00:30:39.594037Z,23-119_manual-t,23-119_manual-t-q09,What temperature should the case rear section be heated to for roller bearing installation?,The case rear section should be heated to about 80° C (175° F) using a hot air blower for roller bearing installation.,question_similarity: 0.81 with 23-119_manual-t-q02,question_diversity
2026-02-11T00:30:39.594037Z,23-16_manual-t,23-16_manual-t-q12,What are the diagram reference numbers shown on this page?,The diagram reference numbers are 30 23 142 for the upper diagram and 30 23 141 for the lower diagram.,self_referential: on this page,self_referential
2026-02-11T00:30:39.594037Z,23-172_manual-t,23-172_manual-t-q10,What is the main procedure being illustrated on this page?,"This page illustrates the procedure for replacing the radial oil seal for the output flange, reference 23 12 053.",self_referential: on this page,self_referential
2026-02-11T00:30:39.594037Z,23-178_manual-t,23-178_manual-t-q02,What is the part number shown in the first image?,30 23 049,answer_too_short,answer_length
2026-02-11T00:30:39.594037Z,23-178_manual-t,23-178_manual-t-q11,What reference number is shown in the second image?,30 23 050,answer_too_short,answer_length
2026-02-11T00:30:39.594037Z,23-302_manual-t,23-302_manual-t-q01,What is the reference number for removing and installing the transmission?,23 00 022,answer_too_short,answer_length
2026-02-11T00:30:39.594037Z,23-303_manual-t,23-303_manual-t-q05,What component is indicated by callout number 6 in the diagram?,Callout number 6 indicates the bracket that needs to be unscrewed.,question_similarity: 0.83 with 23-303_manual-t-q04,question_diversity
2026-02-11T00:30:39.594037Z,23-306_manual-t,23-306_manual-t-q11,What reference numbers are shown for the three different diagrams on this page?,"The diagrams are referenced as 730 23 048 (upper left), 730 23 034 (middle left), and 730 23 183 (lower).",self_referential: on this page,self_referential
2026-02-11T00:30:39.594037Z,23-316_manual-t,23-316_manual-t-q12,What are the reference numbers shown for the technical diagrams on this page?,"The reference numbers shown are 730 23 096, 730 23 097, 730 23 098, 730 23 161, and 730 23 035.",self_referential: on this page,self_referential
2026-02-11T00:30:39.594037Z,25-03_gear-shi,25-03_gear-shi-q01,What is the service manual section number for removing and installing shift lever?,25 11 000,answer_too_short,answer_length
2026-02-11T00:30:39.594037Z,25-03_gear-shi,25-03_gear-shi-q08,What is the reference number shown in the diagram for removing the dust cover?,30 25 022,answer_too_short,answer_length
2026-02-11T00:30:39.594037Z,25-03_gear-shi,25-03_gear-shi-q10,What is the reference number for the step showing removal of insulating felt?,30 25 010,answer_too_short,answer_length
2026-02-11T00:30:39.594037Z,25-03_gear-shi,25-03_gear-shi-q12,What is the reference number for the diagram showing the cover installation check?,30 25 011,answer_too_short,answer_length
2026-02-11T00:30:39.594037Z,25-09_gear-shi,25-09_gear-shi-q01,What is the procedure reference number for replacing the selector rod joint?,25 11 111,answer_too_short,answer_length
2026-02-11T00:30:39.594037Z,25-10_gear-shi,25-10_gear-shi-q05,How should the bearing sleeve be positioned during installation according to image 32 25 053?,Offset bearing sleeve to the left as seen looking forward in car.,invalid_question_type: installation,question_type
2026-02-11T00:30:39.594037Z,25-14_gear-shi,25-14_gear-shi-q12,What preparation is required for the bearing sleeve installation?,Lubrication with grease is required to prepare the bearing sleeve for installation.,question_similarity: 0.80 with 25-14_gear-shi-q04,question_diversity
2026-02-11T00:30:39.594037Z,25-19_gear-shi,25-19_gear-shi-q01,What is the part number for removing and installing the selector lever?,25 16 080,answer_too_short,answer_length
2026-02-11T00:30:39.594037Z,25-22_gear-shi,25-22_gear-shi-q10,What is the main topic covered on this page?,Adjusting cable for range selection lever.,self_referential: on this page,self_referential
2026-02-11T00:30:39.594037Z,26-03_propello,26-03_propello-q01,What is the part number for removing and installing the propeller shaft?,26 11 000,answer_too_short,answer_length
2026-02-11T00:30:39.594037Z,26-06_propello,26-06_propello-q12,What is the main procedure title covered on this page?,The main procedure is 26 11 051 REPLACING JOINT DISC FOR REAR PROPELLER SHAFT.,self_referential: on this page,self_referential
2026-02-11T00:30:39.594037Z,26-09_propello,26-09_propello-q10,What are the three diagram reference numbers shown on this page?,"The diagram reference numbers are 20 26 018, 20 26 019, and 20 26 020.",self_referential: on this page,self_referential
2026-02-11T00:30:39.594037Z,26-13_propello,26-13_propello-q06,What are the part numbers shown in the diagrams on this page?,The diagrams show part numbers 30 26 028 and 30 26 029.,self_referential: on this page,self_referential
2026-02-11T00:30:39.594037Z,31-00-index-c_front-ax,31-00-index-c_front-ax-q01,What is the part number for the bearing in console for right output shaft?,31 53 050,answer_too_short,answer_length
2026-02-11T00:30:39.594037Z,31-05_front-ax,31-05_front-ax-q11,What are the three main steps shown in the diagrams on this page?,"The three steps are: loosening the right engine mount, attaching Special Tool 00 0 200, and removing the front axle carrier bolts.",self_referential: on this page,self_referential
2026-02-11T00:30:39.594037Z,31-06_1_front-ax,31-06_1_front-ax-q01,What is the procedure code for removing and installing the left or right control arm?,31 12 000,answer_too_short,answer_length
2026-02-11T00:30:39.594037Z,31-06_1_front-ax,31-06_1_front-ax-q09,What diagram number shows the control arm bracket removal?,30 31 014,answer_too_short,answer_length
2026-02-11T00:30:39.594037Z,31-06_1_front-ax,31-06_1_front-ax-q10,What diagram number shows the nut removal step?,30 31 561,answer_too_short,answer_length
2026-02-11T00:30:39.594037Z,31-06_1_front-ax,31-06_1_front-ax-q11,What diagram number shows the control arm pressing procedure?,30 31 564,answer_too_short,answer_length
2026-02-11T00:30:39.594037Z,31-09_2_front-ax,31-09_2_front-ax-q12,What is the main task being demonstrated in both diagrams on this page?,"The installation of a drive flange, showing both circlip installation and the use of special tools to pull in the flange.",self_referential: on this page,self_referential
2026-02-11T00:30:39.594037Z,31-09_2_front-ax,31-09_2_front-ax-q06,What is part number 33 4 032 in the lower diagram?,One of the special tools used for pulling in the drive flange assembly.,question_similarity: 0.83 with 31-09_2_front-ax-q05,question_diversity
2026-02-11T00:30:39.594037Z,31-09_front-ax,31-09_front-ax-q01,What is the service manual section number for removing and installing left or right wheel hub drive flange?,31 21 121,answer_too_short,answer_length
2026-02-11T00:30:39.594037Z,31-16_1_front-ax,31-16_1_front-ax-q08,What does the letter B represent in the correction table?,B = Equipment of delivered car,question_similarity: 0.80 with 31-16_1_front-ax-q07,question_diversity
2026-02-11T00:30:39.594037Z,31-16_2_front-ax,31-16_2_front-ax-q01,What is the part number for the 325e and 325i models since 1987 that corresponds to measurement +8 in column 1 31 324?,1 131 324,answer_too_short,answer_length
2026-02-11T00:30:39.594037Z,31-16_2_front-ax,31-16_2_front-ax-q02,"For convertible models, what is the part number that has a measurement of +22 in column 1 31 940?",1 132 073,answer_too_short,answer_length
2026-02-11T00:30:39.594037Z,31-16_2_front-ax,31-16_2_front-ax-q04,Which part number in the convertibles table has the measurement -9 in the first column?,1 131 937,answer_too_short,answer_length
2026-02-11T00:30:39.594037Z,31-16_2_front-ax,31-16_2_front-ax-q07,What part number in the convertibles table corresponds to measurement +15 in column 1 31 937?,1 131 937,answer_too_short,answer_length
2026-02-11T00:30:39.594037Z,31-16_2_front-ax,31-16_2_front-ax-q09,What is the part number that has measurement -15 in column 1 31 330 for the 325e and 325i models?,1 131 030,answer_too_short,answer_length
2026-02-11T00:30:39.594037Z,31-16_3_front-ax,31-16_3_front-ax-q10,What is the difference between the information sections for regular four wheel drive cars and M-Technic cars?,"The M-Technic section simply states 'See above', referencing the same installation requirements as the regular four wheel drive cars.",invalid_question_type: comparison,question_type
2026-02-11T00:30:39.594037Z,31-16_4_front-ax,31-16_4_front-ax-q03,What is the part number for the first entry in the table?,1 130 037,answer_too_short,answer_length
2026-02-11T00:30:39.594037Z,31-19_front-ax,31-19_front-ax-q08,What is the common correction for all the front axle troubleshooting conditions listed on this page?,"Replace shock absorbers is the correction for all conditions listed, including body after-swinging, wiping, rising during acceleration, wheel jumping, breaking out when braking, and skidding in curves.",self_referential: on this page,self_referential
2026-02-11T00:30:39.594037Z,31-21_front-ax,31-21_front-ax-q06,"How many miles is equivalent to the 1,000 km break-in period?",600 miles,answer_too_short,answer_length
2026-02-11T00:30:39.594037Z,31-22_front-ax,31-22_front-ax-q01,What is the procedure section number for removing and installing or replacing front axle final drive?,31 50 000,answer_too_short,answer_length
2026-02-11T00:30:39.594037Z,31-23_front-ax,31-23_front-ax-q07,What installation requirement is specified for the drive set faces?,"The surface on drive set faces must be flat on the case, and tightening torque specifications must be followed.",invalid_question_type: installation,question_type
2026-02-11T00:30:39.594037Z,31-23_front-ax,31-23_front-ax-q11,What reference numbers are associated with the various procedural images on this page?,"The reference numbers shown are 30 31 552, 30 31 554, 30 31 509, 30 31 579, 30 31 511, 30 31 553, and 30 31 505.",self_referential: on this page,self_referential
2026-02-11T00:30:39.594037Z,31-25_front-ax,31-25_front-ax-q01,What are the two procedures described on this page?,The page describes 31 51 015 - Replacing shaft seal for left output shaft and 31 51 020 - Replacing shaft seal for right output shaft.,self_referential: on this page,self_referential
2026-02-11T00:30:39.594037Z,31-25_front-ax,31-25_front-ax-q03,What is the first step for replacing the right output shaft seal?,Remove output shaft 31 60 000.,question_similarity: 0.83 with 31-25_front-ax-q02,question_diversity
2026-02-11T00:30:39.594037Z,31-25_front-ax,31-25_front-ax-q11,What is the reference number shown at the bottom right of the right image?,The reference number shown is 30 31 583.,question_similarity: 0.83 with 31-25_front-ax-q10,question_diversity
2026-02-11T00:30:39.594037Z,31-33_front-ax,31-33_front-ax-q01,What procedure code is shown for removing and installing the differential for the front axle final drive?,31 53 500,answer_too_short,answer_length
2026-02-11T00:30:39.594037Z,31-38_front-ax,31-38_front-ax-q09,What procedure is shown in the illustration on this page?,The illustration shows pressing on tapered roller bearings with Special Tools 33 1 309 and 31 5 050.,self_referential: on this page,self_referential
2026-02-11T00:30:39.594037Z,31-39_front-ax,31-39_front-ax-q07,What should you do if the friction torque is insufficient?,Install thinner shim (B) until nominal value is reached.,question_similarity: 0.82 with 31-39_front-ax-q06,question_diversity
2026-02-11T00:30:39.594037Z,31-44_front-ax,31-44_front-ax-q01,What is the main topic covered on this page?,This page covers tooth contact pattern adjustments for differential gears.,self_referential: on this page,self_referential
2026-02-11T00:30:39.594037Z,31-47_front-ax,31-47_front-ax-q07,How much grease should be added to the inner constant velocity joint?,Add grease from a 80 gr. tube for the inner constant velocity joint.,question_similarity: 0.85 with 31-47_front-ax-q06,question_diversity
2026-02-11T00:30:39.594037Z,33-00_2_rear-axl,33-00_2_rear-axl-q06,What is the maximum testing time allowed?,10 sec.,answer_too_short,answer_length
2026-02-11T00:30:39.594037Z,33-00_2_rear-axl,33-00_2_rear-axl-q07,What is the total testing time specified?,40 sec.,answer_too_short,answer_length
2026-02-11T00:30:39.594037Z,33-07_rear-axl,33-07_rear-axl-q01,What is the section number for removing and installing trailing arm assembly?,33 32 000,answer_too_short,answer_length
2026-02-11T00:30:39.594037Z,33-07_rear-axl,33-07_rear-axl-q05,What reference number is used for removing the parking brake lever?,34 41 000,answer_too_short,answer_length
2026-02-11T00:30:39.594037Z,33-10_rear-axl,33-10_rear-axl-q01,What adjustment procedure is shown on this page?,This page shows the procedure for changing toe on the left wheel.,self_referential: on this page,self_referential
2026-02-11T00:30:39.594037Z,33-11_rear-axl,33-11_rear-axl-q01,What procedure is being illustrated on this page?,"This page shows the procedure for changing toe on the right wheel, as indicated by the title 'CHANGING TOE ON 'RIGHT' WHEEL'.",self_referential: on this page,self_referential
2026-02-11T00:30:39.594037Z,33-17_rear-axl,33-17_rear-axl-q12,What visual reference numbers are shown in the diagrams on this page?,"The diagrams show reference numbers 30 33 112, 30 33 111, and 30 33 114.",self_referential: on this page,self_referential
2026-02-11T00:30:39.594037Z,34-04_brakes,34-04_brakes-q05,What is the procedure number for removing and installing front brake calipers?,The procedure number is 34 11 520 for removing and installing front brake calipers.,question_similarity: 0.85 with 34-04_brakes-q01,question_diversity
2026-02-11T00:30:39.594037Z,34-07_brakes,34-07_brakes-q09,What does callout number 2 indicate in the bottom right image?,Callout number 2 indicates the bolts that need to be unscrewed on the wheel brake cylinder.,question_similarity: 0.83 with 34-07_brakes-q08,question_diversity
2026-02-11T00:30:39.594037Z,34-14_brakes,34-14_brakes-q09,What are the three brake hose replacement procedures covered on this page?,"Replacing all brake lines (34 32 361), replacing front brake hose (34 32 381), and replacing rear brake hose (34 32 451).",self_referential: on this page,self_referential
2026-02-11T00:30:39.594037Z,34-16_brakes,34-16_brakes-q05,What is the procedure number for replacing the vacuum hose for brake booster?,The procedure number for replacing the vacuum hose for brake booster is 34 33 071.,question_similarity: 0.82 with 34-16_brakes-q01,question_diversity
2026-02-11T00:30:39.594037Z,34-17_brakes,34-17_brakes-q01,What is the procedure number for checking function of brake force regulator?,34 34 099,answer_too_short,answer_length
2026-02-11T00:30:39.594037Z,34-17_brakes,34-17_brakes-q09,What are the example pressure values given for Pressure II at the inlet and outlet?,"Inlet pressure: 100 bar (1422 psi), Outlet pressure: 58.2 bar (828 psi).",question_similarity: 0.86 with 34-17_brakes-q08,question_diversity
2026-02-11T00:30:39.594037Z,34-22_brakes,34-22_brakes-q01,What should I do if the brake pedal motion feels too soft and spongy?,"Add or replace brake fluid and bleed brakes. This condition is typically caused by air in the brake system, insufficient brake fluid, or overheated brake fluid with excessive water content or brake loads.",generic_answer: typically,generic_answer
2026-02-11T00:30:39.594037Z,34-23_brakes,34-23_brakes-q04,"If I have excessive brake pedal travel, what should I check for?","Check for wheel bearing play excessive, brake disc not aligned with caliper, brake disc runout, excessive thickness difference within braking surface, brake system leaks, air in brake system, pads/liners not specified type, or automatic brake shoe slack control malfunctions.",generic_answer: not specified,generic_answer
2026-02-11T00:30:39.594037Z,34-27_brakes,34-27_brakes-q06,What is the part number shown on this page?,The part number shown is 30 34 125.,self_referential: on this page,self_referential
2026-02-11T00:30:39.594037Z,34-31b_brakes,34-31b_brakes-q01,What is the part number for removing and installing or replacing acceleration pick-up?,34 52 520,answer_too_short,answer_length
2026-02-11T00:30:39.594037Z,34-31b_brakes,34-31b_brakes-q04,What is the part number for checking acceleration pick-up for ABS?,34 52 000,answer_too_short,answer_length
2026-02-11T00:30:39.594037Z,34-31c_brakes,34-31c_brakes-q05,What should be done if the measured actual value is larger than the nominal value?,Install the shim on mounting point (2).,question_similarity: 0.86 with 34-31c_brakes-q04,question_diversity
2026-02-11T00:30:39.594037Z,34-32_brakes,34-32_brakes-q10,Can the rear ABS pulse wheel be replaced separately?,"No, the rear pulse wheel can only be replaced together with the rear output shaft, and you should see Removing and Installing Output Shaft 33 21 000.",question_similarity: 0.80 with 34-32_brakes-q09,question_diversity
2026-02-11T00:30:39.594037Z,34-34_brakes,34-34_brakes-q10,What type of wiring diagram is shown on this page?,This is an ABS wiring diagram as indicated in the header.,self_referential: on this page,self_referential
2026-02-11T00:30:39.594037Z,34-38_brakes,34-38_brakes-q03,What is the job position code for checking the function of electronic relay when stabilization voltage between wires 12 and 10 fails?,34 52 510,answer_too_short,answer_length
2026-02-11T00:30:39.594037Z,34-38_brakes,34-38_brakes-q05,What is the job position code for valve relay replacement?,61 31 570,answer_too_short,answer_length
2026-02-11T00:30:39.594037Z,34-38_brakes,34-38_brakes-q10,What job position code is referenced for wire harness replacement?,61 11 530,answer_too_short,answer_length
2026-02-11T00:30:39.594037Z,34-41_brakes,34-41_brakes-q10,What group does this troubleshooting procedure belong to?,Group 34,answer_too_short,answer_length
2026-02-11T00:30:39.594037Z,34-43_brakes,34-43_brakes-q06,What is the part number for the hydraulic unit replacement?,34 51 520,answer_too_short,answer_length
2026-02-11T00:30:39.594037Z,34-43_brakes,34-43_brakes-q10,Which job position group does this hydraulic unit pressure drop test belong to?,Group 34,answer_too_short,answer_length
2026-02-11T00:30:39.594037Z,34-44_brakes,34-44_brakes-q07,What is the job position number for the hydraulic unit replacement?,34 51 520,answer_too_short,answer_length
2026-02-11T00:30:39.594037Z,34-44_brakes,34-44_brakes-q10,What group classification does this hydraulic unit test belong to?,Group 34,answer_too_short,answer_length
2026-02-11T00:30:39.594037Z,35-02_pedals,35-02_pedals-q05,What BMW part number is shown on this diagram?,28 35 005,answer_too_short,answer_length
2026-02-11T00:30:39.594037Z,35-05_pedals,35-05_pedals-q01,What is the section number for removing and installing the brake pedal?,35 21 000,answer_too_short,answer_length
2026-02-11T00:30:39.594037Z,35-05_pedals,35-05_pedals-q12,What diagram number is shown at the bottom of the page for pedal layout reference?,28 35 001,answer_too_short,answer_length
2026-02-11T00:30:39.594037Z,35-08_pedals,35-08_pedals-q10,What service procedures are covered in section 35 41 010?,Section 35 41 010 covers removing and installing accelerator pedal lever.,question_similarity: 0.82 with 35-08_pedals-q09,question_diversity
2026-02-11T00:30:39.594037Z,35-09_pedals,35-09_pedals-q01,What is the BMW part number for replacing the accelerator cable?,35 41 421,answer_too_short,answer_length
2026-02-11T00:30:39.594037Z,35-09_pedals,35-09_pedals-q02,Which group should you reference when removing the dashboard trim panel at bottom left?,Group 51,answer_too_short,answer_length
2026-02-11T00:30:39.594037Z,35-09_pedals,35-09_pedals-q12,What is the reference number for the photograph showing the throttle valve lever components?,30 35 038,answer_too_short,answer_length
2026-02-11T00:30:39.594037Z,36-03_wheels-a,36-03_wheels-a-q06,Where should measuring supports be applied on the rear axle?,"Apply measuring supports underneath the rear axle on each trailing arm as close as possible to the wheel, using suitable holding forks or additional forks.",question_similarity: 0.82 with 36-03_wheels-a-q05,question_diversity
2026-02-11T00:30:39.594037Z,36-03_wheels-a,36-03_wheels-a-q08,Where should the workshop jack be positioned for the rear axle final drive?,"Apply a workshop jack underneath the rear axle final drive in the middle and with light pressure, in order to suppress the oscillation of the rear axle final drive.",question_similarity: 0.85 with 36-03_wheels-a-q07,question_diversity
2026-02-11T00:30:39.594037Z,36-05_wheels-a,36-05_wheels-a-q09,What is the procedure for measuring maximum tire lateral runout?,"Apply Special Tool 36 1 000 on side surface of tire, turn wheel by hand and measure max. tire lateral runout.",question_similarity: 0.82 with 36-05_wheels-a-q07,question_diversity
2026-02-11T00:30:39.594037Z,41-002_body,41-002_body-q12,Who is the source of supply for workshop equipment and materials mentioned on this page?,Source of supply for workshop equipment and materials: HWB (a Business Division of BMW AG).,self_referential: on this page,self_referential
2026-02-11T00:30:39.594037Z,41-005_body,41-005_body-q05,What units are all the dimensions given in on this page?,All dimensions are given in mm (millimeters).,self_referential: on this page,self_referential
2026-02-11T00:30:39.594037Z,41-102c_body-con,41-102c_body-con-q09,What reference number is associated with the door pillar setup image?,30 41 687,answer_too_short,answer_length
2026-02-11T00:30:39.594037Z,41-102c_body-con,41-102c_body-con-q10,What reference number corresponds to the rear side panel clamping procedure?,30 41 688,answer_too_short,answer_length
2026-02-11T00:30:39.594037Z,41-102c_body-con,41-102c_body-con-q11,What reference number is shown for the door installation check procedure?,30 41 689,answer_too_short,answer_length
2026-02-11T00:30:39.594037Z,41-102c_body-con,41-102c_body-con-q12,What reference number identifies the final welding support step?,30 41 693,answer_too_short,answer_length
2026-02-11T00:30:39.594037Z,41-104_body,41-104_body-q03,Which components need to be removed or disconnected before replacing the left front engine carrier?,"Remove or disconnect the battery on ground pole, bumper, upper and lower wheel house trim panels, all radiator grill sections, engine hood lock and catch, front spoiler, all headlights, front fog lamps when applicable, both bumper brackets, two-tone horns, heater wall seal, entrance cover, front seat, dashboard trim panel, carpet on A pillar, carpet in passenger compartment partially, footwell insulation sheet partially, brake booster with master cylinder, fuel filter, ignition coil, brake pipes partially, engine, front axle with transmission, engine wire harness partially, radiator trim paneland data plate.",answer_too_long,answer_length
2026-02-11T00:30:39.594037Z,41-104_body,41-104_body-q11,What should be done to the points of connection on the new engine carrier?,Grind points of connection on new engine carrier.,question_similarity: 0.86 with 41-104_body-q09,question_diversity
2026-02-11T00:30:39.594037Z,41-106_body,41-106_body-q01,What is the section number for replacing the front engine carrier section and left front center section with wheel house?,41 11 026,answer_too_short,answer_length
2026-02-11T00:30:39.594037Z,41-106_body,41-106_body-q10,What callout number is shown in the bottom right image?,30 41 523,answer_too_short,answer_length
2026-02-11T00:30:39.594037Z,41-107_body,41-107_body-q03,What part numbers are shown in the images on this page?,"The images show part numbers 30 41 524, 30 41 525, and 30 41 526.",self_referential: on this page,self_referential
2026-02-11T00:30:39.594037Z,41-115_body,41-115_body-q11,What diagram reference numbers are visible on this page?,"The diagram reference numbers visible are 30 41 018, 30 41 022, 30 41 019, 30 41 027, 30 41 020, 30 41 024, 30 41 021, and 30 41 025.",self_referential: on this page,self_referential
2026-02-11T00:30:39.594037Z,41-116_body,41-116_body-q03,What components need to be removed or disconnected according to the parts list?,"Remove or disconnect: ground lead on battery, rear bumper, left tail light assembly, trunk mats, wall trim, left wheel house trim, tail panel trim, trunk lid seal, rear window complete with rubber frame, side window, rear seat cushion and backrest, front seat, side trim panel, hatrack, entrance cover strip, front door pillar carpet, passenger compartment carpets partially, roof liner partially, seat belt, door pillar trim, front door seals, door striker, C pillar air extraction mask, rear side panel rubbing strip, left wheel house cover, fuel tank complete, brace on floor assembly and wire harness in trunk partially.",answer_too_long,answer_length
2026-02-11T00:30:39.594037Z,41-118_body,41-118_body-q01,What is the section number for replacing the complete rear trunk floor plate?,41 12 535,answer_too_short,answer_length
2026-02-11T00:30:39.594037Z,41-122_body,41-122_body-q03,What major components need to be removed or disconnected before replacing the left front wheel house?,"You need to remove the ground lead on battery, bumper, upper and lower wheel house trim, all radiator grill sections, engine hood lock and release, front spoiler, all headlights, front fog lamps if applicable, both bumper brackets, horns, heater wall seal, entrance cover strip, front seat, instrument panel trim, carpet on A pillar, passenger compartment carpets partially, footwell insulation sheet partially, brake booster with brake master cylinder, fuel filter, ignition coil, brake lines partially, engine, front axle and transmission, engine compartment wire harness partially, radiator trim, and data plate.",answer_too_long,answer_length
2026-02-11T00:30:39.594037Z,41-124_body,41-124_body-q03,What is the part number shown for the engine hood lock holder drilling procedure?,30 41 488,answer_too_short,answer_length
2026-02-11T00:30:39.594037Z,41-124_body,41-124_body-q06,What is the part number associated with the end plate welding procedure?,30 41 492,answer_too_short,answer_length
2026-02-11T00:30:39.594037Z,41-124_body,41-124_body-q12,What is the part number for the final plug spot welding step shown?,30 41 494,answer_too_short,answer_length
2026-02-11T00:30:39.594037Z,41-128_body,41-128_body-q02,What is the reference number shown in the first illustration?,30 41 285,answer_too_short,answer_length
2026-02-11T00:30:39.594037Z,41-128_body,41-128_body-q04,What is the reference number for the second illustration showing the gas weld procedure?,30 41 286,answer_too_short,answer_length
2026-02-11T00:30:39.594037Z,41-128_body,41-128_body-q09,What page number is shown at the top of this manual page?,41-128,answer_too_short,answer_length
2026-02-11T00:30:39.594037Z,41-128_body,41-128_body-q10,How many different welding procedures are illustrated on this page?,Two different welding procedures are illustrated - plug spot welding and gas welding.,self_referential: on this page,self_referential
2026-02-11T00:30:39.594037Z,41-129_body,41-129_body-q01,What is the part number for replacing the right rear wheel house complete and side panel?,41 14 181,answer_too_short,answer_length
2026-02-11T00:30:39.594037Z,41-129_body,41-129_body-q09,What image reference number shows the drilling of welding spots for hinge support?,30 41 291,answer_too_short,answer_length
2026-02-11T00:30:39.594037Z,41-129_body,41-129_body-q10,What image reference number shows the removal of brazing solder on pipe for vent line?,30 41 292,answer_too_short,answer_length
2026-02-11T00:30:39.594037Z,41-201_body,41-201_body-q01,What is the procedure number for replacing left or right center door pillar on a four door model?,41 21 051,answer_too_short,answer_length
2026-02-11T00:30:39.594037Z,41-201_body,41-201_body-q12,What diagram number shows the step for sawing completely through the B pillar?,30 41 370,answer_too_short,answer_length
2026-02-11T00:30:39.594037Z,41-203c_body-con,41-203c_body-con-q08,How many different welding techniques are demonstrated on this page?,"Three different welding techniques are demonstrated: plug spot welding, inert gas welding, and brazing.",self_referential: on this page,self_referential
2026-02-11T00:30:39.594037Z,41-206_body,41-206_body-q04,What component is being sealed according to the instructions on this page?,The cover for the side member is the component being sealed with joint sealing compound.,self_referential: on this page,self_referential
2026-02-11T00:30:39.594037Z,41-209_body,41-209_body-q09,What image number corresponds to the brazing joint with cowl panel procedure?,30 41 543,answer_too_short,answer_length
2026-02-11T00:30:39.594037Z,41-209_body,41-209_body-q10,Which image shows the installation of the new end plate?,30 41 545,answer_too_short,answer_length
2026-02-11T00:30:39.594037Z,41-209_body,41-209_body-q11,What is the image number for the inert gas welding procedure?,30 41 547,answer_too_short,answer_length
2026-02-11T00:30:39.594037Z,41-209_body,41-209_body-q12,What page number is shown at the top of this section?,41-209,answer_too_short,answer_length
2026-02-11T00:30:39.594037Z,41-210_body,41-210_body-q08,How many main procedural steps are shown on this page?,There are three main procedural steps shown on this page.,self_referential: on this page,self_referential
2026-02-11T00:30:39.594037Z,41-212_body,41-212_body-q10,What is the final reference number shown on this page?,The final reference number shown is 30 41 137.,self_referential: on this page,self_referential
2026-02-11T00:30:39.594037Z,41-215_body,41-215_body-q06,What is the BMW part number shown in the first image?,30 41 154,answer_too_short,answer_length
2026-02-11T00:30:39.594037Z,41-215_body,41-215_body-q07,What part number is associated with the A pillar joint repair?,30 41 208,answer_too_short,answer_length
2026-02-11T00:30:39.594037Z,41-215_body,41-215_body-q10,Which BMW part number corresponds to the B pillar inert gas welding procedure?,30 41 155,answer_too_short,answer_length
2026-02-11T00:30:39.594037Z,41-215_body,41-215_body-q11,What part number is shown for the mating surface grinding procedure?,30 41 159,answer_too_short,answer_length
2026-02-11T00:30:39.594037Z,41-215_body,41-215_body-q12,What BMW part number is associated with the outside B pillar brazing procedure?,30 41 156,answer_too_short,answer_length
2026-02-11T00:30:39.594037Z,41-301_body,41-301_body-q01,What is the procedure number for replacing the roof panel without sun roof?,41 31 001,answer_too_short,answer_length
2026-02-11T00:30:39.594037Z,41-301c_body-con,41-301c_body-con-q09,How many different image references are shown on this page?,"Six image references are shown: 30 41 654, 30 41 655, 30 41 656, 30 41 657, 30 41 658, 30 41 659, and 30 41 070.",self_referential: on this page,self_referential
2026-02-11T00:30:39.594037Z,41-302_body,41-302_body-q12,What is the main focus of the procedures shown on this page?,"Roof panel installation procedures, including surface preparation, sealing, clamping, and spot welding operations.",self_referential: on this page,self_referential
2026-02-11T00:30:39.594037Z,41-302_body,41-302_body-q10,Where should the roof panel be spot welded according to image 30 41 187?,Spot weld roof panel in rear window opening.,question_similarity: 0.87 with 41-302_body-q09,question_diversity
2026-02-11T00:30:39.594037Z,41-302c_body-con,41-302c_body-con-q09,Which BMW part numbers are shown in the images on this page?,"The BMW part numbers shown are 30 41 659, 30 41 660, 30 41 661, 30 41 662, 30 41 072, 30 41 663, 30 41 664, and 30 41 665.",self_referential: on this page,self_referential
2026-02-11T00:30:39.594037Z,41-303_body,41-303_body-q11,How many different welding operations are shown in the images on this page?,Six different welding operations are illustrated in the images.,self_referential: on this page,self_referential
2026-02-11T00:30:39.594037Z,41-303c_body-con,41-303c_body-con-q09,What page reference number appears at the top of this manual page?,41-303 C,answer_too_short,answer_length
2026-02-11T00:30:39.594037Z,41-304_body,41-304_body-q01,What is the part number for replacing left or right cowl panel?,41 32 515,answer_too_short,answer_length
2026-02-11T00:30:39.594037Z,41-304c_body-con,41-304c_body-con-q09,What are the reference numbers shown in the images on this page?,"The reference numbers shown are 30 41 673, 30 41 088, 30 41 087, 30 41 088, 30 41 250, 30 41 674, 30 41 675, and 30 41 676.",self_referential: on this page,self_referential
2026-02-11T00:30:39.594037Z,41-305c_body-con,41-305c_body-con-q02,What part number is shown in the top photograph?,30 41 677,answer_too_short,answer_length
2026-02-11T00:30:39.594037Z,41-305c_body-con,41-305c_body-con-q05,What part number corresponds to the diagram showing the wheel opening area?,30 41 741,answer_too_short,answer_length
2026-02-11T00:30:39.594037Z,41-308_body,41-308_body-q08,How many different welding operations are illustrated on this page?,Three different welding operations are illustrated: two for gas plug welds on the engine carrier front wall and one for gas weld on the end plate.,self_referential: on this page,self_referential
2026-02-11T00:30:39.594037Z,41-309_body,41-309_body-q11,What is depicted in figure 30 41 052?,Figure 30 41 052 shows the new tail panel with prepared mating surfaces ready for installation.,self_referential: depicted in,self_referential
2026-02-11T00:30:39.594037Z,41-310_body,41-310_body-q09,What is depicted in image 30 41 054?,The image shows fitting in and tack welding the tail panel.,self_referential: depicted in,self_referential
2026-02-11T00:30:39.594037Z,41-312_body,41-312_body-q03,What types of components need to be removed or disconnected before starting this repair?,"Negative lead on battery, rear bumper, left tail light assembly, trunk mats, wall trim, left wheel house trim, tail panel trim, trunk lid seals, rear window complete with rubber frame, side window, rear seat cushion and backrest, side trim panel, hatrack, entrance cover strip, carpets partially, roof liner partially, door pillar trim, seat belt, front door seals, door striker, C pillar air extraction mask, rear seam rubbing strip, left wheel house cover, fuel tank complete, brace on floor plate and wire harness in trunk partially.",answer_too_long,answer_length
2026-02-11T00:30:39.594037Z,41-316_body,41-316_body-q08,What is the reference number for the image showing the B pillar joint brazing?,30 41 463,answer_too_short,answer_length
2026-02-11T00:30:39.594037Z,41-316_body,41-316_body-q09,What is the reference number for the spot welding operation?,30 41 467,answer_too_short,answer_length
2026-02-11T00:30:39.594037Z,41-316_body,41-316_body-q10,What is the reference number for the inert gas welding procedure?,30 41 465,answer_too_short,answer_length
2026-02-11T00:30:39.594037Z,41-316_body,41-316_body-q11,What is the reference number for the autogen welding from inside?,30 41 466,answer_too_short,answer_length
2026-02-11T00:30:39.594037Z,41-317_body,41-317_body-q02,What part number is shown for the welded flange in the rear wheel area?,30 41 471,answer_too_short,answer_length
2026-02-11T00:30:39.594037Z,41-317_body,41-317_body-q06,What part number is shown for the wheel house component?,30 41 739,answer_too_short,answer_length
2026-02-11T00:30:39.594037Z,41-317_body,41-317_body-q09,What part number is associated with the bottom image showing the vehicle?,30 41 472,answer_too_short,answer_length
2026-02-11T00:30:39.594037Z,41-319_body,41-319_body-q02,What part number is shown in the image for cutting off the side panel on tail panel?,30 41 069,answer_too_short,answer_length
2026-02-11T00:30:39.594037Z,41-319_body,41-319_body-q04,What is the part number associated with cutting through the B pillar?,30 41 217,answer_too_short,answer_length
2026-02-11T00:30:39.594037Z,41-319_body,41-319_body-q07,What part number corresponds to the step for clearing joint and drilling off welded spots?,30 41 215,answer_too_short,answer_length
2026-02-11T00:30:39.594037Z,41-319_body,41-319_body-q11,What part number is associated with grinding off the edge?,30 41 216,answer_too_short,answer_length
2026-02-11T00:30:39.594037Z,41-319_body,41-319_body-q12,What part number corresponds to the final step of cutting off side panel on guide plate?,30 41 220,answer_too_short,answer_length
2026-02-11T00:30:39.594037Z,41-322_body,41-322_body-q09,How many different welding operations are shown on this page?,"Seven different welding operations are shown, including spot welding, tack welding, gas plug welding, and brazing.",self_referential: on this page,self_referential
2026-02-11T00:30:39.594037Z,41-323_body,41-323_body-q08,How many different welding reference numbers are visible on this page?,"There are 8 different welding reference numbers visible: 30 41 245, 30 41 246, 30 41 247, 30 41 248, 30 41 086, 30 41 087, 30 41 089, and 30 41 088.",self_referential: on this page,self_referential
2026-02-11T00:30:39.594037Z,41-324_body,41-324_body-q10,What part number reference is shown for the spot welded flange diagram?,30 41 740,answer_too_short,answer_length
2026-02-11T00:30:39.594037Z,41-324_body,41-324_body-q11,What part number reference is associated with grinding down the entrance joint?,30 41 251,answer_too_short,answer_length
2026-02-11T00:30:39.594037Z,41-324_body,41-324_body-q12,What part number reference is shown for sealing the inside of joints?,30 41 097,answer_too_short,answer_length
2026-02-11T00:30:39.594037Z,41-328_body,41-328_body-q11,What is the reference number for the image showing the trunk lid gap check?,30 41 397,answer_too_short,answer_length
2026-02-11T00:30:39.594037Z,41-328_body,41-328_body-q12,What is the reference number for the image showing the entrance brazing procedure?,30 41 244,answer_too_short,answer_length
2026-02-11T00:30:39.594037Z,41-331_body,41-331_body-q01,What is the section number for replacing the right rear side panel?,41 35 338,answer_too_short,answer_length
2026-02-11T00:30:39.594037Z,41-332_body,41-332_body-q05,What is the first step shown in multiple images on this page?,Remove scrap metal.,self_referential: on this page,self_referential
2026-02-11T00:30:39.594037Z,41-335_body,41-335_body-q04,What part number is shown in the diagram illustrating the wheel housing flange area?,30 41 740,answer_too_short,answer_length
2026-02-11T00:30:39.594037Z,41-335_body,41-335_body-q08,What part number corresponds to the image showing the side panel/tail panel joint area?,30 41 098,answer_too_short,answer_length
2026-02-11T00:30:39.594037Z,41-335_body,41-335_body-q09,What part number is associated with the middle image showing joint sealing?,30 41 097,answer_too_short,answer_length
2026-02-11T00:30:39.594037Z,41-335_body,41-335_body-q12,What page number is shown at the top of this manual page?,41-335,answer_too_short,answer_length
2026-02-11T00:30:39.594037Z,41-502_body,41-502_body-q06,What diagram number shows the vertical striker alignment procedure?,30 41 411,answer_too_short,answer_length
2026-02-11T00:30:39.594037Z,41-502_body,41-502_body-q07,What diagram number illustrates the horizontal striker alignment?,30 41 412,answer_too_short,answer_length
2026-02-11T00:30:39.594037Z,41-502_body,41-502_body-q08,What diagram shows the final alignment reference measurement?,30 41 413,answer_too_short,answer_length
2026-02-11T00:30:39.594037Z,41-504_body,41-504_body-q01,What is the section number for replacing left or right front door?,41 51 101,answer_too_short,answer_length
2026-02-11T00:30:39.594037Z,41-504_body,41-504_body-q04,What section reference is given for removing the front door trim panel?,51 41 001,answer_too_short,answer_length
2026-02-11T00:30:39.594037Z,41-504_body,41-504_body-q05,Which section covers removing the window regulator?,51 32 020,answer_too_short,answer_length
2026-02-11T00:30:39.594037Z,41-504_body,41-504_body-q06,What is the section reference for removing the power window if applicable?,51 33 000,answer_too_short,answer_length
2026-02-11T00:30:39.594037Z,41-504_body,41-504_body-q10,What section reference is provided for door lock removal?,51 21 090,answer_too_short,answer_length
2026-02-11T00:30:39.594037Z,41-504_body,41-504_body-q12,What section covers removing the door lock cylinder?,51 21 140,answer_too_short,answer_length
2026-02-11T00:30:39.594037Z,41-505_body,41-505_body-q01,What is the service manual reference number for adjusting left or right rear door?,41 52 004,answer_too_short,answer_length
2026-02-11T00:30:39.594037Z,41-506_body,41-506_body-q06,What callout number is shown for the vertical striker alignment step?,30 41 421,answer_too_short,answer_length
2026-02-11T00:30:39.594037Z,41-506_body,41-506_body-q07,What callout number corresponds to the horizontal striker alignment procedure?,30 41 422,answer_too_short,answer_length
2026-02-11T00:30:39.594037Z,41-506_body,41-506_body-q08,What callout number is associated with the final alignment step?,30 41 423,answer_too_short,answer_length
2026-02-11T00:30:39.594037Z,41-601_body,41-601_body-q01,What is the BMW part number for aligning the engine hood?,41 61 014,answer_too_short,answer_length
2026-02-11T00:30:39.594037Z,51-122_body-equ,51-122_body-equ-q11,What are the image reference numbers shown on this page?,"The image reference numbers shown are 30 51 842, 30 51 843, 30 51 401, 30 51 402, 30 51 403, and 30 51 404.",self_referential: on this page,self_referential
2026-02-11T00:30:39.594037Z,51-124_body-equ,51-124_body-equ-q01,What is the section number for removing and installing the left or right rear bumper side section?,51 12 201,answer_too_short,answer_length
2026-02-11T00:30:39.594037Z,51-124_body-equ,51-124_body-equ-q12,What is the page number for this rear bumper side section removal procedure?,51-124,answer_too_short,answer_length
2026-02-11T00:30:39.594037Z,51-125_body-equ,51-125_body-equ-q12,What components are shown in the diagrams on this page?,The diagrams show the rubber guard removal process in the upper illustration and the installation process with special tool application in the lower illustration.,self_referential: on this page,self_referential
2026-02-11T00:30:39.594037Z,51-140_body-equ,51-140_body-equ-q05,What is the procedure code for removing and installing the rear BMW emblem?,The procedure code is 51 14 010 for removing and installing the rear BMW emblem.,question_similarity: 0.85 with 51-140_body-equ-q01,question_diversity
2026-02-11T00:30:39.594037Z,51-141_body-equ,51-141_body-equ-q04,What is the distance dimension D for the BMW M3 model sign?,75 mm (2.953 inches).,question_similarity: 0.83 with 51-141_body-equ-q03,question_diversity
2026-02-11T00:30:39.594037Z,51-160_body-equ,51-160_body-equ-q07,At what temperature does the mirror heating automatically switch off?,Heating is switched off automatically when a temperature of 50 ± 10° C (122 ± 18° F) is reached.,question_similarity: 0.82 with 51-160_body-equ-q06,question_diversity
2026-02-11T00:30:39.594037Z,51-161_body-equ,51-161_body-equ-q01,What is the section number for removing and installing the inside mirror?,51 16 060,answer_too_short,answer_length
2026-02-11T00:30:39.594037Z,51-161_body-equ,51-161_body-equ-q07,What part reference number is shown for the roof liner plate removal procedure?,51 14 150,answer_too_short,answer_length
2026-02-11T00:30:39.594037Z,51-161_body-equ,51-161_body-equ-q11,What diagram number shows the spring pressing procedure?,28 51 638,answer_too_short,answer_length
2026-02-11T00:30:39.594037Z,51-163_body-equ,51-163_body-equ-q04,What part number is shown for the step involving unscrewing bolts and lifting out the ashtray console?,30 51 006,answer_too_short,answer_length
2026-02-11T00:30:39.594037Z,51-163_body-equ,51-163_body-equ-q05,What part number corresponds to the step for pulling off the ashtray light and cigar lighter wires?,30 51 007,answer_too_short,answer_length
2026-02-11T00:30:39.594037Z,51-163_body-equ,51-163_body-equ-q07,What is the part number for the step showing the removal of retainers?,30 51 009,answer_too_short,answer_length
2026-02-11T00:30:39.594037Z,51-163_body-equ,51-163_body-equ-q10,What is the part number associated with pulling out the tray toward the rear?,30 51 010,answer_too_short,answer_length
2026-02-11T00:30:39.594037Z,51-163_body-equ,51-163_body-equ-q12,What page number is shown at the top of this service manual page?,51-163,answer_too_short,answer_length
2026-02-11T00:30:39.594037Z,51-164_body-equ,51-164_body-equ-q06,What diagram number shows the screw removal step for the glove box?,28 51 025,answer_too_short,answer_length
2026-02-11T00:30:39.594037Z,51-164_body-equ,51-164_body-equ-q10,What diagram number shows the final installation adjustment?,28 51 296,answer_too_short,answer_length
2026-02-11T00:30:39.594037Z,51-164_body-equ,51-164_body-equ-q12,What diagram number corresponds to the bolt removal step for the grab handle?,30 51 581,answer_too_short,answer_length
2026-02-11T00:30:39.594037Z,51-211_body-equ,51-211_body-equ-q01,What is the section number for removing and installing or replacing left or right front door lock?,51 21 090,answer_too_short,answer_length
2026-02-11T00:30:39.594037Z,51-211_body-equ,51-211_body-equ-q06,What section should you refer to for adjusting the drive on cars with central locks?,51 26 000,answer_too_short,answer_length
2026-02-11T00:30:39.594037Z,51-212_body-equ,51-212_body-equ-q02,What are the four components labeled in the four door arrangement diagram?,"The four components are: 1 = Lock, 2 = Locking linkage, 3 = Door remote control linkage, and 4 = Drive/connecting link.",question_similarity: 0.91 with 51-212_body-equ-q01,question_diversity
2026-02-11T00:30:39.594037Z,51-220_body-equ,51-220_body-equ-q01,What is the procedure number for replacing left or right rear door striker?,51 22 001,answer_too_short,answer_length
2026-02-11T00:30:39.594037Z,51-240_body-equ,51-240_body-equ-q07,What procedure is covered in section 51 24 130?,Section 51 24 130 covers removing and installing/replacing the locking bar for the trunk lid lock.,question_similarity: 0.80 with 51-240_body-equ-q01,question_diversity
2026-02-11T00:30:39.594037Z,51-251_body-equ,51-251_body-equ-q10,How many illustration numbers are shown on this page?,"Six illustration numbers are shown: 30 51 715, 30 51 716, 30 51 717, 30 51 718, 30 51 719, 30 51 720, and 30 51 721.",self_referential: on this page,self_referential
2026-02-11T00:30:39.594037Z,51-252_body-equ,51-252_body-equ-q08,What is depicted in diagram 30 51 716?,The cable disconnection point during the removal procedure.,self_referential: depicted in,self_referential
2026-02-11T00:30:39.594037Z,51-260_body-equ,51-260_body-equ-q01,What is the part number for replacing the switch for left or right front door lock drive?,51 26 000,answer_too_short,answer_length
2026-02-11T00:30:39.594037Z,51-261_body-equ,51-261_body-equ-q01,What is the procedure number for replacing the switch for left or right rear door lock drive?,51 26 010,answer_too_short,answer_length
2026-02-11T00:30:39.594037Z,51-263_body-equ,51-263_body-equ-q01,What is the part number for replacing the switch for fuel tank flap lock drive?,51 26 025,answer_too_short,answer_length
2026-02-11T00:30:39.594037Z,51-315_body-equ,51-315_body-equ-q09,What are the three image reference numbers shown on this page?,"The three image reference numbers are 30 51 795, 30 51 818, and 30 51 819.",self_referential: on this page,self_referential
2026-02-11T00:30:39.594037Z,51-319_body-equ,51-319_body-equ-q12,What is the source of supply noted on this page?,HWB (Hottinger Wilhelm Bloeser).,self_referential: on this page,self_referential
2026-02-11T00:30:39.594037Z,51-320_body-equ,51-320_body-equ-q12,What are the image reference numbers shown in the diagrams on this page?,"The image reference numbers are 30 51 046, 30 51 029, 30 51 030, 30 51 042, 30 51 043, 30 51 044, and 30 51 045.",self_referential: on this page,self_referential
2026-02-11T00:30:39.594037Z,51-322_body-equ,51-322_body-equ-q09,What are the three photo reference numbers shown on this page?,"The three photo reference numbers shown are 30 51 728, 30 51 724, and 30 51 725.",self_referential: on this page,self_referential
2026-02-11T00:30:39.594037Z,51-330_body-equ,51-330_body-equ-q01,What is the procedure number for removing and installing a power window regulator in the left or right front door?,51 33 000,answer_too_short,answer_length
2026-02-11T00:30:39.594037Z,51-330_body-equ,51-330_body-equ-q02,What section should you reference for procedures that are identical to this power window regulator removal?,51 32 020,answer_too_short,answer_length
2026-02-11T00:30:39.594037Z,51-330_body-equ,51-330_body-equ-q03,How many nuts are used for mounting component (1) in the diagram?,3 nuts,answer_too_short,answer_length
2026-02-11T00:30:39.594037Z,51-343_body-equ,51-343_body-equ-q09,What is depicted in diagram 30 51 133?,The diagram shows turning and pushing down the guide rail.,self_referential: depicted in,self_referential
2026-02-11T00:30:39.594037Z,51-345_body-equ,51-345_body-equ-q04,What is shown in the photograph on this page?,The photograph shows a window with rubber frame being tilted out of the window frame.,self_referential: on this page,self_referential
2026-02-11T00:30:39.594037Z,51-361_body-equ,51-361_body-equ-q11,Where can you find additional specifications referenced on this page?,"Additional specifications can be found in the Specifications section, as indicated by the asterisk reference.",self_referential: on this page,self_referential
2026-02-11T00:30:39.594037Z,51-411_body-equ,51-411_body-equ-q07,What are the three BMW part numbers referenced on this page?,"30 51 040, 30 51 470, and 30 51 041.",self_referential: on this page,self_referential
2026-02-11T00:30:39.594037Z,51-432_body-equ,51-432_body-equ-q08,How many different figure numbers are shown on this page?,"Four figure numbers are shown: 30 51 430, 30 51 431, 30 51 432, and 30 51 433.",self_referential: on this page,self_referential
2026-02-11T00:30:39.594037Z,51-450_body-equ,51-450_body-equ-q08,What is the BMW part number reference for removing and installing instrument panel trim?,51 45 030,answer_too_short,answer_length
2026-02-11T00:30:39.594037Z,51-451_body-equ,51-451_body-equ-q10,What component is indicated by callout number (2) in the electric windows procedure?,The plug of switch (1) that needs to be pulled off.,question_similarity: 0.86 with 51-451_body-equ-q09,question_diversity
2026-02-11T00:30:39.594037Z,51-471_body-equ,51-471_body-equ-q01,What is the procedure number for removing and installing or replacing left or right rear entrance cover strip?,51 47 030,answer_too_short,answer_length
2026-02-11T00:30:39.594037Z,51-471_body-equ,51-471_body-equ-q11,What is depicted in diagram 30 51 051?,The installation procedure showing how to slide on and align new clips if applicable.,self_referential: depicted in,self_referential
2026-02-11T00:30:39.594037Z,51-472_body-equ,51-472_body-equ-q03,What does callout number 2 indicate in the expander rivet diagram?,Callout number 2 indicates the plug.,question_similarity: 0.83 with 51-472_body-equ-q02,question_diversity
2026-02-11T00:30:39.594037Z,51-475_body-equ,51-475_body-equ-q01,What is the reference number for the engine splash guard removal and installation procedure?,51 47 490,answer_too_short,answer_length
2026-02-11T00:30:39.594037Z,51-475_body-equ,51-475_body-equ-q05,What illustration reference number is shown in the first image?,GO 51 466,answer_too_short,answer_length
2026-02-11T00:30:39.594037Z,51-475_body-equ,51-475_body-equ-q06,What illustration reference number is shown in the second image?,30 51 467,answer_too_short,answer_length
2026-02-11T00:30:39.594037Z,51-475_body-equ,51-475_body-equ-q08,What type of fasteners secure the engine splash guard?,Bolts,answer_too_short,answer_length
2026-02-11T00:30:39.594037Z,51-715_body-equ,51-715_body-equ-q12,How many holes need to be marked and drilled according to the instructions?,"Both front and rear holes need to be marked and drilled, though the exact total number is not specified.",generic_answer: not specified,generic_answer
2026-02-11T00:30:39.594037Z,51-716_body-equ,51-716_body-equ-q01,What is the part number for replacing the rear flying stone guard?,51 71 456,answer_too_short,answer_length
2026-02-11T00:30:39.594037Z,51-802_body-equ,51-802_body-equ-q03,What should I check if there's no voltage in socket 3 of the driver's door/body plug?,Check the wire harness up to the fuse box for breaks.,question_similarity: 0.80 with 51-802_body-equ-q02,question_diversity
2026-02-11T00:30:39.594037Z,51-812_body-equ,51-812_body-equ-q04,What troubleshooting section 2 addresses on this page?,Section 2 addresses 'No Function When Operating Power Window Push Button for Driver's Door' and references the Test Requirements.,self_referential: on this page,self_referential
2026-02-11T00:30:39.594037Z,52-101_seats,52-101_seats-q10,What part number is associated with the special tool shown in diagram 52 1100?,52 1 100,answer_too_short,answer_length
2026-02-11T00:30:39.594037Z,54-01_hood-sun,54-01_hood-sun-q03,What is the ideal height setting for the rear of the sun roof lid?,The rear should be 1 mm (0.040 inch) higher than the roof panel.,question_similarity: 0.85 with 54-01_hood-sun-q02,question_diversity
2026-02-11T00:30:39.594037Z,54-02_hood-sun,54-02_hood-sun-q07,What is depicted in the diagram labeled 730 54 040?,The diagram shows the sun roof winder mechanism with arrows indicating the removal procedure.,self_referential: depicted in,self_referential
2026-02-11T00:30:39.594037Z,54-02_hood-sun,54-02_hood-sun-q05,What is the procedure number for removing and installing the recess plate for the sun roof winder?,The procedure number is 54 12 050.,question_similarity: 0.86 with 54-02_hood-sun-q01,question_diversity
2026-02-11T00:30:39.594037Z,54-04_hood-sun,54-04_hood-sun-q11,What are the three diagram reference numbers shown on this page?,"The diagram reference numbers are 30 54 015, 30 54 016, and 30 54 017.",self_referential: on this page,self_referential
2026-02-11T00:30:39.594037Z,54-05_hood-sun,54-05_hood-sun-q01,What is the procedure number for replacing both drive cables for manual sun roof?,54 12 240,answer_too_short,answer_length
2026-02-11T00:30:39.594037Z,54-06_hood-sun,54-06_hood-sun-q01,What is the procedure section number for replacing both drive cables for electric sun roof?,54 12 241,answer_too_short,answer_length
2026-02-11T00:30:39.594037Z,54-06_hood-sun,54-06_hood-sun-q11,What reference number is associated with the motor/gear unit tightening procedure?,54 13 010,answer_too_short,answer_length
2026-02-11T00:30:39.594037Z,54-18_hood-sun,54-18_hood-sun-q10,What is the source of supply noted on this page?,The source of supply noted is HWB.,self_referential: on this page,self_referential
2026-02-11T00:30:39.594037Z,54-19_hood-sun,54-19_hood-sun-q09,What image numbers are shown on this page?,"The image numbers shown are 30 54 038, 30 54 039, 30 54 040, and 30 54 041.",self_referential: on this page,self_referential
2026-02-11T00:30:39.594037Z,54-19_hood-sun,54-19_hood-sun-q12,How many distinct procedural steps are illustrated on this page?,"Four distinct procedural steps are illustrated, showing the mounting rail process, cementing the banner, mounting rail with rubber seal, and closing the top.",self_referential: on this page,self_referential
2026-02-11T00:30:39.594037Z,62-00-index-a_instrume,62-00-index-a_instrume-q01,What is the section number for the service indicator printed circuit replacement procedure?,62 11 030,answer_too_short,answer_length
2026-02-11T00:30:39.594037Z,62-00-index-a_instrume,62-00-index-a_instrume-q02,On which page can I find the procedure for removing and installing the temperature gauge?,Page 62-2,answer_too_short,answer_length
2026-02-11T00:30:39.594037Z,62-00-index-a_instrume,62-00-index-a_instrume-q03,What is the section number for the speedometer removal and installation procedure?,62 12 000,answer_too_short,answer_length
2026-02-11T00:30:39.594037Z,62-00-index-a_instrume,62-00-index-a_instrume-q05,What page contains the procedure for replacing light bulbs in the instrument carrier?,Page 62-6,answer_too_short,answer_length
2026-02-11T00:30:39.594037Z,62-00-index-b_instrume,62-00-index-b_instrume-q03,What specific instrument testing equipment is mentioned on this page?,A simulator for testing instrument clusters is mentioned.,self_referential: on this page,self_referential
2026-02-11T00:30:39.594037Z,62-02_instrume,62-02_instrume-q02,What procedure number covers removing and installing or replacing the fuel gauge?,Procedure 62 11 130 covers removing and installing or replacing the fuel gauge.,question_similarity: 0.85 with 62-02_instrume-q01,question_diversity
2026-02-11T00:30:39.594037Z,62-02_instrume,62-02_instrume-q07,What is the final step for removing the fuel gauge?,Unscrew nut and remove fuel gauge.,question_similarity: 0.80 with 62-02_instrume-q06,question_diversity
2026-02-11T00:30:39.594037Z,62-03_instrume,62-03_instrume-q01,What is the section number for removing and installing the speedometer?,62 12 000,answer_too_short,answer_length
2026-02-11T00:30:39.594037Z,62-03_instrume,62-03_instrume-q04,What diagram number shows the speedometer being removed from the housing?,30 62 019,answer_too_short,answer_length
2026-02-11T00:30:39.594037Z,62-03_instrume,62-03_instrume-q06,What diagram number corresponds to the step where you unscrew screws?,30 62 012,answer_too_short,answer_length
2026-02-11T00:30:39.594037Z,62-03_instrume,62-03_instrume-q09,What diagram number shows the bolt unscrewing step?,30 62 018,answer_too_short,answer_length
2026-02-11T00:30:39.594037Z,62-03_instrume,62-03_instrume-q08,What is the final step shown in the speedometer removal procedure?,Unscrew bolt.,question_similarity: 0.82 with 62-03_instrume-q03,question_diversity
2026-02-11T00:30:39.594037Z,62-71_instrume,62-71_instrume-q08,Which terminal provides battery voltage for most check control circuits?,Pin 4 (+) and pin 15 (+) provide battery voltage (UB) for the check control circuits during testing.,invalid_question_type: electrical,question_type
2026-02-11T00:30:39.594037Z,62-73_instrume,62-73_instrume-q01,What is the wire color for pin 20 'Öl dyn.' (Oil level dynamic)?,White,answer_too_short,answer_length
2026-02-11T00:30:39.594037Z,62-73_instrume,62-73_instrume-q03,What is the resistance value for pin 22 'K' Low beam indicator when tested with an ohmmeter to pin 9?,= 0 ohm,answer_too_short,answer_length
2026-02-11T00:30:39.594037Z,62-73_instrume,62-73_instrume-q10,What type of tester is specified for checking pin 25 '54' Stop lights?,Voltmeter,answer_too_short,answer_length
2026-02-11T00:30:39.594037Z,62-74_instrume,62-74_instrume-q08,Which component number corresponds to the ignition lock?,Number 5,answer_too_short,answer_length
2026-02-11T00:30:39.594037Z,62-75_instrume,62-75_instrume-q01,What should I do if the engine oil level is not okay?,Add oil.,answer_too_short,answer_length
2026-02-11T00:30:39.594037Z,62-80_instrume,62-80_instrume-q10,What is the main diagnostic procedure covered on this page?,Test: Power supply and outlet wires on check control.,self_referential: on this page,self_referential
2026-02-11T00:30:39.594037Z,62-83_instrume,62-83_instrume-q08,How should the EC needle be adjusted during testing?,Turn knob (7) against left stop; needle of EC points to 0 (for L/100 km) or ∞ (for MPG). Turn knob (7) clockwise slowly; the EC needle moves through the display range to approx. ∞ (for L/100 km) or to approx. 0 (for MPG).,question_similarity: 0.80 with 62-83_instrume-q04,question_diversity
2026-02-11T00:30:39.594037Z,62-87_instrume,62-87_instrume-q05,Which BMW series cars are mentioned for the second procedure?,"'5', '6' and '7' Series Cars are mentioned for connecting the plug of printed circuit board.",question_similarity: 0.82 with 62-87_instrume-q03,question_diversity
2026-02-11T00:30:39.594037Z,63-02_lights,63-02_lights-q01,What is the procedure code for removing and installing the high beam lamp?,63 12 250,answer_too_short,answer_length
2026-02-11T00:30:39.594037Z,63-02_lights,63-02_lights-q06,What is the procedure code for removing and installing the low beam lamp?,63 12 280,answer_too_short,answer_length
2026-02-11T00:30:39.594037Z,63-02_lights,63-02_lights-q08,What is the procedure code for removing and installing the left or right tail light assembly?,63 21 180,answer_too_short,answer_length
2026-02-11T00:30:39.594037Z,63-02a_lights,63-02a_lights-q06,What is the procedure code for replacing the halogen light bulb for left or right high beam headlight?,63 99 001,answer_too_short,answer_length
2026-02-11T00:30:39.594037Z,63-02a_lights,63-02a_lights-q07,What is the procedure code for replacing the light bulb for left or right low beam headlight?,63 99 071,answer_too_short,answer_length
2026-02-11T00:30:39.594037Z,64-114_heating-,64-114_heating--q11,What is the procedure section number for removing and installing the operating motor for fresh air/circulating air flaps?,64 11 195,answer_too_short,answer_length
2026-02-11T00:30:39.594037Z,64-118_heating-,64-118_heating--q10,What component numbers are visible in the diagrams on this page?,"The visible component numbers are 30 64 097, 30 64 113, 30 64 114, 30 64 115, 30 64 116, 30 64 117, and 30 64 118.",self_referential: on this page,self_referential
2026-02-11T00:30:39.594037Z,64-119_heating-,64-119_heating--q10,What component is shown in diagram 30 64 220?,The blower switch with its electrical plug connector.,question_similarity: 0.80 with 64-119_heating--q09,question_diversity
2026-02-11T00:30:39.594037Z,64-123_heating-,64-123_heating--q01,What is the procedure number for removing and installing the heater core?,64 11 531,answer_too_short,answer_length
2026-02-11T00:30:39.594037Z,64-124_heating-,64-124_heating--q01,What is the procedure reference number for removing and installing or replacing the rear window ventilator?,64 23 000,answer_too_short,answer_length
2026-02-11T00:30:39.594037Z,64-124_heating-,64-124_heating--q05,What diagram reference number is shown at the bottom of the illustration?,30 64 277,answer_too_short,answer_length
2026-02-11T00:30:39.594037Z,64-124_heating-,64-124_heating--q10,What section should be referenced for removing the rear seat cushion and backrest?,52 20 000,answer_too_short,answer_length
2026-02-11T00:30:39.594037Z,64-505_heating-,64-505_heating--q01,What is the procedure section number for removing and installing the compressor?,64 52 020,answer_too_short,answer_length
2026-02-11T00:30:39.594037Z,64-505a_heating-,64-505a_heating--q01,What is the procedure section number for removing and installing the compressor?,64 52 020,answer_too_short,answer_length
2026-02-11T00:30:39.594037Z,64-506_heating-,64-506_heating--q01,What is the job number for removing and installing the A/C drier?,64 53 010,answer_too_short,answer_length
2026-02-11T00:30:39.594037Z,65-103_radio-an,65-103_radio-an-q08,How many main procedural steps are outlined on this page?,There are two main procedural steps: plugging in the antenna wire and re-installing all removed parts.,self_referential: on this page,self_referential
2026-02-11T00:30:39.594037Z,65-501_radio-an,65-501_radio-an-q07,What are the possible causes for none or wrong CONSUMPTION display?,"The possible causes are: wrong coding plug in BC II, defect in input signal, or BC II defective.",question_similarity: 0.83 with 65-501_radio-an-q04,question_diversity
2026-02-11T00:30:39.594037Z,65-90_radio-an,65-90_radio-an-q02,What component is labeled as item 1 in the sound system layout?,Radio,answer_too_short,answer_length
2026-02-11T00:30:39.594037Z,65-90_radio-an,65-90_radio-an-q05,What component is indicated by item 4 in the layout?,Amplifier,answer_too_short,answer_length
2026-02-11T00:30:39.594037Z,65-90_radio-an,65-90_radio-an-q08,What is the reference number shown at the bottom right of this diagram page?,30 65 334,answer_too_short,answer_length
2026-02-11T00:30:39.594037Z,65-92_radio-an,65-92_radio-an-q01,What is the procedure reference number for removing and installing the rear speaker?,65 12 020,answer_too_short,answer_length
2026-02-11T00:30:39.594037Z,65-92_radio-an,65-92_radio-an-q05,What component is identified as number 6 in the rear speaker assembly?,Hatrack,answer_too_short,answer_length
2026-02-11T00:30:39.594037Z,65-92_radio-an,65-92_radio-an-q08,Which component serves as number 3 in the correct installation order?,Speaker,answer_too_short,answer_length
2026-02-11T00:30:39.594037Z,72-114_equipmen,72-114_equipmen-q10,How many separate diagram references are shown on this page?,"There are three diagram references shown: 30 51 743, 30 51 741, and 30 51 745.",self_referential: on this page,self_referential
2026-02-11T00:30:39.594037Z,72-120_equipmen,72-120_equipmen-q01,What is the BMW part number for installing wind deflector for sun roof?,54 12 490,answer_too_short,answer_length
2026-02-11T00:30:39.594037Z,97-02_body-cav,97-02_body-cav-q01,What page number is shown at the top of this service manual page?,Page 97-2,answer_too_short,answer_length
2026-02-11T00:30:39.594037Z,bmwtorquespecs-001,bmwtorquespecs-001-q05,What language is used for the section heading on this page?,The section heading uses both English (Tightening) and what appears to be German or another language (Torques).,self_referential: on this page,self_referential
2026-02-11T00:30:39.594037Z,bmwtorquespecs-002,bmwtorquespecs-002-q02,"What is the maximum total μ value for screws that are phosphatized, untreated or galvanized?",0.125,answer_too_short,answer_length
2026-02-11T00:30:39.594037Z,bmwtorquespecs-004,bmwtorquespecs-004-q01,What is the maximum tightening torque for an M6 8.8 screw?,9.9 Nm,answer_too_short,answer_length
2026-02-11T00:30:39.594037Z,bmwtorquespecs-004,bmwtorquespecs-004-q02,What torque specification should I use for an M7 10.9 bolt?,21.3 Nm,answer_too_short,answer_length
2026-02-11T00:30:39.594037Z,bmwtorquespecs-004,bmwtorquespecs-004-q03,What is the tightening torque for an M6 12.9 screw?,16.5 Nm,answer_too_short,answer_length
2026-02-11T00:30:39.594037Z,bmwtorquespecs-004,bmwtorquespecs-004-q05,What is the torque specification for an M7 12.9 bolt?,25.5 Nm,answer_too_short,answer_length
2026-02-11T00:30:39.594037Z,bmwtorquespecs-004,bmwtorquespecs-004-q06,What unit of measurement is used for all the torque specifications on this page?,Nm (Newton meters),self_referential: on this page,self_referential
2026-02-11T00:30:39.594037Z,bmwtorquespecs-004,bmwtorquespecs-004-q07,What is the tightening torque for an M6 10.9 screw?,14.0 Nm,answer_too_short,answer_length
2026-02-11T00:30:39.594037Z,bmwtorquespecs-004,bmwtorquespecs-004-q08,What is the maximum tightening torque for an M7 8.8 screw?,14.8 Nm,answer_too_short,answer_length
2026-02-11T00:30:39.594037Z,bmwtorquespecs-004,bmwtorquespecs-004-q09,What section of the manual am I looking at according to the page header?,00 - 3 General Instructions,self_referential: according to the page,self_referential
2026-02-11T00:30:39.594037Z,bmwtorquespecs-009,bmwtorquespecs-009-q10,What document reference number is shown for these M16 and M16x1.5 maximum tightening torques?,00 00,answer_too_short,answer_length
2026-02-11T00:30:39.594037Z,bmwtorquespecs-011,bmwtorquespecs-011-q01,What is the torque specification for M10/M20/M30 main bearing screws?,60 Nm,answer_too_short,answer_length
2026-02-11T00:30:39.594037Z,bmwtorquespecs-011,bmwtorquespecs-011-q02,What is the torque specification for M21 main bearing screws?,65 Nm,answer_too_short,answer_length
2026-02-11T00:30:39.594037Z,bmwtorquespecs-011,bmwtorquespecs-011-q06,What is the initial torque specification before applying the torque angle for all main bearing screws?,20 Nm,answer_too_short,answer_length
2026-02-11T00:30:39.594037Z,bmwtorquespecs-012,bmwtorquespecs-012-q01,What is the torque specification for main bearing screws on M10/M20/M30 engines?,60 Nm,answer_too_short,answer_length
2026-02-11T00:30:39.594037Z,bmwtorquespecs-012,bmwtorquespecs-012-q03,What is the initial torque value for main bearing screws on M70/S70/M73/M52 engines with cast aluminum engine block?,20 Nm,answer_too_short,answer_length
2026-02-11T00:30:39.594037Z,bmwtorquespecs-012,bmwtorquespecs-012-q05,What is the torque specification for M21 main bearing screws?,65 Nm,answer_too_short,answer_length
2026-02-11T00:30:39.594037Z,bmwtorquespecs-012,bmwtorquespecs-012-q07,What is the initial torque for main bearing screws on S52/M52 engines with cast iron engine block?,20 Nm,answer_too_short,answer_length
2026-02-11T00:30:39.594037Z,bmwtorquespecs-013,bmwtorquespecs-013-q01,What is the torque specification for the main bearing cap inclined bolts?,20 Nm,answer_too_short,answer_length
2026-02-11T00:30:39.594037Z,bmwtorquespecs-013,bmwtorquespecs-013-q04,What is the torque specification for the threaded support sleeves?,10 Nm,answer_too_short,answer_length
2026-02-11T00:30:39.594037Z,bmwtorquespecs-013,bmwtorquespecs-013-q05,What are the torque values for the struts/bracing shell with M10 screws?,43 Nm,answer_too_short,answer_length
2026-02-11T00:30:39.594037Z,bmwtorquespecs-013,bmwtorquespecs-013-q06,What is the thread specification for the drain plug for coolant on engine block?,M14 x 1.5,answer_too_short,answer_length
2026-02-11T00:30:39.594037Z,bmwtorquespecs-013,bmwtorquespecs-013-q07,What torque should be applied to the main oil duct screw plugs?,34 Nm,answer_too_short,answer_length
2026-02-11T00:30:39.594037Z,bmwtorquespecs-013,bmwtorquespecs-013-q10,What is the torque specification for struts/bracing shell with M8 screws?,22 Nm,answer_too_short,answer_length
2026-02-11T00:30:39.594037Z,bmwtorquespecs-014,bmwtorquespecs-014-q01,What is the initial torque specification for cylinder head bolts?,30 Nm,answer_too_short,answer_length
2026-02-11T00:30:39.594037Z,bmwtorquespecs-015,bmwtorquespecs-015-q01,What is the initial torque specification for 3AZ cylinder head bolts?,50 Nm,answer_too_short,answer_length
2026-02-11T00:30:39.594037Z,bmwtorquespecs-015,bmwtorquespecs-015-q04,How long is the warm-running time required for 3AZ cylinder head bolts?,15 min,answer_too_short,answer_length
2026-02-11T00:30:39.594037Z,bmwtorquespecs-015,bmwtorquespecs-015-q06,What is the initial torque specification for 4AZ cylinder head bolts?,60 Nm,answer_too_short,answer_length
2026-02-11T00:30:39.594037Z,bmwtorquespecs-015,bmwtorquespecs-015-q07,What is the setting time required for 4AZ cylinder head bolts?,20 min,answer_too_short,answer_length
2026-02-11T00:30:39.594037Z,bmwtorquespecs-015,bmwtorquespecs-015-q08,What is the final torque specification for 4AZ cylinder head bolts after the setting time?,80 Nm,answer_too_short,answer_length
2026-02-11T00:30:39.594037Z,bmwtorquespecs-016,bmwtorquespecs-016-q01,What is the initial torque specification for the 5AZ cylinder head bolts?,80 Nm,answer_too_short,answer_length
2026-02-11T00:30:39.594037Z,bmwtorquespecs-016,bmwtorquespecs-016-q02,How much should you loosen all bolts in the 5AZ cylinder head bolt procedure?,1/2 turn,answer_too_short,answer_length
2026-02-11T00:30:39.594037Z,bmwtorquespecs-016,bmwtorquespecs-016-q03,What is the final torque specification after the warm-running time for 5AZ cylinder head bolts?,50 Nm,answer_too_short,answer_length
2026-02-11T00:30:39.594037Z,bmwtorquespecs-016,bmwtorquespecs-016-q06,What torque specification is given for the 6AZ cylinder head bolts?,30 Nm,answer_too_short,answer_length
2026-02-11T00:30:39.594037Z,bmwtorquespecs-016,bmwtorquespecs-016-q08,What is the torque specification for cylinder head bolts on M52 engines with cast aluminum engine block?,40 Nm,answer_too_short,answer_length
2026-02-11T00:30:39.594037Z,bmwtorquespecs-017,bmwtorquespecs-017-q01,What is the torque specification for cylinder head bolts on the S50 engine?,30 Nm,answer_too_short,answer_length
2026-02-11T00:30:39.594037Z,bmwtorquespecs-017,bmwtorquespecs-017-q08,What section number covers the cylinder head with cover?,11 12,answer_too_short,answer_length
2026-02-11T00:30:39.594037Z,bmwtorquespecs-018,bmwtorquespecs-018-q01,What is the torque specification for cylinder head bolts on engine type 7AZ?,30 Nm,answer_too_short,answer_length
2026-02-11T00:30:39.594037Z,bmwtorquespecs-018,bmwtorquespecs-018-q05,What is the initial torque value for 8AZ engine cylinder head bolts?,30 Nm,answer_too_short,answer_length
2026-02-11T00:30:39.594037Z,bmwtorquespecs-019,bmwtorquespecs-019-q02,What is the final torque specification for the S14/S38 B35 cylinder head bolts?,100 Nm,answer_too_short,answer_length
2026-02-11T00:30:39.594037Z,bmwtorquespecs-019,bmwtorquespecs-019-q04,What is the initial torque value for the S38 B36/S38 B38 cylinder head bolts?,20 Nm,answer_too_short,answer_length
2026-02-11T00:30:39.594037Z,bmwtorquespecs-020,bmwtorquespecs-020-q01,What is the torque specification for M6 screws on the cylinder head cover?,10 Nm,answer_too_short,answer_length
2026-02-11T00:30:39.594037Z,bmwtorquespecs-020,bmwtorquespecs-020-q02,What torque value should be applied to M7 screws when working with the cylinder head cover?,15 Nm,answer_too_short,answer_length
2026-02-11T00:30:39.594037Z,bmwtorquespecs-020,bmwtorquespecs-020-q03,What is the correct torque specification for M8 screws on the cylinder head cover?,15 Nm,answer_too_short,answer_length
2026-02-11T00:30:39.594037Z,bmwtorquespecs-020,bmwtorquespecs-020-q04,What torque should be applied to M8 screws when installing the oil trap to cylinder head cover on M21 engines?,17 Nm,answer_too_short,answer_length
2026-02-11T00:30:39.594037Z,bmwtorquespecs-020,bmwtorquespecs-020-q05,What is the torque specification for timing case to cylinder head M7 screws?,15 Nm,answer_too_short,answer_length
2026-02-11T00:30:39.594037Z,bmwtorquespecs-020,bmwtorquespecs-020-q06,What torque value is specified for M8 screws connecting the timing case to cylinder head?,20 Nm,answer_too_short,answer_length
2026-02-11T00:30:39.594037Z,bmwtorquespecs-020,bmwtorquespecs-020-q08,What component connects to the cylinder head cover according to specification 12AZ?,Oil trap,answer_too_short,answer_length
2026-02-11T00:30:39.594037Z,bmwtorquespecs-021,bmwtorquespecs-021-q06,What is the unit of measurement used for all torque specifications on this page?,All torque specifications are measured in Nm (Newton meters).,self_referential: on this page,self_referential
2026-02-11T00:30:39.594037Z,bmwtorquespecs-021,bmwtorquespecs-021-q04,What component is referenced as 2AZ in the oil pan section?,2AZ refers to the oil pan on engine block.,question_similarity: 0.83 with bmwtorquespecs-021-q03,question_diversity
2026-02-11T00:30:39.594037Z,bmwtorquespecs-021,bmwtorquespecs-021-q08,What screw size is used for the lower torque oil drain plug specification?,The M12 x 1.5 screw size is used for the 25 Nm torque specification.,question_similarity: 0.86 with bmwtorquespecs-021-q07,question_diversity
2026-02-11T00:30:39.594037Z,bmwtorquespecs-022,bmwtorquespecs-022-q01,What is the torque specification for M6 screws on the timing case and top and bottom timing case cover?,10 Nm,answer_too_short,answer_length
2026-02-11T00:30:39.594037Z,bmwtorquespecs-022,bmwtorquespecs-022-q02,What torque should be applied to M8 screws on the timing case covers?,22 Nm,answer_too_short,answer_length
2026-02-11T00:30:39.594037Z,bmwtorquespecs-022,bmwtorquespecs-022-q03,What is the torque specification for M10 screws on timing case covers?,47 Nm,answer_too_short,answer_length
2026-02-11T00:30:39.594037Z,bmwtorquespecs-022,bmwtorquespecs-022-q04,What torque value is specified for the front/rear end cover to crankcase M6 screws?,10 Nm,answer_too_short,answer_length
2026-02-11T00:30:39.594037Z,bmwtorquespecs-022,bmwtorquespecs-022-q05,What is the torque specification for bolts on timing case cover with M42x1.5 thread?,65 Nm,answer_too_short,answer_length
2026-02-11T00:30:39.594037Z,bmwtorquespecs-022,bmwtorquespecs-022-q06,Which engine types use M42x1.5 bolts on timing case cover?,M51/M41,answer_too_short,answer_length
2026-02-11T00:30:39.594037Z,bmwtorquespecs-022,bmwtorquespecs-022-q07,What is the torque specification for sealing plug or connector on timing case cover?,30 Nm,answer_too_short,answer_length
2026-02-11T00:30:39.594037Z,bmwtorquespecs-022,bmwtorquespecs-022-q08,What thread size is used for the sealing plug or connector on timing case cover?,M20x1.5,answer_too_short,answer_length
2026-02-11T00:30:39.594037Z,bmwtorquespecs-022,bmwtorquespecs-022-q10,What engine types are specified for the M20x1.5 sealing plug or connector?,M51/M41,answer_too_short,answer_length
2026-02-11T00:30:39.594037Z,bmwtorquespecs-023,bmwtorquespecs-023-q03,What is the screw specification for the increment wheel on crankshaft?,M5 10.9,answer_too_short,answer_length
2026-02-11T00:30:39.594037Z,bmwtorquespecs-023,bmwtorquespecs-023-q04,What unit of measurement is used for the torque specification on this page?,Nm (ft. lbs.),self_referential: on this page,self_referential
2026-02-11T00:30:39.594037Z,bmwtorquespecs-024,bmwtorquespecs-024-q01,What is the torque specification for flywheel to crankshaft bolts on M60/1/M60/2/M62 Manual Transmission?,105 Nm,answer_too_short,answer_length
2026-02-11T00:30:39.594037Z,bmwtorquespecs-024,bmwtorquespecs-024-q02,What torque value should be used for new micro-encapsulated screws on M40/M42/M43/M44/M51 Automatic/M52 Automatic transmissions?,120 Nm,answer_too_short,answer_length
2026-02-11T00:30:39.594037Z,bmwtorquespecs-024,bmwtorquespecs-024-q03,What is the torque specification for new micro-encapsulated screws on all other transmission types?,105 Nm,answer_too_short,answer_length
2026-02-11T00:30:39.594037Z,bmwtorquespecs-024,bmwtorquespecs-024-q06,What section number covers the engine flywheel specifications?,11 22,answer_too_short,answer_length
2026-02-11T00:30:39.594037Z,bmwtorquespecs-026,bmwtorquespecs-026-q01,What is the torque specification for the vibration damper hub on crankshaft?,60 Nm,answer_too_short,answer_length
2026-02-11T00:30:39.594037Z,bmwtorquespecs-026,bmwtorquespecs-026-q04,What is the thread specification for both screw types shown?,M12x1.5,answer_too_short,answer_length
2026-02-11T00:30:39.594037Z,bmwtorquespecs-026,bmwtorquespecs-026-q10,What is the document reference code shown on this page?,AZD11-13A.frb dated 20/10/97,self_referential: on this page,self_referential
2026-02-11T00:30:39.594037Z,bmwtorquespecs-027,bmwtorquespecs-027-q09,What is the torque specification for S38 B 38 engines' vee belt pulley/vibration damper on hub?,34 Nm with M8 10.9 screw.,question_similarity: 0.83 with bmwtorquespecs-027-q01,question_diversity
2026-02-11T00:30:39.594037Z,bmwtorquespecs-028,bmwtorquespecs-028-q01,What is the torque specification for M10/M30 connecting rod bolts?,55 Nm,answer_too_short,answer_length
2026-02-11T00:30:39.594037Z,bmwtorquespecs-028,bmwtorquespecs-028-q04,What is the main torque specification for the M20/M21/M40 series engines?,20 Nm,answer_too_short,answer_length
2026-02-11T00:30:39.594037Z,bmwtorquespecs-028,bmwtorquespecs-028-q08,What is the main torque specification for M60/1/M60/2/M62 engines?,20 Nm,answer_too_short,answer_length
2026-02-11T00:30:39.594037Z,bmwtorquespecs-029,bmwtorquespecs-029-q01,What is the torque specification for connecting rod bolts (S14 engine)?,55 Nm,answer_too_short,answer_length
2026-02-11T00:30:39.594037Z,bmwtorquespecs-029,bmwtorquespecs-029-q03,What is the main torque value for S38 connecting rod bolts?,30 Nm,answer_too_short,answer_length
2026-02-11T00:30:39.594037Z,bmwtorquespecs-029,bmwtorquespecs-029-q06,What is the final torque specification for S50 connecting rod bolts?,20 Nm,answer_too_short,answer_length
2026-02-11T00:30:39.594037Z,bmwtorquespecs-030,bmwtorquespecs-030-q01,What is the torque specification for the idler lever to alternator bracket screw?,90 Nm,answer_too_short,answer_length
2026-02-11T00:30:39.594037Z,bmwtorquespecs-030,bmwtorquespecs-030-q03,What is the measurement specification for the M10 10.9 screw?,90 Nm,answer_too_short,answer_length
2026-02-11T00:30:39.594037Z,bmwtorquespecs-030,bmwtorquespecs-030-q04,What torque value should be applied to the screw plug for bearing pin?,20 Nm,answer_too_short,answer_length
2026-02-11T00:30:39.594037Z,bmwtorquespecs-030,bmwtorquespecs-030-q05,What is the screw type designation for the bearing pin screw plug?,M51/M41,answer_too_short,answer_length
2026-02-11T00:30:39.594037Z,bmwtorquespecs-030,bmwtorquespecs-030-q09,What unit of measurement is used for all torque specifications on this page?,Nm (Newton meters),self_referential: on this page,self_referential
2026-02-11T00:30:39.594037Z,bmwtorquespecs-031,bmwtorquespecs-031-q01,What is the torque specification for M6 camshaft bearing cap bolts?,10 Nm,answer_too_short,answer_length
2026-02-11T00:30:39.594037Z,bmwtorquespecs-031,bmwtorquespecs-031-q03,What is the torque specification for sprocket to camshaft flange on M60/1/M60/2/M62 engines?,15 Nm,answer_too_short,answer_length
2026-02-11T00:30:39.594037Z,bmwtorquespecs-031,bmwtorquespecs-031-q04,What torque should be applied to M7 screws on camshaft bearing caps?,15 Nm,answer_too_short,answer_length
2026-02-11T00:30:39.594037Z,bmwtorquespecs-031,bmwtorquespecs-031-q06,What is the torque specification for the splined shaft to intake camshaft on M52/S52/S50 US/M50 VANOS engines?,40 Nm,answer_too_short,answer_length
2026-02-11T00:30:39.594037Z,bmwtorquespecs-031,bmwtorquespecs-031-q07,What screw size is specified for the splined shaft to intake camshaft connection?,M14 x 1.5,answer_too_short,answer_length
2026-02-11T00:30:39.594037Z,bmwtorquespecs-031,bmwtorquespecs-031-q10,What is the torque specification for sprocket to camshaft on M20/M21/M40 engines?,65 Nm,answer_too_short,answer_length
2026-02-11T00:30:39.594037Z,bmwtorquespecs-032,bmwtorquespecs-032-q01,What is the torque specification for the flange to camshaft on M30 engines?,145 Nm,answer_too_short,answer_length
2026-02-11T00:30:39.594037Z,bmwtorquespecs-032,bmwtorquespecs-032-q02,What screw size is used for the plug for chain tensioner on M50/S50 US engines?,M22 x 1.5,answer_too_short,answer_length
2026-02-11T00:30:39.594037Z,bmwtorquespecs-032,bmwtorquespecs-032-q03,What is the torque value for the chain tensioner plug on all engines except M50/S50 US?,40 Nm,answer_too_short,answer_length
2026-02-11T00:30:39.594037Z,bmwtorquespecs-032,bmwtorquespecs-032-q04,What is the torque specification for the cylinder for chain tensioner plunger on M50/M52/S52/S50 US engines?,70 Nm,answer_too_short,answer_length
2026-02-11T00:30:39.594037Z,bmwtorquespecs-032,bmwtorquespecs-032-q06,What is the torque value for the reversing rail on engine block for M62 engines?,13 Nm,answer_too_short,answer_length
2026-02-11T00:30:39.594037Z,bmwtorquespecs-032,bmwtorquespecs-032-q08,What is the torque specification for the nut on screw-in pin?,10 Nm,answer_too_short,answer_length
2026-02-11T00:30:39.594037Z,bmwtorquespecs-032,bmwtorquespecs-032-q10,What torque value applies to the bearing flange on engine block for M60/1/M60/2 engines?,13 Nm,answer_too_short,answer_length
2026-02-11T00:30:39.594037Z,bmwtorquespecs-033,bmwtorquespecs-033-q01,What is the torque specification for the clamping bolt in the rocker arm?,10 Nm,answer_too_short,answer_length
2026-02-11T00:30:39.594037Z,bmwtorquespecs-033,bmwtorquespecs-033-q09,What unit of measurement is used for all the torque specifications on this page?,Nm (Newton meters),self_referential: on this page,self_referential
2026-02-11T00:30:39.594037Z,bmwtorquespecs-034,bmwtorquespecs-034-q01,What is the torque specification for the toothed belt pulley to intermediate shaft?,60 Nm,answer_too_short,answer_length
2026-02-11T00:30:39.594037Z,bmwtorquespecs-034,bmwtorquespecs-034-q03,What engine types does the intermediate shaft specification apply to?,M20/M21,answer_too_short,answer_length
2026-02-11T00:30:39.594037Z,bmwtorquespecs-034,bmwtorquespecs-034-q08,What section number covers Engine specifications on this page?,11 - 24,answer_too_short,answer_length
2026-02-11T00:30:39.594037Z,bmwtorquespecs-034,bmwtorquespecs-034-q10,What is the subsection number for the Intermediate Shaft specifications?,11 35,answer_too_short,answer_length
2026-02-11T00:30:39.594037Z,bmwtorquespecs-035,bmwtorquespecs-035-q07,Which VANOS component has the highest torque specification on this page?,The plug to hydraulic plunger (4AZ) with 60 Nm torque specification.,self_referential: on this page,self_referential
2026-02-11T00:30:39.594037Z,bmwtorquespecs-036,bmwtorquespecs-036-q01,What is the torque specification for the plug for pressure relief valve with M10/M30 thread?,40 Nm,answer_too_short,answer_length
2026-02-11T00:30:39.594037Z,bmwtorquespecs-036,bmwtorquespecs-036-q02,What torque should be applied to M20 plugs for the pressure relief valve?,30 Nm,answer_too_short,answer_length
2026-02-11T00:30:39.594037Z,bmwtorquespecs-037,bmwtorquespecs-037-q01,What is the torque specification for the full flow oil filter cover with M8 screws?,22 Nm,answer_too_short,answer_length
2026-02-11T00:30:39.594037Z,bmwtorquespecs-037,bmwtorquespecs-037-q02,What torque value should be applied to M10 screws on the full flow oil filter cover?,33 Nm,answer_too_short,answer_length
2026-02-11T00:30:39.594037Z,bmwtorquespecs-037,bmwtorquespecs-037-q03,What is the torque specification for M12 screws on the full flow oil filter cover?,33 Nm,answer_too_short,answer_length
2026-02-11T00:30:39.594037Z,bmwtorquespecs-037,bmwtorquespecs-037-q05,What is the torque value for the screwed-on cover?,25 Nm,answer_too_short,answer_length
2026-02-11T00:30:39.594037Z,bmwtorquespecs-037,bmwtorquespecs-037-q06,What torque specification applies to M8 screws on oil filter housing and lines on crankcase?,22 Nm,answer_too_short,answer_length
2026-02-11T00:30:39.594037Z,bmwtorquespecs-037,bmwtorquespecs-037-q07,What is the torque value for M20 x 1.5 fasteners on oil filter housing and lines on crankcase?,40 Nm,answer_too_short,answer_length
2026-02-11T00:30:39.594037Z,bmwtorquespecs-037,bmwtorquespecs-037-q10,What components are covered under item 3AZ in this specification table?,Oil filter housing and lines on crankcase,question_similarity: 0.83 with bmwtorquespecs-037-q09,question_diversity
2026-02-11T00:30:39.594037Z,bmwtorquespecs-038,bmwtorquespecs-038-q07,What is the lowest torque specification shown on this page?,"The lowest torque specification is 5 Nm, which applies to the M5 screw for all types in the oil line for camshaft lubrication on cylinder head section.",self_referential: on this page,self_referential
2026-02-11T00:30:39.594037Z,bmwtorquespecs-038,bmwtorquespecs-038-q10,What unit of measurement is used for all torque specifications on this page?,All torque specifications on this page are measured in Nm (Newton-meters).,self_referential: on this page,self_referential
2026-02-11T00:30:39.594037Z,bmwtorquespecs-039,bmwtorquespecs-039-q04,What torque value is specified for the oil supply pipe to turbocharger hollow bolt?,25 Nm.,answer_too_short,answer_length
2026-02-11T00:30:39.594037Z,bmwtorquespecs-039,bmwtorquespecs-039-q05,What is the torque specification for the coupling nut on the oil supply pipe to turbocharger?,30 Nm.,answer_too_short,answer_length
2026-02-11T00:30:39.594037Z,bmwtorquespecs-040,bmwtorquespecs-040-q01,What is the torque specification for the M8 screw when installing the water pump to crankcase?,22 Nm,answer_too_short,answer_length
2026-02-11T00:30:39.594037Z,bmwtorquespecs-040,bmwtorquespecs-040-q02,What is the torque specification for the M6 screw when installing the water pump to crankcase?,10 Nm,answer_too_short,answer_length
2026-02-11T00:30:39.594037Z,bmwtorquespecs-040,bmwtorquespecs-040-q06,What unit of measurement is used for all torque specifications on this page?,Nm (Newton meters),self_referential: on this page,self_referential
2026-02-11T00:30:39.594037Z,bmwtorquespecs-041,bmwtorquespecs-041-q01,What is the torque specification for the fan clutch coupling nut on the water pump?,40 Nm,answer_too_short,answer_length
2026-02-11T00:30:39.594037Z,bmwtorquespecs-041,bmwtorquespecs-041-q04,What section number covers the engine fan specifications?,11 52,answer_too_short,answer_length
2026-02-11T00:30:39.594037Z,bmwtorquespecs-041,bmwtorquespecs-041-q10,What date is shown on this torque specification document?,20/10/97,answer_too_short,answer_length
2026-02-11T00:30:39.594037Z,bmwtorquespecs-042,bmwtorquespecs-042-q10,What unit of measurement is used for all torque values on this page?,All torque values on this page are measured in Nm (Newton meters).,self_referential: on this page,self_referential
2026-02-11T00:30:39.594037Z,bmwtorquespecs-043,bmwtorquespecs-043-q01,What is the torque specification for M8 screws when installing the intake manifold on the cylinder head?,22 Nm,answer_too_short,answer_length
2026-02-11T00:30:39.594037Z,bmwtorquespecs-043,bmwtorquespecs-043-q02,What torque value should be used for M7 screws on the intake manifold?,15 Nm,answer_too_short,answer_length
2026-02-11T00:30:39.594037Z,bmwtorquespecs-043,bmwtorquespecs-043-q03,What is the torque specification for M6 screws on the intake manifold installation?,10 Nm,answer_too_short,answer_length
2026-02-11T00:30:39.594037Z,bmwtorquespecs-043,bmwtorquespecs-043-q09,What unit of measurement is used for all torque specifications on this page?,Nm (Newton meters),self_referential: on this page,self_referential
2026-02-11T00:30:39.594037Z,bmwtorquespecs-043,bmwtorquespecs-043-q10,What is the section number for the intake manifold specifications?,11 61,answer_too_short,answer_length
2026-02-11T00:30:39.594037Z,bmwtorquespecs-045,bmwtorquespecs-045-q01,What torque specification is required when mounting the exhaust manifold to cylinder head on a new cylinder head or with new studs?,28 Nm,answer_too_short,answer_length
2026-02-11T00:30:39.594037Z,bmwtorquespecs-045,bmwtorquespecs-045-q02,What is the torque specification for subsequent mounting of the exhaust manifold to cylinder head?,15 Nm,answer_too_short,answer_length
2026-02-11T00:30:39.594037Z,bmwtorquespecs-045,bmwtorquespecs-045-q04,What is the retorque specification after 2000 km for the exhaust manifold?,15 Nm,answer_too_short,answer_length
2026-02-11T00:30:39.594037Z,bmwtorquespecs-045,bmwtorquespecs-045-q10,What engine type is referenced in this exhaust manifold specification?,M30 Turbo,answer_too_short,answer_length
2026-02-11T00:30:39.594037Z,bmwtorquespecs-047,bmwtorquespecs-047-q01,What is the torque specification for the M6 screw on the vacuum pump on cylinder head for all engine types?,10 Nm,answer_too_short,answer_length
2026-02-11T00:30:39.594037Z,bmwtorquespecs-047,bmwtorquespecs-047-q03,What is the torque specification for M9 screws on microencapsulated vacuum pump components for M51/M41 engines?,22 Nm,answer_too_short,answer_length
2026-02-11T00:30:39.594037Z,bmwtorquespecs-047,bmwtorquespecs-047-q04,Which engine types use M8 screws for vacuum pump mounting?,M51/M41,answer_too_short,answer_length
2026-02-11T00:30:39.594037Z,bmwtorquespecs-047,bmwtorquespecs-047-q07,What is the torque specification for microencapsulated vacuum pump screws on M51/M41 engines?,22 Nm,answer_too_short,answer_length
2026-02-11T00:30:39.594037Z,bmwtorquespecs-048,bmwtorquespecs-048-q01,What is the torque specification for the cap nut on air intake tube (1AZ)?,30 Nm,answer_too_short,answer_length
2026-02-11T00:30:39.594037Z,bmwtorquespecs-048,bmwtorquespecs-048-q05,"What section of the manual covers air pump, lines and control valves?",11 72,answer_too_short,answer_length
2026-02-11T00:30:39.594037Z,bmwtorquespecs-049,bmwtorquespecs-049-q01,What is the torque specification for the oxygen sensor and oxygen monitor sensor?,55 Nm,answer_too_short,answer_length
2026-02-11T00:30:39.594037Z,bmwtorquespecs-049,bmwtorquespecs-049-q09,What date is shown on this specification page?,20/10/97,answer_too_short,answer_length
2026-02-11T00:30:39.594037Z,bmwtorquespecs-049,bmwtorquespecs-049-q10,How many different torque specifications are listed on this page?,One torque specification is listed (55 Nm),self_referential: on this page,self_referential
2026-02-11T00:30:39.594037Z,bmwtorquespecs-050,bmwtorquespecs-050-q01,What is the torque specification for M8 screws on the rubber mount to front axle carrier?,22 Nm,answer_too_short,answer_length
2026-02-11T00:30:39.594037Z,bmwtorquespecs-050,bmwtorquespecs-050-q02,What torque value should be used for M10 screws on engine suspension components?,47 Nm,answer_too_short,answer_length
2026-02-11T00:30:39.594037Z,bmwtorquespecs-050,bmwtorquespecs-050-q04,What is the torque specification for the engine console to engine connection using M8 screws?,22 Nm,answer_too_short,answer_length
2026-02-11T00:30:39.594037Z,bmwtorquespecs-050,bmwtorquespecs-050-q06,What torque value is specified for M10 screws on the rubber mount to engine console?,47 Nm,answer_too_short,answer_length
2026-02-11T00:30:39.594037Z,bmwtorquespecs-050,bmwtorquespecs-050-q10,What unit of measurement is used for all torque specifications on this page?,Nm (Newton meters),self_referential: on this page,self_referential
2026-02-11T00:30:39.594037Z,bmwtorquespecs-051,bmwtorquespecs-051-q01,What is the torque specification for the M20 distributor?,22 Nm,answer_too_short,answer_length
2026-02-11T00:30:39.594037Z,bmwtorquespecs-051,bmwtorquespecs-051-q02,What torque value should be used for M10/M30 distributor screws?,10 Nm,answer_too_short,answer_length
2026-02-11T00:30:39.594037Z,bmwtorquespecs-051,bmwtorquespecs-051-q03,What is the torque specification for the distributor rotor to adapter with DME?,2.8 Nm,answer_too_short,answer_length
2026-02-11T00:30:39.594037Z,bmwtorquespecs-051,bmwtorquespecs-051-q08,What section number covers the distributor components?,12 11,answer_too_short,answer_length
2026-02-11T00:30:39.594037Z,bmwtorquespecs-052,bmwtorquespecs-052-q01,What is the torque specification for M12x1.25 spark plugs?,23 ± 3 Nm,answer_too_short,answer_length
2026-02-11T00:30:39.594037Z,bmwtorquespecs-052,bmwtorquespecs-052-q02,What is the torque specification for M14x1.25 spark plugs?,30 ± 3 Nm,answer_too_short,answer_length
2026-02-11T00:30:39.594037Z,bmwtorquespecs-052,bmwtorquespecs-052-q09,What is the tolerance range for the M12x1.25 spark plug torque specification?,±3 Nm,answer_too_short,answer_length
2026-02-11T00:30:39.594037Z,bmwtorquespecs-052,bmwtorquespecs-052-q10,What is the tolerance range for the M14x1.25 spark plug torque specification?,±3 Nm,answer_too_short,answer_length
2026-02-11T00:30:39.594037Z,bmwtorquespecs-054,bmwtorquespecs-054-q10,What section number covers Electronic Shift Units or Control Units?,12 14,answer_too_short,answer_length
2026-02-11T00:30:39.594037Z,bmwtorquespecs-055,bmwtorquespecs-055-q02,What screw type is used for the 80 A fuse on glow plug relay?,M41/M51,answer_too_short,answer_length
2026-02-11T00:30:39.594037Z,bmwtorquespecs-055,bmwtorquespecs-055-q04,What section number covers the Preheating Relay specifications?,12 21,answer_too_short,answer_length
2026-02-11T00:30:39.594037Z,bmwtorquespecs-055,bmwtorquespecs-055-q05,What type of screw is specified for both preheating relay connections?,M41/M51,answer_too_short,answer_length
2026-02-11T00:30:39.594037Z,bmwtorquespecs-055,bmwtorquespecs-055-q07,What unit of measurement is used for all torque specifications on this page?,Nm (Newton meters),self_referential: on this page,self_referential
2026-02-11T00:30:39.594037Z,bmwtorquespecs-056,bmwtorquespecs-056-q01,What is the torque specification for the glow plug (1AZ)?,25 Nm,answer_too_short,answer_length
2026-02-11T00:30:39.594037Z,bmwtorquespecs-056,bmwtorquespecs-056-q03,What is the torque value for the 4-inch glow plug (2AZ)?,20 Nm,answer_too_short,answer_length
2026-02-11T00:30:39.594037Z,bmwtorquespecs-056,bmwtorquespecs-056-q05,What is the lowest torque specification shown on this page?,4 Nm for the wire to glow plug,self_referential: on this page,self_referential
2026-02-11T00:30:39.594037Z,bmwtorquespecs-056,bmwtorquespecs-056-q06,What section number covers the glow plugs specifications?,12.23,answer_too_short,answer_length
2026-02-11T00:30:39.594037Z,bmwtorquespecs-056,bmwtorquespecs-056-q10,What unit of measurement is used for all torque specifications on this page?,Nm (Newton meters),self_referential: on this page,self_referential
2026-02-11T00:30:39.594037Z,bmwtorquespecs-058,bmwtorquespecs-058-q05,What vehicle types does this regulator switch specification apply to?,All types,answer_too_short,answer_length
2026-02-11T00:30:39.594037Z,bmwtorquespecs-058,bmwtorquespecs-058-q07,What units are used for the torque specifications on this page?,Nm (Newton meters),self_referential: on this page,self_referential
2026-02-11T00:30:39.594037Z,bmwtorquespecs-059,bmwtorquespecs-059-q10,What is the unit of measurement used for all torque specifications on this page?,All torque specifications are measured in Nm (Newton meters).,self_referential: on this page,self_referential
2026-02-11T00:30:39.594037Z,bmwtorquespecs-060,bmwtorquespecs-060-q02,What screw type is used for the wiring harness on distributor connection?,M8 screw.,answer_too_short,answer_length
2026-02-11T00:30:39.594037Z,bmwtorquespecs-060,bmwtorquespecs-060-q03,What is the torque value for the wiring harness on distributor (2AZ)?,10 Nm.,answer_too_short,answer_length
2026-02-11T00:30:39.594037Z,bmwtorquespecs-060,bmwtorquespecs-060-q05,What is the component designation for the wiring harness on distributor?,E36 M41.,answer_too_short,answer_length
2026-02-11T00:30:39.594037Z,bmwtorquespecs-060,bmwtorquespecs-060-q07,What unit of measurement is used for all torque specifications on this page?,Nm (Newton meters).,self_referential: on this page,self_referential
2026-02-11T00:30:39.594037Z,bmwtorquespecs-061,bmwtorquespecs-061-q02,What torque value should be used for ground connections flange nut (2AZ)?,16 Nm,answer_too_short,answer_length
2026-02-11T00:30:39.594037Z,bmwtorquespecs-061,bmwtorquespecs-061-q03,What is the torque specification for the cover on heating splash wall (3AZ)?,1.1 Nm,answer_too_short,answer_length
2026-02-11T00:30:39.594037Z,bmwtorquespecs-062,bmwtorquespecs-062-q03,What is the torque value for the distributor wiring harness connection?,10 Nm.,answer_too_short,answer_length
2026-02-11T00:30:39.594037Z,bmwtorquespecs-062,bmwtorquespecs-062-q04,What type designation is given for the wiring harness on electrical cutout device?,M51/M41.,answer_too_short,answer_length
2026-02-11T00:30:39.594037Z,bmwtorquespecs-062,bmwtorquespecs-062-q05,What type designation applies to the wiring harness connection on distributor?,E36 M41.,answer_too_short,answer_length
2026-02-11T00:30:39.594037Z,bmwtorquespecs-063,bmwtorquespecs-063-q01,What is the torque specification for the oil pressure switch/oil temperature switch on S14/S50/S38 engines?,20 Nm,answer_too_short,answer_length
2026-02-11T00:30:39.594037Z,bmwtorquespecs-063,bmwtorquespecs-063-q02,What torque value should be used for the oil pressure switch on M60/M62/M73 engines?,27 Nm,answer_too_short,answer_length
2026-02-11T00:30:39.594037Z,bmwtorquespecs-063,bmwtorquespecs-063-q03,What is the torque specification for all other oil pressure switches not specifically listed?,35 Nm,answer_too_short,answer_length
2026-02-11T00:30:39.594037Z,bmwtorquespecs-063,bmwtorquespecs-063-q09,What unit of measurement is used for all the torque specifications on this page?,Nm (Newton meters),self_referential: on this page,self_referential
2026-02-11T00:30:39.594037Z,bmwtorquespecs-064,bmwtorquespecs-064-q01,What is the torque specification for the temperature sensor to water flange (1AZ) with M21 type screw?,18 Nm,answer_too_short,answer_length
2026-02-11T00:30:39.594037Z,bmwtorquespecs-064,bmwtorquespecs-064-q02,What torque should be applied to the M51 type screw for the temperature sensor to water flange?,13 Nm,answer_too_short,answer_length
2026-02-11T00:30:39.594037Z,bmwtorquespecs-064,bmwtorquespecs-064-q03,What is the torque specification for the temperature switch (2AZ) that operates at 5.5°C to 17°C?,18 Nm,answer_too_short,answer_length
2026-02-11T00:30:39.594037Z,bmwtorquespecs-064,bmwtorquespecs-064-q04,What torque value is specified for the coolant temperature sensor (3AZ) with 2-pin plug-in connection on S38/S50 engines?,13 Nm,answer_too_short,answer_length
2026-02-11T00:30:39.594037Z,bmwtorquespecs-064,bmwtorquespecs-064-q05,"For all other engine types, what is the torque specification for the coolant temperature sensor (3AZ)?",20 Nm,answer_too_short,answer_length
2026-02-11T00:30:39.594037Z,bmwtorquespecs-064,bmwtorquespecs-064-q06,What is the torque specification for the remote thermometer sensor (4AZ) with 2-pin plug-in connection?,20 Nm,answer_too_short,answer_length
2026-02-11T00:30:39.594037Z,bmwtorquespecs-064,bmwtorquespecs-064-q07,What torque should be applied to the remote thermometer sensor on coolant flange (5AZ) for S50 engines?,18 Nm,answer_too_short,answer_length
2026-02-11T00:30:39.594037Z,bmwtorquespecs-064,bmwtorquespecs-064-q08,What is the torque specification for the air temperature sensor (6AZ) on S38/S50 engines?,13 Nm,answer_too_short,answer_length
2026-02-11T00:30:39.594037Z,bmwtorquespecs-064,bmwtorquespecs-064-q09,What torque value is specified for the oil temperature sensor (7AZ) on S38/S50 engines?,13 Nm,answer_too_short,answer_length
2026-02-11T00:30:39.594037Z,bmwtorquespecs-065,bmwtorquespecs-065-q01,What is the torque specification for the temperature switch for electronic box?,15 Nm,answer_too_short,answer_length
2026-02-11T00:30:39.594037Z,bmwtorquespecs-065,bmwtorquespecs-065-q08,How many components are listed in the switches and relays section on this page?,One component (temperature switch for electronic box),self_referential: on this page,self_referential
2026-02-11T00:30:39.594037Z,bmwtorquespecs-065,bmwtorquespecs-065-q10,What columns are used to organize the torque specification data on this page?,"Type, Screw, Measure, and Unit",self_referential: on this page,self_referential
2026-02-11T00:30:39.594037Z,bmwtorquespecs-066,bmwtorquespecs-066-q04,Which vehicle types does the pedal value sender to pedal console specification apply to?,E32/E34/E31,question_similarity: 0.85 with bmwtorquespecs-066-q03,question_diversity
2026-02-11T00:30:39.594037Z,bmwtorquespecs-067,bmwtorquespecs-067-q02,Which vehicle types use the center section to body component (2AZ)?,E32/E34,answer_too_short,answer_length
2026-02-11T00:30:39.594037Z,bmwtorquespecs-067,bmwtorquespecs-067-q06,Which vehicle types use the control unit box cover (4AZ)?,E38/E39,answer_too_short,answer_length
2026-02-11T00:30:39.594037Z,bmwtorquespecs-067,bmwtorquespecs-067-q10,What unit of measurement is used for all the torque specifications on this page?,Nm (ft. lbs.),self_referential: on this page,self_referential
2026-02-11T00:30:39.594037Z,bmwtorquespecs-069,bmwtorquespecs-069-q01,What is the torque specification for the fuel pump to engine connection?,12 Nm,answer_too_short,answer_length
2026-02-11T00:30:39.594037Z,bmwtorquespecs-069,bmwtorquespecs-069-q03,What is the torque value for the M12 fuel pipe coupling bolt?,20 Nm,answer_too_short,answer_length
2026-02-11T00:30:39.594037Z,bmwtorquespecs-069,bmwtorquespecs-069-q05,What is the torque specification for the return pipe connector to pressure regulator?,27 Nm,answer_too_short,answer_length
2026-02-11T00:30:39.594037Z,bmwtorquespecs-069,bmwtorquespecs-069-q07,How much torque should be applied to the fuel pipe to pressure regulator connection?,30 Nm,answer_too_short,answer_length
2026-02-11T00:30:39.594037Z,bmwtorquespecs-070,bmwtorquespecs-070-q10,What unit of measurement is used for all torque specifications on this page?,Nm (Newton-meters).,self_referential: on this page,self_referential
2026-02-11T00:30:39.594037Z,bmwtorquespecs-071,bmwtorquespecs-071-q01,What is the torque specification for the plug for high pressure section of injection pump?,25 Nm,answer_too_short,answer_length
2026-02-11T00:30:39.594037Z,bmwtorquespecs-071,bmwtorquespecs-071-q03,What torque value should be applied to the electric shutoff to injection pump?,20 ± 5 Nm,answer_too_short,answer_length
2026-02-11T00:30:39.594037Z,bmwtorquespecs-071,bmwtorquespecs-071-q04,What is the torque specification for the electric cold start valve to injection pump?,20 Nm,answer_too_short,answer_length
2026-02-11T00:30:39.594037Z,bmwtorquespecs-071,bmwtorquespecs-071-q05,Which component has the highest torque specification on this page?,The pressure valve holder to injection pump at 45 Nm,self_referential: on this page,self_referential
2026-02-11T00:30:39.594037Z,bmwtorquespecs-071,bmwtorquespecs-071-q07,What torque should be applied to the distributor injection pump to flange and console?,22 Nm,answer_too_short,answer_length
2026-02-11T00:30:39.594037Z,bmwtorquespecs-071,bmwtorquespecs-071-q08,What is the lowest torque specification listed on this page?,2.5 Nm for the electrical line on fuel cutout device,self_referential: on this page,self_referential
2026-02-11T00:30:39.594037Z,bmwtorquespecs-071,bmwtorquespecs-071-q09,What screw type is used for the electrical line on fuel cutout device?,M51/M41,answer_too_short,answer_length
2026-02-11T00:30:39.594037Z,bmwtorquespecs-072,bmwtorquespecs-072-q01,What is the torque specification for the chain sprocket to injection pump?,47 Nm,answer_too_short,answer_length
2026-02-11T00:30:39.594037Z,bmwtorquespecs-072,bmwtorquespecs-072-q03,What is the torque value for the toothed belt pulley to injection pump?,50 Nm,answer_too_short,answer_length
2026-02-11T00:30:39.594037Z,bmwtorquespecs-072,bmwtorquespecs-072-q04,What screw type is specified for the toothed belt pulley to injection pump?,M51/M41,answer_too_short,answer_length
2026-02-11T00:30:39.594037Z,bmwtorquespecs-072,bmwtorquespecs-072-q05,What is the torque specification for the chain tensioner?,15 Nm,answer_too_short,answer_length
2026-02-11T00:30:39.594037Z,bmwtorquespecs-072,bmwtorquespecs-072-q06,What type of screw is used for the chain tensioner?,M51/M41,answer_too_short,answer_length
2026-02-11T00:30:39.594037Z,bmwtorquespecs-072,bmwtorquespecs-072-q08,What section number covers the injection pump drive specifications?,13 52,answer_too_short,answer_length
2026-02-11T00:30:39.594037Z,bmwtorquespecs-074,bmwtorquespecs-074-q01,What is the torque specification for the temperature time switch (1AZ) on M21/M51 engines?,18 Nm,answer_too_short,answer_length
2026-02-11T00:30:39.594037Z,bmwtorquespecs-074,bmwtorquespecs-074-q02,What torque value should be used for the coolant temperature sensor (2AZ) on M60/1/M60/2/M21/M51 engines?,18 Nm,answer_too_short,answer_length
2026-02-11T00:30:39.594037Z,bmwtorquespecs-074,bmwtorquespecs-074-q03,What is the torque specification for all other coolant temperature sensor applications not specifically listed?,13 Nm,answer_too_short,answer_length
2026-02-11T00:30:39.594037Z,bmwtorquespecs-074,bmwtorquespecs-074-q04,What torque should be applied to the temperature switch (3AZ) on all engine types?,28 Nm,answer_too_short,answer_length
2026-02-11T00:30:39.594037Z,bmwtorquespecs-074,bmwtorquespecs-074-q05,What is the torque specification for the air temperature sensor (4AZ)?,13 Nm,answer_too_short,answer_length
2026-02-11T00:30:39.594037Z,bmwtorquespecs-074,bmwtorquespecs-074-q08,What is the torque specification for the twin temperature sensor (6AZ) with 4-pin connection?,13 Nm,answer_too_short,answer_length
2026-02-11T00:30:39.594037Z,bmwtorquespecs-074,bmwtorquespecs-074-q09,What torque should be used for the air-mass sensor on the lower section of air filter housing (7AZ)?,3.5 Nm,answer_too_short,answer_length
2026-02-11T00:30:39.594037Z,bmwtorquespecs-076,bmwtorquespecs-076-q03,Which engine types does the air intake silencer specification apply to?,M41/M51,answer_too_short,answer_length
2026-02-11T00:30:39.594037Z,bmwtorquespecs-076,bmwtorquespecs-076-q06,What is the item number for the air intake silencer?,13 71,answer_too_short,answer_length
2026-02-11T00:30:39.594037Z,bmwtorquespecs-076,bmwtorquespecs-076-q10,What date is shown on this specification page?,20/10/97,answer_too_short,answer_length
2026-02-11T00:30:39.594037Z,bmwtorquespecs-077,bmwtorquespecs-077-q02,What type designation is shown for the screw plug on the low-pressure regulator?,316g/518g,answer_too_short,answer_length
2026-02-11T00:30:39.594037Z,bmwtorquespecs-077,bmwtorquespecs-077-q05,What units are used for the torque measurement on this page?,Nm (Newton meters),self_referential: on this page,self_referential
2026-02-11T00:30:39.594037Z,bmwtorquespecs-077,bmwtorquespecs-077-q08,How many torque specifications are listed on this page?,One torque specification is listed,self_referential: on this page,self_referential
2026-02-11T00:30:39.594037Z,bmwtorquespecs-077,bmwtorquespecs-077-q09,What subsection does the gas-powered units fall under in the fuel system?,13 80,answer_too_short,answer_length
2026-02-11T00:30:39.594037Z,bmwtorquespecs-078,bmwtorquespecs-078-q01,What torque specification is required for the air intake line on the low-pressure unit?,22 Nm,answer_too_short,answer_length
2026-02-11T00:30:39.594037Z,bmwtorquespecs-078,bmwtorquespecs-078-q03,"What section number covers air intake valves, low-pressure and vacuum hoses?",13 81,answer_too_short,answer_length
2026-02-11T00:30:39.594037Z,bmwtorquespecs-078,bmwtorquespecs-078-q04,What type designation is listed for the air intake line on low-pressure unit?,316g/518g,answer_too_short,answer_length
2026-02-11T00:30:39.594037Z,bmwtorquespecs-078,bmwtorquespecs-078-q08,What date is shown on this torque specification page?,20/10/97,answer_too_short,answer_length
2026-02-11T00:30:39.594037Z,bmwtorquespecs-079,bmwtorquespecs-079-q01,What is the torque specification for the MAP sensor on holder?,3.5 Nm,answer_too_short,answer_length
2026-02-11T00:30:39.594037Z,bmwtorquespecs-079,bmwtorquespecs-079-q07,What is the screw type designation for the MAP sensor mounting?,316g/518g,answer_too_short,answer_length
2026-02-11T00:30:39.594037Z,bmwtorquespecs-080,bmwtorquespecs-080-q01,What is the torque specification for the support frame on body (1AZ) for the gas tank with attachment?,45 Nm,answer_too_short,answer_length
2026-02-11T00:30:39.594037Z,bmwtorquespecs-080,bmwtorquespecs-080-q02,What screw type is used for the gas density sensor on non-return cock of gas tank (2AZ)?,516g/518g,answer_too_short,answer_length
2026-02-11T00:30:39.594037Z,bmwtorquespecs-080,bmwtorquespecs-080-q03,How much torque should be applied to the gas density sensor on non-return cock of gas tank?,35 Nm,answer_too_short,answer_length
2026-02-11T00:30:39.594037Z,bmwtorquespecs-080,bmwtorquespecs-080-q06,What screw type is specified for the support frame on body component?,516g/518g,answer_too_short,answer_length
2026-02-11T00:30:39.594037Z,bmwtorquespecs-082,bmwtorquespecs-082-q01,What is the torque specification for the pump assembly to metal-bonded mount?,6.5 Nm,answer_too_short,answer_length
2026-02-11T00:30:39.594037Z,bmwtorquespecs-082,bmwtorquespecs-082-q02,What torque should be applied to the holder to fuel pump or fuel reservoir?,6.5 Nm,answer_too_short,answer_length
2026-02-11T00:30:39.594037Z,bmwtorquespecs-082,bmwtorquespecs-082-q03,What is the torque specification for M4 electric connections on fuel pump?,1.2 Nm,answer_too_short,answer_length
2026-02-11T00:30:39.594037Z,bmwtorquespecs-082,bmwtorquespecs-082-q04,What torque value is specified for M5 electric connections on fuel pump?,1.6 Nm,answer_too_short,answer_length
2026-02-11T00:30:39.594037Z,bmwtorquespecs-083,bmwtorquespecs-083-q10,What unit of measurement is used for all torque specifications on this page?,Nm (ft. lbs.),self_referential: on this page,self_referential
2026-02-11T00:30:39.594037Z,bmwtorquespecs-084,bmwtorquespecs-084-q03,What is the torque specification for the plastic sealing ring that is 26.5 mm high on E34/E31 models?,40 Nm,answer_too_short,answer_length
2026-02-11T00:30:39.594037Z,bmwtorquespecs-084,bmwtorquespecs-084-q05,What torque value follows the 720° torque angle specification?,55 Nm,answer_too_short,answer_length
2026-02-11T00:30:39.594037Z,bmwtorquespecs-084,bmwtorquespecs-084-q06,What is the torque specification for the metal sealing ring on E39 models?,35 Nm,answer_too_short,answer_length
2026-02-11T00:30:39.594037Z,bmwtorquespecs-084,bmwtorquespecs-084-q08,What is the torque specification for tightening nuts crosswise on the intank pump with fill level sensor?,6.5 Nm,answer_too_short,answer_length
2026-02-11T00:30:39.594037Z,bmwtorquespecs-085,bmwtorquespecs-085-q01,What is the torque specification for coolant hoses with 32 to 48 mm diameter?,2.5 Nm,answer_too_short,answer_length
2026-02-11T00:30:39.594037Z,bmwtorquespecs-086,bmwtorquespecs-086-q03,What is the torque specification for the drain plug on the radiator?,2.5 Nm,answer_too_short,answer_length
2026-02-11T00:30:39.594037Z,bmwtorquespecs-086,bmwtorquespecs-086-q05,What torque should be applied to the temperature switch to radiator connection?,15 Nm,answer_too_short,answer_length
2026-02-11T00:30:39.594037Z,bmwtorquespecs-086,bmwtorquespecs-086-q10,What unit of measurement is used for all torque specifications on this page?,Nm (Newton-meters),self_referential: on this page,self_referential
2026-02-11T00:30:39.594037Z,bmwtorquespecs-087,bmwtorquespecs-087-q01,What is the torque specification for the engine oil cooler to body connection?,14 Nm,answer_too_short,answer_length
2026-02-11T00:30:39.594037Z,bmwtorquespecs-087,bmwtorquespecs-087-q04,Which BMW models does the oil cooler vapor extraction guide specification apply to?,E36 M3,answer_too_short,answer_length
2026-02-11T00:30:39.594037Z,bmwtorquespecs-087,bmwtorquespecs-087-q06,What section number covers the Engine Oil Cooler specifications?,17 21,answer_too_short,answer_length
2026-02-11T00:30:39.594037Z,bmwtorquespecs-088,bmwtorquespecs-088-q01,What is the torque specification for pipes to engine oil cooler?,28 Nm,answer_too_short,answer_length
2026-02-11T00:30:39.594037Z,bmwtorquespecs-088,bmwtorquespecs-088-q02,Which vehicle type uses the pipes to oil filter head specification?,E36 M3,answer_too_short,answer_length
2026-02-11T00:30:39.594037Z,bmwtorquespecs-088,bmwtorquespecs-088-q03,What torque value should be applied to pipes to oil filter head?,25 Nm,answer_too_short,answer_length
2026-02-11T00:30:39.594037Z,bmwtorquespecs-088,bmwtorquespecs-088-q06,What torque should be applied to the holder for oil cooler pipes to alternator?,10 Nm,answer_too_short,answer_length
2026-02-11T00:30:39.594037Z,bmwtorquespecs-089,bmwtorquespecs-089-q04,What torque value is specified for oil lines on transmission oil cooler for A5S 300J transmission?,28 Nm.,answer_too_short,answer_length
2026-02-11T00:30:39.594037Z,bmwtorquespecs-089,bmwtorquespecs-089-q07,What is the torque specification for oil hose on oil pipe for E23 vehicles?,28 Nm.,answer_too_short,answer_length
2026-02-11T00:30:39.594037Z,bmwtorquespecs-089,bmwtorquespecs-089-q08,What torque value is specified for oil pipe bracket on radiator for E23 vehicles?,2 Nm.,answer_too_short,answer_length
2026-02-11T00:30:39.594037Z,bmwtorquespecs-089,bmwtorquespecs-089-q09,What is the torque specification for oil pipe bracket on body for E23 vehicles?,6.5 Nm.,answer_too_short,answer_length
2026-02-11T00:30:39.594037Z,bmwtorquespecs-089,bmwtorquespecs-089-q10,What torque should be applied to oil cooler on transmission for 5HP30 transmission?,10 Nm.,answer_too_short,answer_length
2026-02-11T00:30:39.594037Z,bmwtorquespecs-089,bmwtorquespecs-089-q05,What is the torque specification for hollow bolts on transmission oil cooler for all vehicle types?,27 Nm with M14 x 1.5 thread specification.,question_similarity: 0.88 with bmwtorquespecs-089-q03,question_diversity
2026-02-11T00:30:39.594037Z,bmwtorquespecs-090,bmwtorquespecs-090-q01,What torque specification is required for the exhaust pipe to exhaust manifold or turbocharger connection on the version with compression springs?,10 Nm,answer_too_short,answer_length
2026-02-11T00:30:39.594037Z,bmwtorquespecs-090,bmwtorquespecs-090-q03,What is the preload specification for compression springs with nuts?,27 ± 1 mm,answer_too_short,answer_length
2026-02-11T00:30:39.594037Z,bmwtorquespecs-090,bmwtorquespecs-090-q04,What torque value is specified for the version without compression springs?,30 Nm,answer_too_short,answer_length
2026-02-11T00:30:39.594037Z,bmwtorquespecs-090,bmwtorquespecs-090-q06,What is the torque specification for the exhaust pipe to flow section connection?,25 Nm,answer_too_short,answer_length
2026-02-11T00:30:39.594037Z,bmwtorquespecs-090,bmwtorquespecs-090-q08,What type designation is shown for the catalytic converter on silencer with compression springs?,E36 M42,answer_too_short,answer_length
2026-02-11T00:30:39.594037Z,bmwtorquespecs-091,bmwtorquespecs-091-q01,What is the torque specification for M8 screws when connecting the clutch housing to the crankcase?,27 Nm,answer_too_short,answer_length
2026-02-11T00:30:39.594037Z,bmwtorquespecs-091,bmwtorquespecs-091-q02,What torque value should be used for M10 screws on the clutch housing to crankcase connection?,51 Nm,answer_too_short,answer_length
2026-02-11T00:30:39.594037Z,bmwtorquespecs-091,bmwtorquespecs-091-q03,What is the torque specification for M12 screws in the clutch housing to crankcase assembly?,86 Nm,answer_too_short,answer_length
2026-02-11T00:30:39.594037Z,bmwtorquespecs-091,bmwtorquespecs-091-q04,Which component is covered in section 21-1 of this manual?,Clutch,answer_too_short,answer_length
2026-02-11T00:30:39.594037Z,bmwtorquespecs-092,bmwtorquespecs-092-q01,What is the torque specification for M8 8.8 screws when connecting the clutch to flywheel?,24 Nm,answer_too_short,answer_length
2026-02-11T00:30:39.594037Z,bmwtorquespecs-092,bmwtorquespecs-092-q02,What torque value should be used for M8 10.9 screws on all clutch applications?,34 Nm,answer_too_short,answer_length
2026-02-11T00:30:39.594037Z,bmwtorquespecs-092,bmwtorquespecs-092-q08,What is the reference number for the clutch disc and drive plate section?,21 21,answer_too_short,answer_length
2026-02-11T00:30:39.594037Z,bmwtorquespecs-092,bmwtorquespecs-092-q10,What type of fastener threading is specified for the higher torque clutch connection?,M8 10.9,answer_too_short,answer_length
2026-02-11T00:30:39.594037Z,bmwtorquespecs-093,bmwtorquespecs-093-q01,What is the torque specification for coupling bolts for hydraulic pipes?,17 Nm,answer_too_short,answer_length
2026-02-11T00:30:39.594037Z,bmwtorquespecs-093,bmwtorquespecs-093-q02,What torque should be applied when connecting the master cylinder to console?,22 Nm,answer_too_short,answer_length
2026-02-11T00:30:39.594037Z,bmwtorquespecs-093,bmwtorquespecs-093-q03,What is the correct torque value for the master cylinder setscrew?,22 Nm,answer_too_short,answer_length
2026-02-11T00:30:39.594037Z,bmwtorquespecs-093,bmwtorquespecs-093-q04,How much torque should be applied to the master cylinder to pedal assembly connection?,10 Nm,answer_too_short,answer_length
2026-02-11T00:30:39.594037Z,bmwtorquespecs-093,bmwtorquespecs-093-q05,What is the torque specification for the slave cylinder to clutch housing or transmission case?,22 Nm,answer_too_short,answer_length
2026-02-11T00:30:39.594037Z,bmwtorquespecs-094,bmwtorquespecs-094-q01,What is the torque specification for M8 hex screws when connecting the transmission to the engine?,25 Nm,answer_too_short,answer_length
2026-02-11T00:30:39.594037Z,bmwtorquespecs-094,bmwtorquespecs-094-q03,What is the torque specification for M10 Torx bolts?,43 Nm,answer_too_short,answer_length
2026-02-11T00:30:39.594037Z,bmwtorquespecs-094,bmwtorquespecs-094-q09,What unit of measurement is used for all torque specifications on this page?,Nm (Newton meters),self_referential: on this page,self_referential
2026-02-11T00:30:39.594037Z,bmwtorquespecs-094,bmwtorquespecs-094-q10,What is the torque specification for M10 hex screws used in transmission to engine mounting?,49 Nm,answer_too_short,answer_length
2026-02-11T00:30:39.594037Z,bmwtorquespecs-095,bmwtorquespecs-095-q02,What size screw is used for the reinforcement plate to transmission connection?,M8 screw.,answer_too_short,answer_length
2026-02-11T00:30:39.594037Z,bmwtorquespecs-095,bmwtorquespecs-095-q03,What is the torque value for the reinforcement plate to transmission bolts?,23 Nm.,answer_too_short,answer_length
2026-02-11T00:30:39.594037Z,bmwtorquespecs-095,bmwtorquespecs-095-q04,How much torque should be applied to the oil drain plug/filler plug for all transmission types?,50 Nm.,answer_too_short,answer_length
2026-02-11T00:30:39.594037Z,bmwtorquespecs-095,bmwtorquespecs-095-q05,What is the specific torque specification for the S 6 S 560 G transmission type oil drain plug?,52 Nm.,answer_too_short,answer_length
2026-02-11T00:30:39.594037Z,bmwtorquespecs-096,bmwtorquespecs-096-q01,What is the torque specification for the transmission case rear/front sections?,22 Nm,answer_too_short,answer_length
2026-02-11T00:30:39.594037Z,bmwtorquespecs-096,bmwtorquespecs-096-q03,What is the torque value for M8x22 screws on the cover with guide tube/transmission case?,18 Nm,answer_too_short,answer_length
2026-02-11T00:30:39.594037Z,bmwtorquespecs-096,bmwtorquespecs-096-q04,What torque should be applied to M8x30 screws?,25 Nm,answer_too_short,answer_length
2026-02-11T00:30:39.594037Z,bmwtorquespecs-096,bmwtorquespecs-096-q05,What is the torque specification for M6 screws?,10 Nm,answer_too_short,answer_length
2026-02-11T00:30:39.594037Z,bmwtorquespecs-096,bmwtorquespecs-096-q06,What torque value is specified for the bearing cap/sealing flange?,10.5 Nm,answer_too_short,answer_length
2026-02-11T00:30:39.594037Z,bmwtorquespecs-096,bmwtorquespecs-096-q07,What is the highest torque specification shown on this page?,49 Nm for the reverse gear shaft on intermediate housing,self_referential: on this page,self_referential
2026-02-11T00:30:39.594037Z,bmwtorquespecs-097,bmwtorquespecs-097-q05,What is the highest torque specification shown on this page?,90 Nm for the bearing on countershaft for S 5 D 200 G/S 5 D 250 G transmission types using M10 screws.,self_referential: on this page,self_referential
2026-02-11T00:30:39.594037Z,bmwtorquespecs-098,bmwtorquespecs-098-q03,What is the torque specification for the reversing bolt to reversing lever on ZF S-5-16/5 S D 310 Z transmissions?,43 Nm.,answer_too_short,answer_length
2026-02-11T00:30:39.594037Z,bmwtorquespecs-099,bmwtorquespecs-099-q02,What screw size is used for the retaining plates for bearings on housing (17AZ)?,M6 screw.,answer_too_short,answer_length
2026-02-11T00:30:39.594037Z,bmwtorquespecs-099,bmwtorquespecs-099-q06,What is the unit of measurement used for torque specifications on this page?,Nm (ft. lbs.).,self_referential: on this page,self_referential
2026-02-11T00:30:39.594037Z,bmwtorquespecs-099,bmwtorquespecs-099-q08,What is the reference number for the holder to transfer case component?,16AZ.,answer_too_short,answer_length
2026-02-11T00:30:39.594037Z,bmwtorquespecs-099,bmwtorquespecs-099-q09,What is the reference number for the retaining plates for bearings on housing?,17AZ.,answer_too_short,answer_length
2026-02-11T00:30:39.594037Z,bmwtorquespecs-100,bmwtorquespecs-100-q01,What is the initial torque specification for the output flange collar nut with bolt cement?,190 Nm,answer_too_short,answer_length
2026-02-11T00:30:39.594037Z,bmwtorquespecs-100,bmwtorquespecs-100-q02,What is the final torque specification for the output flange collar nut after loosening?,120 Nm,answer_too_short,answer_length
2026-02-11T00:30:39.594037Z,bmwtorquespecs-100,bmwtorquespecs-100-q04,What is the torque specification for the gear wheel to layshaft on the 265 Sport transmission?,60 Nm,answer_too_short,answer_length
2026-02-11T00:30:39.594037Z,bmwtorquespecs-100,bmwtorquespecs-100-q06,Which transmission type requires the gear wheel to layshaft torque specification?,265 Sport,answer_too_short,answer_length
2026-02-11T00:30:39.594037Z,bmwtorquespecs-101,bmwtorquespecs-101-q01,What is the torque specification for shift arms to transmission case?,45 Nm,answer_too_short,answer_length
2026-02-11T00:30:39.594037Z,bmwtorquespecs-101,bmwtorquespecs-101-q06,What unit of measurement is used for the torque specification on this page?,Nm (Newton meters),self_referential: on this page,self_referential
2026-02-11T00:30:39.594037Z,bmwtorquespecs-102,bmwtorquespecs-102-q03,How much torque should be applied to the transmission cross member to body bolts?,42 Nm.,answer_too_short,answer_length
2026-02-11T00:30:39.594037Z,bmwtorquespecs-102,bmwtorquespecs-102-q04,What is the torque value for the mount bracket to transmission connection?,21 Nm.,answer_too_short,answer_length
2026-02-11T00:30:39.594037Z,bmwtorquespecs-104,bmwtorquespecs-104-q10,What unit of measurement is used for all torque specifications on this page?,All torque specifications on this page are measured in Nm (Newton-meters).,self_referential: on this page,self_referential
2026-02-11T00:30:39.594037Z,bmwtorquespecs-105,bmwtorquespecs-105-q02,What torque value should I use for the oil drain plug on an A5S 300J transmission?,35 Nm.,answer_too_short,answer_length
2026-02-11T00:30:39.594037Z,bmwtorquespecs-106,bmwtorquespecs-106-q01,What is the torque specification for the oil filter pipe on 3HP-22 transmissions?,105 Nm,answer_too_short,answer_length
2026-02-11T00:30:39.594037Z,bmwtorquespecs-106,bmwtorquespecs-106-q02,What torque value should be used for the plug with M18 screw on all transmission types?,43 Nm,answer_too_short,answer_length
2026-02-11T00:30:39.594037Z,bmwtorquespecs-106,bmwtorquespecs-106-q04,How much torque should be applied to oil bore plugs on ASS 310Z/ASS 560Z transmissions?,15 Nm,answer_too_short,answer_length
2026-02-11T00:30:39.594037Z,bmwtorquespecs-106,bmwtorquespecs-106-q05,What is the torque value for the damper cover on transmission case for ASS 300J with M6 screw?,10 Nm,answer_too_short,answer_length
2026-02-11T00:30:39.594037Z,bmwtorquespecs-106,bmwtorquespecs-106-q07,"What is the torque value for the intermediate plate on intermediate housing with 5/16"" screw?",25 Nm,answer_too_short,answer_length
2026-02-11T00:30:39.594037Z,bmwtorquespecs-107,bmwtorquespecs-107-q01,What is the torque specification for the slotted nut/output flange on automatic transmission extension bearings and seals?,120 Nm,answer_too_short,answer_length
2026-02-11T00:30:39.594037Z,bmwtorquespecs-107,bmwtorquespecs-107-q03,"What is the specific subsection number for transmission extension, bearings, and seals?",24 13,answer_too_short,answer_length
2026-02-11T00:30:39.594037Z,bmwtorquespecs-107,bmwtorquespecs-107-q08,What date is shown on this torque specification page?,20/10/97,answer_too_short,answer_length
2026-02-11T00:30:39.594037Z,bmwtorquespecs-108,bmwtorquespecs-108-q01,What is the torque specification for the output flange collar nut on ASS 300J type automatic transmission?,225 Nm,answer_too_short,answer_length
2026-02-11T00:30:39.594037Z,bmwtorquespecs-108,bmwtorquespecs-108-q02,What torque value should be used for output flange collar nuts on all other automatic transmission types besides ASS 300J?,100 Nm,answer_too_short,answer_length
2026-02-11T00:30:39.594037Z,bmwtorquespecs-108,bmwtorquespecs-108-q05,What unit of measurement is used for the torque specifications on this page?,Nm (Newton meters),self_referential: on this page,self_referential
2026-02-11T00:30:39.594037Z,bmwtorquespecs-108,bmwtorquespecs-108-q08,Which automatic transmission type requires the higher torque specification for the output flange collar nut?,ASS 300J,answer_too_short,answer_length
2026-02-11T00:30:39.594037Z,bmwtorquespecs-109,bmwtorquespecs-109-q01,What is the torque specification for the center bolt on the brake coupling DiG?,30 Nm,answer_too_short,answer_length
2026-02-11T00:30:39.594037Z,bmwtorquespecs-109,bmwtorquespecs-109-q02,What torque should be applied to both outer screws initially?,15 Nm,answer_too_short,answer_length
2026-02-11T00:30:39.594037Z,bmwtorquespecs-109,bmwtorquespecs-109-q03,What is the final torque specification for the center bolt after the initial tightening sequence?,63 Nm,answer_too_short,answer_length
2026-02-11T00:30:39.594037Z,bmwtorquespecs-109,bmwtorquespecs-109-q07,What section number covers the planetary gear drive specifications?,24 22,answer_too_short,answer_length
2026-02-11T00:30:39.594037Z,bmwtorquespecs-109,bmwtorquespecs-109-q10,What unit of measurement is used for all torque specifications on this page?,Nm (Newton meters),self_referential: on this page,self_referential
2026-02-11T00:30:39.594037Z,bmwtorquespecs-110,bmwtorquespecs-110-q04,Which component has the highest torque specification on this page?,The ASS 560Z component has the highest torque specification at 23 Nm.,self_referential: on this page,self_referential
2026-02-11T00:30:39.594037Z,bmwtorquespecs-111,bmwtorquespecs-111-q04,How much torque should be applied to A5S 560Z with M6 x 12 screws?,6 Nm.,answer_too_short,answer_length
2026-02-11T00:30:39.594037Z,bmwtorquespecs-111,bmwtorquespecs-111-q05,What is the torque value for A5S 560Z using M6x55 screws?,8 Nm.,answer_too_short,answer_length
2026-02-11T00:30:39.594037Z,bmwtorquespecs-111,bmwtorquespecs-111-q07,What is the torque specification for the adapter plate on shift unit for A4S 270R/A4S 310R?,13 Nm.,answer_too_short,answer_length
2026-02-11T00:30:39.594037Z,bmwtorquespecs-112,bmwtorquespecs-112-q01,"What is the torque specification for the oil pump to case on A4S 270R/A4S 310R transmissions using 5/16"" screws on the 1st pass?",10 Nm,answer_too_short,answer_length
2026-02-11T00:30:39.594037Z,bmwtorquespecs-112,bmwtorquespecs-112-q02,"What is the torque specification for the oil pump to case on A4S 270R/A4S 310R transmissions using 5/16"" screws on the 2nd pass?",20 Nm,answer_too_short,answer_length
2026-02-11T00:30:39.594037Z,bmwtorquespecs-112,bmwtorquespecs-112-q07,What is the torque specification for the oil cooler pipe adapter to transmission on A5S 300J/A4S 270R/A 4 S 310 R?,28 Nm,answer_too_short,answer_length
2026-02-11T00:30:39.594037Z,bmwtorquespecs-113,bmwtorquespecs-113-q03,What torque should be applied to the hexagon nut on stud?,10 Nm.,answer_too_short,answer_length
2026-02-11T00:30:39.594037Z,bmwtorquespecs-114,bmwtorquespecs-114-q02,What torque value should be used for the solenoid valve to valve housing connection on A4S 270R/A4S 310R transmissions?,10 Nm.,answer_too_short,answer_length
2026-02-11T00:30:39.594037Z,bmwtorquespecs-114,bmwtorquespecs-114-q03,What is the torque specification for the A5S 560Z guide plate/parking lock mechanism?,23 Nm.,answer_too_short,answer_length
2026-02-11T00:30:39.594037Z,bmwtorquespecs-114,bmwtorquespecs-114-q06,What torque value is specified for the A5S 300J transmission components with M5 screws?,3 Nm.,answer_too_short,answer_length
2026-02-11T00:30:39.594037Z,bmwtorquespecs-115,bmwtorquespecs-115-q03,What is the torque value for A4S 270R/A4S 310R transmission socket to case?,14 Nm.,answer_too_short,answer_length
2026-02-11T00:30:39.594037Z,bmwtorquespecs-115,bmwtorquespecs-115-q06,What unit of measurement is used for the torque specifications on this page?,Nm (Newton-meters).,self_referential: on this page,self_referential
2026-02-11T00:30:39.594037Z,bmwtorquespecs-116,bmwtorquespecs-116-q02,What torque value should be used for M10 screws on A4S 270R/A4S 310R/A5S 310Z/A5S 300J/A5S 440Z/A5S 560Z transmissions?,45 Nm,answer_too_short,answer_length
2026-02-11T00:30:39.594037Z,bmwtorquespecs-116,bmwtorquespecs-116-q03,"For all other transmission types not specifically listed, what is the M10 screw torque specification?",49 Nm,answer_too_short,answer_length
2026-02-11T00:30:39.594037Z,bmwtorquespecs-116,bmwtorquespecs-116-q07,What unit of measurement is used for all torque specifications on this page?,Nm (Newton meters),self_referential: on this page,self_referential
2026-02-11T00:30:39.594037Z,bmwtorquespecs-117,bmwtorquespecs-117-q06,What is the screw type used for the ASS 300J selector lever?,M8 screw.,answer_too_short,answer_length
2026-02-11T00:30:39.594037Z,bmwtorquespecs-117,bmwtorquespecs-117-q08,What unit of measurement is used for the torque specifications on this page?,Nm (Newton meters).,self_referential: on this page,self_referential
2026-02-11T00:30:39.594037Z,bmwtorquespecs-117,bmwtorquespecs-117-q09,What is the screw specification for the All types selector lever on transmission?,M8x1 screw.,question_similarity: 0.85 with bmwtorquespecs-117-q01,question_diversity
2026-02-11T00:30:39.594037Z,bmwtorquespecs-118,bmwtorquespecs-118-q01,What is the torque specification for the shift segment to shaft on A4S 310R/A4S 310R type?,22 Nm,answer_too_short,answer_length
2026-02-11T00:30:39.594037Z,bmwtorquespecs-118,bmwtorquespecs-118-q02,What screw type is used for the A5S 300J transmission component?,M14x1.5,answer_too_short,answer_length
2026-02-11T00:30:39.594037Z,bmwtorquespecs-118,bmwtorquespecs-118-q03,What is the torque value for the A5S 300J component with M14x1.5 screw?,35 Nm,answer_too_short,answer_length
2026-02-11T00:30:39.594037Z,bmwtorquespecs-118,bmwtorquespecs-118-q05,What is the torque specification for the detent spring on shift unit for A4S 270R/A4S 310R?,25 Nm,answer_too_short,answer_length
2026-02-11T00:30:39.594037Z,bmwtorquespecs-118,bmwtorquespecs-118-q06,What screw size is specified for the detent spring on shift unit?,"5/16""",answer_too_short,answer_length
2026-02-11T00:30:39.594037Z,bmwtorquespecs-118,bmwtorquespecs-118-q07,What section number covers the interior shift elements?,24 52,answer_too_short,answer_length
2026-02-11T00:30:39.594037Z,bmwtorquespecs-118,bmwtorquespecs-118-q10,What unit of measurement is used for all torque specifications on this page?,Nm (Newton meters),self_referential: on this page,self_referential
2026-02-11T00:30:39.594037Z,bmwtorquespecs-119,bmwtorquespecs-119-q01,What is the torque specification for cross member to body mounting on the automatic transmission?,21 Nm,answer_too_short,answer_length
2026-02-11T00:30:39.594037Z,bmwtorquespecs-119,bmwtorquespecs-119-q02,What torque value should be used for rubber mounts to cross member or transmission?,21 Nm,answer_too_short,answer_length
2026-02-11T00:30:39.594037Z,bmwtorquespecs-119,bmwtorquespecs-119-q04,What is the torque specification for rubber mounts to carrier pipe on E36 models?,21 Nm,answer_too_short,answer_length
2026-02-11T00:30:39.594037Z,bmwtorquespecs-119,bmwtorquespecs-119-q05,What torque should be applied to the carrier plate on E36 models?,21 Nm,answer_too_short,answer_length
2026-02-11T00:30:39.594037Z,bmwtorquespecs-119,bmwtorquespecs-119-q07,What section number covers automatic transmission mounting specifications?,24-17,answer_too_short,answer_length
2026-02-11T00:30:39.594037Z,bmwtorquespecs-121,bmwtorquespecs-121-q01,What is the torque specification for the Bowden cable on the shift tower/transmission?,15 Nm,answer_too_short,answer_length
2026-02-11T00:30:39.594037Z,bmwtorquespecs-121,bmwtorquespecs-121-q02,What torque should be applied to the clamping screw on the shift lever?,10 Nm,answer_too_short,answer_length
2026-02-11T00:30:39.594037Z,bmwtorquespecs-121,bmwtorquespecs-121-q04,How much torque should be applied when installing the switch to shift console?,4.5 Nm,answer_too_short,answer_length
2026-02-11T00:30:39.594037Z,bmwtorquespecs-121,bmwtorquespecs-121-q07,What type of vehicles do these torque specifications apply to according to the Type column?,All types,answer_too_short,answer_length
2026-02-11T00:30:39.594037Z,bmwtorquespecs-122,bmwtorquespecs-122-q01,What is the torque specification for the universal joint to propeller shaft and transmission with M10 8.8 screw?,48 Nm,answer_too_short,answer_length
2026-02-11T00:30:39.594037Z,bmwtorquespecs-122,bmwtorquespecs-122-q02,What torque value should be applied to M14 screws on E31/E38/E39 models for propeller shaft connections?,140 Nm,answer_too_short,answer_length
2026-02-11T00:30:39.594037Z,bmwtorquespecs-122,bmwtorquespecs-122-q03,"For E32/E34/E36/E39 models, what is the torque specification for M12 8.8 screws?",81 Nm,answer_too_short,answer_length
2026-02-11T00:30:39.594037Z,bmwtorquespecs-122,bmwtorquespecs-122-q05,How much torque should be applied to the aluminum propeller shaft flexible disk on transmission for E39 models?,90 Nm,answer_too_short,answer_length
2026-02-11T00:30:39.594037Z,bmwtorquespecs-122,bmwtorquespecs-122-q06,What is the torque specification for coupling the propeller shaft to transmission on all models with M10 screws?,60 Nm,answer_too_short,answer_length
2026-02-11T00:30:39.594037Z,bmwtorquespecs-122,bmwtorquespecs-122-q07,"For E32/E31 models, what torque value is specified for M12 screws when coupling propeller shaft to transmission?",95 Nm,answer_too_short,answer_length
2026-02-11T00:30:39.594037Z,bmwtorquespecs-122,bmwtorquespecs-122-q08,What is the torque specification for the clamping ring for slide after installation in car on all models?,10 Nm,answer_too_short,answer_length
2026-02-11T00:30:39.594037Z,bmwtorquespecs-122,bmwtorquespecs-122-q09,"For E30 Four Wheel Drive models, what torque should be applied to the clamping ring for slide after installation?",22 Nm,answer_too_short,answer_length
2026-02-11T00:30:39.594037Z,bmwtorquespecs-123,bmwtorquespecs-123-q04,How much torque should be applied to the center mount to body?,21 Nm.,answer_too_short,answer_length
2026-02-11T00:30:39.594037Z,bmwtorquespecs-123,bmwtorquespecs-123-q05,What is the torque specification for the pivot to center propeller shaft journal with Loctite?,97 Nm.,answer_too_short,answer_length
2026-02-11T00:30:39.594037Z,bmwtorquespecs-124,bmwtorquespecs-124-q06,What is the torque specification for the output flange collar nut?,110 Nm,answer_too_short,answer_length
2026-02-11T00:30:39.594037Z,bmwtorquespecs-125,bmwtorquespecs-125-q01,What is the torque specification for the M24x1.5 plug in the transfer box?,33 Nm,answer_too_short,answer_length
2026-02-11T00:30:39.594037Z,bmwtorquespecs-125,bmwtorquespecs-125-q02,What torque should be applied to M14 x 1.5 screws in the transfer box?,33 Nm,answer_too_short,answer_length
2026-02-11T00:30:39.594037Z,bmwtorquespecs-125,bmwtorquespecs-125-q03,What is the torque value for M18x1.5 screws in the transfer box?,23 Nm,answer_too_short,answer_length
2026-02-11T00:30:39.594037Z,bmwtorquespecs-126,bmwtorquespecs-126-q04,What section number covers plug connections in the general electrical system?,61 13,answer_too_short,answer_length
2026-02-11T00:30:39.594037Z,bmwtorquespecs-127,bmwtorquespecs-127-q01,What is the torque specification for the temperature switch at 91°C?,14 Nm,answer_too_short,answer_length
2026-02-11T00:30:39.594037Z,bmwtorquespecs-127,bmwtorquespecs-127-q02,What is the torque specification for the temperature switch at 99°C?,14 Nm,answer_too_short,answer_length
2026-02-11T00:30:39.594037Z,bmwtorquespecs-127,bmwtorquespecs-127-q04,What is the torque specification for the oil pressure switch on S14/S50/S38/M43 engines?,20 Nm,answer_too_short,answer_length
2026-02-11T00:30:39.594037Z,bmwtorquespecs-127,bmwtorquespecs-127-q05,What torque specification applies to the reversing light switch?,20 Nm,answer_too_short,answer_length
2026-02-11T00:30:39.594037Z,bmwtorquespecs-127,bmwtorquespecs-127-q06,Which vehicle models use the light switch on instrument panel with 2 Nm torque?,E36/E38,answer_too_short,answer_length
2026-02-11T00:30:39.594037Z,bmwtorquespecs-127,bmwtorquespecs-127-q07,What is the torque specification for the transmission switch on shift block?,4.5 Nm,answer_too_short,answer_length
2026-02-11T00:30:39.594037Z,bmwtorquespecs-127,bmwtorquespecs-127-q09,What section number covers the General Electrical system switches?,61 - 2,answer_too_short,answer_length
2026-02-11T00:30:39.594037Z,bmwtorquespecs-128,bmwtorquespecs-128-q05,What section number covers Control Units and Modules?,61 35,answer_too_short,answer_length
2026-02-11T00:30:39.594037Z,bmwtorquespecs-128,bmwtorquespecs-128-q06,What is the main section this page belongs to?,61 - 3 General Electrical system,self_referential: on this page,self_referential
2026-02-11T00:30:39.594037Z,bmwtorquespecs-128,bmwtorquespecs-128-q08,What unit of measurement is used for all torque specifications on this page?,Nm (Newton meters),self_referential: on this page,self_referential
2026-02-11T00:30:39.594037Z,bmwtorquespecs-129,bmwtorquespecs-129-q06,What screw size is used for Bosch and Magnet Marelli components?,M8 screw.,answer_too_short,answer_length
2026-02-11T00:30:39.594037Z,bmwtorquespecs-131,bmwtorquespecs-131-q05,How much torque is required for the wiper motor to console connection?,13 Nm,answer_too_short,answer_length
2026-02-11T00:30:39.594037Z,bmwtorquespecs-131,bmwtorquespecs-131-q06,What is the torque specification for connecting the motor crank to wiper motor?,13 Nm,answer_too_short,answer_length
2026-02-11T00:30:39.594037Z,bmwtorquespecs-131,bmwtorquespecs-131-q08,What torque value is specified for the wiper arm to wiper shaft connection?,13 Nm,answer_too_short,answer_length
2026-02-11T00:30:39.594037Z,bmwtorquespecs-132,bmwtorquespecs-132-q03,How much torque should be applied when connecting the bracket to body on headlight cleaners?,15 Nm,answer_too_short,answer_length
2026-02-11T00:30:39.594037Z,bmwtorquespecs-132,bmwtorquespecs-132-q07,What unit of measurement is used for all torque specifications on this page?,Nm (Newton-meters),self_referential: on this page,self_referential
2026-02-11T00:30:39.594037Z,bmwtorquespecs-132,bmwtorquespecs-132-q09,What page number is this torque specification table from?,61 - 7,answer_too_short,answer_length
2026-02-11T00:30:39.594037Z,bmwtorquespecs-133,bmwtorquespecs-133-q03,What is the subsection number for Car Electrical System Senders?,62 16,answer_too_short,answer_length
2026-02-11T00:30:39.594037Z,bmwtorquespecs-133,bmwtorquespecs-133-q07,What is the minimum torque value for speedometer sender screws?,6.6 Nm,answer_too_short,answer_length
2026-02-11T00:30:39.594037Z,bmwtorquespecs-133,bmwtorquespecs-133-q08,What is the maximum torque value for speedometer sender screws?,8.4 Nm,answer_too_short,answer_length
2026-02-11T00:30:39.594037Z,bmwtorquespecs-134,bmwtorquespecs-134-q10,What is the highest torque value specified on this page?,The highest torque value specified is 220 Nm for the M40 slotted nut for the take-up pipe to hitch.,self_referential: on this page,self_referential
2026-02-11T00:30:39.594037Z,bmwtorquespecs-135,bmwtorquespecs-135-q01,What is the torque specification for the safety belt on the B-pillar?,31 Nm,answer_too_short,answer_length
2026-02-11T00:30:39.594037Z,bmwtorquespecs-135,bmwtorquespecs-135-q02,"What torque value should be used for safety belts on the body, except for B-pillar applications?",48 Nm,answer_too_short,answer_length
2026-02-11T00:30:39.594037Z,bmwtorquespecs-135,bmwtorquespecs-135-q03,What is the torque specification for screws used in seatbelt height adjustment on the body?,24 Nm,answer_too_short,answer_length
2026-02-11T00:30:39.594037Z,bmwtorquespecs-135,bmwtorquespecs-135-q05,What is the torque value for the seat belt to seat connection on E31 models?,47 Nm,answer_too_short,answer_length
2026-02-11T00:30:39.594037Z,bmwtorquespecs-135,bmwtorquespecs-135-q07,What is the torque specification for headrest to backrest connections?,24 Nm,answer_too_short,answer_length
2026-02-11T00:30:39.594037Z,bmwtorquespecs-135,bmwtorquespecs-135-q08,Which vehicle model uses the tension relief between roller blind mount and backrest lock mount specification?,E39/2,answer_too_short,answer_length
2026-02-11T00:30:39.594037Z,bmwtorquespecs-135,bmwtorquespecs-135-q09,What torque value applies to safety belts with belt height adjustment?,31 Nm,answer_too_short,answer_length
2026-02-11T00:30:39.594037Z,bmwtorquespecs-135,bmwtorquespecs-135-q10,What is the torque specification for the tension relief between roller blind mount and backrest lock mount?,24 Nm,answer_too_short,answer_length
2026-02-11T00:30:39.594037Z,bmwtorquespecs-136,bmwtorquespecs-136-q01,What is the torque specification for the airbag module on doors?,11 Nm,answer_too_short,answer_length
2026-02-11T00:30:39.594037Z,bmwtorquespecs-136,bmwtorquespecs-136-q05,What is the torque specification for the bracket of ITS head airbag on body (3AZ)?,2.5 Nm,answer_too_short,answer_length
2026-02-11T00:30:39.594037Z,bmwtorquespecs-136,bmwtorquespecs-136-q07,What torque should be applied to the ITS head airbag on body (4AZ)?,11 Nm,answer_too_short,answer_length
2026-02-11T00:30:39.594037Z,bmwtorquespecs-136,bmwtorquespecs-136-q10,Which chassis type applies to the additional steel bracket for ITS head airbag on body?,E38 L7,answer_too_short,answer_length
2026-02-11T00:30:39.594037Z,bosch-motronic-ml-3-1-01-02,bosch-motronic-ml-3-1-01-02-q01,What is the BMW system designation for this fault finding instruction?,BMW-5006,answer_too_short,answer_length
2026-02-11T00:30:39.594037Z,bosch-motronic-ml-3-1-01-02,bosch-motronic-ml-3-1-01-02-q04,On which page can I find the fault finding schema?,Page 04,answer_too_short,answer_length
2026-02-11T00:30:39.594037Z,bosch-motronic-ml-3-1-01-02,bosch-motronic-ml-3-1-01-02-q05,Where are the nominal values located in this manual?,Page 15,answer_too_short,answer_length
2026-02-11T00:30:39.594037Z,bosch-motronic-ml-3-1-01-02,bosch-motronic-ml-3-1-01-02-q07,How many poles does the Motronic ML 3.1 system connector have?,35 poles,answer_too_short,answer_length
2026-02-11T00:30:39.594037Z,bosch-motronic-ml-3-1-07-08,bosch-motronic-ml-3-1-07-08-q02,What voltage value should be greater than 2.5V according to the oscilloscope display?,USS>2.5V,answer_too_short,answer_length
2026-02-11T00:30:39.594037Z,bosch-motronic-ml-3-1-07-08,bosch-motronic-ml-3-1-07-08-q05,What voltage range is specified for the main relay power supply to the electronic control unit in test cycles 18 and 19?,10...16 V,answer_too_short,answer_length
2026-02-11T00:30:39.594037Z,bosch-motronic-ml-3-1-07-08,bosch-motronic-ml-3-1-07-08-q09,What voltage threshold is shown as US>2V in the second oscilloscope display?,US>2V,answer_too_short,answer_length
2026-02-11T00:30:39.594037Z,bosch-motronic-ml-3-1-09-10,bosch-motronic-ml-3-1-09-10-q02,What voltage should be measured for the starting signal at test point 25?,8...15 V,answer_too_short,answer_length
2026-02-11T00:30:39.594037Z,bosch-motronic-ml-3-1-11-12,bosch-motronic-ml-3-1-11-12-q03,What is the ignition timing specification at minimum idle speed?,-5...+5°,answer_too_short,answer_length
2026-02-11T00:30:39.594037Z,bosch-motronic-ml-3-1-11-12,bosch-motronic-ml-3-1-11-12-q04,What ignition timing should be recorded at full load?,15...25°,answer_too_short,answer_length
2026-02-11T00:30:39.594037Z,bosch-motronic-ml-3-1-11-12,bosch-motronic-ml-3-1-11-12-q06,What is the valve closing angle specification at minimum idle speed?,10...23,answer_too_short,answer_length
2026-02-11T00:30:39.594037Z,bosch-motronic-ml-3-1-11-12,bosch-motronic-ml-3-1-11-12-q07,What valve closing angle should be measured at 2000 RPM?,17...39,answer_too_short,answer_length
2026-02-11T00:30:39.594037Z,bosch-motronic-ml-3-1-11-12,bosch-motronic-ml-3-1-11-12-q08,What percentage specification is given for the idle control servo valve pulse rate?,20...30 %,answer_too_short,answer_length
2026-02-11T00:30:39.594037Z,bosch-motronic-ml-3-1-13-14,bosch-motronic-ml-3-1-13-14-q01,What is the voltage range for the relay test in cycle 38?,10...15 V,answer_too_short,answer_length
2026-02-11T00:30:39.594037Z,bosch-motronic-ml-3-1-13-14,bosch-motronic-ml-3-1-13-14-q03,What is the maximum voltage value mentioned for cycle 38?,max. 4 V,answer_too_short,answer_length
2026-02-11T00:30:39.594037Z,bosch-motronic-ml-3-1-13-14,bosch-motronic-ml-3-1-13-14-q06,What is the nominal voltage value mentioned for cycle 37?,70...80 %,answer_too_short,answer_length
2026-02-11T00:30:39.594037Z,bosch-motronic-ml-3-1-15-16,bosch-motronic-ml-3-1-15-16-q04,What is the minimum connection voltage specified?,min. 12 V,answer_too_short,answer_length
2026-02-11T00:30:39.594037Z,bosch-motronic-ml-3-1-15-16,bosch-motronic-ml-3-1-15-16-q07,What is the electrical resistance of the electroinjector at ambient temperature?,2...3 Ω,answer_too_short,answer_length
2026-02-11T00:30:39.594037Z,bosch-motronic-ml-3-1-17-18,bosch-motronic-ml-3-1-17-18-q06,What CO percentage range is specified for vehicles with catalytic converter?,"0,2...1,2 Vol.% CO",question_similarity: 0.83 with bosch-motronic-ml-3-1-17-18-q05,question_diversity
2026-02-11T00:30:39.594037Z,bosch-motronic-ml-3-1-17-18,bosch-motronic-ml-3-1-17-18-q09,What happens to the mixture when the lambda sensor rotation is clockwise?,Mixture enrichment,question_similarity: 0.83 with bosch-motronic-ml-3-1-17-18-q08,question_diversity
2026-02-11T00:30:39.594037Z,getrag-010,getrag-010-q01,What type of bearing is being installed in this image?,A new genuine bearing is being installed.,self_referential: in this image,self_referential
2026-02-11T00:30:39.594037Z,getrag-010,getrag-010-q04,How many ball bearings are visible in the bearing assembly?,"Multiple ball bearings can be seen in the raceway, though the exact count is not specified in the visible portion.",generic_answer: not specified,generic_answer
2026-02-11T00:30:39.594037Z,getrag-011,getrag-011-q10,What type of workshop environment is shown in this image?,"This appears to be a professional automotive workshop with proper tooling, safety equipment, and organized work areas for transmission service work.",self_referential: in this image,self_referential
2026-02-11T00:30:39.594037Z,getrag-018,getrag-018-q03,What type of component is shown in this image?,"This is a transmission housing or case component, likely from the Getrag 265/5 transmission based on the section reference.",self_referential: in this image,self_referential
2026-02-11T00:30:39.594037Z,getrag-018,getrag-018-q05,What type of cleaning is being demonstrated in this image?,Manual cleaning using a wire brush to remove debris and contaminants from the transmission housing surfaces and passages.,self_referential: in this image,self_referential
2026-02-11T00:30:39.594037Z,getrag-021,getrag-021-q08,What is the reverse gear measurement in the second column?,Reverse gear shows 0.08mm in the second column.,question_similarity: 0.80 with getrag-021-q07,question_diversity
2026-02-11T00:30:39.594037Z,html-320is-techspec,html-320is-techspec-q07,What is the 2540 for the BMW E30 320is?,1206 ,answer_too_short,answer_length
2026-02-11T00:30:39.594037Z,html-320is-techspec,html-320is-techspec-q09,What is the # cars produced: 2540 specification?,1206 ,answer_too_short,answer_length
2026-02-11T00:30:39.594037Z,html-320is-techspec,html-320is-techspec-q10,What is the 1200 kg for the BMW E30 320is?,1190 kg ,answer_too_short,answer_length
2026-02-11T00:30:39.594037Z,html-320is-techspec,html-320is-techspec-q12,What is the weight: 1200 kg specification?,1190 kg ,answer_too_short,answer_length
2026-02-11T00:30:39.594037Z,html-320is-techspec,html-320is-techspec-q13,What is the 1660 kg for the BMW E30 320is?,1650 kg ,answer_too_short,answer_length
2026-02-11T00:30:39.594037Z,html-320is-techspec,html-320is-techspec-q15,What is the permissible total weight: 1660 kg specification?,1650 kg ,answer_too_short,answer_length
2026-02-11T00:30:39.594037Z,html-320is-techspec,html-320is-techspec-q16,What is the 0.34 for the BMW E30 320is?,0.37 ,answer_too_short,answer_length
2026-02-11T00:30:39.594037Z,html-320is-techspec,html-320is-techspec-q18,What is the cw (coeff) / cx (drag area)aerodynamics: 0.34 specification?,0.37 ,answer_too_short,answer_length
2026-02-11T00:30:39.594037Z,html-320is-techspec,html-320is-techspec-q19,What is the 231 km/h for the BMW E30 320is?,227 km/h ,answer_too_short,answer_length
2026-02-11T00:30:39.594037Z,html-320is-techspec,html-320is-techspec-q21,What is the maximum speed: 231 km/h specification?,227 km/h ,answer_too_short,answer_length
2026-02-11T00:30:39.594037Z,html-320is-techspec,html-320is-techspec-q30,What is the pas for the BMW E30 320is?,PAS ,answer_too_short,answer_length
2026-02-11T00:30:39.594037Z,html-320is-techspec,html-320is-techspec-q36,What is the abs for the BMW E30 320is?,ABS ,answer_too_short,answer_length
2026-02-11T00:30:39.594037Z,html-320is-techspec,html-320is-techspec-q38,What is the 4.10 litres for the BMW E30 320is?," Oil filter, individual capacity: 0.30 litres  Oil cooler, individual capacity: 0.55 litres  Operating oil temp: 80-120 °C  Oil temp to not exceed: 130 °C  Gearbox oil: SAE 8075W80GL-4  Gearbox oil quantity: 1.25 litres  Gearbox oil brands:[from forums, 2024] BMW MTF-LT2 (supercedes MTF1): 75W80, GL-4 syntheticRedline MTL: 75W80, GL-4 syntheticSwepco 201: 80W90, GL-5 dinoLiquid Moly TopTec MTF5200: 75W80, GL-4 syntheticFuchs Titan Sintofluid: 75W80, GL-4 syntheticCastrol Syntrans V FE: 75W80, GL-4 syntheticRavenol MTF-2: 75W80W, GL-4 syntheticMotul MotylGear: 75W80, GL-4 & GL-5 synthetic  Differential oil (25% limited slip): SAE 90 Transmission  Differential oil quantity: 1.70 litres  Power steering fluid: Dexron III  Power steering fluid quantity: 1.2 litres  Coolant quantity: 9.0 litres (9.5 litres with A/C)  A/C charge (R12): 875 gr. +/- 25 gr. (1.93 +/- 0.05 lbs)  Brake / Clutch fluid: ATE / Castrol / DOT 4 ",answer_too_long,answer_length
2026-02-11T00:30:39.594037Z,html-320is-techspec,html-320is-techspec-q39,What is the 4.10 litres?,"The 4.10 litres for the BMW E30 320is is  Oil filter, individual capacity: 0.30 litres  Oil cooler, individual capacity: 0.55 litres  Operating oil temp: 80-120 °C  Oil temp to not exceed: 130 °C  Gearbox oil: SAE 8075W80GL-4  Gearbox oil quantity: 1.25 litres  Gearbox oil brands:[from forums, 2024] BMW MTF-LT2 (supercedes MTF1): 75W80, GL-4 syntheticRedline MTL: 75W80, GL-4 syntheticSwepco 201: 80W90, GL-5 dinoLiquid Moly TopTec MTF5200: 75W80, GL-4 syntheticFuchs Titan Sintofluid: 75W80, GL-4 syntheticCastrol Syntrans V FE: 75W80, GL-4 syntheticRavenol MTF-2: 75W80W, GL-4 syntheticMotul MotylGear: 75W80, GL-4 & GL-5 synthetic  Differential oil (25% limited slip): SAE 90 Transmission  Differential oil quantity: 1.70 litres  Power steering fluid: Dexron III  Power steering fluid quantity: 1.2 litres  Coolant quantity: 9.0 litres (9.5 litres with A/C)  A/C charge (R12): 875 gr. +/- 25 gr. (1.93 +/- 0.05 lbs)  Brake / Clutch fluid: ATE / Castrol / DOT 4 .",answer_too_long,answer_length
2026-02-11T00:30:39.594037Z,html-320is-techspec,html-320is-techspec-q40,What is the oil quantity (no oil filter change): 4.10 litres specification?," Oil filter, individual capacity: 0.30 litres  Oil cooler, individual capacity: 0.55 litres  Operating oil temp: 80-120 °C  Oil temp to not exceed: 130 °C  Gearbox oil: SAE 8075W80GL-4  Gearbox oil quantity: 1.25 litres  Gearbox oil brands:[from forums, 2024] BMW MTF-LT2 (supercedes MTF1): 75W80, GL-4 syntheticRedline MTL: 75W80, GL-4 syntheticSwepco 201: 80W90, GL-5 dinoLiquid Moly TopTec MTF5200: 75W80, GL-4 syntheticFuchs Titan Sintofluid: 75W80, GL-4 syntheticCastrol Syntrans V FE: 75W80, GL-4 syntheticRavenol MTF-2: 75W80W, GL-4 syntheticMotul MotylGear: 75W80, GL-4 & GL-5 synthetic  Differential oil (25% limited slip): SAE 90 Transmission  Differential oil quantity: 1.70 litres  Power steering fluid: Dexron III  Power steering fluid quantity: 1.2 litres  Coolant quantity: 9.0 litres (9.5 litres with A/C)  A/C charge (R12): 875 gr. +/- 25 gr. (1.93 +/- 0.05 lbs)  Brake / Clutch fluid: ATE / Castrol / DOT 4 ",answer_too_long,answer_length
2026-02-11T00:30:39.594037Z,html-m3-techspec,html-m3-techspec-q07,"What is the 17,184 for the BMW E30 M3?",??? ,answer_too_short,answer_length
2026-02-11T00:30:39.594037Z,html-m3-techspec,html-m3-techspec-q09,"What is the # cars produced: 17,184 specification?",??? ,answer_too_short,answer_length
2026-02-11T00:30:39.594037Z,html-m3-techspec,html-m3-techspec-q10,What is the 1200 kg for the BMW E30 M3?,??? kg ,answer_too_short,answer_length
2026-02-11T00:30:39.594037Z,html-m3-techspec,html-m3-techspec-q12,What is the weight: 1200 kg specification?,??? kg ,answer_too_short,answer_length
2026-02-11T00:30:39.594037Z,html-m3-techspec,html-m3-techspec-q13,What is the 1680 kg for the BMW E30 M3?,??? kg ,answer_too_short,answer_length
2026-02-11T00:30:39.594037Z,html-m3-techspec,html-m3-techspec-q15,What is the permissible total weight: 1680 kg specification?,??? kg ,answer_too_short,answer_length
2026-02-11T00:30:39.594037Z,html-m3-techspec,html-m3-techspec-q16,What is the 0.33 for the BMW E30 M3?,0.62 ,answer_too_short,answer_length
2026-02-11T00:30:39.594037Z,html-m3-techspec,html-m3-techspec-q18,What is the cw (coeff) / cx (drag area)aerodynamics: 0.33 specification?,0.62 ,answer_too_short,answer_length
2026-02-11T00:30:39.594037Z,html-m3-techspec,html-m3-techspec-q19,What is the 235 km/h for the BMW E30 M3?,??? km/h ,answer_too_short,answer_length
2026-02-11T00:30:39.594037Z,html-m3-techspec,html-m3-techspec-q21,What is the maximum speed: 235 km/h specification?,??? km/h ,answer_too_short,answer_length
2026-02-11T00:30:39.594037Z,html-m3-techspec,html-m3-techspec-q22,What is the 4.10 litres for the BMW E30 M3?," Oil filter, individual capacity: 0.30 litres  Oil cooler, individual capacity: 0.55 litres  Operating oil temp: 80-120 °C  Oil temp to not exceed: 130 °C  Gearbox oil: SAE 8075W80GL-4  Gearbox oil quantity: 1.25 litres  Gearbox oil brands:[from forums, 2024] BMW MTF-LT2 (supercedes MTF1): 75W80, GL-4 syntheticRedline MTL: 75W80, GL-4 syntheticSwepco 201: 80W90, GL-5 dinoLiquid Moly TopTec MTF5200: 75W80, GL-4 syntheticFuchs Titan Sintofluid: 75W80, GL-4 syntheticCastrol Syntrans V FE: 75W80, GL-4 syntheticRavenol MTF-2: 75W80W, GL-4 syntheticMotul MotylGear: 75W80, GL-4 & GL-5 synthetic  Differential oil (25% limited slip): SAE 90 Transmission  Differential oil quantity: 1.70 litres  Power steering fluid: Dexron III  Power steering fluid quantity: 1.2 litres  Coolant quantity: 9.0 litres (9.5 litres with A/C)  A/C charge (R12): 875 gr. +/- 25 gr. (1.93 +/- 0.05 lbs)  Brake / Clutch fluid: ATE / Castrol / DOT 4 ",answer_too_long,answer_length
2026-02-11T00:30:39.594037Z,html-m3-techspec,html-m3-techspec-q23,What is the 4.10 litres?,"The 4.10 litres for the BMW E30 M3 is  Oil filter, individual capacity: 0.30 litres  Oil cooler, individual capacity: 0.55 litres  Operating oil temp: 80-120 °C  Oil temp to not exceed: 130 °C  Gearbox oil: SAE 8075W80GL-4  Gearbox oil quantity: 1.25 litres  Gearbox oil brands:[from forums, 2024] BMW MTF-LT2 (supercedes MTF1): 75W80, GL-4 syntheticRedline MTL: 75W80, GL-4 syntheticSwepco 201: 80W90, GL-5 dinoLiquid Moly TopTec MTF5200: 75W80, GL-4 syntheticFuchs Titan Sintofluid: 75W80, GL-4 syntheticCastrol Syntrans V FE: 75W80, GL-4 syntheticRavenol MTF-2: 75W80W, GL-4 syntheticMotul MotylGear: 75W80, GL-4 & GL-5 synthetic  Differential oil (25% limited slip): SAE 90 Transmission  Differential oil quantity: 1.70 litres  Power steering fluid: Dexron III  Power steering fluid quantity: 1.2 litres  Coolant quantity: 9.0 litres (9.5 litres with A/C)  A/C charge (R12): 875 gr. +/- 25 gr. (1.93 +/- 0.05 lbs)  Brake / Clutch fluid: ATE / Castrol / DOT 4 .",answer_too_long,answer_length
2026-02-11T00:30:39.594037Z,html-m3-techspec,html-m3-techspec-q24,What is the oil quantity (no oil filter change): 4.10 litres specification?," Oil filter, individual capacity: 0.30 litres  Oil cooler, individual capacity: 0.55 litres  Operating oil temp: 80-120 °C  Oil temp to not exceed: 130 °C  Gearbox oil: SAE 8075W80GL-4  Gearbox oil quantity: 1.25 litres  Gearbox oil brands:[from forums, 2024] BMW MTF-LT2 (supercedes MTF1): 75W80, GL-4 syntheticRedline MTL: 75W80, GL-4 syntheticSwepco 201: 80W90, GL-5 dinoLiquid Moly TopTec MTF5200: 75W80, GL-4 syntheticFuchs Titan Sintofluid: 75W80, GL-4 syntheticCastrol Syntrans V FE: 75W80, GL-4 syntheticRavenol MTF-2: 75W80W, GL-4 syntheticMotul MotylGear: 75W80, GL-4 & GL-5 synthetic  Differential oil (25% limited slip): SAE 90 Transmission  Differential oil quantity: 1.70 litres  Power steering fluid: Dexron III  Power steering fluid quantity: 1.2 litres  Coolant quantity: 9.0 litres (9.5 litres with A/C)  A/C charge (R12): 875 gr. +/- 25 gr. (1.93 +/- 0.05 lbs)  Brake / Clutch fluid: ATE / Castrol / DOT 4 ",answer_too_long,answer_length
