timestamp,source_file,operation,status,output_path,error_message
2026-02-09T20:04:53.592788,raw/00 - Maintenance/00-00-index-a.jpg,image_validate,success,raw/00 - Maintenance/00-00-index-a.jpg,
2026-02-09T20:04:53.654087,raw/00 - Maintenance/00-00-intro-01.jpg,image_validate,success,raw/00 - Maintenance/00-00-intro-01.jpg,
2026-02-09T20:04:53.659533,raw/00 - Maintenance/00-00-intro-02.jpg,image_validate,success,raw/00 - Maintenance/00-00-intro-02.jpg,
2026-02-09T20:04:53.665230,raw/00 - Maintenance/00-00-intro-03.jpg,image_validate,success,raw/00 - Maintenance/00-00-intro-03.jpg,
2026-02-09T20:04:53.669237,raw/00 - Maintenance/00-00-intro-04.jpg,image_validate,success,raw/00 - Maintenance/00-00-intro-04.jpg,
2026-02-09T20:04:53.672589,raw/00 - Maintenance/00-01.jpg,image_validate,success,raw/00 - Maintenance/00-01.jpg,
2026-02-09T20:04:53.676360,raw/00 - Maintenance/00-02.jpg,image_validate,success,raw/00 - Maintenance/00-02.jpg,
2026-02-09T20:04:53.681085,raw/00 - Maintenance/00-03.jpg,image_validate,success,raw/00 - Maintenance/00-03.jpg,
2026-02-09T20:04:53.685205,raw/00 - Maintenance/00-04.jpg,image_validate,success,raw/00 - Maintenance/00-04.jpg,
2026-02-09T20:04:53.688748,raw/00 - Maintenance/00-05.jpg,image_validate,success,raw/00 - Maintenance/00-05.jpg,
2026-02-09T20:04:53.692360,raw/00 - Maintenance/00-06.jpg,image_validate,success,raw/00 - Maintenance/00-06.jpg,
2026-02-09T20:04:53.696591,raw/00 - Maintenance/00-07.jpg,image_validate,success,raw/00 - Maintenance/00-07.jpg,
2026-02-09T20:04:53.700731,raw/00 - Maintenance/00-08.jpg,image_validate,success,raw/00 - Maintenance/00-08.jpg,
2026-02-09T20:04:53.704349,raw/00 - Maintenance/00-09.jpg,image_validate,success,raw/00 - Maintenance/00-09.jpg,
2026-02-09T20:04:53.708002,raw/00 - Maintenance/00-10.jpg,image_validate,success,raw/00 - Maintenance/00-10.jpg,
2026-02-09T20:04:53.711681,raw/00 - Maintenance/00-11.jpg,image_validate,success,raw/00 - Maintenance/00-11.jpg,
2026-02-09T20:04:53.715470,raw/00 - Maintenance/00-12.jpg,image_validate,success,raw/00 - Maintenance/00-12.jpg,
2026-02-09T20:04:53.719203,raw/00 - Maintenance/00-13.jpg,image_validate,success,raw/00 - Maintenance/00-13.jpg,
2026-02-09T20:04:53.726253,raw/00 - Maintenance/00-14.jpg,image_validate,success,raw/00 - Maintenance/00-14.jpg,
2026-02-09T20:04:53.730261,raw/00 - Maintenance/00-15.jpg,image_validate,success,raw/00 - Maintenance/00-15.jpg,
2026-02-09T20:04:53.734132,raw/00 - Maintenance/00-16.jpg,image_validate,success,raw/00 - Maintenance/00-16.jpg,
2026-02-09T20:04:53.737766,raw/00 - Maintenance/00-17.jpg,image_validate,success,raw/00 - Maintenance/00-17.jpg,
2026-02-09T20:04:53.741973,raw/00 - Maintenance/00-18.jpg,image_validate,success,raw/00 - Maintenance/00-18.jpg,
2026-02-09T20:04:53.746647,raw/00 - Maintenance/index.html,skip,success,raw/00 - Maintenance/index.html,
2026-02-09T20:04:53.746656,raw/00 - Torque Specs/00-01.jpg,image_validate,success,raw/00 - Torque Specs/00-01.jpg,
2026-02-09T20:04:53.750443,raw/00 - Torque Specs/00-02.jpg,image_validate,success,raw/00 - Torque Specs/00-02.jpg,
2026-02-09T20:04:53.754177,raw/00 - Torque Specs/00-03.jpg,image_validate,success,raw/00 - Torque Specs/00-03.jpg,
2026-02-09T20:04:53.757455,raw/00 - Torque Specs/00-04.jpg,image_validate,success,raw/00 - Torque Specs/00-04.jpg,
2026-02-09T20:04:53.760730,raw/00 - Torque Specs/00-05.jpg,image_validate,success,raw/00 - Torque Specs/00-05.jpg,
2026-02-09T20:04:53.764237,raw/00 - Torque Specs/00-06.jpg,image_validate,success,raw/00 - Torque Specs/00-06.jpg,
2026-02-09T20:04:53.767898,raw/00 - Torque Specs/00-07.jpg,image_validate,success,raw/00 - Torque Specs/00-07.jpg,
2026-02-09T20:04:53.771165,raw/00 - Torque Specs/00-08.jpg,image_validate,success,raw/00 - Torque Specs/00-08.jpg,
2026-02-09T20:04:53.774430,raw/00 - Torque Specs/00-09.jpg,image_validate,success,raw/00 - Torque Specs/00-09.jpg,
2026-02-09T20:04:53.777701,raw/00 - Torque Specs/11-01.jpg,image_validate,success,raw/00 - Torque Specs/11-01.jpg,
2026-02-09T20:04:53.781332,raw/00 - Torque Specs/11-02.jpg,image_validate,success,raw/00 - Torque Specs/11-02.jpg,
2026-02-09T20:04:53.785087,raw/00 - Torque Specs/11-04.jpg,image_validate,success,raw/00 - Torque Specs/11-04.jpg,
2026-02-09T20:04:53.788343,raw/00 - Torque Specs/11-05.jpg,image_validate,success,raw/00 - Torque Specs/11-05.jpg,
2026-02-09T20:04:53.791681,raw/00 - Torque Specs/11-06.jpg,image_validate,success,raw/00 - Torque Specs/11-06.jpg,
2026-02-09T20:04:53.795258,raw/00 - Torque Specs/11-07.jpg,image_validate,success,raw/00 - Torque Specs/11-07.jpg,
2026-02-09T20:04:53.798290,raw/00 - Torque Specs/11-08.jpg,image_validate,success,raw/00 - Torque Specs/11-08.jpg,
2026-02-09T20:04:53.801593,raw/00 - Torque Specs/11-09.jpg,image_validate,success,raw/00 - Torque Specs/11-09.jpg,
2026-02-09T20:04:53.804901,raw/00 - Torque Specs/11-10.jpg,image_validate,success,raw/00 - Torque Specs/11-10.jpg,
2026-02-09T20:04:53.808115,raw/00 - Torque Specs/11-11.jpg,image_validate,success,raw/00 - Torque Specs/11-11.jpg,
2026-02-09T20:04:53.811478,raw/00 - Torque Specs/11-12.jpg,image_validate,success,raw/00 - Torque Specs/11-12.jpg,
2026-02-09T20:04:53.814801,raw/00 - Torque Specs/11-13.jpg,image_validate,success,raw/00 - Torque Specs/11-13.jpg,
2026-02-09T20:04:53.817753,raw/00 - Torque Specs/11-14.jpg,image_validate,success,raw/00 - Torque Specs/11-14.jpg,
2026-02-09T20:04:53.820902,raw/00 - Torque Specs/11-15.jpg,image_validate,success,raw/00 - Torque Specs/11-15.jpg,
2026-02-09T20:04:53.824483,raw/00 - Torque Specs/11-16.jpg,image_validate,success,raw/00 - Torque Specs/11-16.jpg,
2026-02-09T20:04:53.827524,raw/00 - Torque Specs/11-17.jpg,image_validate,success,raw/00 - Torque Specs/11-17.jpg,
2026-02-09T20:04:53.830685,raw/00 - Torque Specs/11-18.jpg,image_validate,success,raw/00 - Torque Specs/11-18.jpg,
2026-02-09T20:04:53.833920,raw/00 - Torque Specs/11-19.jpg,image_validate,success,raw/00 - Torque Specs/11-19.jpg,
2026-02-09T20:04:53.837185,raw/00 - Torque Specs/11-20.jpg,image_validate,success,raw/00 - Torque Specs/11-20.jpg,
2026-02-09T20:04:53.840527,raw/00 - Torque Specs/11-21.jpg,image_validate,success,raw/00 - Torque Specs/11-21.jpg,
2026-02-09T20:04:53.844042,raw/00 - Torque Specs/11-22.jpg,image_validate,success,raw/00 - Torque Specs/11-22.jpg,
2026-02-09T20:04:53.847397,raw/00 - Torque Specs/11-23.jpg,image_validate,success,raw/00 - Torque Specs/11-23.jpg,
2026-02-09T20:04:53.850364,raw/00 - Torque Specs/11-24.jpg,image_validate,success,raw/00 - Torque Specs/11-24.jpg,
2026-02-09T20:04:53.853272,raw/00 - Torque Specs/11-25.jpg,image_validate,success,raw/00 - Torque Specs/11-25.jpg,
2026-02-09T20:04:53.857145,raw/00 - Torque Specs/11-26.jpg,image_validate,success,raw/00 - Torque Specs/11-26.jpg,
2026-02-09T20:04:53.860310,raw/00 - Torque Specs/11-27.jpg,image_validate,success,raw/00 - Torque Specs/11-27.jpg,
2026-02-09T20:04:53.863773,raw/00 - Torque Specs/11-28.jpg,image_validate,success,raw/00 - Torque Specs/11-28.jpg,
2026-02-09T20:04:53.867257,raw/00 - Torque Specs/11-29.jpg,image_validate,success,raw/00 - Torque Specs/11-29.jpg,
2026-02-09T20:04:53.870402,raw/00 - Torque Specs/11-30.jpg,image_validate,success,raw/00 - Torque Specs/11-30.jpg,
2026-02-09T20:04:53.873407,raw/00 - Torque Specs/11-31.jpg,image_validate,success,raw/00 - Torque Specs/11-31.jpg,
2026-02-09T20:04:53.876376,raw/00 - Torque Specs/11-32.jpg,image_validate,success,raw/00 - Torque Specs/11-32.jpg,
2026-02-09T20:04:53.879350,raw/00 - Torque Specs/11-33.jpg,image_validate,success,raw/00 - Torque Specs/11-33.jpg,
2026-02-09T20:04:53.882360,raw/00 - Torque Specs/11-34.jpg,image_validate,success,raw/00 - Torque Specs/11-34.jpg,
2026-02-09T20:04:53.885507,raw/00 - Torque Specs/11-35.jpg,image_validate,success,raw/00 - Torque Specs/11-35.jpg,
2026-02-09T20:04:53.888789,raw/00 - Torque Specs/11-36.jpg,image_validate,success,raw/00 - Torque Specs/11-36.jpg,
2026-02-09T20:04:53.892414,raw/00 - Torque Specs/11-37.jpg,image_validate,success,raw/00 - Torque Specs/11-37.jpg,
2026-02-09T20:04:53.895511,raw/00 - Torque Specs/11-38.jpg,image_validate,success,raw/00 - Torque Specs/11-38.jpg,
2026-02-09T20:04:53.898703,raw/00 - Torque Specs/11-39.jpg,image_validate,success,raw/00 - Torque Specs/11-39.jpg,
2026-02-09T20:04:53.901666,raw/00 - Torque Specs/11-40.jpg,image_validate,success,raw/00 - Torque Specs/11-40.jpg,
2026-02-09T20:04:53.904797,raw/00 - Torque Specs/12-01.jpg,image_validate,success,raw/00 - Torque Specs/12-01.jpg,
2026-02-09T20:04:53.907809,raw/00 - Torque Specs/12-02.jpg,image_validate,success,raw/00 - Torque Specs/12-02.jpg,
2026-02-09T20:04:53.910771,raw/00 - Torque Specs/12-03.jpg,image_validate,success,raw/00 - Torque Specs/12-03.jpg,
2026-02-09T20:04:53.913874,raw/00 - Torque Specs/12-04.jpg,image_validate,success,raw/00 - Torque Specs/12-04.jpg,
2026-02-09T20:04:53.917216,raw/00 - Torque Specs/12-05.jpg,image_validate,success,raw/00 - Torque Specs/12-05.jpg,
2026-02-09T20:04:53.920198,raw/00 - Torque Specs/12-06.jpg,image_validate,success,raw/00 - Torque Specs/12-06.jpg,
2026-02-09T20:04:53.923320,raw/00 - Torque Specs/12-07.jpg,image_validate,success,raw/00 - Torque Specs/12-07.jpg,
2026-02-09T20:04:53.926850,raw/00 - Torque Specs/12-08.jpg,image_validate,success,raw/00 - Torque Specs/12-08.jpg,
2026-02-09T20:04:53.929777,raw/00 - Torque Specs/12-09.jpg,image_validate,success,raw/00 - Torque Specs/12-09.jpg,
2026-02-09T20:04:53.933034,raw/00 - Torque Specs/12-10.jpg,image_validate,success,raw/00 - Torque Specs/12-10.jpg,
2026-02-09T20:04:53.936040,raw/00 - Torque Specs/12-11.jpg,image_validate,success,raw/00 - Torque Specs/12-11.jpg,
2026-02-09T20:04:53.939228,raw/00 - Torque Specs/12-12.jpg,image_validate,success,raw/00 - Torque Specs/12-12.jpg,
2026-02-09T20:04:53.942240,raw/00 - Torque Specs/12-13.jpg,image_validate,success,raw/00 - Torque Specs/12-13.jpg,
2026-02-09T20:04:53.945321,raw/00 - Torque Specs/12-14.jpg,image_validate,success,raw/00 - Torque Specs/12-14.jpg,
2026-02-09T20:04:53.948769,raw/00 - Torque Specs/12-15.jpg,image_validate,success,raw/00 - Torque Specs/12-15.jpg,
2026-02-09T20:04:53.951848,raw/00 - Torque Specs/12-16.jpg,image_validate,success,raw/00 - Torque Specs/12-16.jpg,
2026-02-09T20:04:53.955028,raw/00 - Torque Specs/12-17.jpg,image_validate,success,raw/00 - Torque Specs/12-17.jpg,
2026-02-09T20:04:53.958556,raw/00 - Torque Specs/13-01.jpg,image_validate,success,raw/00 - Torque Specs/13-01.jpg,
2026-02-09T20:04:53.962023,raw/00 - Torque Specs/13-02.jpg,image_validate,success,raw/00 - Torque Specs/13-02.jpg,
2026-02-09T20:04:53.965520,raw/00 - Torque Specs/13-03.jpg,image_validate,success,raw/00 - Torque Specs/13-03.jpg,
2026-02-09T20:04:53.971444,raw/00 - Torque Specs/13-04.jpg,image_validate,success,raw/00 - Torque Specs/13-04.jpg,
2026-02-09T20:04:53.981139,raw/00 - Torque Specs/13-05.jpg,image_validate,success,raw/00 - Torque Specs/13-05.jpg,
2026-02-09T20:04:53.987561,raw/00 - Torque Specs/13-06.jpg,image_validate,success,raw/00 - Torque Specs/13-06.jpg,
2026-02-09T20:04:53.991955,raw/00 - Torque Specs/13-07.jpg,image_validate,success,raw/00 - Torque Specs/13-07.jpg,
2026-02-09T20:04:53.999512,raw/00 - Torque Specs/13-08.jpg,image_validate,success,raw/00 - Torque Specs/13-08.jpg,
2026-02-09T20:04:54.006250,raw/00 - Torque Specs/13-09.jpg,image_validate,success,raw/00 - Torque Specs/13-09.jpg,
2026-02-09T20:04:54.011632,raw/00 - Torque Specs/13-10.jpg,image_validate,success,raw/00 - Torque Specs/13-10.jpg,
2026-02-09T20:04:54.015872,raw/00 - Torque Specs/13-11.jpg,image_validate,success,raw/00 - Torque Specs/13-11.jpg,
2026-02-09T20:04:54.020274,raw/00 - Torque Specs/13-12.jpg,image_validate,success,raw/00 - Torque Specs/13-12.jpg,
2026-02-09T20:04:54.024534,raw/00 - Torque Specs/13-13.jpg,image_validate,success,raw/00 - Torque Specs/13-13.jpg,
2026-02-09T20:04:54.028469,raw/00 - Torque Specs/16-01.jpg,image_validate,success,raw/00 - Torque Specs/16-01.jpg,
2026-02-09T20:04:54.032880,raw/00 - Torque Specs/16-02.jpg,image_validate,success,raw/00 - Torque Specs/16-02.jpg,
2026-02-09T20:04:54.037669,raw/00 - Torque Specs/16-03.jpg,image_validate,success,raw/00 - Torque Specs/16-03.jpg,
2026-02-09T20:04:54.041043,raw/00 - Torque Specs/16-04.jpg,image_validate,success,raw/00 - Torque Specs/16-04.jpg,
2026-02-09T20:04:54.045010,raw/00 - Torque Specs/17-01.jpg,image_validate,success,raw/00 - Torque Specs/17-01.jpg,
2026-02-09T20:04:54.049209,raw/00 - Torque Specs/17-02.jpg,image_validate,success,raw/00 - Torque Specs/17-02.jpg,
2026-02-09T20:04:54.052882,raw/00 - Torque Specs/17-03.jpg,image_validate,success,raw/00 - Torque Specs/17-03.jpg,
2026-02-09T20:04:54.057872,raw/00 - Torque Specs/17-04.jpg,image_validate,success,raw/00 - Torque Specs/17-04.jpg,
2026-02-09T20:04:54.062480,raw/00 - Torque Specs/17-05.jpg,image_validate,success,raw/00 - Torque Specs/17-05.jpg,
2026-02-09T20:04:54.070007,raw/00 - Torque Specs/18-01.jpg,image_validate,success,raw/00 - Torque Specs/18-01.jpg,
2026-02-09T20:04:54.074090,raw/00 - Torque Specs/21-01.jpg,image_validate,success,raw/00 - Torque Specs/21-01.jpg,
2026-02-09T20:04:54.082343,raw/00 - Torque Specs/21-02.jpg,image_validate,success,raw/00 - Torque Specs/21-02.jpg,
2026-02-09T20:04:54.087036,raw/00 - Torque Specs/21-03.jpg,image_validate,success,raw/00 - Torque Specs/21-03.jpg,
2026-02-09T20:04:54.092074,raw/00 - Torque Specs/23-01.jpg,image_validate,success,raw/00 - Torque Specs/23-01.jpg,
2026-02-09T20:04:54.097614,raw/00 - Torque Specs/23-02.jpg,image_validate,success,raw/00 - Torque Specs/23-02.jpg,
2026-02-09T20:04:54.101852,raw/00 - Torque Specs/23-03.jpg,image_validate,success,raw/00 - Torque Specs/23-03.jpg,
2026-02-09T20:04:54.108886,raw/00 - Torque Specs/23-04.jpg,image_validate,success,raw/00 - Torque Specs/23-04.jpg,
2026-02-09T20:04:54.116227,raw/00 - Torque Specs/23-05.jpg,image_validate,success,raw/00 - Torque Specs/23-05.jpg,
2026-02-09T20:04:54.120562,raw/00 - Torque Specs/23-06.jpg,image_validate,success,raw/00 - Torque Specs/23-06.jpg,
2026-02-09T20:04:54.123796,raw/00 - Torque Specs/23-07.jpg,image_validate,success,raw/00 - Torque Specs/23-07.jpg,
2026-02-09T20:04:54.127427,raw/00 - Torque Specs/23-08.jpg,image_validate,success,raw/00 - Torque Specs/23-08.jpg,
2026-02-09T20:04:54.139879,raw/00 - Torque Specs/23-09.jpg,image_validate,success,raw/00 - Torque Specs/23-09.jpg,
2026-02-09T20:04:54.143188,raw/00 - Torque Specs/24-01.jpg,image_validate,success,raw/00 - Torque Specs/24-01.jpg,
2026-02-09T20:04:54.147281,raw/00 - Torque Specs/24-02.jpg,image_validate,success,raw/00 - Torque Specs/24-02.jpg,
2026-02-09T20:04:54.151164,raw/00 - Torque Specs/24-03.jpg,image_validate,success,raw/00 - Torque Specs/24-03.jpg,
2026-02-09T20:04:54.155959,raw/00 - Torque Specs/24-04.jpg,image_validate,success,raw/00 - Torque Specs/24-04.jpg,
2026-02-09T20:04:54.159744,raw/00 - Torque Specs/24-05.jpg,image_validate,success,raw/00 - Torque Specs/24-05.jpg,
2026-02-09T20:04:54.164419,raw/00 - Torque Specs/24-06.jpg,image_validate,success,raw/00 - Torque Specs/24-06.jpg,
2026-02-09T20:04:54.168146,raw/00 - Torque Specs/24-07.jpg,image_validate,success,raw/00 - Torque Specs/24-07.jpg,
2026-02-09T20:04:54.174240,raw/00 - Torque Specs/24-08.jpg,image_validate,success,raw/00 - Torque Specs/24-08.jpg,
2026-02-09T20:04:54.178130,raw/00 - Torque Specs/24-09.jpg,image_validate,success,raw/00 - Torque Specs/24-09.jpg,
2026-02-09T20:04:54.183340,raw/00 - Torque Specs/24-10.jpg,image_validate,success,raw/00 - Torque Specs/24-10.jpg,
2026-02-09T20:04:54.187687,raw/00 - Torque Specs/24-11.jpg,image_validate,success,raw/00 - Torque Specs/24-11.jpg,
2026-02-09T20:04:54.191465,raw/00 - Torque Specs/24-12.jpg,image_validate,success,raw/00 - Torque Specs/24-12.jpg,
2026-02-09T20:04:54.196790,raw/00 - Torque Specs/24-13.jpg,image_validate,success,raw/00 - Torque Specs/24-13.jpg,
2026-02-09T20:04:54.200262,raw/00 - Torque Specs/24-14.jpg,image_validate,success,raw/00 - Torque Specs/24-14.jpg,
2026-02-09T20:04:54.206231,raw/00 - Torque Specs/24-15.jpg,image_validate,success,raw/00 - Torque Specs/24-15.jpg,
2026-02-09T20:04:54.209782,raw/00 - Torque Specs/24-16.jpg,image_validate,success,raw/00 - Torque Specs/24-16.jpg,
2026-02-09T20:04:54.216026,raw/00 - Torque Specs/24-17.jpg,image_validate,success,raw/00 - Torque Specs/24-17.jpg,
2026-02-09T20:04:54.228629,raw/00 - Torque Specs/25-01.jpg,image_validate,success,raw/00 - Torque Specs/25-01.jpg,
2026-02-09T20:04:54.232554,raw/00 - Torque Specs/25-02.jpg,image_validate,success,raw/00 - Torque Specs/25-02.jpg,
2026-02-09T20:04:54.236177,raw/00 - Torque Specs/26-01.jpg,image_validate,success,raw/00 - Torque Specs/26-01.jpg,
2026-02-09T20:04:54.240288,raw/00 - Torque Specs/26-02.jpg,image_validate,success,raw/00 - Torque Specs/26-02.jpg,
2026-02-09T20:04:54.244398,raw/00 - Torque Specs/27-01.jpg,image_validate,success,raw/00 - Torque Specs/27-01.jpg,
2026-02-09T20:04:54.249224,raw/00 - Torque Specs/27-02.jpg,image_validate,success,raw/00 - Torque Specs/27-02.jpg,
2026-02-09T20:04:54.254543,raw/00 - Torque Specs/61-01.jpg,image_validate,success,raw/00 - Torque Specs/61-01.jpg,
2026-02-09T20:04:54.261806,raw/00 - Torque Specs/61-02.jpg,image_validate,success,raw/00 - Torque Specs/61-02.jpg,
2026-02-09T20:04:54.269142,raw/00 - Torque Specs/61-03.jpg,image_validate,success,raw/00 - Torque Specs/61-03.jpg,
2026-02-09T20:04:54.272286,raw/00 - Torque Specs/61-04.jpg,image_validate,success,raw/00 - Torque Specs/61-04.jpg,
2026-02-09T20:04:54.277638,raw/00 - Torque Specs/61-05.jpg,image_validate,success,raw/00 - Torque Specs/61-05.jpg,
2026-02-09T20:04:54.287783,raw/00 - Torque Specs/61-06.jpg,image_validate,success,raw/00 - Torque Specs/61-06.jpg,
2026-02-09T20:04:54.292893,raw/00 - Torque Specs/61-07.jpg,image_validate,success,raw/00 - Torque Specs/61-07.jpg,
2026-02-09T20:04:54.296550,raw/00 - Torque Specs/62-01.jpg,image_validate,success,raw/00 - Torque Specs/62-01.jpg,
2026-02-09T20:04:54.299867,raw/00 - Torque Specs/71-01.jpg,image_validate,success,raw/00 - Torque Specs/71-01.jpg,
2026-02-09T20:04:54.303793,raw/00 - Torque Specs/72-01.jpg,image_validate,success,raw/00 - Torque Specs/72-01.jpg,
2026-02-09T20:04:54.307937,raw/00 - Torque Specs/72-02.jpg,image_validate,success,raw/00 - Torque Specs/72-02.jpg,
2026-02-09T20:04:54.311526,raw/00 - Torque Specs/BMW_Torque_Specs.pdf,pdf_convert,skipped,raw/00 - Torque Specs/BMW_Torque_Specs,
2026-02-09T20:04:54.312530,raw/00 - Torque Specs/BMW_Torque_Specs/001.jpg,image_validate,success,raw/00 - Torque Specs/BMW_Torque_Specs/001.jpg,
2026-02-09T20:04:54.323430,raw/00 - Torque Specs/BMW_Torque_Specs/002.jpg,image_validate,success,raw/00 - Torque Specs/BMW_Torque_Specs/002.jpg,
2026-02-09T20:04:54.334473,raw/00 - Torque Specs/BMW_Torque_Specs/003.jpg,image_validate,success,raw/00 - Torque Specs/BMW_Torque_Specs/003.jpg,
2026-02-09T20:04:54.344422,raw/00 - Torque Specs/BMW_Torque_Specs/004.jpg,image_validate,success,raw/00 - Torque Specs/BMW_Torque_Specs/004.jpg,
2026-02-09T20:04:54.353387,raw/00 - Torque Specs/BMW_Torque_Specs/005.jpg,image_validate,success,raw/00 - Torque Specs/BMW_Torque_Specs/005.jpg,
2026-02-09T20:04:54.362002,raw/00 - Torque Specs/BMW_Torque_Specs/006.jpg,image_validate,success,raw/00 - Torque Specs/BMW_Torque_Specs/006.jpg,
2026-02-09T20:04:54.371029,raw/00 - Torque Specs/BMW_Torque_Specs/007.jpg,image_validate,success,raw/00 - Torque Specs/BMW_Torque_Specs/007.jpg,
2026-02-09T20:04:54.380179,raw/00 - Torque Specs/BMW_Torque_Specs/008.jpg,image_validate,success,raw/00 - Torque Specs/BMW_Torque_Specs/008.jpg,
2026-02-09T20:04:54.388759,raw/00 - Torque Specs/BMW_Torque_Specs/009.jpg,image_validate,success,raw/00 - Torque Specs/BMW_Torque_Specs/009.jpg,
2026-02-09T20:04:54.398153,raw/00 - Torque Specs/BMW_Torque_Specs/010.jpg,image_validate,success,raw/00 - Torque Specs/BMW_Torque_Specs/010.jpg,
2026-02-09T20:04:54.407006,raw/00 - Torque Specs/BMW_Torque_Specs/011.jpg,image_validate,success,raw/00 - Torque Specs/BMW_Torque_Specs/011.jpg,
2026-02-09T20:04:54.417455,raw/00 - Torque Specs/BMW_Torque_Specs/012.jpg,image_validate,success,raw/00 - Torque Specs/BMW_Torque_Specs/012.jpg,
2026-02-09T20:04:54.427696,raw/00 - Torque Specs/BMW_Torque_Specs/013.jpg,image_validate,success,raw/00 - Torque Specs/BMW_Torque_Specs/013.jpg,
2026-02-09T20:04:54.436949,raw/00 - Torque Specs/BMW_Torque_Specs/014.jpg,image_validate,success,raw/00 - Torque Specs/BMW_Torque_Specs/014.jpg,
2026-02-09T20:04:54.445443,raw/00 - Torque Specs/BMW_Torque_Specs/015.jpg,image_validate,success,raw/00 - Torque Specs/BMW_Torque_Specs/015.jpg,
2026-02-09T20:04:54.454440,raw/00 - Torque Specs/BMW_Torque_Specs/016.jpg,image_validate,success,raw/00 - Torque Specs/BMW_Torque_Specs/016.jpg,
2026-02-09T20:04:54.465118,raw/00 - Torque Specs/BMW_Torque_Specs/017.jpg,image_validate,success,raw/00 - Torque Specs/BMW_Torque_Specs/017.jpg,
2026-02-09T20:04:54.474249,raw/00 - Torque Specs/BMW_Torque_Specs/018.jpg,image_validate,success,raw/00 - Torque Specs/BMW_Torque_Specs/018.jpg,
2026-02-09T20:04:54.484026,raw/00 - Torque Specs/BMW_Torque_Specs/019.jpg,image_validate,success,raw/00 - Torque Specs/BMW_Torque_Specs/019.jpg,
2026-02-09T20:04:54.492898,raw/00 - Torque Specs/BMW_Torque_Specs/020.jpg,image_validate,success,raw/00 - Torque Specs/BMW_Torque_Specs/020.jpg,
2026-02-09T20:04:54.501049,raw/00 - Torque Specs/BMW_Torque_Specs/021.jpg,image_validate,success,raw/00 - Torque Specs/BMW_Torque_Specs/021.jpg,
2026-02-09T20:04:54.509025,raw/00 - Torque Specs/BMW_Torque_Specs/022.jpg,image_validate,success,raw/00 - Torque Specs/BMW_Torque_Specs/022.jpg,
2026-02-09T20:04:54.517673,raw/00 - Torque Specs/BMW_Torque_Specs/023.jpg,image_validate,success,raw/00 - Torque Specs/BMW_Torque_Specs/023.jpg,
2026-02-09T20:04:54.525540,raw/00 - Torque Specs/BMW_Torque_Specs/024.jpg,image_validate,success,raw/00 - Torque Specs/BMW_Torque_Specs/024.jpg,
2026-02-09T20:04:54.534164,raw/00 - Torque Specs/BMW_Torque_Specs/025.jpg,image_validate,success,raw/00 - Torque Specs/BMW_Torque_Specs/025.jpg,
2026-02-09T20:04:54.544011,raw/00 - Torque Specs/BMW_Torque_Specs/026.jpg,image_validate,success,raw/00 - Torque Specs/BMW_Torque_Specs/026.jpg,
2026-02-09T20:04:54.552084,raw/00 - Torque Specs/BMW_Torque_Specs/027.jpg,image_validate,success,raw/00 - Torque Specs/BMW_Torque_Specs/027.jpg,
2026-02-09T20:04:54.561082,raw/00 - Torque Specs/BMW_Torque_Specs/028.jpg,image_validate,success,raw/00 - Torque Specs/BMW_Torque_Specs/028.jpg,
2026-02-09T20:04:54.569733,raw/00 - Torque Specs/BMW_Torque_Specs/029.jpg,image_validate,success,raw/00 - Torque Specs/BMW_Torque_Specs/029.jpg,
2026-02-09T20:04:54.578456,raw/00 - Torque Specs/BMW_Torque_Specs/030.jpg,image_validate,success,raw/00 - Torque Specs/BMW_Torque_Specs/030.jpg,
2026-02-09T20:04:54.586739,raw/00 - Torque Specs/BMW_Torque_Specs/031.jpg,image_validate,success,raw/00 - Torque Specs/BMW_Torque_Specs/031.jpg,
2026-02-09T20:04:54.597064,raw/00 - Torque Specs/BMW_Torque_Specs/032.jpg,image_validate,success,raw/00 - Torque Specs/BMW_Torque_Specs/032.jpg,
2026-02-09T20:04:54.606484,raw/00 - Torque Specs/BMW_Torque_Specs/033.jpg,image_validate,success,raw/00 - Torque Specs/BMW_Torque_Specs/033.jpg,
2026-02-09T20:04:54.614754,raw/00 - Torque Specs/BMW_Torque_Specs/034.jpg,image_validate,success,raw/00 - Torque Specs/BMW_Torque_Specs/034.jpg,
2026-02-09T20:04:54.622816,raw/00 - Torque Specs/BMW_Torque_Specs/035.jpg,image_validate,success,raw/00 - Torque Specs/BMW_Torque_Specs/035.jpg,
2026-02-09T20:04:54.633052,raw/00 - Torque Specs/BMW_Torque_Specs/036.jpg,image_validate,success,raw/00 - Torque Specs/BMW_Torque_Specs/036.jpg,
2026-02-09T20:04:54.641744,raw/00 - Torque Specs/BMW_Torque_Specs/037.jpg,image_validate,success,raw/00 - Torque Specs/BMW_Torque_Specs/037.jpg,
2026-02-09T20:04:54.650101,raw/00 - Torque Specs/BMW_Torque_Specs/038.jpg,image_validate,success,raw/00 - Torque Specs/BMW_Torque_Specs/038.jpg,
2026-02-09T20:04:54.658989,raw/00 - Torque Specs/BMW_Torque_Specs/039.jpg,image_validate,success,raw/00 - Torque Specs/BMW_Torque_Specs/039.jpg,
2026-02-09T20:04:54.667277,raw/00 - Torque Specs/BMW_Torque_Specs/040.jpg,image_validate,success,raw/00 - Torque Specs/BMW_Torque_Specs/040.jpg,
2026-02-09T20:04:54.674951,raw/00 - Torque Specs/BMW_Torque_Specs/041.jpg,image_validate,success,raw/00 - Torque Specs/BMW_Torque_Specs/041.jpg,
2026-02-09T20:04:54.682342,raw/00 - Torque Specs/BMW_Torque_Specs/042.jpg,image_validate,success,raw/00 - Torque Specs/BMW_Torque_Specs/042.jpg,
2026-02-09T20:04:54.689866,raw/00 - Torque Specs/BMW_Torque_Specs/043.jpg,image_validate,success,raw/00 - Torque Specs/BMW_Torque_Specs/043.jpg,
2026-02-09T20:04:54.697878,raw/00 - Torque Specs/BMW_Torque_Specs/044.jpg,image_validate,success,raw/00 - Torque Specs/BMW_Torque_Specs/044.jpg,
2026-02-09T20:04:54.706083,raw/00 - Torque Specs/BMW_Torque_Specs/045.jpg,image_validate,success,raw/00 - Torque Specs/BMW_Torque_Specs/045.jpg,
2026-02-09T20:04:54.714606,raw/00 - Torque Specs/BMW_Torque_Specs/046.jpg,image_validate,success,raw/00 - Torque Specs/BMW_Torque_Specs/046.jpg,
2026-02-09T20:04:54.724286,raw/00 - Torque Specs/BMW_Torque_Specs/047.jpg,image_validate,success,raw/00 - Torque Specs/BMW_Torque_Specs/047.jpg,
2026-02-09T20:04:54.732446,raw/00 - Torque Specs/BMW_Torque_Specs/048.jpg,image_validate,success,raw/00 - Torque Specs/BMW_Torque_Specs/048.jpg,
2026-02-09T20:04:54.740391,raw/00 - Torque Specs/BMW_Torque_Specs/049.jpg,image_validate,success,raw/00 - Torque Specs/BMW_Torque_Specs/049.jpg,
2026-02-09T20:04:54.748329,raw/00 - Torque Specs/BMW_Torque_Specs/050.jpg,image_validate,success,raw/00 - Torque Specs/BMW_Torque_Specs/050.jpg,
2026-02-09T20:04:54.756339,raw/00 - Torque Specs/BMW_Torque_Specs/051.jpg,image_validate,success,raw/00 - Torque Specs/BMW_Torque_Specs/051.jpg,
2026-02-09T20:04:54.764435,raw/00 - Torque Specs/BMW_Torque_Specs/052.jpg,image_validate,success,raw/00 - Torque Specs/BMW_Torque_Specs/052.jpg,
2026-02-09T20:04:54.772455,raw/00 - Torque Specs/BMW_Torque_Specs/053.jpg,image_validate,success,raw/00 - Torque Specs/BMW_Torque_Specs/053.jpg,
2026-02-09T20:04:54.780425,raw/00 - Torque Specs/BMW_Torque_Specs/054.jpg,image_validate,success,raw/00 - Torque Specs/BMW_Torque_Specs/054.jpg,
2026-02-09T20:04:54.789447,raw/00 - Torque Specs/BMW_Torque_Specs/055.jpg,image_validate,success,raw/00 - Torque Specs/BMW_Torque_Specs/055.jpg,
2026-02-09T20:04:54.797449,raw/00 - Torque Specs/BMW_Torque_Specs/056.jpg,image_validate,success,raw/00 - Torque Specs/BMW_Torque_Specs/056.jpg,
2026-02-09T20:04:54.805345,raw/00 - Torque Specs/BMW_Torque_Specs/057.jpg,image_validate,success,raw/00 - Torque Specs/BMW_Torque_Specs/057.jpg,
2026-02-09T20:04:54.814232,raw/00 - Torque Specs/BMW_Torque_Specs/058.jpg,image_validate,success,raw/00 - Torque Specs/BMW_Torque_Specs/058.jpg,
2026-02-09T20:04:54.821851,raw/00 - Torque Specs/BMW_Torque_Specs/059.jpg,image_validate,success,raw/00 - Torque Specs/BMW_Torque_Specs/059.jpg,
2026-02-09T20:04:54.830310,raw/00 - Torque Specs/BMW_Torque_Specs/060.jpg,image_validate,success,raw/00 - Torque Specs/BMW_Torque_Specs/060.jpg,
2026-02-09T20:04:54.838104,raw/00 - Torque Specs/BMW_Torque_Specs/061.jpg,image_validate,success,raw/00 - Torque Specs/BMW_Torque_Specs/061.jpg,
2026-02-09T20:04:54.845794,raw/00 - Torque Specs/BMW_Torque_Specs/062.jpg,image_validate,success,raw/00 - Torque Specs/BMW_Torque_Specs/062.jpg,
2026-02-09T20:04:54.853919,raw/00 - Torque Specs/BMW_Torque_Specs/063.jpg,image_validate,success,raw/00 - Torque Specs/BMW_Torque_Specs/063.jpg,
2026-02-09T20:04:54.861816,raw/00 - Torque Specs/BMW_Torque_Specs/064.jpg,image_validate,success,raw/00 - Torque Specs/BMW_Torque_Specs/064.jpg,
2026-02-09T20:04:54.871082,raw/00 - Torque Specs/BMW_Torque_Specs/065.jpg,image_validate,success,raw/00 - Torque Specs/BMW_Torque_Specs/065.jpg,
2026-02-09T20:04:54.879181,raw/00 - Torque Specs/BMW_Torque_Specs/066.jpg,image_validate,success,raw/00 - Torque Specs/BMW_Torque_Specs/066.jpg,
2026-02-09T20:04:54.887271,raw/00 - Torque Specs/BMW_Torque_Specs/067.jpg,image_validate,success,raw/00 - Torque Specs/BMW_Torque_Specs/067.jpg,
2026-02-09T20:04:54.895677,raw/00 - Torque Specs/BMW_Torque_Specs/068.jpg,image_validate,success,raw/00 - Torque Specs/BMW_Torque_Specs/068.jpg,
2026-02-09T20:04:54.904558,raw/00 - Torque Specs/BMW_Torque_Specs/069.jpg,image_validate,success,raw/00 - Torque Specs/BMW_Torque_Specs/069.jpg,
2026-02-09T20:04:54.913229,raw/00 - Torque Specs/BMW_Torque_Specs/070.jpg,image_validate,success,raw/00 - Torque Specs/BMW_Torque_Specs/070.jpg,
2026-02-09T20:04:54.921387,raw/00 - Torque Specs/BMW_Torque_Specs/071.jpg,image_validate,success,raw/00 - Torque Specs/BMW_Torque_Specs/071.jpg,
2026-02-09T20:04:54.931113,raw/00 - Torque Specs/BMW_Torque_Specs/072.jpg,image_validate,success,raw/00 - Torque Specs/BMW_Torque_Specs/072.jpg,
2026-02-09T20:04:54.939153,raw/00 - Torque Specs/BMW_Torque_Specs/073.jpg,image_validate,success,raw/00 - Torque Specs/BMW_Torque_Specs/073.jpg,
2026-02-09T20:04:54.947843,raw/00 - Torque Specs/BMW_Torque_Specs/074.jpg,image_validate,success,raw/00 - Torque Specs/BMW_Torque_Specs/074.jpg,
2026-02-09T20:04:54.956541,raw/00 - Torque Specs/BMW_Torque_Specs/075.jpg,image_validate,success,raw/00 - Torque Specs/BMW_Torque_Specs/075.jpg,
2026-02-09T20:04:54.964963,raw/00 - Torque Specs/BMW_Torque_Specs/076.jpg,image_validate,success,raw/00 - Torque Specs/BMW_Torque_Specs/076.jpg,
2026-02-09T20:04:54.974165,raw/00 - Torque Specs/BMW_Torque_Specs/077.jpg,image_validate,success,raw/00 - Torque Specs/BMW_Torque_Specs/077.jpg,
2026-02-09T20:04:54.982406,raw/00 - Torque Specs/BMW_Torque_Specs/078.jpg,image_validate,success,raw/00 - Torque Specs/BMW_Torque_Specs/078.jpg,
2026-02-09T20:04:54.990487,raw/00 - Torque Specs/BMW_Torque_Specs/079.jpg,image_validate,success,raw/00 - Torque Specs/BMW_Torque_Specs/079.jpg,
2026-02-09T20:04:54.998449,raw/00 - Torque Specs/BMW_Torque_Specs/080.jpg,image_validate,success,raw/00 - Torque Specs/BMW_Torque_Specs/080.jpg,
2026-02-09T20:04:55.007344,raw/00 - Torque Specs/BMW_Torque_Specs/081.jpg,image_validate,success,raw/00 - Torque Specs/BMW_Torque_Specs/081.jpg,
2026-02-09T20:04:55.016608,raw/00 - Torque Specs/BMW_Torque_Specs/082.jpg,image_validate,success,raw/00 - Torque Specs/BMW_Torque_Specs/082.jpg,
2026-02-09T20:04:55.026036,raw/00 - Torque Specs/BMW_Torque_Specs/083.jpg,image_validate,success,raw/00 - Torque Specs/BMW_Torque_Specs/083.jpg,
2026-02-09T20:04:55.034397,raw/00 - Torque Specs/BMW_Torque_Specs/084.jpg,image_validate,success,raw/00 - Torque Specs/BMW_Torque_Specs/084.jpg,
2026-02-09T20:04:55.043585,raw/00 - Torque Specs/BMW_Torque_Specs/085.jpg,image_validate,success,raw/00 - Torque Specs/BMW_Torque_Specs/085.jpg,
2026-02-09T20:04:55.051971,raw/00 - Torque Specs/BMW_Torque_Specs/086.jpg,image_validate,success,raw/00 - Torque Specs/BMW_Torque_Specs/086.jpg,
2026-02-09T20:04:55.060270,raw/00 - Torque Specs/BMW_Torque_Specs/087.jpg,image_validate,success,raw/00 - Torque Specs/BMW_Torque_Specs/087.jpg,
2026-02-09T20:04:55.068143,raw/00 - Torque Specs/BMW_Torque_Specs/088.jpg,image_validate,success,raw/00 - Torque Specs/BMW_Torque_Specs/088.jpg,
2026-02-09T20:04:55.076280,raw/00 - Torque Specs/BMW_Torque_Specs/089.jpg,image_validate,success,raw/00 - Torque Specs/BMW_Torque_Specs/089.jpg,
2026-02-09T20:04:55.085397,raw/00 - Torque Specs/BMW_Torque_Specs/090.jpg,image_validate,success,raw/00 - Torque Specs/BMW_Torque_Specs/090.jpg,
2026-02-09T20:04:55.094748,raw/00 - Torque Specs/BMW_Torque_Specs/091.jpg,image_validate,success,raw/00 - Torque Specs/BMW_Torque_Specs/091.jpg,
2026-02-09T20:04:55.102860,raw/00 - Torque Specs/BMW_Torque_Specs/092.jpg,image_validate,success,raw/00 - Torque Specs/BMW_Torque_Specs/092.jpg,
2026-02-09T20:04:55.111067,raw/00 - Torque Specs/BMW_Torque_Specs/093.jpg,image_validate,success,raw/00 - Torque Specs/BMW_Torque_Specs/093.jpg,
2026-02-09T20:04:55.119810,raw/00 - Torque Specs/BMW_Torque_Specs/094.jpg,image_validate,success,raw/00 - Torque Specs/BMW_Torque_Specs/094.jpg,
2026-02-09T20:04:55.128241,raw/00 - Torque Specs/BMW_Torque_Specs/095.jpg,image_validate,success,raw/00 - Torque Specs/BMW_Torque_Specs/095.jpg,
2026-02-09T20:04:55.136914,raw/00 - Torque Specs/BMW_Torque_Specs/096.jpg,image_validate,success,raw/00 - Torque Specs/BMW_Torque_Specs/096.jpg,
2026-02-09T20:04:55.145331,raw/00 - Torque Specs/BMW_Torque_Specs/097.jpg,image_validate,success,raw/00 - Torque Specs/BMW_Torque_Specs/097.jpg,
2026-02-09T20:04:55.154378,raw/00 - Torque Specs/BMW_Torque_Specs/098.jpg,image_validate,success,raw/00 - Torque Specs/BMW_Torque_Specs/098.jpg,
2026-02-09T20:04:55.163250,raw/00 - Torque Specs/BMW_Torque_Specs/099.jpg,image_validate,success,raw/00 - Torque Specs/BMW_Torque_Specs/099.jpg,
2026-02-09T20:04:55.171062,raw/00 - Torque Specs/BMW_Torque_Specs/100.jpg,image_validate,success,raw/00 - Torque Specs/BMW_Torque_Specs/100.jpg,
2026-02-09T20:04:55.179359,raw/00 - Torque Specs/BMW_Torque_Specs/101.jpg,image_validate,success,raw/00 - Torque Specs/BMW_Torque_Specs/101.jpg,
2026-02-09T20:04:55.187230,raw/00 - Torque Specs/BMW_Torque_Specs/102.jpg,image_validate,success,raw/00 - Torque Specs/BMW_Torque_Specs/102.jpg,
2026-02-09T20:04:55.195594,raw/00 - Torque Specs/BMW_Torque_Specs/103.jpg,image_validate,success,raw/00 - Torque Specs/BMW_Torque_Specs/103.jpg,
2026-02-09T20:04:55.204202,raw/00 - Torque Specs/BMW_Torque_Specs/104.jpg,image_validate,success,raw/00 - Torque Specs/BMW_Torque_Specs/104.jpg,
2026-02-09T20:04:55.213014,raw/00 - Torque Specs/BMW_Torque_Specs/105.jpg,image_validate,success,raw/00 - Torque Specs/BMW_Torque_Specs/105.jpg,
2026-02-09T20:04:55.221831,raw/00 - Torque Specs/BMW_Torque_Specs/106.jpg,image_validate,success,raw/00 - Torque Specs/BMW_Torque_Specs/106.jpg,
2026-02-09T20:04:55.230713,raw/00 - Torque Specs/BMW_Torque_Specs/107.jpg,image_validate,success,raw/00 - Torque Specs/BMW_Torque_Specs/107.jpg,
2026-02-09T20:04:55.238513,raw/00 - Torque Specs/BMW_Torque_Specs/108.jpg,image_validate,success,raw/00 - Torque Specs/BMW_Torque_Specs/108.jpg,
2026-02-09T20:04:55.246459,raw/00 - Torque Specs/BMW_Torque_Specs/109.jpg,image_validate,success,raw/00 - Torque Specs/BMW_Torque_Specs/109.jpg,
2026-02-09T20:04:55.255253,raw/00 - Torque Specs/BMW_Torque_Specs/110.jpg,image_validate,success,raw/00 - Torque Specs/BMW_Torque_Specs/110.jpg,
2026-02-09T20:04:55.263873,raw/00 - Torque Specs/BMW_Torque_Specs/111.jpg,image_validate,success,raw/00 - Torque Specs/BMW_Torque_Specs/111.jpg,
2026-02-09T20:04:55.272872,raw/00 - Torque Specs/BMW_Torque_Specs/112.jpg,image_validate,success,raw/00 - Torque Specs/BMW_Torque_Specs/112.jpg,
2026-02-09T20:04:55.282581,raw/00 - Torque Specs/BMW_Torque_Specs/113.jpg,image_validate,success,raw/00 - Torque Specs/BMW_Torque_Specs/113.jpg,
2026-02-09T20:04:55.291220,raw/00 - Torque Specs/BMW_Torque_Specs/114.jpg,image_validate,success,raw/00 - Torque Specs/BMW_Torque_Specs/114.jpg,
2026-02-09T20:04:55.301161,raw/00 - Torque Specs/BMW_Torque_Specs/115.jpg,image_validate,success,raw/00 - Torque Specs/BMW_Torque_Specs/115.jpg,
2026-02-09T20:04:55.309504,raw/00 - Torque Specs/BMW_Torque_Specs/116.jpg,image_validate,success,raw/00 - Torque Specs/BMW_Torque_Specs/116.jpg,
2026-02-09T20:04:55.317822,raw/00 - Torque Specs/BMW_Torque_Specs/117.jpg,image_validate,success,raw/00 - Torque Specs/BMW_Torque_Specs/117.jpg,
2026-02-09T20:04:55.325836,raw/00 - Torque Specs/BMW_Torque_Specs/118.jpg,image_validate,success,raw/00 - Torque Specs/BMW_Torque_Specs/118.jpg,
2026-02-09T20:04:55.333741,raw/00 - Torque Specs/BMW_Torque_Specs/119.jpg,image_validate,success,raw/00 - Torque Specs/BMW_Torque_Specs/119.jpg,
2026-02-09T20:04:55.341979,raw/00 - Torque Specs/BMW_Torque_Specs/120.jpg,image_validate,success,raw/00 - Torque Specs/BMW_Torque_Specs/120.jpg,
2026-02-09T20:04:55.350668,raw/00 - Torque Specs/BMW_Torque_Specs/121.jpg,image_validate,success,raw/00 - Torque Specs/BMW_Torque_Specs/121.jpg,
2026-02-09T20:04:55.359040,raw/00 - Torque Specs/BMW_Torque_Specs/122.jpg,image_validate,success,raw/00 - Torque Specs/BMW_Torque_Specs/122.jpg,
2026-02-09T20:04:55.368267,raw/00 - Torque Specs/BMW_Torque_Specs/123.jpg,image_validate,success,raw/00 - Torque Specs/BMW_Torque_Specs/123.jpg,
2026-02-09T20:04:55.377288,raw/00 - Torque Specs/BMW_Torque_Specs/124.jpg,image_validate,success,raw/00 - Torque Specs/BMW_Torque_Specs/124.jpg,
2026-02-09T20:04:55.386145,raw/00 - Torque Specs/BMW_Torque_Specs/125.jpg,image_validate,success,raw/00 - Torque Specs/BMW_Torque_Specs/125.jpg,
2026-02-09T20:04:55.394475,raw/00 - Torque Specs/BMW_Torque_Specs/126.jpg,image_validate,success,raw/00 - Torque Specs/BMW_Torque_Specs/126.jpg,
2026-02-09T20:04:55.402292,raw/00 - Torque Specs/BMW_Torque_Specs/127.jpg,image_validate,success,raw/00 - Torque Specs/BMW_Torque_Specs/127.jpg,
2026-02-09T20:04:55.410735,raw/00 - Torque Specs/BMW_Torque_Specs/128.jpg,image_validate,success,raw/00 - Torque Specs/BMW_Torque_Specs/128.jpg,
2026-02-09T20:04:55.418633,raw/00 - Torque Specs/BMW_Torque_Specs/129.jpg,image_validate,success,raw/00 - Torque Specs/BMW_Torque_Specs/129.jpg,
2026-02-09T20:04:55.427769,raw/00 - Torque Specs/BMW_Torque_Specs/130.jpg,image_validate,success,raw/00 - Torque Specs/BMW_Torque_Specs/130.jpg,
2026-02-09T20:04:55.437124,raw/00 - Torque Specs/BMW_Torque_Specs/131.jpg,image_validate,success,raw/00 - Torque Specs/BMW_Torque_Specs/131.jpg,
2026-02-09T20:04:55.445981,raw/00 - Torque Specs/BMW_Torque_Specs/132.jpg,image_validate,success,raw/00 - Torque Specs/BMW_Torque_Specs/132.jpg,
2026-02-09T20:04:55.453971,raw/00 - Torque Specs/BMW_Torque_Specs/133.jpg,image_validate,success,raw/00 - Torque Specs/BMW_Torque_Specs/133.jpg,
2026-02-09T20:04:55.461773,raw/00 - Torque Specs/BMW_Torque_Specs/134.jpg,image_validate,success,raw/00 - Torque Specs/BMW_Torque_Specs/134.jpg,
2026-02-09T20:04:55.470043,raw/00 - Torque Specs/BMW_Torque_Specs/135.jpg,image_validate,success,raw/00 - Torque Specs/BMW_Torque_Specs/135.jpg,
2026-02-09T20:04:55.479186,raw/00 - Torque Specs/BMW_Torque_Specs/136.jpg,image_validate,success,raw/00 - Torque Specs/BMW_Torque_Specs/136.jpg,
2026-02-09T20:04:55.487997,raw/00 - Torque Specs/index.html,skip,success,raw/00 - Torque Specs/index.html,
2026-02-09T20:04:55.488006,raw/11 - Engine/11-00-index-a.jpg,image_validate,success,raw/11 - Engine/11-00-index-a.jpg,
2026-02-09T20:04:55.492284,raw/11 - Engine/11-00-index-b.jpg,image_validate,success,raw/11 - Engine/11-00-index-b.jpg,
2026-02-09T20:04:55.496744,raw/11 - Engine/11-00-index-c.jpg,image_validate,success,raw/11 - Engine/11-00-index-c.jpg,
2026-02-09T20:04:55.505203,raw/11 - Engine/11-100.jpg,image_validate,success,raw/11 - Engine/11-100.jpg,
2026-02-09T20:04:55.511963,raw/11 - Engine/11-101.jpg,image_validate,success,raw/11 - Engine/11-101.jpg,
2026-02-09T20:04:55.518137,raw/11 - Engine/11-102.jpg,image_validate,success,raw/11 - Engine/11-102.jpg,
2026-02-09T20:04:55.527394,raw/11 - Engine/11-103.jpg,image_validate,success,raw/11 - Engine/11-103.jpg,
2026-02-09T20:04:55.536356,raw/11 - Engine/11-104.jpg,image_validate,success,raw/11 - Engine/11-104.jpg,
2026-02-09T20:04:55.544554,raw/11 - Engine/11-105.jpg,image_validate,success,raw/11 - Engine/11-105.jpg,
2026-02-09T20:04:55.549504,raw/11 - Engine/11-106.jpg,image_validate,success,raw/11 - Engine/11-106.jpg,
2026-02-09T20:04:55.558628,raw/11 - Engine/11-107.jpg,image_validate,success,raw/11 - Engine/11-107.jpg,
2026-02-09T20:04:55.567283,raw/11 - Engine/11-108.jpg,image_validate,success,raw/11 - Engine/11-108.jpg,
2026-02-09T20:04:55.575978,raw/11 - Engine/11-109.jpg,image_validate,success,raw/11 - Engine/11-109.jpg,
2026-02-09T20:04:55.583696,raw/11 - Engine/11-50.jpg,image_validate,success,raw/11 - Engine/11-50.jpg,
2026-02-09T20:04:55.589181,raw/11 - Engine/11-51.jpg,image_validate,success,raw/11 - Engine/11-51.jpg,
2026-02-09T20:04:55.593863,raw/11 - Engine/11-52.jpg,image_validate,success,raw/11 - Engine/11-52.jpg,
2026-02-09T20:04:55.599419,raw/11 - Engine/11-52a.jpg,image_validate,success,raw/11 - Engine/11-52a.jpg,
2026-02-09T20:04:55.605793,raw/11 - Engine/11-52b.jpg,image_validate,success,raw/11 - Engine/11-52b.jpg,
2026-02-09T20:04:55.610872,raw/11 - Engine/11-53.jpg,image_validate,success,raw/11 - Engine/11-53.jpg,
2026-02-09T20:04:55.615132,raw/11 - Engine/11-53a.jpg,image_validate,success,raw/11 - Engine/11-53a.jpg,
2026-02-09T20:04:55.621243,raw/11 - Engine/11-53b.jpg,image_validate,success,raw/11 - Engine/11-53b.jpg,
2026-02-09T20:04:55.627227,raw/11 - Engine/11-53c.jpg,image_validate,success,raw/11 - Engine/11-53c.jpg,
2026-02-09T20:04:55.633491,raw/11 - Engine/11-54.jpg,image_validate,success,raw/11 - Engine/11-54.jpg,
2026-02-09T20:04:55.638834,raw/11 - Engine/11-55.jpg,image_validate,success,raw/11 - Engine/11-55.jpg,
2026-02-09T20:04:55.643460,raw/11 - Engine/11-55a.jpg,image_validate,success,raw/11 - Engine/11-55a.jpg,
2026-02-09T20:04:55.648427,raw/11 - Engine/11-56.jpg,image_validate,success,raw/11 - Engine/11-56.jpg,
2026-02-09T20:04:55.653605,raw/11 - Engine/11-57.jpg,image_validate,success,raw/11 - Engine/11-57.jpg,
2026-02-09T20:04:55.658665,raw/11 - Engine/11-58.jpg,image_validate,success,raw/11 - Engine/11-58.jpg,
2026-02-09T20:04:55.663604,raw/11 - Engine/11-60.jpg,image_validate,success,raw/11 - Engine/11-60.jpg,
2026-02-09T20:04:55.667482,raw/11 - Engine/11-61.jpg,image_validate,success,raw/11 - Engine/11-61.jpg,
2026-02-09T20:04:55.672795,raw/11 - Engine/11-61a.jpg,image_validate,success,raw/11 - Engine/11-61a.jpg,
2026-02-09T20:04:55.678645,raw/11 - Engine/11-61b.jpg,image_validate,success,raw/11 - Engine/11-61b.jpg,
2026-02-09T20:04:55.683572,raw/11 - Engine/11-62.jpg,image_validate,success,raw/11 - Engine/11-62.jpg,
2026-02-09T20:04:55.688658,raw/11 - Engine/11-63.jpg,image_validate,success,raw/11 - Engine/11-63.jpg,
2026-02-09T20:04:55.693745,raw/11 - Engine/11-64.jpg,image_validate,success,raw/11 - Engine/11-64.jpg,
2026-02-09T20:04:55.698783,raw/11 - Engine/11-65.jpg,image_validate,success,raw/11 - Engine/11-65.jpg,
2026-02-09T20:04:55.704850,raw/11 - Engine/11-66.jpg,image_validate,success,raw/11 - Engine/11-66.jpg,
2026-02-09T20:04:55.709081,raw/11 - Engine/11-67.jpg,image_validate,success,raw/11 - Engine/11-67.jpg,
2026-02-09T20:04:55.714358,raw/11 - Engine/11-68.jpg,image_validate,success,raw/11 - Engine/11-68.jpg,
2026-02-09T20:04:55.720086,raw/11 - Engine/11-69.jpg,image_validate,success,raw/11 - Engine/11-69.jpg,
2026-02-09T20:04:55.727135,raw/11 - Engine/11-70.jpg,image_validate,success,raw/11 - Engine/11-70.jpg,
2026-02-09T20:04:55.731849,raw/11 - Engine/11-71.jpg,image_validate,success,raw/11 - Engine/11-71.jpg,
2026-02-09T20:04:55.736916,raw/11 - Engine/11-72.jpg,image_validate,success,raw/11 - Engine/11-72.jpg,
2026-02-09T20:04:55.741170,raw/11 - Engine/11-73.jpg,image_validate,success,raw/11 - Engine/11-73.jpg,
2026-02-09T20:04:55.746827,raw/11 - Engine/11-74.jpg,image_validate,success,raw/11 - Engine/11-74.jpg,
2026-02-09T20:04:55.752718,raw/11 - Engine/11-75.jpg,image_validate,success,raw/11 - Engine/11-75.jpg,
2026-02-09T20:04:55.758259,raw/11 - Engine/11-76.jpg,image_validate,success,raw/11 - Engine/11-76.jpg,
2026-02-09T20:04:55.763786,raw/11 - Engine/11-77.jpg,image_validate,success,raw/11 - Engine/11-77.jpg,
2026-02-09T20:04:55.767914,raw/11 - Engine/11-78.jpg,image_validate,success,raw/11 - Engine/11-78.jpg,
2026-02-09T20:04:55.772049,raw/11 - Engine/11-78b.jpg,image_validate,success,raw/11 - Engine/11-78b.jpg,
2026-02-09T20:04:55.776339,raw/11 - Engine/11-79.jpg,image_validate,success,raw/11 - Engine/11-79.jpg,
2026-02-09T20:04:55.781046,raw/11 - Engine/index.html,skip,success,raw/11 - Engine/index.html,
2026-02-09T20:04:55.781072,raw/12 - Engine Electrical Equipment/12-00-index-a.jpg,image_validate,success,raw/12 - Engine Electrical Equipment/12-00-index-a.jpg,
2026-02-09T20:04:55.785166,raw/12 - Engine Electrical Equipment/12-00-index-b.jpg,image_validate,success,raw/12 - Engine Electrical Equipment/12-00-index-b.jpg,
2026-02-09T20:04:55.788696,raw/12 - Engine Electrical Equipment/12-00-index-c.jpg,image_validate,success,raw/12 - Engine Electrical Equipment/12-00-index-c.jpg,
2026-02-09T20:04:55.792623,raw/12 - Engine Electrical Equipment/12-00-index-d.jpg,image_validate,success,raw/12 - Engine Electrical Equipment/12-00-index-d.jpg,
2026-02-09T20:04:55.797255,raw/12 - Engine Electrical Equipment/12-00-index-e.jpg,image_validate,success,raw/12 - Engine Electrical Equipment/12-00-index-e.jpg,
2026-02-09T20:04:55.800387,raw/12 - Engine Electrical Equipment/12-00.jpg,image_validate,success,raw/12 - Engine Electrical Equipment/12-00.jpg,
2026-02-09T20:04:55.805087,raw/12 - Engine Electrical Equipment/12-01.jpg,image_validate,success,raw/12 - Engine Electrical Equipment/12-01.jpg,
2026-02-09T20:04:55.810108,raw/12 - Engine Electrical Equipment/12-01a.jpg,image_validate,success,raw/12 - Engine Electrical Equipment/12-01a.jpg,
2026-02-09T20:04:55.814548,raw/12 - Engine Electrical Equipment/12-02.jpg,image_validate,success,raw/12 - Engine Electrical Equipment/12-02.jpg,
2026-02-09T20:04:55.819617,raw/12 - Engine Electrical Equipment/12-03.jpg,image_validate,success,raw/12 - Engine Electrical Equipment/12-03.jpg,
2026-02-09T20:04:55.825427,raw/12 - Engine Electrical Equipment/12-04.jpg,image_validate,success,raw/12 - Engine Electrical Equipment/12-04.jpg,
2026-02-09T20:04:55.830073,raw/12 - Engine Electrical Equipment/12-05.jpg,image_validate,success,raw/12 - Engine Electrical Equipment/12-05.jpg,
2026-02-09T20:04:55.834920,raw/12 - Engine Electrical Equipment/12-06.jpg,image_validate,success,raw/12 - Engine Electrical Equipment/12-06.jpg,
2026-02-09T20:04:55.839463,raw/12 - Engine Electrical Equipment/12-07.jpg,image_validate,success,raw/12 - Engine Electrical Equipment/12-07.jpg,
2026-02-09T20:04:55.843695,raw/12 - Engine Electrical Equipment/12-08.jpg,image_validate,success,raw/12 - Engine Electrical Equipment/12-08.jpg,
2026-02-09T20:04:55.847881,raw/12 - Engine Electrical Equipment/12-09.jpg,image_validate,success,raw/12 - Engine Electrical Equipment/12-09.jpg,
2026-02-09T20:04:55.853681,raw/12 - Engine Electrical Equipment/12-10.jpg,image_validate,success,raw/12 - Engine Electrical Equipment/12-10.jpg,
2026-02-09T20:04:55.858748,raw/12 - Engine Electrical Equipment/12-100.jpg,image_validate,success,raw/12 - Engine Electrical Equipment/12-100.jpg,
2026-02-09T20:04:55.863605,raw/12 - Engine Electrical Equipment/12-101.jpg,image_validate,success,raw/12 - Engine Electrical Equipment/12-101.jpg,
2026-02-09T20:04:55.869468,raw/12 - Engine Electrical Equipment/12-102.jpg,image_validate,success,raw/12 - Engine Electrical Equipment/12-102.jpg,
2026-02-09T20:04:55.874988,raw/12 - Engine Electrical Equipment/12-103.jpg,image_validate,success,raw/12 - Engine Electrical Equipment/12-103.jpg,
2026-02-09T20:04:55.879924,raw/12 - Engine Electrical Equipment/12-104.jpg,image_validate,success,raw/12 - Engine Electrical Equipment/12-104.jpg,
2026-02-09T20:04:55.883920,raw/12 - Engine Electrical Equipment/12-105.jpg,image_validate,success,raw/12 - Engine Electrical Equipment/12-105.jpg,
2026-02-09T20:04:55.889051,raw/12 - Engine Electrical Equipment/12-106.jpg,image_validate,success,raw/12 - Engine Electrical Equipment/12-106.jpg,
2026-02-09T20:04:55.893371,raw/12 - Engine Electrical Equipment/12-107.jpg,image_validate,success,raw/12 - Engine Electrical Equipment/12-107.jpg,
2026-02-09T20:04:55.896815,raw/12 - Engine Electrical Equipment/12-107_1.jpg,image_validate,success,raw/12 - Engine Electrical Equipment/12-107_1.jpg,
2026-02-09T20:04:55.900570,raw/12 - Engine Electrical Equipment/12-107_2.jpg,image_validate,success,raw/12 - Engine Electrical Equipment/12-107_2.jpg,
2026-02-09T20:04:55.904378,raw/12 - Engine Electrical Equipment/12-107_3.jpg,image_validate,success,raw/12 - Engine Electrical Equipment/12-107_3.jpg,
2026-02-09T20:04:55.909035,raw/12 - Engine Electrical Equipment/12-107_4.jpg,image_validate,success,raw/12 - Engine Electrical Equipment/12-107_4.jpg,
2026-02-09T20:04:55.912338,raw/12 - Engine Electrical Equipment/12-107a.jpg,image_validate,success,raw/12 - Engine Electrical Equipment/12-107a.jpg,
2026-02-09T20:04:55.916876,raw/12 - Engine Electrical Equipment/12-108.jpg,image_validate,success,raw/12 - Engine Electrical Equipment/12-108.jpg,
2026-02-09T20:04:55.920007,raw/12 - Engine Electrical Equipment/12-108_1.jpg,image_validate,success,raw/12 - Engine Electrical Equipment/12-108_1.jpg,
2026-02-09T20:04:55.923534,raw/12 - Engine Electrical Equipment/12-110.jpg,image_validate,success,raw/12 - Engine Electrical Equipment/12-110.jpg,
2026-02-09T20:04:55.929404,raw/12 - Engine Electrical Equipment/12-111.jpg,image_validate,success,raw/12 - Engine Electrical Equipment/12-111.jpg,
2026-02-09T20:04:55.934070,raw/12 - Engine Electrical Equipment/12-112.jpg,image_validate,success,raw/12 - Engine Electrical Equipment/12-112.jpg,
2026-02-09T20:04:55.938062,raw/12 - Engine Electrical Equipment/12-112_2.jpg,image_validate,success,raw/12 - Engine Electrical Equipment/12-112_2.jpg,
2026-02-09T20:04:55.941827,raw/12 - Engine Electrical Equipment/12-112_3.jpg,image_validate,success,raw/12 - Engine Electrical Equipment/12-112_3.jpg,
2026-02-09T20:04:55.945452,raw/12 - Engine Electrical Equipment/12-113.jpg,image_validate,success,raw/12 - Engine Electrical Equipment/12-113.jpg,
2026-02-09T20:04:55.949438,raw/12 - Engine Electrical Equipment/12-114.jpg,image_validate,success,raw/12 - Engine Electrical Equipment/12-114.jpg,
2026-02-09T20:04:55.954220,raw/12 - Engine Electrical Equipment/12-114_1.jpg,image_validate,success,raw/12 - Engine Electrical Equipment/12-114_1.jpg,
2026-02-09T20:04:55.957422,raw/12 - Engine Electrical Equipment/12-115.jpg,image_validate,success,raw/12 - Engine Electrical Equipment/12-115.jpg,
2026-02-09T20:04:55.961827,raw/12 - Engine Electrical Equipment/12-130.jpg,image_validate,success,raw/12 - Engine Electrical Equipment/12-130.jpg,
2026-02-09T20:04:55.966970,raw/12 - Engine Electrical Equipment/12-131.jpg,image_validate,success,raw/12 - Engine Electrical Equipment/12-131.jpg,
2026-02-09T20:04:55.972129,raw/12 - Engine Electrical Equipment/12-132.jpg,image_validate,success,raw/12 - Engine Electrical Equipment/12-132.jpg,
2026-02-09T20:04:55.977748,raw/12 - Engine Electrical Equipment/12-132_1.jpg,image_validate,success,raw/12 - Engine Electrical Equipment/12-132_1.jpg,
2026-02-09T20:04:55.981972,raw/12 - Engine Electrical Equipment/12-132_2.jpg,image_validate,success,raw/12 - Engine Electrical Equipment/12-132_2.jpg,
2026-02-09T20:04:55.986208,raw/12 - Engine Electrical Equipment/12-133.jpg,image_validate,success,raw/12 - Engine Electrical Equipment/12-133.jpg,
2026-02-09T20:04:55.991277,raw/12 - Engine Electrical Equipment/12-134.jpg,image_validate,success,raw/12 - Engine Electrical Equipment/12-134.jpg,
2026-02-09T20:04:55.997098,raw/12 - Engine Electrical Equipment/12-135.jpg,image_validate,success,raw/12 - Engine Electrical Equipment/12-135.jpg,
2026-02-09T20:04:56.001187,raw/12 - Engine Electrical Equipment/12-140.jpg,image_validate,success,raw/12 - Engine Electrical Equipment/12-140.jpg,
2026-02-09T20:04:56.005185,raw/12 - Engine Electrical Equipment/12-141.jpg,image_validate,success,raw/12 - Engine Electrical Equipment/12-141.jpg,
2026-02-09T20:04:56.010565,raw/12 - Engine Electrical Equipment/12-142.jpg,image_validate,success,raw/12 - Engine Electrical Equipment/12-142.jpg,
2026-02-09T20:04:56.016128,raw/12 - Engine Electrical Equipment/12-142_1.jpg,image_validate,success,raw/12 - Engine Electrical Equipment/12-142_1.jpg,
2026-02-09T20:04:56.021656,raw/12 - Engine Electrical Equipment/12-142_2.jpg,image_validate,success,raw/12 - Engine Electrical Equipment/12-142_2.jpg,
2026-02-09T20:04:56.025151,raw/12 - Engine Electrical Equipment/12-142_3.jpg,image_validate,success,raw/12 - Engine Electrical Equipment/12-142_3.jpg,
2026-02-09T20:04:56.029412,raw/12 - Engine Electrical Equipment/12-143.jpg,image_validate,success,raw/12 - Engine Electrical Equipment/12-143.jpg,
2026-02-09T20:04:56.034527,raw/12 - Engine Electrical Equipment/12-143_1.jpg,image_validate,success,raw/12 - Engine Electrical Equipment/12-143_1.jpg,
2026-02-09T20:04:56.038251,raw/12 - Engine Electrical Equipment/12-143_2.jpg,image_validate,success,raw/12 - Engine Electrical Equipment/12-143_2.jpg,
2026-02-09T20:04:56.043325,raw/12 - Engine Electrical Equipment/12-150.jpg,image_validate,success,raw/12 - Engine Electrical Equipment/12-150.jpg,
2026-02-09T20:04:56.046936,raw/12 - Engine Electrical Equipment/12-151.jpg,image_validate,success,raw/12 - Engine Electrical Equipment/12-151.jpg,
2026-02-09T20:04:56.051731,raw/12 - Engine Electrical Equipment/12-152.jpg,image_validate,success,raw/12 - Engine Electrical Equipment/12-152.jpg,
2026-02-09T20:04:56.056501,raw/12 - Engine Electrical Equipment/12-153.jpg,image_validate,success,raw/12 - Engine Electrical Equipment/12-153.jpg,
2026-02-09T20:04:56.061739,raw/12 - Engine Electrical Equipment/12-154.jpg,image_validate,success,raw/12 - Engine Electrical Equipment/12-154.jpg,
2026-02-09T20:04:56.066758,raw/12 - Engine Electrical Equipment/12-154_1.jpg,image_validate,success,raw/12 - Engine Electrical Equipment/12-154_1.jpg,
2026-02-09T20:04:56.072053,raw/12 - Engine Electrical Equipment/12-155.jpg,image_validate,success,raw/12 - Engine Electrical Equipment/12-155.jpg,
2026-02-09T20:04:56.076922,raw/12 - Engine Electrical Equipment/12-160.jpg,image_validate,success,raw/12 - Engine Electrical Equipment/12-160.jpg,
2026-02-09T20:04:56.081650,raw/12 - Engine Electrical Equipment/12-20.jpg,image_validate,success,raw/12 - Engine Electrical Equipment/12-20.jpg,
2026-02-09T20:04:56.085472,raw/12 - Engine Electrical Equipment/12-200.jpg,image_validate,success,raw/12 - Engine Electrical Equipment/12-200.jpg,
2026-02-09T20:04:56.089101,raw/12 - Engine Electrical Equipment/12-21.jpg,image_validate,success,raw/12 - Engine Electrical Equipment/12-21.jpg,
2026-02-09T20:04:56.093342,raw/12 - Engine Electrical Equipment/12-22.jpg,image_validate,success,raw/12 - Engine Electrical Equipment/12-22.jpg,
2026-02-09T20:04:56.097164,raw/12 - Engine Electrical Equipment/12-23.jpg,image_validate,success,raw/12 - Engine Electrical Equipment/12-23.jpg,
2026-02-09T20:04:56.100938,raw/12 - Engine Electrical Equipment/12-24.jpg,image_validate,success,raw/12 - Engine Electrical Equipment/12-24.jpg,
2026-02-09T20:04:56.104702,raw/12 - Engine Electrical Equipment/12-40.jpg,image_validate,success,raw/12 - Engine Electrical Equipment/12-40.jpg,
2026-02-09T20:04:56.108946,raw/12 - Engine Electrical Equipment/12-41.jpg,image_validate,success,raw/12 - Engine Electrical Equipment/12-41.jpg,
2026-02-09T20:04:56.114132,raw/12 - Engine Electrical Equipment/12-42.jpg,image_validate,success,raw/12 - Engine Electrical Equipment/12-42.jpg,
2026-02-09T20:04:56.119368,raw/12 - Engine Electrical Equipment/12-43.jpg,image_validate,success,raw/12 - Engine Electrical Equipment/12-43.jpg,
2026-02-09T20:04:56.124709,raw/12 - Engine Electrical Equipment/12-44.jpg,image_validate,success,raw/12 - Engine Electrical Equipment/12-44.jpg,
2026-02-09T20:04:56.129580,raw/12 - Engine Electrical Equipment/12-45.jpg,image_validate,success,raw/12 - Engine Electrical Equipment/12-45.jpg,
2026-02-09T20:04:56.134970,raw/12 - Engine Electrical Equipment/12-46.jpg,image_validate,success,raw/12 - Engine Electrical Equipment/12-46.jpg,
2026-02-09T20:04:56.140394,raw/12 - Engine Electrical Equipment/12-50.jpg,image_validate,success,raw/12 - Engine Electrical Equipment/12-50.jpg,
2026-02-09T20:04:56.144508,raw/12 - Engine Electrical Equipment/12-51.jpg,image_validate,success,raw/12 - Engine Electrical Equipment/12-51.jpg,
2026-02-09T20:04:56.149840,raw/12 - Engine Electrical Equipment/12-52.jpg,image_validate,success,raw/12 - Engine Electrical Equipment/12-52.jpg,
2026-02-09T20:04:56.155370,raw/12 - Engine Electrical Equipment/12-53.jpg,image_validate,success,raw/12 - Engine Electrical Equipment/12-53.jpg,
2026-02-09T20:04:56.160233,raw/12 - Engine Electrical Equipment/index.html,skip,success,raw/12 - Engine Electrical Equipment/index.html,
2026-02-09T20:04:56.160243,raw/13 - Fuel System/13-00-index-a.jpg,image_validate,success,raw/13 - Fuel System/13-00-index-a.jpg,
2026-02-09T20:04:56.164086,raw/13 - Fuel System/13-613.jpg,image_validate,success,raw/13 - Fuel System/13-613.jpg,
2026-02-09T20:04:56.168402,raw/13 - Fuel System/13-620.jpg,image_validate,success,raw/13 - Fuel System/13-620.jpg,
2026-02-09T20:04:56.172628,raw/13 - Fuel System/13-621.jpg,image_validate,success,raw/13 - Fuel System/13-621.jpg,
2026-02-09T20:04:56.177270,raw/13 - Fuel System/13-622.jpg,image_validate,success,raw/13 - Fuel System/13-622.jpg,
2026-02-09T20:04:56.182244,raw/13 - Fuel System/13-626.jpg,image_validate,success,raw/13 - Fuel System/13-626.jpg,
2026-02-09T20:04:56.186243,raw/13 - Fuel System/13-627.jpg,image_validate,success,raw/13 - Fuel System/13-627.jpg,
2026-02-09T20:04:56.190288,raw/13 - Fuel System/13-629.jpg,image_validate,success,raw/13 - Fuel System/13-629.jpg,
2026-02-09T20:04:56.194436,raw/13 - Fuel System/13-630.jpg,image_validate,success,raw/13 - Fuel System/13-630.jpg,
2026-02-09T20:04:56.198085,raw/13 - Fuel System/13-631.jpg,image_validate,success,raw/13 - Fuel System/13-631.jpg,
2026-02-09T20:04:56.201707,raw/13 - Fuel System/13-632.jpg,image_validate,success,raw/13 - Fuel System/13-632.jpg,
2026-02-09T20:04:56.205757,raw/13 - Fuel System/13-640.jpg,image_validate,success,raw/13 - Fuel System/13-640.jpg,
2026-02-09T20:04:56.210514,raw/13 - Fuel System/13-641.jpg,image_validate,success,raw/13 - Fuel System/13-641.jpg,
2026-02-09T20:04:56.214856,raw/13 - Fuel System/13-642.jpg,image_validate,success,raw/13 - Fuel System/13-642.jpg,
2026-02-09T20:04:56.219004,raw/13 - Fuel System/13-643.jpg,image_validate,success,raw/13 - Fuel System/13-643.jpg,
2026-02-09T20:04:56.224353,raw/13 - Fuel System/13-700.jpg,image_validate,success,raw/13 - Fuel System/13-700.jpg,
2026-02-09T20:04:56.227894,raw/13 - Fuel System/13-700a.jpg,image_validate,success,raw/13 - Fuel System/13-700a.jpg,
2026-02-09T20:04:56.232937,raw/13 - Fuel System/13-701.jpg,image_validate,success,raw/13 - Fuel System/13-701.jpg,
2026-02-09T20:04:56.237867,raw/13 - Fuel System/13-702.jpg,image_validate,success,raw/13 - Fuel System/13-702.jpg,
2026-02-09T20:04:56.243464,raw/13 - Fuel System/13-703.jpg,image_validate,success,raw/13 - Fuel System/13-703.jpg,
2026-02-09T20:04:56.248077,raw/13 - Fuel System/13-710.jpg,image_validate,success,raw/13 - Fuel System/13-710.jpg,
2026-02-09T20:04:56.252784,raw/13 - Fuel System/13-713.jpg,image_validate,success,raw/13 - Fuel System/13-713.jpg,
2026-02-09T20:04:56.257626,raw/13 - Fuel System/13-720.jpg,image_validate,success,raw/13 - Fuel System/13-720.jpg,
2026-02-09T20:04:56.262650,raw/13 - Fuel System/13-730.jpg,image_validate,success,raw/13 - Fuel System/13-730.jpg,
2026-02-09T20:04:56.268215,raw/13 - Fuel System/13-731.jpg,image_validate,success,raw/13 - Fuel System/13-731.jpg,
2026-02-09T20:04:56.273828,raw/13 - Fuel System/13-732.jpg,image_validate,success,raw/13 - Fuel System/13-732.jpg,
2026-02-09T20:04:56.278937,raw/13 - Fuel System/13-750.jpg,image_validate,success,raw/13 - Fuel System/13-750.jpg,
2026-02-09T20:04:56.282517,raw/13 - Fuel System/13-760.jpg,image_validate,success,raw/13 - Fuel System/13-760.jpg,
2026-02-09T20:04:56.287220,raw/13 - Fuel System/13-762.jpg,image_validate,success,raw/13 - Fuel System/13-762.jpg,
2026-02-09T20:04:56.292387,raw/13 - Fuel System/13-771.jpg,image_validate,success,raw/13 - Fuel System/13-771.jpg,
2026-02-09T20:04:56.296771,raw/13 - Fuel System/13-781.jpg,image_validate,success,raw/13 - Fuel System/13-781.jpg,
2026-02-09T20:04:56.301443,raw/13 - Fuel System/13-800.jpg,image_validate,success,raw/13 - Fuel System/13-800.jpg,
2026-02-09T20:04:56.305341,raw/13 - Fuel System/13-801.jpg,image_validate,success,raw/13 - Fuel System/13-801.jpg,
2026-02-09T20:04:56.308816,raw/13 - Fuel System/13-802.jpg,image_validate,success,raw/13 - Fuel System/13-802.jpg,
2026-02-09T20:04:56.312410,raw/13 - Fuel System/13-803.jpg,image_validate,success,raw/13 - Fuel System/13-803.jpg,
2026-02-09T20:04:56.315819,raw/13 - Fuel System/13-804.jpg,image_validate,success,raw/13 - Fuel System/13-804.jpg,
2026-02-09T20:04:56.319893,raw/13 - Fuel System/13-805.jpg,image_validate,success,raw/13 - Fuel System/13-805.jpg,
2026-02-09T20:04:56.323516,raw/13 - Fuel System/13-806.jpg,image_validate,success,raw/13 - Fuel System/13-806.jpg,
2026-02-09T20:04:56.326909,raw/13 - Fuel System/13-810.jpg,image_validate,success,raw/13 - Fuel System/13-810.jpg,
2026-02-09T20:04:56.330422,raw/13 - Fuel System/13-811.jpg,image_validate,success,raw/13 - Fuel System/13-811.jpg,
2026-02-09T20:04:56.333523,raw/13 - Fuel System/13-812.jpg,image_validate,success,raw/13 - Fuel System/13-812.jpg,
2026-02-09T20:04:56.337119,raw/13 - Fuel System/13-813.jpg,image_validate,success,raw/13 - Fuel System/13-813.jpg,
2026-02-09T20:04:56.340209,raw/13 - Fuel System/13-814.jpg,image_validate,success,raw/13 - Fuel System/13-814.jpg,
2026-02-09T20:04:56.343999,raw/13 - Fuel System/13-815.jpg,image_validate,success,raw/13 - Fuel System/13-815.jpg,
2026-02-09T20:04:56.348363,raw/13 - Fuel System/13-816.jpg,image_validate,success,raw/13 - Fuel System/13-816.jpg,
2026-02-09T20:04:56.351573,raw/13 - Fuel System/13-850.jpg,image_validate,success,raw/13 - Fuel System/13-850.jpg,
2026-02-09T20:04:56.356845,raw/13 - Fuel System/13-851.jpg,image_validate,success,raw/13 - Fuel System/13-851.jpg,
2026-02-09T20:04:56.360259,raw/13 - Fuel System/13-852.jpg,image_validate,success,raw/13 - Fuel System/13-852.jpg,
2026-02-09T20:04:56.364285,raw/13 - Fuel System/13-853.jpg,image_validate,success,raw/13 - Fuel System/13-853.jpg,
2026-02-09T20:04:56.368330,raw/13 - Fuel System/13-854.jpg,image_validate,success,raw/13 - Fuel System/13-854.jpg,
2026-02-09T20:04:56.371582,raw/13 - Fuel System/13-855.jpg,image_validate,success,raw/13 - Fuel System/13-855.jpg,
2026-02-09T20:04:56.375813,raw/13 - Fuel System/13-856.jpg,image_validate,success,raw/13 - Fuel System/13-856.jpg,
2026-02-09T20:04:56.379393,raw/13 - Fuel System/13-900.jpg,image_validate,success,raw/13 - Fuel System/13-900.jpg,
2026-02-09T20:04:56.384866,raw/13 - Fuel System/13-901.jpg,image_validate,success,raw/13 - Fuel System/13-901.jpg,
2026-02-09T20:04:56.389123,raw/13 - Fuel System/13-902.jpg,image_validate,success,raw/13 - Fuel System/13-902.jpg,
2026-02-09T20:04:56.392320,raw/13 - Fuel System/13-903.jpg,image_validate,success,raw/13 - Fuel System/13-903.jpg,
2026-02-09T20:04:56.395533,raw/13 - Fuel System/13-904.jpg,image_validate,success,raw/13 - Fuel System/13-904.jpg,
2026-02-09T20:04:56.399221,raw/13 - Fuel System/13-906.jpg,image_validate,success,raw/13 - Fuel System/13-906.jpg,
2026-02-09T20:04:56.402602,raw/13 - Fuel System/13-907.jpg,image_validate,success,raw/13 - Fuel System/13-907.jpg,
2026-02-09T20:04:56.405757,raw/13 - Fuel System/13-908.jpg,image_validate,success,raw/13 - Fuel System/13-908.jpg,
2026-02-09T20:04:56.409025,raw/13 - Fuel System/13-909.jpg,image_validate,success,raw/13 - Fuel System/13-909.jpg,
2026-02-09T20:04:56.411982,raw/13 - Fuel System/13-910.jpg,image_validate,success,raw/13 - Fuel System/13-910.jpg,
2026-02-09T20:04:56.415064,raw/13 - Fuel System/13-911.jpg,image_validate,success,raw/13 - Fuel System/13-911.jpg,
2026-02-09T20:04:56.418222,raw/13 - Fuel System/13-912.jpg,image_validate,success,raw/13 - Fuel System/13-912.jpg,
2026-02-09T20:04:56.422678,raw/13 - Fuel System/13-932.jpg,image_validate,success,raw/13 - Fuel System/13-932.jpg,
2026-02-09T20:04:56.427535,raw/13 - Fuel System/index.html,skip,success,raw/13 - Fuel System/index.html,
2026-02-09T20:04:56.427558,raw/16 - Fuel Tank and Lines/16-00-index-a.jpg,image_validate,success,raw/16 - Fuel Tank and Lines/16-00-index-a.jpg,
2026-02-09T20:04:56.431006,raw/16 - Fuel Tank and Lines/16-00.jpg,image_validate,success,raw/16 - Fuel Tank and Lines/16-00.jpg,
2026-02-09T20:04:56.435163,raw/16 - Fuel Tank and Lines/16-01.jpg,image_validate,success,raw/16 - Fuel Tank and Lines/16-01.jpg,
2026-02-09T20:04:56.439362,raw/16 - Fuel Tank and Lines/16-02.jpg,image_validate,success,raw/16 - Fuel Tank and Lines/16-02.jpg,
2026-02-09T20:04:56.444559,raw/16 - Fuel Tank and Lines/16-03.jpg,image_validate,success,raw/16 - Fuel Tank and Lines/16-03.jpg,
2026-02-09T20:04:56.448932,raw/16 - Fuel Tank and Lines/16-04.jpg,image_validate,success,raw/16 - Fuel Tank and Lines/16-04.jpg,
2026-02-09T20:04:56.452899,raw/16 - Fuel Tank and Lines/16-05.jpg,image_validate,success,raw/16 - Fuel Tank and Lines/16-05.jpg,
2026-02-09T20:04:56.457515,raw/16 - Fuel Tank and Lines/16-06.jpg,image_validate,success,raw/16 - Fuel Tank and Lines/16-06.jpg,
2026-02-09T20:04:56.460762,raw/16 - Fuel Tank and Lines/16-07.jpg,image_validate,success,raw/16 - Fuel Tank and Lines/16-07.jpg,
2026-02-09T20:04:56.464694,raw/16 - Fuel Tank and Lines/16-08.jpg,image_validate,success,raw/16 - Fuel Tank and Lines/16-08.jpg,
2026-02-09T20:04:56.470233,raw/16 - Fuel Tank and Lines/16-09.jpg,image_validate,success,raw/16 - Fuel Tank and Lines/16-09.jpg,
2026-02-09T20:04:56.475076,raw/16 - Fuel Tank and Lines/16-10.jpg,image_validate,success,raw/16 - Fuel Tank and Lines/16-10.jpg,
2026-02-09T20:04:56.479191,raw/16 - Fuel Tank and Lines/16-11.jpg,image_validate,success,raw/16 - Fuel Tank and Lines/16-11.jpg,
2026-02-09T20:04:56.484175,raw/16 - Fuel Tank and Lines/index.html,skip,success,raw/16 - Fuel Tank and Lines/index.html,
2026-02-09T20:04:56.484196,raw/17 - Radiator/17-00-index-a.jpg,image_validate,success,raw/17 - Radiator/17-00-index-a.jpg,
2026-02-09T20:04:56.487748,raw/17 - Radiator/17-01.jpg,image_validate,success,raw/17 - Radiator/17-01.jpg,
2026-02-09T20:04:56.491897,raw/17 - Radiator/17-02.jpg,image_validate,success,raw/17 - Radiator/17-02.jpg,
2026-02-09T20:04:56.496520,raw/17 - Radiator/17-03.jpg,image_validate,success,raw/17 - Radiator/17-03.jpg,
2026-02-09T20:04:56.502458,raw/17 - Radiator/17-04.jpg,image_validate,success,raw/17 - Radiator/17-04.jpg,
2026-02-09T20:04:56.507535,raw/17 - Radiator/17-04_1.jpg,image_validate,success,raw/17 - Radiator/17-04_1.jpg,
2026-02-09T20:04:56.512099,raw/17 - Radiator/17-05.jpg,image_validate,success,raw/17 - Radiator/17-05.jpg,
2026-02-09T20:04:56.516580,raw/17 - Radiator/17-06.jpg,image_validate,success,raw/17 - Radiator/17-06.jpg,
2026-02-09T20:04:56.521237,raw/17 - Radiator/17-06_1.jpg,image_validate,success,raw/17 - Radiator/17-06_1.jpg,
2026-02-09T20:04:56.524935,raw/17 - Radiator/17-07.jpg,image_validate,success,raw/17 - Radiator/17-07.jpg,
2026-02-09T20:04:56.528936,raw/17 - Radiator/index.html,skip,success,raw/17 - Radiator/index.html,
2026-02-09T20:04:56.528945,raw/18 - Exhaust System/18-00-index-a.jpg,image_validate,success,raw/18 - Exhaust System/18-00-index-a.jpg,
2026-02-09T20:04:56.532963,raw/18 - Exhaust System/18-01.jpg,image_validate,success,raw/18 - Exhaust System/18-01.jpg,
2026-02-09T20:04:56.538136,raw/18 - Exhaust System/18-02.jpg,image_validate,success,raw/18 - Exhaust System/18-02.jpg,
2026-02-09T20:04:56.542359,raw/18 - Exhaust System/18-03.jpg,image_validate,success,raw/18 - Exhaust System/18-03.jpg,
2026-02-09T20:04:56.546150,raw/18 - Exhaust System/18-04.jpg,image_validate,success,raw/18 - Exhaust System/18-04.jpg,
2026-02-09T20:04:56.551181,raw/18 - Exhaust System/18-05.jpg,image_validate,success,raw/18 - Exhaust System/18-05.jpg,
2026-02-09T20:04:56.557036,raw/18 - Exhaust System/18-06.jpg,image_validate,success,raw/18 - Exhaust System/18-06.jpg,
2026-02-09T20:04:56.561714,raw/18 - Exhaust System/18-07.jpg,image_validate,success,raw/18 - Exhaust System/18-07.jpg,
2026-02-09T20:04:56.567063,raw/18 - Exhaust System/18-08.jpg,image_validate,success,raw/18 - Exhaust System/18-08.jpg,
2026-02-09T20:04:56.572141,raw/18 - Exhaust System/18-09.jpg,image_validate,success,raw/18 - Exhaust System/18-09.jpg,
2026-02-09T20:04:56.575722,raw/18 - Exhaust System/index.html,skip,success,raw/18 - Exhaust System/index.html,
2026-02-09T20:04:56.575736,raw/1990 BMW M3 Electrical Troubleshooting Manual/00-00-cover.jpg,image_validate,success,raw/1990 BMW M3 Electrical Troubleshooting Manual/00-00-cover.jpg,
2026-02-09T20:04:56.584485,raw/1990 BMW M3 Electrical Troubleshooting Manual/00-00-foreword.jpg,image_validate,success,raw/1990 BMW M3 Electrical Troubleshooting Manual/00-00-foreword.jpg,
2026-02-09T20:04:56.592442,raw/1990 BMW M3 Electrical Troubleshooting Manual/00-01-index-a.jpg,image_validate,success,raw/1990 BMW M3 Electrical Troubleshooting Manual/00-01-index-a.jpg,
2026-02-09T20:04:56.602758,raw/1990 BMW M3 Electrical Troubleshooting Manual/00-02-index-b.jpg,image_validate,success,raw/1990 BMW M3 Electrical Troubleshooting Manual/00-02-index-b.jpg,
2026-02-09T20:04:56.614368,raw/1990 BMW M3 Electrical Troubleshooting Manual/00-03.jpg,image_validate,success,raw/1990 BMW M3 Electrical Troubleshooting Manual/00-03.jpg,
2026-02-09T20:04:56.624998,raw/1990 BMW M3 Electrical Troubleshooting Manual/00-04.jpg,image_validate,success,raw/1990 BMW M3 Electrical Troubleshooting Manual/00-04.jpg,
2026-02-09T20:04:56.633888,raw/1990 BMW M3 Electrical Troubleshooting Manual/00-05.jpg,image_validate,success,raw/1990 BMW M3 Electrical Troubleshooting Manual/00-05.jpg,
2026-02-09T20:04:56.643328,raw/1990 BMW M3 Electrical Troubleshooting Manual/00-06.jpg,image_validate,success,raw/1990 BMW M3 Electrical Troubleshooting Manual/00-06.jpg,
2026-02-09T20:04:56.654282,raw/1990 BMW M3 Electrical Troubleshooting Manual/00-07.jpg,image_validate,success,raw/1990 BMW M3 Electrical Troubleshooting Manual/00-07.jpg,
2026-02-09T20:04:56.664752,raw/1990 BMW M3 Electrical Troubleshooting Manual/00-08.jpg,image_validate,success,raw/1990 BMW M3 Electrical Troubleshooting Manual/00-08.jpg,
2026-02-09T20:04:56.673173,raw/1990 BMW M3 Electrical Troubleshooting Manual/0670-00.jpg,image_validate,success,raw/1990 BMW M3 Electrical Troubleshooting Manual/0670-00.jpg,
2026-02-09T20:04:56.681607,raw/1990 BMW M3 Electrical Troubleshooting Manual/0670-01.jpg,image_validate,success,raw/1990 BMW M3 Electrical Troubleshooting Manual/0670-01.jpg,
2026-02-09T20:04:56.692135,raw/1990 BMW M3 Electrical Troubleshooting Manual/0670-02.jpg,image_validate,success,raw/1990 BMW M3 Electrical Troubleshooting Manual/0670-02.jpg,
2026-02-09T20:04:56.703770,raw/1990 BMW M3 Electrical Troubleshooting Manual/0670-03.jpg,image_validate,success,raw/1990 BMW M3 Electrical Troubleshooting Manual/0670-03.jpg,
2026-02-09T20:04:56.717520,raw/1990 BMW M3 Electrical Troubleshooting Manual/0670-04.jpg,image_validate,success,raw/1990 BMW M3 Electrical Troubleshooting Manual/0670-04.jpg,
2026-02-09T20:04:56.734131,raw/1990 BMW M3 Electrical Troubleshooting Manual/0670-05.jpg,image_validate,success,raw/1990 BMW M3 Electrical Troubleshooting Manual/0670-05.jpg,
2026-02-09T20:04:56.743538,raw/1990 BMW M3 Electrical Troubleshooting Manual/0670-06.jpg,image_validate,success,raw/1990 BMW M3 Electrical Troubleshooting Manual/0670-06.jpg,
2026-02-09T20:04:56.752665,raw/1990 BMW M3 Electrical Troubleshooting Manual/0670-07.jpg,image_validate,success,raw/1990 BMW M3 Electrical Troubleshooting Manual/0670-07.jpg,
2026-02-09T20:04:56.761278,raw/1990 BMW M3 Electrical Troubleshooting Manual/0670-08.jpg,image_validate,success,raw/1990 BMW M3 Electrical Troubleshooting Manual/0670-08.jpg,
2026-02-09T20:04:56.769863,raw/1990 BMW M3 Electrical Troubleshooting Manual/0670-09.jpg,image_validate,success,raw/1990 BMW M3 Electrical Troubleshooting Manual/0670-09.jpg,
2026-02-09T20:04:56.777809,raw/1990 BMW M3 Electrical Troubleshooting Manual/0670-10.jpg,image_validate,success,raw/1990 BMW M3 Electrical Troubleshooting Manual/0670-10.jpg,
2026-02-09T20:04:56.786090,raw/1990 BMW M3 Electrical Troubleshooting Manual/0670-11.jpg,image_validate,success,raw/1990 BMW M3 Electrical Troubleshooting Manual/0670-11.jpg,
2026-02-09T20:04:56.794351,raw/1990 BMW M3 Electrical Troubleshooting Manual/0670-12.jpg,image_validate,success,raw/1990 BMW M3 Electrical Troubleshooting Manual/0670-12.jpg,
2026-02-09T20:04:56.803104,raw/1990 BMW M3 Electrical Troubleshooting Manual/0670-13.jpg,image_validate,success,raw/1990 BMW M3 Electrical Troubleshooting Manual/0670-13.jpg,
2026-02-09T20:04:56.812283,raw/1990 BMW M3 Electrical Troubleshooting Manual/0670-14.jpg,image_validate,success,raw/1990 BMW M3 Electrical Troubleshooting Manual/0670-14.jpg,
2026-02-09T20:04:56.823281,raw/1990 BMW M3 Electrical Troubleshooting Manual/0670-15.jpg,image_validate,success,raw/1990 BMW M3 Electrical Troubleshooting Manual/0670-15.jpg,
2026-02-09T20:04:56.831020,raw/1990 BMW M3 Electrical Troubleshooting Manual/0670-16.jpg,image_validate,success,raw/1990 BMW M3 Electrical Troubleshooting Manual/0670-16.jpg,
2026-02-09T20:04:56.841615,raw/1990 BMW M3 Electrical Troubleshooting Manual/1230-00.jpg,image_validate,success,raw/1990 BMW M3 Electrical Troubleshooting Manual/1230-00.jpg,
2026-02-09T20:04:56.851874,raw/1990 BMW M3 Electrical Troubleshooting Manual/1240-00.jpg,image_validate,success,raw/1990 BMW M3 Electrical Troubleshooting Manual/1240-00.jpg,
2026-02-09T20:04:56.862794,raw/1990 BMW M3 Electrical Troubleshooting Manual/1364-00.jpg,image_validate,success,raw/1990 BMW M3 Electrical Troubleshooting Manual/1364-00.jpg,
2026-02-09T20:04:56.873833,raw/1990 BMW M3 Electrical Troubleshooting Manual/1364-01.jpg,image_validate,success,raw/1990 BMW M3 Electrical Troubleshooting Manual/1364-01.jpg,
2026-02-09T20:04:56.884719,raw/1990 BMW M3 Electrical Troubleshooting Manual/1364-02.jpg,image_validate,success,raw/1990 BMW M3 Electrical Troubleshooting Manual/1364-02.jpg,
2026-02-09T20:04:56.894639,raw/1990 BMW M3 Electrical Troubleshooting Manual/1364-03.jpg,image_validate,success,raw/1990 BMW M3 Electrical Troubleshooting Manual/1364-03.jpg,
2026-02-09T20:04:56.903802,raw/1990 BMW M3 Electrical Troubleshooting Manual/1364-04.jpg,image_validate,success,raw/1990 BMW M3 Electrical Troubleshooting Manual/1364-04.jpg,
2026-02-09T20:04:56.914146,raw/1990 BMW M3 Electrical Troubleshooting Manual/1364-05.jpg,image_validate,success,raw/1990 BMW M3 Electrical Troubleshooting Manual/1364-05.jpg,
2026-02-09T20:04:56.923937,raw/1990 BMW M3 Electrical Troubleshooting Manual/1364-06.jpg,image_validate,success,raw/1990 BMW M3 Electrical Troubleshooting Manual/1364-06.jpg,
2026-02-09T20:04:56.934003,raw/1990 BMW M3 Electrical Troubleshooting Manual/3243-00.jpg,image_validate,success,raw/1990 BMW M3 Electrical Troubleshooting Manual/3243-00.jpg,
2026-02-09T20:04:56.943935,raw/1990 BMW M3 Electrical Troubleshooting Manual/3435-00.jpg,image_validate,success,raw/1990 BMW M3 Electrical Troubleshooting Manual/3435-00.jpg,
2026-02-09T20:04:56.955936,raw/1990 BMW M3 Electrical Troubleshooting Manual/3450-00.jpg,image_validate,success,raw/1990 BMW M3 Electrical Troubleshooting Manual/3450-00.jpg,
2026-02-09T20:04:56.966019,raw/1990 BMW M3 Electrical Troubleshooting Manual/3450-01.jpg,image_validate,success,raw/1990 BMW M3 Electrical Troubleshooting Manual/3450-01.jpg,
2026-02-09T20:04:56.978687,raw/1990 BMW M3 Electrical Troubleshooting Manual/5116-00.jpg,image_validate,success,raw/1990 BMW M3 Electrical Troubleshooting Manual/5116-00.jpg,
2026-02-09T20:04:56.990278,raw/1990 BMW M3 Electrical Troubleshooting Manual/5126-00.jpg,image_validate,success,raw/1990 BMW M3 Electrical Troubleshooting Manual/5126-00.jpg,
2026-02-09T20:04:57.001144,raw/1990 BMW M3 Electrical Troubleshooting Manual/5126-01.jpg,image_validate,success,raw/1990 BMW M3 Electrical Troubleshooting Manual/5126-01.jpg,
2026-02-09T20:04:57.010256,raw/1990 BMW M3 Electrical Troubleshooting Manual/5126A-00.jpg,image_validate,success,raw/1990 BMW M3 Electrical Troubleshooting Manual/5126A-00.jpg,
2026-02-09T20:04:57.019783,raw/1990 BMW M3 Electrical Troubleshooting Manual/5126A-01.jpg,image_validate,success,raw/1990 BMW M3 Electrical Troubleshooting Manual/5126A-01.jpg,
2026-02-09T20:04:57.035315,raw/1990 BMW M3 Electrical Troubleshooting Manual/5126A-02.jpg,image_validate,success,raw/1990 BMW M3 Electrical Troubleshooting Manual/5126A-02.jpg,
2026-02-09T20:04:57.061687,raw/1990 BMW M3 Electrical Troubleshooting Manual/5126A-03.jpg,image_validate,success,raw/1990 BMW M3 Electrical Troubleshooting Manual/5126A-03.jpg,
2026-02-09T20:04:57.073867,raw/1990 BMW M3 Electrical Troubleshooting Manual/5133-00.jpg,image_validate,success,raw/1990 BMW M3 Electrical Troubleshooting Manual/5133-00.jpg,
2026-02-09T20:04:57.083135,raw/1990 BMW M3 Electrical Troubleshooting Manual/5200-00.jpg,image_validate,success,raw/1990 BMW M3 Electrical Troubleshooting Manual/5200-00.jpg,
2026-02-09T20:04:57.092880,raw/1990 BMW M3 Electrical Troubleshooting Manual/5413-00.jpg,image_validate,success,raw/1990 BMW M3 Electrical Troubleshooting Manual/5413-00.jpg,
2026-02-09T20:04:57.101514,raw/1990 BMW M3 Electrical Troubleshooting Manual/6100-00.jpg,image_validate,success,raw/1990 BMW M3 Electrical Troubleshooting Manual/6100-00.jpg,
2026-02-09T20:04:57.111965,raw/1990 BMW M3 Electrical Troubleshooting Manual/6100-01.jpg,image_validate,success,raw/1990 BMW M3 Electrical Troubleshooting Manual/6100-01.jpg,
2026-02-09T20:04:57.121329,raw/1990 BMW M3 Electrical Troubleshooting Manual/6100-02.jpg,image_validate,success,raw/1990 BMW M3 Electrical Troubleshooting Manual/6100-02.jpg,
2026-02-09T20:04:57.131536,raw/1990 BMW M3 Electrical Troubleshooting Manual/6131-00.jpg,image_validate,success,raw/1990 BMW M3 Electrical Troubleshooting Manual/6131-00.jpg,
2026-02-09T20:04:57.140317,raw/1990 BMW M3 Electrical Troubleshooting Manual/6160-00.jpg,image_validate,success,raw/1990 BMW M3 Electrical Troubleshooting Manual/6160-00.jpg,
2026-02-09T20:04:57.153126,raw/1990 BMW M3 Electrical Troubleshooting Manual/6160-01.jpg,image_validate,success,raw/1990 BMW M3 Electrical Troubleshooting Manual/6160-01.jpg,
2026-02-09T20:04:57.161035,raw/1990 BMW M3 Electrical Troubleshooting Manual/6210-00.jpg,image_validate,success,raw/1990 BMW M3 Electrical Troubleshooting Manual/6210-00.jpg,
2026-02-09T20:04:57.173909,raw/1990 BMW M3 Electrical Troubleshooting Manual/6210-01.jpg,image_validate,success,raw/1990 BMW M3 Electrical Troubleshooting Manual/6210-01.jpg,
2026-02-09T20:04:57.185650,raw/1990 BMW M3 Electrical Troubleshooting Manual/6210-02.jpg,image_validate,success,raw/1990 BMW M3 Electrical Troubleshooting Manual/6210-02.jpg,
2026-02-09T20:04:57.199257,raw/1990 BMW M3 Electrical Troubleshooting Manual/6210-03.jpg,image_validate,success,raw/1990 BMW M3 Electrical Troubleshooting Manual/6210-03.jpg,
2026-02-09T20:04:57.211939,raw/1990 BMW M3 Electrical Troubleshooting Manual/6210-04.jpg,image_validate,success,raw/1990 BMW M3 Electrical Troubleshooting Manual/6210-04.jpg,
2026-02-09T20:04:57.222809,raw/1990 BMW M3 Electrical Troubleshooting Manual/6216-00.jpg,image_validate,success,raw/1990 BMW M3 Electrical Troubleshooting Manual/6216-00.jpg,
2026-02-09T20:04:57.234215,raw/1990 BMW M3 Electrical Troubleshooting Manual/6216-01.jpg,image_validate,success,raw/1990 BMW M3 Electrical Troubleshooting Manual/6216-01.jpg,
2026-02-09T20:04:57.244358,raw/1990 BMW M3 Electrical Troubleshooting Manual/6216-02.jpg,image_validate,success,raw/1990 BMW M3 Electrical Troubleshooting Manual/6216-02.jpg,
2026-02-09T20:04:57.256051,raw/1990 BMW M3 Electrical Troubleshooting Manual/6216-03.jpg,image_validate,success,raw/1990 BMW M3 Electrical Troubleshooting Manual/6216-03.jpg,
2026-02-09T20:04:57.265439,raw/1990 BMW M3 Electrical Troubleshooting Manual/6300-00.jpg,image_validate,success,raw/1990 BMW M3 Electrical Troubleshooting Manual/6300-00.jpg,
2026-02-09T20:04:57.277037,raw/1990 BMW M3 Electrical Troubleshooting Manual/6300-01.jpg,image_validate,success,raw/1990 BMW M3 Electrical Troubleshooting Manual/6300-01.jpg,
2026-02-09T20:04:57.286734,raw/1990 BMW M3 Electrical Troubleshooting Manual/6312-00.jpg,image_validate,success,raw/1990 BMW M3 Electrical Troubleshooting Manual/6312-00.jpg,
2026-02-09T20:04:57.297855,raw/1990 BMW M3 Electrical Troubleshooting Manual/6312-01.jpg,image_validate,success,raw/1990 BMW M3 Electrical Troubleshooting Manual/6312-01.jpg,
2026-02-09T20:04:57.307982,raw/1990 BMW M3 Electrical Troubleshooting Manual/6313-00.jpg,image_validate,success,raw/1990 BMW M3 Electrical Troubleshooting Manual/6313-00.jpg,
2026-02-09T20:04:57.318081,raw/1990 BMW M3 Electrical Troubleshooting Manual/6313-01.jpg,image_validate,success,raw/1990 BMW M3 Electrical Troubleshooting Manual/6313-01.jpg,
2026-02-09T20:04:57.327075,raw/1990 BMW M3 Electrical Troubleshooting Manual/6314-00.jpg,image_validate,success,raw/1990 BMW M3 Electrical Troubleshooting Manual/6314-00.jpg,
2026-02-09T20:04:57.337846,raw/1990 BMW M3 Electrical Troubleshooting Manual/6320-00.jpg,image_validate,success,raw/1990 BMW M3 Electrical Troubleshooting Manual/6320-00.jpg,
2026-02-09T20:04:57.347816,raw/1990 BMW M3 Electrical Troubleshooting Manual/6322-00.jpg,image_validate,success,raw/1990 BMW M3 Electrical Troubleshooting Manual/6322-00.jpg,
2026-02-09T20:04:57.355690,raw/1990 BMW M3 Electrical Troubleshooting Manual/6325-00.jpg,image_validate,success,raw/1990 BMW M3 Electrical Troubleshooting Manual/6325-00.jpg,
2026-02-09T20:04:57.365125,raw/1990 BMW M3 Electrical Troubleshooting Manual/6330-00.jpg,image_validate,success,raw/1990 BMW M3 Electrical Troubleshooting Manual/6330-00.jpg,
2026-02-09T20:04:57.375669,raw/1990 BMW M3 Electrical Troubleshooting Manual/6410-00.jpg,image_validate,success,raw/1990 BMW M3 Electrical Troubleshooting Manual/6410-00.jpg,
2026-02-09T20:04:57.385079,raw/1990 BMW M3 Electrical Troubleshooting Manual/6411-00.jpg,image_validate,success,raw/1990 BMW M3 Electrical Troubleshooting Manual/6411-00.jpg,
2026-02-09T20:04:57.393844,raw/1990 BMW M3 Electrical Troubleshooting Manual/6411-01.jpg,image_validate,success,raw/1990 BMW M3 Electrical Troubleshooting Manual/6411-01.jpg,
2026-02-09T20:04:57.405546,raw/1990 BMW M3 Electrical Troubleshooting Manual/6412-02.jpg,image_validate,success,raw/1990 BMW M3 Electrical Troubleshooting Manual/6412-02.jpg,
2026-02-09T20:04:57.413508,raw/1990 BMW M3 Electrical Troubleshooting Manual/6413-00.jpg,image_validate,success,raw/1990 BMW M3 Electrical Troubleshooting Manual/6413-00.jpg,
2026-02-09T20:04:57.424271,raw/1990 BMW M3 Electrical Troubleshooting Manual/6413-01.jpg,image_validate,success,raw/1990 BMW M3 Electrical Troubleshooting Manual/6413-01.jpg,
2026-02-09T20:04:57.438639,raw/1990 BMW M3 Electrical Troubleshooting Manual/6413-02.jpg,image_validate,success,raw/1990 BMW M3 Electrical Troubleshooting Manual/6413-02.jpg,
2026-02-09T20:04:57.448047,raw/1990 BMW M3 Electrical Troubleshooting Manual/6421-00.jpg,image_validate,success,raw/1990 BMW M3 Electrical Troubleshooting Manual/6421-00.jpg,
2026-02-09T20:04:57.457789,raw/1990 BMW M3 Electrical Troubleshooting Manual/6421-01.jpg,image_validate,success,raw/1990 BMW M3 Electrical Troubleshooting Manual/6421-01.jpg,
2026-02-09T20:04:57.470290,raw/1990 BMW M3 Electrical Troubleshooting Manual/6452-00.jpg,image_validate,success,raw/1990 BMW M3 Electrical Troubleshooting Manual/6452-00.jpg,
2026-02-09T20:04:57.479962,raw/1990 BMW M3 Electrical Troubleshooting Manual/6452-01.jpg,image_validate,success,raw/1990 BMW M3 Electrical Troubleshooting Manual/6452-01.jpg,
2026-02-09T20:04:57.489169,raw/1990 BMW M3 Electrical Troubleshooting Manual/6452-02.jpg,image_validate,success,raw/1990 BMW M3 Electrical Troubleshooting Manual/6452-02.jpg,
2026-02-09T20:04:57.500670,raw/1990 BMW M3 Electrical Troubleshooting Manual/6452-03.jpg,image_validate,success,raw/1990 BMW M3 Electrical Troubleshooting Manual/6452-03.jpg,
2026-02-09T20:04:57.511086,raw/1990 BMW M3 Electrical Troubleshooting Manual/6452-04.jpg,image_validate,success,raw/1990 BMW M3 Electrical Troubleshooting Manual/6452-04.jpg,
2026-02-09T20:04:57.519482,raw/1990 BMW M3 Electrical Troubleshooting Manual/6454-00.jpg,image_validate,success,raw/1990 BMW M3 Electrical Troubleshooting Manual/6454-00.jpg,
2026-02-09T20:04:57.530568,raw/1990 BMW M3 Electrical Troubleshooting Manual/6500-00.jpg,image_validate,success,raw/1990 BMW M3 Electrical Troubleshooting Manual/6500-00.jpg,
2026-02-09T20:04:57.540400,raw/1990 BMW M3 Electrical Troubleshooting Manual/6500-01.jpg,image_validate,success,raw/1990 BMW M3 Electrical Troubleshooting Manual/6500-01.jpg,
2026-02-09T20:04:57.553566,raw/1990 BMW M3 Electrical Troubleshooting Manual/6500A-00.jpg,image_validate,success,raw/1990 BMW M3 Electrical Troubleshooting Manual/6500A-00.jpg,
2026-02-09T20:04:57.564029,raw/1990 BMW M3 Electrical Troubleshooting Manual/6500A-01.jpg,image_validate,success,raw/1990 BMW M3 Electrical Troubleshooting Manual/6500A-01.jpg,
2026-02-09T20:04:57.574019,raw/1990 BMW M3 Electrical Troubleshooting Manual/6500A-02.jpg,image_validate,success,raw/1990 BMW M3 Electrical Troubleshooting Manual/6500A-02.jpg,
2026-02-09T20:04:57.583096,raw/1990 BMW M3 Electrical Troubleshooting Manual/6500A-03.jpg,image_validate,success,raw/1990 BMW M3 Electrical Troubleshooting Manual/6500A-03.jpg,
2026-02-09T20:04:57.591746,raw/1990 BMW M3 Electrical Troubleshooting Manual/6571-00.jpg,image_validate,success,raw/1990 BMW M3 Electrical Troubleshooting Manual/6571-00.jpg,
2026-02-09T20:04:57.602229,raw/1990 BMW M3 Electrical Troubleshooting Manual/6581-00.jpg,image_validate,success,raw/1990 BMW M3 Electrical Troubleshooting Manual/6581-00.jpg,
2026-02-09T20:04:57.613181,raw/1990 BMW M3 Electrical Troubleshooting Manual/6581-01.jpg,image_validate,success,raw/1990 BMW M3 Electrical Troubleshooting Manual/6581-01.jpg,
2026-02-09T20:04:57.624023,raw/1990 BMW M3 Electrical Troubleshooting Manual/7000-00.jpg,image_validate,success,raw/1990 BMW M3 Electrical Troubleshooting Manual/7000-00.jpg,
2026-02-09T20:04:57.637003,raw/1990 BMW M3 Electrical Troubleshooting Manual/7000-01.jpg,image_validate,success,raw/1990 BMW M3 Electrical Troubleshooting Manual/7000-01.jpg,
2026-02-09T20:04:57.649258,raw/1990 BMW M3 Electrical Troubleshooting Manual/7000-02.jpg,image_validate,success,raw/1990 BMW M3 Electrical Troubleshooting Manual/7000-02.jpg,
2026-02-09T20:04:57.662931,raw/1990 BMW M3 Electrical Troubleshooting Manual/7000-03.jpg,image_validate,success,raw/1990 BMW M3 Electrical Troubleshooting Manual/7000-03.jpg,
2026-02-09T20:04:57.675759,raw/1990 BMW M3 Electrical Troubleshooting Manual/7000-04.jpg,image_validate,success,raw/1990 BMW M3 Electrical Troubleshooting Manual/7000-04.jpg,
2026-02-09T20:04:57.688880,raw/1990 BMW M3 Electrical Troubleshooting Manual/7000-05.jpg,image_validate,success,raw/1990 BMW M3 Electrical Troubleshooting Manual/7000-05.jpg,
2026-02-09T20:04:57.701868,raw/1990 BMW M3 Electrical Troubleshooting Manual/7000-06.jpg,image_validate,success,raw/1990 BMW M3 Electrical Troubleshooting Manual/7000-06.jpg,
2026-02-09T20:04:57.715507,raw/1990 BMW M3 Electrical Troubleshooting Manual/7000-07.jpg,image_validate,success,raw/1990 BMW M3 Electrical Troubleshooting Manual/7000-07.jpg,
2026-02-09T20:04:57.731013,raw/1990 BMW M3 Electrical Troubleshooting Manual/7000-08.jpg,image_validate,success,raw/1990 BMW M3 Electrical Troubleshooting Manual/7000-08.jpg,
2026-02-09T20:04:57.743707,raw/1990 BMW M3 Electrical Troubleshooting Manual/7000-09.jpg,image_validate,success,raw/1990 BMW M3 Electrical Troubleshooting Manual/7000-09.jpg,
2026-02-09T20:04:57.757897,raw/1990 BMW M3 Electrical Troubleshooting Manual/7000-10.jpg,image_validate,success,raw/1990 BMW M3 Electrical Troubleshooting Manual/7000-10.jpg,
2026-02-09T20:04:57.772166,raw/1990 BMW M3 Electrical Troubleshooting Manual/7000-11.jpg,image_validate,success,raw/1990 BMW M3 Electrical Troubleshooting Manual/7000-11.jpg,
2026-02-09T20:04:57.784878,raw/1990 BMW M3 Electrical Troubleshooting Manual/7000-12.jpg,image_validate,success,raw/1990 BMW M3 Electrical Troubleshooting Manual/7000-12.jpg,
2026-02-09T20:04:57.795751,raw/1990 BMW M3 Electrical Troubleshooting Manual/8000-00.jpg,image_validate,success,raw/1990 BMW M3 Electrical Troubleshooting Manual/8000-00.jpg,
2026-02-09T20:04:57.805227,raw/1990 BMW M3 Electrical Troubleshooting Manual/8000-01.jpg,image_validate,success,raw/1990 BMW M3 Electrical Troubleshooting Manual/8000-01.jpg,
2026-02-09T20:04:57.813476,raw/1990 BMW M3 Electrical Troubleshooting Manual/8000-02.jpg,image_validate,success,raw/1990 BMW M3 Electrical Troubleshooting Manual/8000-02.jpg,
2026-02-09T20:04:57.822442,raw/1990 BMW M3 Electrical Troubleshooting Manual/8000-03.jpg,image_validate,success,raw/1990 BMW M3 Electrical Troubleshooting Manual/8000-03.jpg,
2026-02-09T20:04:57.830808,raw/1990 BMW M3 Electrical Troubleshooting Manual/8000-04.jpg,image_validate,success,raw/1990 BMW M3 Electrical Troubleshooting Manual/8000-04.jpg,
2026-02-09T20:04:57.839304,raw/1990 BMW M3 Electrical Troubleshooting Manual/8000-05.jpg,image_validate,success,raw/1990 BMW M3 Electrical Troubleshooting Manual/8000-05.jpg,
2026-02-09T20:04:57.847726,raw/1990 BMW M3 Electrical Troubleshooting Manual/8000-06.jpg,image_validate,success,raw/1990 BMW M3 Electrical Troubleshooting Manual/8000-06.jpg,
2026-02-09T20:04:57.855940,raw/1990 BMW M3 Electrical Troubleshooting Manual/8500-00.jpg,image_validate,success,raw/1990 BMW M3 Electrical Troubleshooting Manual/8500-00.jpg,
2026-02-09T20:04:57.864552,raw/1990 BMW M3 Electrical Troubleshooting Manual/8500-01.jpg,image_validate,success,raw/1990 BMW M3 Electrical Troubleshooting Manual/8500-01.jpg,
2026-02-09T20:04:57.872659,raw/1990 BMW M3 Electrical Troubleshooting Manual/8500-02.jpg,image_validate,success,raw/1990 BMW M3 Electrical Troubleshooting Manual/8500-02.jpg,
2026-02-09T20:04:57.882124,raw/1990 BMW M3 Electrical Troubleshooting Manual/8500-03.jpg,image_validate,success,raw/1990 BMW M3 Electrical Troubleshooting Manual/8500-03.jpg,
2026-02-09T20:04:57.890866,raw/1990 BMW M3 Electrical Troubleshooting Manual/8500-04.jpg,image_validate,success,raw/1990 BMW M3 Electrical Troubleshooting Manual/8500-04.jpg,
2026-02-09T20:04:57.899804,raw/1990 BMW M3 Electrical Troubleshooting Manual/8500-05.jpg,image_validate,success,raw/1990 BMW M3 Electrical Troubleshooting Manual/8500-05.jpg,
2026-02-09T20:04:57.908429,raw/1990 BMW M3 Electrical Troubleshooting Manual/8500-06.jpg,image_validate,success,raw/1990 BMW M3 Electrical Troubleshooting Manual/8500-06.jpg,
2026-02-09T20:04:57.917500,raw/1990 BMW M3 Electrical Troubleshooting Manual/8500-07.jpg,image_validate,success,raw/1990 BMW M3 Electrical Troubleshooting Manual/8500-07.jpg,
2026-02-09T20:04:57.926480,raw/1990 BMW M3 Electrical Troubleshooting Manual/8500-08.jpg,image_validate,success,raw/1990 BMW M3 Electrical Troubleshooting Manual/8500-08.jpg,
2026-02-09T20:04:57.935108,raw/1990 BMW M3 Electrical Troubleshooting Manual/8500-09.jpg,image_validate,success,raw/1990 BMW M3 Electrical Troubleshooting Manual/8500-09.jpg,
2026-02-09T20:04:57.943857,raw/1990 BMW M3 Electrical Troubleshooting Manual/8500-10.jpg,image_validate,success,raw/1990 BMW M3 Electrical Troubleshooting Manual/8500-10.jpg,
2026-02-09T20:04:57.951863,raw/1990 BMW M3 Electrical Troubleshooting Manual/8500-11.jpg,image_validate,success,raw/1990 BMW M3 Electrical Troubleshooting Manual/8500-11.jpg,
2026-02-09T20:04:57.960456,raw/1990 BMW M3 Electrical Troubleshooting Manual/9005-00.jpg,image_validate,success,raw/1990 BMW M3 Electrical Troubleshooting Manual/9005-00.jpg,
2026-02-09T20:04:57.971075,raw/1990 BMW M3 Electrical Troubleshooting Manual/9005-01.jpg,image_validate,success,raw/1990 BMW M3 Electrical Troubleshooting Manual/9005-01.jpg,
2026-02-09T20:04:57.981615,raw/1990 BMW M3 Electrical Troubleshooting Manual/9005-02.jpg,image_validate,success,raw/1990 BMW M3 Electrical Troubleshooting Manual/9005-02.jpg,
2026-02-09T20:04:57.992353,raw/1990 BMW M3 Electrical Troubleshooting Manual/9005-03.jpg,image_validate,success,raw/1990 BMW M3 Electrical Troubleshooting Manual/9005-03.jpg,
2026-02-09T20:04:58.003079,raw/1990 BMW M3 Electrical Troubleshooting Manual/9005-04.jpg,image_validate,success,raw/1990 BMW M3 Electrical Troubleshooting Manual/9005-04.jpg,
2026-02-09T20:04:58.013308,raw/1990 BMW M3 Electrical Troubleshooting Manual/9005-05.jpg,image_validate,success,raw/1990 BMW M3 Electrical Troubleshooting Manual/9005-05.jpg,
2026-02-09T20:04:58.021329,raw/1990 BMW M3 Electrical Troubleshooting Manual/index.html,skip,success,raw/1990 BMW M3 Electrical Troubleshooting Manual/index.html,
2026-02-09T20:04:58.021337,raw/21 - Clutch/21-00-index-a.jpg,image_validate,success,raw/21 - Clutch/21-00-index-a.jpg,
2026-02-09T20:04:58.024934,raw/21 - Clutch/21-01.jpg,image_validate,success,raw/21 - Clutch/21-01.jpg,
2026-02-09T20:04:58.030579,raw/21 - Clutch/21-02.jpg,image_validate,success,raw/21 - Clutch/21-02.jpg,
2026-02-09T20:04:58.035737,raw/21 - Clutch/21-03.jpg,image_validate,success,raw/21 - Clutch/21-03.jpg,
2026-02-09T20:04:58.040555,raw/21 - Clutch/21-04.jpg,image_validate,success,raw/21 - Clutch/21-04.jpg,
2026-02-09T20:04:58.044994,raw/21 - Clutch/21-05.jpg,image_validate,success,raw/21 - Clutch/21-05.jpg,
2026-02-09T20:04:58.050055,raw/21 - Clutch/21-06.jpg,image_validate,success,raw/21 - Clutch/21-06.jpg,
2026-02-09T20:04:58.054462,raw/21 - Clutch/21-07.jpg,image_validate,success,raw/21 - Clutch/21-07.jpg,
2026-02-09T20:04:58.059044,raw/21 - Clutch/index.html,skip,success,raw/21 - Clutch/index.html,
2026-02-09T20:04:58.059053,raw/23 - Manual Transmission/23-00-index-a.jpg,image_validate,success,raw/23 - Manual Transmission/23-00-index-a.jpg,
2026-02-09T20:04:58.062767,raw/23 - Manual Transmission/23-00-index-b.jpg,image_validate,success,raw/23 - Manual Transmission/23-00-index-b.jpg,
2026-02-09T20:04:58.066466,raw/23 - Manual Transmission/23-00-index-c.jpg,image_validate,success,raw/23 - Manual Transmission/23-00-index-c.jpg,
2026-02-09T20:04:58.071785,raw/23 - Manual Transmission/23-00-index-d.jpg,image_validate,success,raw/23 - Manual Transmission/23-00-index-d.jpg,
2026-02-09T20:04:58.075305,raw/23 - Manual Transmission/23-00-index-e.jpg,image_validate,success,raw/23 - Manual Transmission/23-00-index-e.jpg,
2026-02-09T20:04:58.079218,raw/23 - Manual Transmission/23-00-index-f.jpg,image_validate,success,raw/23 - Manual Transmission/23-00-index-f.jpg,
2026-02-09T20:04:58.082310,raw/23 - Manual Transmission/23-01.jpg,image_validate,success,raw/23 - Manual Transmission/23-01.jpg,
2026-02-09T20:04:58.086848,raw/23 - Manual Transmission/23-02.jpg,image_validate,success,raw/23 - Manual Transmission/23-02.jpg,
2026-02-09T20:04:58.091335,raw/23 - Manual Transmission/23-03.jpg,image_validate,success,raw/23 - Manual Transmission/23-03.jpg,
2026-02-09T20:04:58.096803,raw/23 - Manual Transmission/23-03a.jpg,image_validate,success,raw/23 - Manual Transmission/23-03a.jpg,
2026-02-09T20:04:58.100712,raw/23 - Manual Transmission/23-03b.jpg,image_validate,success,raw/23 - Manual Transmission/23-03b.jpg,
2026-02-09T20:04:58.106215,raw/23 - Manual Transmission/23-04.jpg,image_validate,success,raw/23 - Manual Transmission/23-04.jpg,
2026-02-09T20:04:58.111890,raw/23 - Manual Transmission/23-05.jpg,image_validate,success,raw/23 - Manual Transmission/23-05.jpg,
2026-02-09T20:04:58.117092,raw/23 - Manual Transmission/23-06.jpg,image_validate,success,raw/23 - Manual Transmission/23-06.jpg,
2026-02-09T20:04:58.122672,raw/23 - Manual Transmission/23-07.jpg,image_validate,success,raw/23 - Manual Transmission/23-07.jpg,
2026-02-09T20:04:58.125775,raw/23 - Manual Transmission/23-08.jpg,image_validate,success,raw/23 - Manual Transmission/23-08.jpg,
2026-02-09T20:04:58.130972,raw/23 - Manual Transmission/23-09.jpg,image_validate,success,raw/23 - Manual Transmission/23-09.jpg,
2026-02-09T20:04:58.135930,raw/23 - Manual Transmission/23-10.jpg,image_validate,success,raw/23 - Manual Transmission/23-10.jpg,
2026-02-09T20:04:58.141447,raw/23 - Manual Transmission/23-101.jpg,image_validate,success,raw/23 - Manual Transmission/23-101.jpg,
2026-02-09T20:04:58.146390,raw/23 - Manual Transmission/23-102.jpg,image_validate,success,raw/23 - Manual Transmission/23-102.jpg,
2026-02-09T20:04:58.150599,raw/23 - Manual Transmission/23-103.jpg,image_validate,success,raw/23 - Manual Transmission/23-103.jpg,
2026-02-09T20:04:58.155526,raw/23 - Manual Transmission/23-104.jpg,image_validate,success,raw/23 - Manual Transmission/23-104.jpg,
2026-02-09T20:04:58.161104,raw/23 - Manual Transmission/23-105.jpg,image_validate,success,raw/23 - Manual Transmission/23-105.jpg,
2026-02-09T20:04:58.164581,raw/23 - Manual Transmission/23-106.jpg,image_validate,success,raw/23 - Manual Transmission/23-106.jpg,
2026-02-09T20:04:58.169425,raw/23 - Manual Transmission/23-107.jpg,image_validate,success,raw/23 - Manual Transmission/23-107.jpg,
2026-02-09T20:04:58.174977,raw/23 - Manual Transmission/23-108.jpg,image_validate,success,raw/23 - Manual Transmission/23-108.jpg,
2026-02-09T20:04:58.178755,raw/23 - Manual Transmission/23-109.jpg,image_validate,success,raw/23 - Manual Transmission/23-109.jpg,
2026-02-09T20:04:58.183775,raw/23 - Manual Transmission/23-11.jpg,image_validate,success,raw/23 - Manual Transmission/23-11.jpg,
2026-02-09T20:04:58.188428,raw/23 - Manual Transmission/23-110.jpg,image_validate,success,raw/23 - Manual Transmission/23-110.jpg,
2026-02-09T20:04:58.193550,raw/23 - Manual Transmission/23-111.jpg,image_validate,success,raw/23 - Manual Transmission/23-111.jpg,
2026-02-09T20:04:58.199480,raw/23 - Manual Transmission/23-112.jpg,image_validate,success,raw/23 - Manual Transmission/23-112.jpg,
2026-02-09T20:04:58.203276,raw/23 - Manual Transmission/23-113.jpg,image_validate,success,raw/23 - Manual Transmission/23-113.jpg,
2026-02-09T20:04:58.208787,raw/23 - Manual Transmission/23-114.jpg,image_validate,success,raw/23 - Manual Transmission/23-114.jpg,
2026-02-09T20:04:58.213938,raw/23 - Manual Transmission/23-115.jpg,image_validate,success,raw/23 - Manual Transmission/23-115.jpg,
2026-02-09T20:04:58.218744,raw/23 - Manual Transmission/23-116.jpg,image_validate,success,raw/23 - Manual Transmission/23-116.jpg,
2026-02-09T20:04:58.223178,raw/23 - Manual Transmission/23-117.jpg,image_validate,success,raw/23 - Manual Transmission/23-117.jpg,
2026-02-09T20:04:58.227578,raw/23 - Manual Transmission/23-118.jpg,image_validate,success,raw/23 - Manual Transmission/23-118.jpg,
2026-02-09T20:04:58.233477,raw/23 - Manual Transmission/23-119.jpg,image_validate,success,raw/23 - Manual Transmission/23-119.jpg,
2026-02-09T20:04:58.239478,raw/23 - Manual Transmission/23-12.jpg,image_validate,success,raw/23 - Manual Transmission/23-12.jpg,
2026-02-09T20:04:58.244044,raw/23 - Manual Transmission/23-120.jpg,image_validate,success,raw/23 - Manual Transmission/23-120.jpg,
2026-02-09T20:04:58.248376,raw/23 - Manual Transmission/23-121.jpg,image_validate,success,raw/23 - Manual Transmission/23-121.jpg,
2026-02-09T20:04:58.252433,raw/23 - Manual Transmission/23-122.jpg,image_validate,success,raw/23 - Manual Transmission/23-122.jpg,
2026-02-09T20:04:58.256509,raw/23 - Manual Transmission/23-13.jpg,image_validate,success,raw/23 - Manual Transmission/23-13.jpg,
2026-02-09T20:04:58.261661,raw/23 - Manual Transmission/23-14.jpg,image_validate,success,raw/23 - Manual Transmission/23-14.jpg,
2026-02-09T20:04:58.266788,raw/23 - Manual Transmission/23-15.jpg,image_validate,success,raw/23 - Manual Transmission/23-15.jpg,
2026-02-09T20:04:58.272034,raw/23 - Manual Transmission/23-16.jpg,image_validate,success,raw/23 - Manual Transmission/23-16.jpg,
2026-02-09T20:04:58.276599,raw/23 - Manual Transmission/23-165.jpg,image_validate,success,raw/23 - Manual Transmission/23-165.jpg,
2026-02-09T20:04:58.281636,raw/23 - Manual Transmission/23-166.jpg,image_validate,success,raw/23 - Manual Transmission/23-166.jpg,
2026-02-09T20:04:58.286621,raw/23 - Manual Transmission/23-167.jpg,image_validate,success,raw/23 - Manual Transmission/23-167.jpg,
2026-02-09T20:04:58.292595,raw/23 - Manual Transmission/23-168.jpg,image_validate,success,raw/23 - Manual Transmission/23-168.jpg,
2026-02-09T20:04:58.297832,raw/23 - Manual Transmission/23-168a.jpg,image_validate,success,raw/23 - Manual Transmission/23-168a.jpg,
2026-02-09T20:04:58.302350,raw/23 - Manual Transmission/23-169.jpg,image_validate,success,raw/23 - Manual Transmission/23-169.jpg,
2026-02-09T20:04:58.307514,raw/23 - Manual Transmission/23-17.jpg,image_validate,success,raw/23 - Manual Transmission/23-17.jpg,
2026-02-09T20:04:58.312431,raw/23 - Manual Transmission/23-170.jpg,image_validate,success,raw/23 - Manual Transmission/23-170.jpg,
2026-02-09T20:04:58.317516,raw/23 - Manual Transmission/23-171.jpg,image_validate,success,raw/23 - Manual Transmission/23-171.jpg,
2026-02-09T20:04:58.321340,raw/23 - Manual Transmission/23-172.jpg,image_validate,success,raw/23 - Manual Transmission/23-172.jpg,
2026-02-09T20:04:58.326148,raw/23 - Manual Transmission/23-173.jpg,image_validate,success,raw/23 - Manual Transmission/23-173.jpg,
2026-02-09T20:04:58.330503,raw/23 - Manual Transmission/23-173a.jpg,image_validate,success,raw/23 - Manual Transmission/23-173a.jpg,
2026-02-09T20:04:58.334664,raw/23 - Manual Transmission/23-174.jpg,image_validate,success,raw/23 - Manual Transmission/23-174.jpg,
2026-02-09T20:04:58.339971,raw/23 - Manual Transmission/23-175.jpg,image_validate,success,raw/23 - Manual Transmission/23-175.jpg,
2026-02-09T20:04:58.345276,raw/23 - Manual Transmission/23-176.jpg,image_validate,success,raw/23 - Manual Transmission/23-176.jpg,
2026-02-09T20:04:58.350664,raw/23 - Manual Transmission/23-177.jpg,image_validate,success,raw/23 - Manual Transmission/23-177.jpg,
2026-02-09T20:04:58.355576,raw/23 - Manual Transmission/23-178.jpg,image_validate,success,raw/23 - Manual Transmission/23-178.jpg,
2026-02-09T20:04:58.359993,raw/23 - Manual Transmission/23-179.jpg,image_validate,success,raw/23 - Manual Transmission/23-179.jpg,
2026-02-09T20:04:58.364956,raw/23 - Manual Transmission/23-18.jpg,image_validate,success,raw/23 - Manual Transmission/23-18.jpg,
2026-02-09T20:04:58.371042,raw/23 - Manual Transmission/23-180.jpg,image_validate,success,raw/23 - Manual Transmission/23-180.jpg,
2026-02-09T20:04:58.376018,raw/23 - Manual Transmission/23-181.jpg,image_validate,success,raw/23 - Manual Transmission/23-181.jpg,
2026-02-09T20:04:58.380599,raw/23 - Manual Transmission/23-182.jpg,image_validate,success,raw/23 - Manual Transmission/23-182.jpg,
2026-02-09T20:04:58.384745,raw/23 - Manual Transmission/23-183.jpg,image_validate,success,raw/23 - Manual Transmission/23-183.jpg,
2026-02-09T20:04:58.389589,raw/23 - Manual Transmission/23-184.jpg,image_validate,success,raw/23 - Manual Transmission/23-184.jpg,
2026-02-09T20:04:58.394926,raw/23 - Manual Transmission/23-185.jpg,image_validate,success,raw/23 - Manual Transmission/23-185.jpg,
2026-02-09T20:04:58.400421,raw/23 - Manual Transmission/23-186.jpg,image_validate,success,raw/23 - Manual Transmission/23-186.jpg,
2026-02-09T20:04:58.405319,raw/23 - Manual Transmission/23-187.jpg,image_validate,success,raw/23 - Manual Transmission/23-187.jpg,
2026-02-09T20:04:58.409461,raw/23 - Manual Transmission/23-188.jpg,image_validate,success,raw/23 - Manual Transmission/23-188.jpg,
2026-02-09T20:04:58.414580,raw/23 - Manual Transmission/23-19.jpg,image_validate,success,raw/23 - Manual Transmission/23-19.jpg,
2026-02-09T20:04:58.419602,raw/23 - Manual Transmission/23-20.jpg,image_validate,success,raw/23 - Manual Transmission/23-20.jpg,
2026-02-09T20:04:58.424887,raw/23 - Manual Transmission/23-21.jpg,image_validate,success,raw/23 - Manual Transmission/23-21.jpg,
2026-02-09T20:04:58.429054,raw/23 - Manual Transmission/23-22.jpg,image_validate,success,raw/23 - Manual Transmission/23-22.jpg,
2026-02-09T20:04:58.433722,raw/23 - Manual Transmission/23-300.jpg,image_validate,success,raw/23 - Manual Transmission/23-300.jpg,
2026-02-09T20:04:58.438264,raw/23 - Manual Transmission/23-301.jpg,image_validate,success,raw/23 - Manual Transmission/23-301.jpg,
2026-02-09T20:04:58.442966,raw/23 - Manual Transmission/23-302.jpg,image_validate,success,raw/23 - Manual Transmission/23-302.jpg,
2026-02-09T20:04:58.448248,raw/23 - Manual Transmission/23-303.jpg,image_validate,success,raw/23 - Manual Transmission/23-303.jpg,
2026-02-09T20:04:58.452981,raw/23 - Manual Transmission/23-304.jpg,image_validate,success,raw/23 - Manual Transmission/23-304.jpg,
2026-02-09T20:04:58.457268,raw/23 - Manual Transmission/23-305.jpg,image_validate,success,raw/23 - Manual Transmission/23-305.jpg,
2026-02-09T20:04:58.462027,raw/23 - Manual Transmission/23-306.jpg,image_validate,success,raw/23 - Manual Transmission/23-306.jpg,
2026-02-09T20:04:58.466305,raw/23 - Manual Transmission/23-307.jpg,image_validate,success,raw/23 - Manual Transmission/23-307.jpg,
2026-02-09T20:04:58.471650,raw/23 - Manual Transmission/23-308.jpg,image_validate,success,raw/23 - Manual Transmission/23-308.jpg,
2026-02-09T20:04:58.477160,raw/23 - Manual Transmission/23-309.jpg,image_validate,success,raw/23 - Manual Transmission/23-309.jpg,
2026-02-09T20:04:58.480677,raw/23 - Manual Transmission/23-310.jpg,image_validate,success,raw/23 - Manual Transmission/23-310.jpg,
2026-02-09T20:04:58.485802,raw/23 - Manual Transmission/23-311.jpg,image_validate,success,raw/23 - Manual Transmission/23-311.jpg,
2026-02-09T20:04:58.490179,raw/23 - Manual Transmission/23-312.jpg,image_validate,success,raw/23 - Manual Transmission/23-312.jpg,
2026-02-09T20:04:58.494830,raw/23 - Manual Transmission/23-313.jpg,image_validate,success,raw/23 - Manual Transmission/23-313.jpg,
2026-02-09T20:04:58.499737,raw/23 - Manual Transmission/23-314.jpg,image_validate,success,raw/23 - Manual Transmission/23-314.jpg,
2026-02-09T20:04:58.505129,raw/23 - Manual Transmission/23-315.jpg,image_validate,success,raw/23 - Manual Transmission/23-315.jpg,
2026-02-09T20:04:58.510668,raw/23 - Manual Transmission/23-316.jpg,image_validate,success,raw/23 - Manual Transmission/23-316.jpg,
2026-02-09T20:04:58.515405,raw/23 - Manual Transmission/23-317.jpg,image_validate,success,raw/23 - Manual Transmission/23-317.jpg,
2026-02-09T20:04:58.520447,raw/23 - Manual Transmission/23-318.jpg,image_validate,success,raw/23 - Manual Transmission/23-318.jpg,
2026-02-09T20:04:58.525272,raw/23 - Manual Transmission/23-319.jpg,image_validate,success,raw/23 - Manual Transmission/23-319.jpg,
2026-02-09T20:04:58.530235,raw/23 - Manual Transmission/23-320.jpg,image_validate,success,raw/23 - Manual Transmission/23-320.jpg,
2026-02-09T20:04:58.535723,raw/23 - Manual Transmission/23-321.jpg,image_validate,success,raw/23 - Manual Transmission/23-321.jpg,
2026-02-09T20:04:58.541328,raw/23 - Manual Transmission/23-322.jpg,image_validate,success,raw/23 - Manual Transmission/23-322.jpg,
2026-02-09T20:04:58.546532,raw/23 - Manual Transmission/23-323.jpg,image_validate,success,raw/23 - Manual Transmission/23-323.jpg,
2026-02-09T20:04:58.551301,raw/23 - Manual Transmission/23-324.jpg,image_validate,success,raw/23 - Manual Transmission/23-324.jpg,
2026-02-09T20:04:58.555319,raw/23 - Manual Transmission/index.html,skip,success,raw/23 - Manual Transmission/index.html,
2026-02-09T20:04:58.555330,raw/25 - Gear Shift Mechanism/25-00-index-a.jpg,image_validate,success,raw/25 - Gear Shift Mechanism/25-00-index-a.jpg,
2026-02-09T20:04:58.559267,raw/25 - Gear Shift Mechanism/25-01.jpg,image_validate,success,raw/25 - Gear Shift Mechanism/25-01.jpg,
2026-02-09T20:04:58.563218,raw/25 - Gear Shift Mechanism/25-02.jpg,image_validate,success,raw/25 - Gear Shift Mechanism/25-02.jpg,
2026-02-09T20:04:58.567514,raw/25 - Gear Shift Mechanism/25-03.jpg,image_validate,success,raw/25 - Gear Shift Mechanism/25-03.jpg,
2026-02-09T20:04:58.572449,raw/25 - Gear Shift Mechanism/25-04.jpg,image_validate,success,raw/25 - Gear Shift Mechanism/25-04.jpg,
2026-02-09T20:04:58.577569,raw/25 - Gear Shift Mechanism/25-05.jpg,image_validate,success,raw/25 - Gear Shift Mechanism/25-05.jpg,
2026-02-09T20:04:58.582834,raw/25 - Gear Shift Mechanism/25-06.jpg,image_validate,success,raw/25 - Gear Shift Mechanism/25-06.jpg,
2026-02-09T20:04:58.586403,raw/25 - Gear Shift Mechanism/25-07.jpg,image_validate,success,raw/25 - Gear Shift Mechanism/25-07.jpg,
2026-02-09T20:04:58.590765,raw/25 - Gear Shift Mechanism/25-08.jpg,image_validate,success,raw/25 - Gear Shift Mechanism/25-08.jpg,
2026-02-09T20:04:58.595466,raw/25 - Gear Shift Mechanism/25-09.jpg,image_validate,success,raw/25 - Gear Shift Mechanism/25-09.jpg,
2026-02-09T20:04:58.601088,raw/25 - Gear Shift Mechanism/25-10.jpg,image_validate,success,raw/25 - Gear Shift Mechanism/25-10.jpg,
2026-02-09T20:04:58.605921,raw/25 - Gear Shift Mechanism/25-11.jpg,image_validate,success,raw/25 - Gear Shift Mechanism/25-11.jpg,
2026-02-09T20:04:58.610195,raw/25 - Gear Shift Mechanism/25-12.jpg,image_validate,success,raw/25 - Gear Shift Mechanism/25-12.jpg,
2026-02-09T20:04:58.614677,raw/25 - Gear Shift Mechanism/25-13.jpg,image_validate,success,raw/25 - Gear Shift Mechanism/25-13.jpg,
2026-02-09T20:04:58.619974,raw/25 - Gear Shift Mechanism/25-14.jpg,image_validate,success,raw/25 - Gear Shift Mechanism/25-14.jpg,
2026-02-09T20:04:58.623162,raw/25 - Gear Shift Mechanism/25-15.jpg,image_validate,success,raw/25 - Gear Shift Mechanism/25-15.jpg,
2026-02-09T20:04:58.627227,raw/25 - Gear Shift Mechanism/25-16.jpg,image_validate,success,raw/25 - Gear Shift Mechanism/25-16.jpg,
2026-02-09T20:04:58.631414,raw/25 - Gear Shift Mechanism/25-17.jpg,image_validate,success,raw/25 - Gear Shift Mechanism/25-17.jpg,
2026-02-09T20:04:58.635278,raw/25 - Gear Shift Mechanism/25-18.jpg,image_validate,success,raw/25 - Gear Shift Mechanism/25-18.jpg,
2026-02-09T20:04:58.640643,raw/25 - Gear Shift Mechanism/25-19.jpg,image_validate,success,raw/25 - Gear Shift Mechanism/25-19.jpg,
2026-02-09T20:04:58.645151,raw/25 - Gear Shift Mechanism/25-20.jpg,image_validate,success,raw/25 - Gear Shift Mechanism/25-20.jpg,
2026-02-09T20:04:58.649897,raw/25 - Gear Shift Mechanism/25-21.jpg,image_validate,success,raw/25 - Gear Shift Mechanism/25-21.jpg,
2026-02-09T20:04:58.654838,raw/25 - Gear Shift Mechanism/25-22.jpg,image_validate,success,raw/25 - Gear Shift Mechanism/25-22.jpg,
2026-02-09T20:04:58.658388,raw/25 - Gear Shift Mechanism/index.html,skip,success,raw/25 - Gear Shift Mechanism/index.html,
2026-02-09T20:04:58.658397,raw/26 - Propellor Shaft/26-00-index-a.jpg,image_validate,success,raw/26 - Propellor Shaft/26-00-index-a.jpg,
2026-02-09T20:04:58.661850,raw/26 - Propellor Shaft/26-01.jpg,image_validate,success,raw/26 - Propellor Shaft/26-01.jpg,
2026-02-09T20:04:58.667683,raw/26 - Propellor Shaft/26-01a.jpg,image_validate,success,raw/26 - Propellor Shaft/26-01a.jpg,
2026-02-09T20:04:58.672384,raw/26 - Propellor Shaft/26-02.jpg,image_validate,success,raw/26 - Propellor Shaft/26-02.jpg,
2026-02-09T20:04:58.677321,raw/26 - Propellor Shaft/26-03.jpg,image_validate,success,raw/26 - Propellor Shaft/26-03.jpg,
2026-02-09T20:04:58.682834,raw/26 - Propellor Shaft/26-04.jpg,image_validate,success,raw/26 - Propellor Shaft/26-04.jpg,
2026-02-09T20:04:58.688542,raw/26 - Propellor Shaft/26-05.jpg,image_validate,success,raw/26 - Propellor Shaft/26-05.jpg,
2026-02-09T20:04:58.694021,raw/26 - Propellor Shaft/26-06.jpg,image_validate,success,raw/26 - Propellor Shaft/26-06.jpg,
2026-02-09T20:04:58.699366,raw/26 - Propellor Shaft/26-07.jpg,image_validate,success,raw/26 - Propellor Shaft/26-07.jpg,
2026-02-09T20:04:58.704898,raw/26 - Propellor Shaft/26-08.jpg,image_validate,success,raw/26 - Propellor Shaft/26-08.jpg,
2026-02-09T20:04:58.710180,raw/26 - Propellor Shaft/26-09.jpg,image_validate,success,raw/26 - Propellor Shaft/26-09.jpg,
2026-02-09T20:04:58.714210,raw/26 - Propellor Shaft/26-10.jpg,image_validate,success,raw/26 - Propellor Shaft/26-10.jpg,
2026-02-09T20:04:58.718679,raw/26 - Propellor Shaft/26-11.jpg,image_validate,success,raw/26 - Propellor Shaft/26-11.jpg,
2026-02-09T20:04:58.722186,raw/26 - Propellor Shaft/26-12.jpg,image_validate,success,raw/26 - Propellor Shaft/26-12.jpg,
2026-02-09T20:04:58.727594,raw/26 - Propellor Shaft/26-13.jpg,image_validate,success,raw/26 - Propellor Shaft/26-13.jpg,
2026-02-09T20:04:58.730886,raw/26 - Propellor Shaft/26-14.jpg,image_validate,success,raw/26 - Propellor Shaft/26-14.jpg,
2026-02-09T20:04:58.735725,raw/26 - Propellor Shaft/26-15.jpg,image_validate,success,raw/26 - Propellor Shaft/26-15.jpg,
2026-02-09T20:04:58.740415,raw/26 - Propellor Shaft/26-16.jpg,image_validate,success,raw/26 - Propellor Shaft/26-16.jpg,
2026-02-09T20:04:58.744265,raw/26 - Propellor Shaft/index.html,skip,success,raw/26 - Propellor Shaft/index.html,
2026-02-09T20:04:58.744273,raw/31 - Front Axle/31-00-index-a.jpg,image_validate,success,raw/31 - Front Axle/31-00-index-a.jpg,
2026-02-09T20:04:58.748280,raw/31 - Front Axle/31-00-index-b.jpg,image_validate,success,raw/31 - Front Axle/31-00-index-b.jpg,
2026-02-09T20:04:58.751767,raw/31 - Front Axle/31-00-index-c.jpg,image_validate,success,raw/31 - Front Axle/31-00-index-c.jpg,
2026-02-09T20:04:58.755234,raw/31 - Front Axle/31-01.jpg,image_validate,success,raw/31 - Front Axle/31-01.jpg,
2026-02-09T20:04:58.759601,raw/31 - Front Axle/31-02.jpg,image_validate,success,raw/31 - Front Axle/31-02.jpg,
2026-02-09T20:04:58.764830,raw/31 - Front Axle/31-03.jpg,image_validate,success,raw/31 - Front Axle/31-03.jpg,
2026-02-09T20:04:58.769157,raw/31 - Front Axle/31-04.jpg,image_validate,success,raw/31 - Front Axle/31-04.jpg,
2026-02-09T20:04:58.774342,raw/31 - Front Axle/31-05.jpg,image_validate,success,raw/31 - Front Axle/31-05.jpg,
2026-02-09T20:04:58.778374,raw/31 - Front Axle/31-05_1.jpg,image_validate,success,raw/31 - Front Axle/31-05_1.jpg,
2026-02-09T20:04:58.783516,raw/31 - Front Axle/31-05_2.jpg,image_validate,success,raw/31 - Front Axle/31-05_2.jpg,
2026-02-09T20:04:58.787561,raw/31 - Front Axle/31-06.jpg,image_validate,success,raw/31 - Front Axle/31-06.jpg,
2026-02-09T20:04:58.791991,raw/31 - Front Axle/31-06_1.jpg,image_validate,success,raw/31 - Front Axle/31-06_1.jpg,
2026-02-09T20:04:58.796189,raw/31 - Front Axle/31-07.jpg,image_validate,success,raw/31 - Front Axle/31-07.jpg,
2026-02-09T20:04:58.801197,raw/31 - Front Axle/31-08.jpg,image_validate,success,raw/31 - Front Axle/31-08.jpg,
2026-02-09T20:04:58.805062,raw/31 - Front Axle/31-09.jpg,image_validate,success,raw/31 - Front Axle/31-09.jpg,
2026-02-09T20:04:58.808183,raw/31 - Front Axle/31-09_1.jpg,image_validate,success,raw/31 - Front Axle/31-09_1.jpg,
2026-02-09T20:04:58.813515,raw/31 - Front Axle/31-09_2.jpg,image_validate,success,raw/31 - Front Axle/31-09_2.jpg,
2026-02-09T20:04:58.816786,raw/31 - Front Axle/31-10.jpg,image_validate,success,raw/31 - Front Axle/31-10.jpg,
2026-02-09T20:04:58.822473,raw/31 - Front Axle/31-10_1.jpg,image_validate,success,raw/31 - Front Axle/31-10_1.jpg,
2026-02-09T20:04:58.826186,raw/31 - Front Axle/31-11.jpg,image_validate,success,raw/31 - Front Axle/31-11.jpg,
2026-02-09T20:04:58.831682,raw/31 - Front Axle/31-11_1.jpg,image_validate,success,raw/31 - Front Axle/31-11_1.jpg,
2026-02-09T20:04:58.837439,raw/31 - Front Axle/31-11_2.jpg,image_validate,success,raw/31 - Front Axle/31-11_2.jpg,
2026-02-09T20:04:58.840380,raw/31 - Front Axle/31-12.jpg,image_validate,success,raw/31 - Front Axle/31-12.jpg,
2026-02-09T20:04:58.844072,raw/31 - Front Axle/31-13.jpg,image_validate,success,raw/31 - Front Axle/31-13.jpg,
2026-02-09T20:04:58.848923,raw/31 - Front Axle/31-14.jpg,image_validate,success,raw/31 - Front Axle/31-14.jpg,
2026-02-09T20:04:58.853919,raw/31 - Front Axle/31-15.jpg,image_validate,success,raw/31 - Front Axle/31-15.jpg,
2026-02-09T20:04:58.858922,raw/31 - Front Axle/31-16.jpg,image_validate,success,raw/31 - Front Axle/31-16.jpg,
2026-02-09T20:04:58.862951,raw/31 - Front Axle/31-16_1.jpg,image_validate,success,raw/31 - Front Axle/31-16_1.jpg,
2026-02-09T20:04:58.868208,raw/31 - Front Axle/31-16_2.jpg,image_validate,success,raw/31 - Front Axle/31-16_2.jpg,
2026-02-09T20:04:58.873462,raw/31 - Front Axle/31-16_3.jpg,image_validate,success,raw/31 - Front Axle/31-16_3.jpg,
2026-02-09T20:04:58.878797,raw/31 - Front Axle/31-16_4.jpg,image_validate,success,raw/31 - Front Axle/31-16_4.jpg,
2026-02-09T20:04:58.883555,raw/31 - Front Axle/31-17.jpg,image_validate,success,raw/31 - Front Axle/31-17.jpg,
2026-02-09T20:04:58.887653,raw/31 - Front Axle/31-18.jpg,image_validate,success,raw/31 - Front Axle/31-18.jpg,
2026-02-09T20:04:58.891994,raw/31 - Front Axle/31-19.jpg,image_validate,success,raw/31 - Front Axle/31-19.jpg,
2026-02-09T20:04:58.895896,raw/31 - Front Axle/31-20.jpg,image_validate,success,raw/31 - Front Axle/31-20.jpg,
2026-02-09T20:04:58.899959,raw/31 - Front Axle/31-21.jpg,image_validate,success,raw/31 - Front Axle/31-21.jpg,
2026-02-09T20:04:58.903138,raw/31 - Front Axle/31-22.jpg,image_validate,success,raw/31 - Front Axle/31-22.jpg,
2026-02-09T20:04:58.908205,raw/31 - Front Axle/31-23.jpg,image_validate,success,raw/31 - Front Axle/31-23.jpg,
2026-02-09T20:04:58.913423,raw/31 - Front Axle/31-24.jpg,image_validate,success,raw/31 - Front Axle/31-24.jpg,
2026-02-09T20:04:58.917984,raw/31 - Front Axle/31-25.jpg,image_validate,success,raw/31 - Front Axle/31-25.jpg,
2026-02-09T20:04:58.921758,raw/31 - Front Axle/31-26.jpg,image_validate,success,raw/31 - Front Axle/31-26.jpg,
2026-02-09T20:04:58.925556,raw/31 - Front Axle/31-27.jpg,image_validate,success,raw/31 - Front Axle/31-27.jpg,
2026-02-09T20:04:58.930185,raw/31 - Front Axle/31-28.jpg,image_validate,success,raw/31 - Front Axle/31-28.jpg,
2026-02-09T20:04:58.934410,raw/31 - Front Axle/31-29.jpg,image_validate,success,raw/31 - Front Axle/31-29.jpg,
2026-02-09T20:04:58.938027,raw/31 - Front Axle/31-30.jpg,image_validate,success,raw/31 - Front Axle/31-30.jpg,
2026-02-09T20:04:58.942028,raw/31 - Front Axle/31-31.jpg,image_validate,success,raw/31 - Front Axle/31-31.jpg,
2026-02-09T20:04:58.945857,raw/31 - Front Axle/31-32.jpg,image_validate,success,raw/31 - Front Axle/31-32.jpg,
2026-02-09T20:04:58.949452,raw/31 - Front Axle/31-33.jpg,image_validate,success,raw/31 - Front Axle/31-33.jpg,
2026-02-09T20:04:58.953982,raw/31 - Front Axle/31-34.jpg,image_validate,success,raw/31 - Front Axle/31-34.jpg,
2026-02-09T20:04:58.958391,raw/31 - Front Axle/31-35.jpg,image_validate,success,raw/31 - Front Axle/31-35.jpg,
2026-02-09T20:04:58.962228,raw/31 - Front Axle/31-36.jpg,image_validate,success,raw/31 - Front Axle/31-36.jpg,
2026-02-09T20:04:58.966943,raw/31 - Front Axle/31-37.jpg,image_validate,success,raw/31 - Front Axle/31-37.jpg,
2026-02-09T20:04:58.971821,raw/31 - Front Axle/31-38.jpg,image_validate,success,raw/31 - Front Axle/31-38.jpg,
2026-02-09T20:04:58.975127,raw/31 - Front Axle/31-39.jpg,image_validate,success,raw/31 - Front Axle/31-39.jpg,
2026-02-09T20:04:58.979184,raw/31 - Front Axle/31-40.jpg,image_validate,success,raw/31 - Front Axle/31-40.jpg,
2026-02-09T20:04:58.983652,raw/31 - Front Axle/31-41.jpg,image_validate,success,raw/31 - Front Axle/31-41.jpg,
2026-02-09T20:04:58.986646,raw/31 - Front Axle/31-42.jpg,image_validate,success,raw/31 - Front Axle/31-42.jpg,
2026-02-09T20:04:58.990256,raw/31 - Front Axle/31-43.jpg,image_validate,success,raw/31 - Front Axle/31-43.jpg,
2026-02-09T20:04:58.994391,raw/31 - Front Axle/31-44.jpg,image_validate,success,raw/31 - Front Axle/31-44.jpg,
2026-02-09T20:04:58.998809,raw/31 - Front Axle/31-45.jpg,image_validate,success,raw/31 - Front Axle/31-45.jpg,
2026-02-09T20:04:59.003967,raw/31 - Front Axle/31-46.jpg,image_validate,success,raw/31 - Front Axle/31-46.jpg,
2026-02-09T20:04:59.007860,raw/31 - Front Axle/31-47.jpg,image_validate,success,raw/31 - Front Axle/31-47.jpg,
2026-02-09T20:04:59.011581,raw/31 - Front Axle/31-48.jpg,image_validate,success,raw/31 - Front Axle/31-48.jpg,
2026-02-09T20:04:59.014762,raw/31 - Front Axle/index.html,skip,success,raw/31 - Front Axle/index.html,
2026-02-09T20:04:59.014770,raw/320is-techspec.html,skip,success,raw/320is-techspec.html,
2026-02-09T20:04:59.014777,raw/33 - Rear Axle/33-00-index-a.jpg,image_validate,success,raw/33 - Rear Axle/33-00-index-a.jpg,
2026-02-09T20:04:59.030490,raw/33 - Rear Axle/33-00.jpg,image_validate,success,raw/33 - Rear Axle/33-00.jpg,
2026-02-09T20:04:59.045827,raw/33 - Rear Axle/33-00_1.jpg,image_validate,success,raw/33 - Rear Axle/33-00_1.jpg,
2026-02-09T20:04:59.068643,raw/33 - Rear Axle/33-00_2.jpg,image_validate,success,raw/33 - Rear Axle/33-00_2.jpg,
2026-02-09T20:04:59.090712,raw/33 - Rear Axle/33-01.jpg,image_validate,success,raw/33 - Rear Axle/33-01.jpg,
2026-02-09T20:04:59.114170,raw/33 - Rear Axle/33-01_1.jpg,image_validate,success,raw/33 - Rear Axle/33-01_1.jpg,
2026-02-09T20:04:59.127041,raw/33 - Rear Axle/33-02.jpg,image_validate,success,raw/33 - Rear Axle/33-02.jpg,
2026-02-09T20:04:59.145719,raw/33 - Rear Axle/33-03.jpg,image_validate,success,raw/33 - Rear Axle/33-03.jpg,
2026-02-09T20:04:59.164522,raw/33 - Rear Axle/33-04.jpg,image_validate,success,raw/33 - Rear Axle/33-04.jpg,
2026-02-09T20:04:59.182017,raw/33 - Rear Axle/33-05.jpg,image_validate,success,raw/33 - Rear Axle/33-05.jpg,
2026-02-09T20:04:59.205436,raw/33 - Rear Axle/33-06.jpg,image_validate,success,raw/33 - Rear Axle/33-06.jpg,
2026-02-09T20:04:59.230491,raw/33 - Rear Axle/33-07.jpg,image_validate,success,raw/33 - Rear Axle/33-07.jpg,
2026-02-09T20:04:59.248157,raw/33 - Rear Axle/33-08.jpg,image_validate,success,raw/33 - Rear Axle/33-08.jpg,
2026-02-09T20:04:59.263498,raw/33 - Rear Axle/33-09.jpg,image_validate,success,raw/33 - Rear Axle/33-09.jpg,
2026-02-09T20:04:59.279726,raw/33 - Rear Axle/33-10.jpg,image_validate,success,raw/33 - Rear Axle/33-10.jpg,
2026-02-09T20:04:59.293479,raw/33 - Rear Axle/33-11.jpg,image_validate,success,raw/33 - Rear Axle/33-11.jpg,
2026-02-09T20:04:59.307750,raw/33 - Rear Axle/33-13.jpg,image_validate,success,raw/33 - Rear Axle/33-13.jpg,
2026-02-09T20:04:59.330749,raw/33 - Rear Axle/33-14.jpg,image_validate,success,raw/33 - Rear Axle/33-14.jpg,
2026-02-09T20:04:59.349739,raw/33 - Rear Axle/33-15.jpg,image_validate,success,raw/33 - Rear Axle/33-15.jpg,
2026-02-09T20:04:59.369177,raw/33 - Rear Axle/33-16.jpg,image_validate,success,raw/33 - Rear Axle/33-16.jpg,
2026-02-09T20:04:59.386307,raw/33 - Rear Axle/33-17.jpg,image_validate,success,raw/33 - Rear Axle/33-17.jpg,
2026-02-09T20:04:59.404518,raw/33 - Rear Axle/33-18.jpg,image_validate,success,raw/33 - Rear Axle/33-18.jpg,
2026-02-09T20:04:59.420330,raw/33 - Rear Axle/index.html,skip,success,raw/33 - Rear Axle/index.html,
2026-02-09T20:04:59.420339,raw/34 - Brakes/34-00-index-a.jpg,image_validate,success,raw/34 - Brakes/34-00-index-a.jpg,
2026-02-09T20:04:59.425528,raw/34 - Brakes/34-00-index-b.jpg,image_validate,success,raw/34 - Brakes/34-00-index-b.jpg,
2026-02-09T20:04:59.429864,raw/34 - Brakes/34-00-index-c.jpg,image_validate,success,raw/34 - Brakes/34-00-index-c.jpg,
2026-02-09T20:04:59.433059,raw/34 - Brakes/34-01.jpg,image_validate,success,raw/34 - Brakes/34-01.jpg,
2026-02-09T20:04:59.439111,raw/34 - Brakes/34-02.jpg,image_validate,success,raw/34 - Brakes/34-02.jpg,
2026-02-09T20:04:59.445182,raw/34 - Brakes/34-03.jpg,image_validate,success,raw/34 - Brakes/34-03.jpg,
2026-02-09T20:04:59.451073,raw/34 - Brakes/34-04.jpg,image_validate,success,raw/34 - Brakes/34-04.jpg,
2026-02-09T20:04:59.456441,raw/34 - Brakes/34-05.jpg,image_validate,success,raw/34 - Brakes/34-05.jpg,
2026-02-09T20:04:59.461585,raw/34 - Brakes/34-06.jpg,image_validate,success,raw/34 - Brakes/34-06.jpg,
2026-02-09T20:04:59.467045,raw/34 - Brakes/34-07.jpg,image_validate,success,raw/34 - Brakes/34-07.jpg,
2026-02-09T20:04:59.471237,raw/34 - Brakes/34-08.jpg,image_validate,success,raw/34 - Brakes/34-08.jpg,
2026-02-09T20:04:59.476233,raw/34 - Brakes/34-09.jpg,image_validate,success,raw/34 - Brakes/34-09.jpg,
2026-02-09T20:04:59.481207,raw/34 - Brakes/34-10.jpg,image_validate,success,raw/34 - Brakes/34-10.jpg,
2026-02-09T20:04:59.485913,raw/34 - Brakes/34-10a.jpg,image_validate,success,raw/34 - Brakes/34-10a.jpg,
2026-02-09T20:04:59.489182,raw/34 - Brakes/34-11.jpg,image_validate,success,raw/34 - Brakes/34-11.jpg,
2026-02-09T20:04:59.494183,raw/34 - Brakes/34-12.jpg,image_validate,success,raw/34 - Brakes/34-12.jpg,
2026-02-09T20:04:59.499507,raw/34 - Brakes/34-13.jpg,image_validate,success,raw/34 - Brakes/34-13.jpg,
2026-02-09T20:04:59.503790,raw/34 - Brakes/34-14.jpg,image_validate,success,raw/34 - Brakes/34-14.jpg,
2026-02-09T20:04:59.507904,raw/34 - Brakes/34-15.jpg,image_validate,success,raw/34 - Brakes/34-15.jpg,
2026-02-09T20:04:59.513157,raw/34 - Brakes/34-16.jpg,image_validate,success,raw/34 - Brakes/34-16.jpg,
2026-02-09T20:04:59.517856,raw/34 - Brakes/34-17.jpg,image_validate,success,raw/34 - Brakes/34-17.jpg,
2026-02-09T20:04:59.521907,raw/34 - Brakes/34-18.jpg,image_validate,success,raw/34 - Brakes/34-18.jpg,
2026-02-09T20:04:59.525665,raw/34 - Brakes/34-19.jpg,image_validate,success,raw/34 - Brakes/34-19.jpg,
2026-02-09T20:04:59.530751,raw/34 - Brakes/34-20.jpg,image_validate,success,raw/34 - Brakes/34-20.jpg,
2026-02-09T20:04:59.536474,raw/34 - Brakes/34-21.jpg,image_validate,success,raw/34 - Brakes/34-21.jpg,
2026-02-09T20:04:59.540892,raw/34 - Brakes/34-22.jpg,image_validate,success,raw/34 - Brakes/34-22.jpg,
2026-02-09T20:04:59.545197,raw/34 - Brakes/34-23.jpg,image_validate,success,raw/34 - Brakes/34-23.jpg,
2026-02-09T20:04:59.549685,raw/34 - Brakes/34-24.jpg,image_validate,success,raw/34 - Brakes/34-24.jpg,
2026-02-09T20:04:59.553974,raw/34 - Brakes/34-25.jpg,image_validate,success,raw/34 - Brakes/34-25.jpg,
2026-02-09T20:04:59.558419,raw/34 - Brakes/34-26.jpg,image_validate,success,raw/34 - Brakes/34-26.jpg,
2026-02-09T20:04:59.562873,raw/34 - Brakes/34-27.jpg,image_validate,success,raw/34 - Brakes/34-27.jpg,
2026-02-09T20:04:59.567169,raw/34 - Brakes/34-28.jpg,image_validate,success,raw/34 - Brakes/34-28.jpg,
2026-02-09T20:04:59.571780,raw/34 - Brakes/34-29.jpg,image_validate,success,raw/34 - Brakes/34-29.jpg,
2026-02-09T20:04:59.577030,raw/34 - Brakes/34-30.jpg,image_validate,success,raw/34 - Brakes/34-30.jpg,
2026-02-09T20:04:59.582372,raw/34 - Brakes/34-31.jpg,image_validate,success,raw/34 - Brakes/34-31.jpg,
2026-02-09T20:04:59.587107,raw/34 - Brakes/34-31a.jpg,image_validate,success,raw/34 - Brakes/34-31a.jpg,
2026-02-09T20:04:59.591044,raw/34 - Brakes/34-31b.jpg,image_validate,success,raw/34 - Brakes/34-31b.jpg,
2026-02-09T20:04:59.594816,raw/34 - Brakes/34-31c.jpg,image_validate,success,raw/34 - Brakes/34-31c.jpg,
2026-02-09T20:04:59.599967,raw/34 - Brakes/34-32.jpg,image_validate,success,raw/34 - Brakes/34-32.jpg,
2026-02-09T20:04:59.606097,raw/34 - Brakes/34-33.jpg,image_validate,success,raw/34 - Brakes/34-33.jpg,
2026-02-09T20:04:59.610245,raw/34 - Brakes/34-34.jpg,image_validate,success,raw/34 - Brakes/34-34.jpg,
2026-02-09T20:04:59.615438,raw/34 - Brakes/34-34a.jpg,image_validate,success,raw/34 - Brakes/34-34a.jpg,
2026-02-09T20:04:59.620902,raw/34 - Brakes/34-34b.jpg,image_validate,success,raw/34 - Brakes/34-34b.jpg,
2026-02-09T20:04:59.625331,raw/34 - Brakes/34-34c.jpg,image_validate,success,raw/34 - Brakes/34-34c.jpg,
2026-02-09T20:04:59.630428,raw/34 - Brakes/34-35.jpg,image_validate,success,raw/34 - Brakes/34-35.jpg,
2026-02-09T20:04:59.634914,raw/34 - Brakes/34-36.jpg,image_validate,success,raw/34 - Brakes/34-36.jpg,
2026-02-09T20:04:59.639062,raw/34 - Brakes/34-37.jpg,image_validate,success,raw/34 - Brakes/34-37.jpg,
2026-02-09T20:04:59.642743,raw/34 - Brakes/34-38.jpg,image_validate,success,raw/34 - Brakes/34-38.jpg,
2026-02-09T20:04:59.647126,raw/34 - Brakes/34-39.jpg,image_validate,success,raw/34 - Brakes/34-39.jpg,
2026-02-09T20:04:59.651234,raw/34 - Brakes/34-40.jpg,image_validate,success,raw/34 - Brakes/34-40.jpg,
2026-02-09T20:04:59.655200,raw/34 - Brakes/34-41.jpg,image_validate,success,raw/34 - Brakes/34-41.jpg,
2026-02-09T20:04:59.659036,raw/34 - Brakes/34-42.jpg,image_validate,success,raw/34 - Brakes/34-42.jpg,
2026-02-09T20:04:59.662734,raw/34 - Brakes/34-43.jpg,image_validate,success,raw/34 - Brakes/34-43.jpg,
2026-02-09T20:04:59.666431,raw/34 - Brakes/34-44.jpg,image_validate,success,raw/34 - Brakes/34-44.jpg,
2026-02-09T20:04:59.670207,raw/34 - Brakes/34-45.jpg,image_validate,success,raw/34 - Brakes/34-45.jpg,
2026-02-09T20:04:59.674118,raw/34 - Brakes/index.html,skip,success,raw/34 - Brakes/index.html,
2026-02-09T20:04:59.674128,raw/35 - Pedals/35-00-index-a.jpg,image_validate,success,raw/35 - Pedals/35-00-index-a.jpg,
2026-02-09T20:04:59.677549,raw/35 - Pedals/35-01.jpg,image_validate,success,raw/35 - Pedals/35-01.jpg,
2026-02-09T20:04:59.681296,raw/35 - Pedals/35-02.jpg,image_validate,success,raw/35 - Pedals/35-02.jpg,
2026-02-09T20:04:59.684865,raw/35 - Pedals/35-03.jpg,image_validate,success,raw/35 - Pedals/35-03.jpg,
2026-02-09T20:04:59.689890,raw/35 - Pedals/35-04.jpg,image_validate,success,raw/35 - Pedals/35-04.jpg,
2026-02-09T20:04:59.694771,raw/35 - Pedals/35-05.jpg,image_validate,success,raw/35 - Pedals/35-05.jpg,
2026-02-09T20:04:59.699141,raw/35 - Pedals/35-05_1.jpg,image_validate,success,raw/35 - Pedals/35-05_1.jpg,
2026-02-09T20:04:59.702680,raw/35 - Pedals/35-06.jpg,image_validate,success,raw/35 - Pedals/35-06.jpg,
2026-02-09T20:04:59.707498,raw/35 - Pedals/35-07.jpg,image_validate,success,raw/35 - Pedals/35-07.jpg,
2026-02-09T20:04:59.711539,raw/35 - Pedals/35-08.jpg,image_validate,success,raw/35 - Pedals/35-08.jpg,
2026-02-09T20:04:59.716434,raw/35 - Pedals/35-09.jpg,image_validate,success,raw/35 - Pedals/35-09.jpg,
2026-02-09T20:04:59.720388,raw/35 - Pedals/35-10.jpg,image_validate,success,raw/35 - Pedals/35-10.jpg,
2026-02-09T20:04:59.724575,raw/35 - Pedals/index.html,skip,success,raw/35 - Pedals/index.html,
2026-02-09T20:04:59.724584,raw/36 - Wheels and Tires/36-00-index-a.jpg,image_validate,success,raw/36 - Wheels and Tires/36-00-index-a.jpg,
2026-02-09T20:04:59.727958,raw/36 - Wheels and Tires/36-01.jpg,image_validate,success,raw/36 - Wheels and Tires/36-01.jpg,
2026-02-09T20:04:59.733526,raw/36 - Wheels and Tires/36-02.jpg,image_validate,success,raw/36 - Wheels and Tires/36-02.jpg,
2026-02-09T20:04:59.738252,raw/36 - Wheels and Tires/36-03.jpg,image_validate,success,raw/36 - Wheels and Tires/36-03.jpg,
2026-02-09T20:04:59.742990,raw/36 - Wheels and Tires/36-04.jpg,image_validate,success,raw/36 - Wheels and Tires/36-04.jpg,
2026-02-09T20:04:59.747850,raw/36 - Wheels and Tires/36-05.jpg,image_validate,success,raw/36 - Wheels and Tires/36-05.jpg,
2026-02-09T20:04:59.751838,raw/36 - Wheels and Tires/36-06.jpg,image_validate,success,raw/36 - Wheels and Tires/36-06.jpg,
2026-02-09T20:04:59.756226,raw/36 - Wheels and Tires/36-07.jpg,image_validate,success,raw/36 - Wheels and Tires/36-07.jpg,
2026-02-09T20:04:59.761173,raw/36 - Wheels and Tires/36-08.jpg,image_validate,success,raw/36 - Wheels and Tires/36-08.jpg,
2026-02-09T20:04:59.765198,raw/36 - Wheels and Tires/36-09.jpg,image_validate,success,raw/36 - Wheels and Tires/36-09.jpg,
2026-02-09T20:04:59.770065,raw/36 - Wheels and Tires/36-10.jpg,image_validate,success,raw/36 - Wheels and Tires/36-10.jpg,
2026-02-09T20:04:59.774966,raw/36 - Wheels and Tires/36-11.jpg,image_validate,success,raw/36 - Wheels and Tires/36-11.jpg,
2026-02-09T20:04:59.779831,raw/36 - Wheels and Tires/index.html,skip,success,raw/36 - Wheels and Tires/index.html,
2026-02-09T20:04:59.779839,raw/41 - Body (Convertibles)/41-00-index-f.jpg,image_validate,success,raw/41 - Body (Convertibles)/41-00-index-f.jpg,
2026-02-09T20:04:59.783225,raw/41 - Body (Convertibles)/41-00-index-g.jpg,image_validate,success,raw/41 - Body (Convertibles)/41-00-index-g.jpg,
2026-02-09T20:04:59.786455,raw/41 - Body (Convertibles)/41-101c.jpg,image_validate,success,raw/41 - Body (Convertibles)/41-101c.jpg,
2026-02-09T20:04:59.791585,raw/41 - Body (Convertibles)/41-102c.jpg,image_validate,success,raw/41 - Body (Convertibles)/41-102c.jpg,
2026-02-09T20:04:59.796503,raw/41 - Body (Convertibles)/41-103c.jpg,image_validate,success,raw/41 - Body (Convertibles)/41-103c.jpg,
2026-02-09T20:04:59.799855,raw/41 - Body (Convertibles)/41-104c.jpg,image_validate,success,raw/41 - Body (Convertibles)/41-104c.jpg,
2026-02-09T20:04:59.804324,raw/41 - Body (Convertibles)/41-105c.jpg,image_validate,success,raw/41 - Body (Convertibles)/41-105c.jpg,
2026-02-09T20:04:59.808826,raw/41 - Body (Convertibles)/41-106c.jpg,image_validate,success,raw/41 - Body (Convertibles)/41-106c.jpg,
2026-02-09T20:04:59.813182,raw/41 - Body (Convertibles)/41-107c.jpg,image_validate,success,raw/41 - Body (Convertibles)/41-107c.jpg,
2026-02-09T20:04:59.817578,raw/41 - Body (Convertibles)/41-108c.jpg,image_validate,success,raw/41 - Body (Convertibles)/41-108c.jpg,
2026-02-09T20:04:59.822197,raw/41 - Body (Convertibles)/41-109c.jpg,image_validate,success,raw/41 - Body (Convertibles)/41-109c.jpg,
2026-02-09T20:04:59.827385,raw/41 - Body (Convertibles)/41-110c.jpg,image_validate,success,raw/41 - Body (Convertibles)/41-110c.jpg,
2026-02-09T20:04:59.830671,raw/41 - Body (Convertibles)/41-111c.jpg,image_validate,success,raw/41 - Body (Convertibles)/41-111c.jpg,
2026-02-09T20:04:59.835523,raw/41 - Body (Convertibles)/41-112c.jpg,image_validate,success,raw/41 - Body (Convertibles)/41-112c.jpg,
2026-02-09T20:04:59.840443,raw/41 - Body (Convertibles)/41-113c.jpg,image_validate,success,raw/41 - Body (Convertibles)/41-113c.jpg,
2026-02-09T20:04:59.845218,raw/41 - Body (Convertibles)/41-114c.jpg,image_validate,success,raw/41 - Body (Convertibles)/41-114c.jpg,
2026-02-09T20:04:59.848587,raw/41 - Body (Convertibles)/41-115c.jpg,image_validate,success,raw/41 - Body (Convertibles)/41-115c.jpg,
2026-02-09T20:04:59.853790,raw/41 - Body (Convertibles)/41-116c.jpg,image_validate,success,raw/41 - Body (Convertibles)/41-116c.jpg,
2026-02-09T20:04:59.858674,raw/41 - Body (Convertibles)/41-117c.jpg,image_validate,success,raw/41 - Body (Convertibles)/41-117c.jpg,
2026-02-09T20:04:59.863286,raw/41 - Body (Convertibles)/41-201c.jpg,image_validate,success,raw/41 - Body (Convertibles)/41-201c.jpg,
2026-02-09T20:04:59.867962,raw/41 - Body (Convertibles)/41-202c.jpg,image_validate,success,raw/41 - Body (Convertibles)/41-202c.jpg,
2026-02-09T20:04:59.872436,raw/41 - Body (Convertibles)/41-203c.jpg,image_validate,success,raw/41 - Body (Convertibles)/41-203c.jpg,
2026-02-09T20:04:59.877054,raw/41 - Body (Convertibles)/41-204c.jpg,image_validate,success,raw/41 - Body (Convertibles)/41-204c.jpg,
2026-02-09T20:04:59.881160,raw/41 - Body (Convertibles)/41-301c.jpg,image_validate,success,raw/41 - Body (Convertibles)/41-301c.jpg,
2026-02-09T20:04:59.885505,raw/41 - Body (Convertibles)/41-302c.jpg,image_validate,success,raw/41 - Body (Convertibles)/41-302c.jpg,
2026-02-09T20:04:59.890134,raw/41 - Body (Convertibles)/41-303c.jpg,image_validate,success,raw/41 - Body (Convertibles)/41-303c.jpg,
2026-02-09T20:04:59.895096,raw/41 - Body (Convertibles)/41-304c.jpg,image_validate,success,raw/41 - Body (Convertibles)/41-304c.jpg,
2026-02-09T20:04:59.900013,raw/41 - Body (Convertibles)/41-305c.jpg,image_validate,success,raw/41 - Body (Convertibles)/41-305c.jpg,
2026-02-09T20:04:59.903807,raw/41 - Body (Convertibles)/index.html,skip,success,raw/41 - Body (Convertibles)/index.html,
2026-02-09T20:04:59.903816,raw/41 - Body/41-00-index-a.jpg,image_validate,success,raw/41 - Body/41-00-index-a.jpg,
2026-02-09T20:04:59.907643,raw/41 - Body/41-00-index-b.jpg,image_validate,success,raw/41 - Body/41-00-index-b.jpg,
2026-02-09T20:04:59.911254,raw/41 - Body/41-00-index-c.jpg,image_validate,success,raw/41 - Body/41-00-index-c.jpg,
2026-02-09T20:04:59.915711,raw/41 - Body/41-00-index-d.jpg,image_validate,success,raw/41 - Body/41-00-index-d.jpg,
2026-02-09T20:04:59.918786,raw/41 - Body/41-00-index-e.jpg,image_validate,success,raw/41 - Body/41-00-index-e.jpg,
2026-02-09T20:04:59.922224,raw/41 - Body/41-001.jpg,image_validate,success,raw/41 - Body/41-001.jpg,
2026-02-09T20:04:59.927331,raw/41 - Body/41-002.jpg,image_validate,success,raw/41 - Body/41-002.jpg,
2026-02-09T20:04:59.931774,raw/41 - Body/41-002_1.jpg,image_validate,success,raw/41 - Body/41-002_1.jpg,
2026-02-09T20:04:59.936376,raw/41 - Body/41-003.jpg,image_validate,success,raw/41 - Body/41-003.jpg,
2026-02-09T20:04:59.941393,raw/41 - Body/41-004.jpg,image_validate,success,raw/41 - Body/41-004.jpg,
2026-02-09T20:04:59.946710,raw/41 - Body/41-005.jpg,image_validate,success,raw/41 - Body/41-005.jpg,
2026-02-09T20:04:59.951271,raw/41 - Body/41-006.jpg,image_validate,success,raw/41 - Body/41-006.jpg,
2026-02-09T20:04:59.956720,raw/41 - Body/41-010.jpg,image_validate,success,raw/41 - Body/41-010.jpg,
2026-02-09T20:04:59.962400,raw/41 - Body/41-011.jpg,image_validate,success,raw/41 - Body/41-011.jpg,
2026-02-09T20:04:59.966731,raw/41 - Body/41-012.jpg,image_validate,success,raw/41 - Body/41-012.jpg,
2026-02-09T20:04:59.972175,raw/41 - Body/41-013.jpg,image_validate,success,raw/41 - Body/41-013.jpg,
2026-02-09T20:04:59.976695,raw/41 - Body/41-014.jpg,image_validate,success,raw/41 - Body/41-014.jpg,
2026-02-09T20:04:59.982136,raw/41 - Body/41-015.jpg,image_validate,success,raw/41 - Body/41-015.jpg,
2026-02-09T20:04:59.987093,raw/41 - Body/41-101.jpg,image_validate,success,raw/41 - Body/41-101.jpg,
2026-02-09T20:04:59.992074,raw/41 - Body/41-102.jpg,image_validate,success,raw/41 - Body/41-102.jpg,
2026-02-09T20:04:59.996719,raw/41 - Body/41-103.jpg,image_validate,success,raw/41 - Body/41-103.jpg,
2026-02-09T20:05:00.001054,raw/41 - Body/41-104.jpg,image_validate,success,raw/41 - Body/41-104.jpg,
2026-02-09T20:05:00.005957,raw/41 - Body/41-105.jpg,image_validate,success,raw/41 - Body/41-105.jpg,
2026-02-09T20:05:00.010135,raw/41 - Body/41-106.jpg,image_validate,success,raw/41 - Body/41-106.jpg,
2026-02-09T20:05:00.015195,raw/41 - Body/41-107.jpg,image_validate,success,raw/41 - Body/41-107.jpg,
2026-02-09T20:05:00.019302,raw/41 - Body/41-108.jpg,image_validate,success,raw/41 - Body/41-108.jpg,
2026-02-09T20:05:00.024665,raw/41 - Body/41-109.jpg,image_validate,success,raw/41 - Body/41-109.jpg,
2026-02-09T20:05:00.030148,raw/41 - Body/41-110.jpg,image_validate,success,raw/41 - Body/41-110.jpg,
2026-02-09T20:05:00.035209,raw/41 - Body/41-111.jpg,image_validate,success,raw/41 - Body/41-111.jpg,
2026-02-09T20:05:00.041236,raw/41 - Body/41-112.jpg,image_validate,success,raw/41 - Body/41-112.jpg,
2026-02-09T20:05:00.046658,raw/41 - Body/41-113.jpg,image_validate,success,raw/41 - Body/41-113.jpg,
2026-02-09T20:05:00.051851,raw/41 - Body/41-114.jpg,image_validate,success,raw/41 - Body/41-114.jpg,
2026-02-09T20:05:00.057408,raw/41 - Body/41-115.jpg,image_validate,success,raw/41 - Body/41-115.jpg,
2026-02-09T20:05:00.062943,raw/41 - Body/41-116.jpg,image_validate,success,raw/41 - Body/41-116.jpg,
2026-02-09T20:05:00.068190,raw/41 - Body/41-117.jpg,image_validate,success,raw/41 - Body/41-117.jpg,
2026-02-09T20:05:00.072953,raw/41 - Body/41-118.jpg,image_validate,success,raw/41 - Body/41-118.jpg,
2026-02-09T20:05:00.078318,raw/41 - Body/41-119.jpg,image_validate,success,raw/41 - Body/41-119.jpg,
2026-02-09T20:05:00.084304,raw/41 - Body/41-120.jpg,image_validate,success,raw/41 - Body/41-120.jpg,
2026-02-09T20:05:00.089487,raw/41 - Body/41-121.jpg,image_validate,success,raw/41 - Body/41-121.jpg,
2026-02-09T20:05:00.095332,raw/41 - Body/41-122.jpg,image_validate,success,raw/41 - Body/41-122.jpg,
2026-02-09T20:05:00.100677,raw/41 - Body/41-123.jpg,image_validate,success,raw/41 - Body/41-123.jpg,
2026-02-09T20:05:00.105983,raw/41 - Body/41-124.jpg,image_validate,success,raw/41 - Body/41-124.jpg,
2026-02-09T20:05:00.110858,raw/41 - Body/41-125.jpg,image_validate,success,raw/41 - Body/41-125.jpg,
2026-02-09T20:05:00.115655,raw/41 - Body/41-126.jpg,image_validate,success,raw/41 - Body/41-126.jpg,
2026-02-09T20:05:00.120080,raw/41 - Body/41-127.jpg,image_validate,success,raw/41 - Body/41-127.jpg,
2026-02-09T20:05:00.125308,raw/41 - Body/41-128.jpg,image_validate,success,raw/41 - Body/41-128.jpg,
2026-02-09T20:05:00.128860,raw/41 - Body/41-129.jpg,image_validate,success,raw/41 - Body/41-129.jpg,
2026-02-09T20:05:00.134307,raw/41 - Body/41-130.jpg,image_validate,success,raw/41 - Body/41-130.jpg,
2026-02-09T20:05:00.139554,raw/41 - Body/41-201.jpg,image_validate,success,raw/41 - Body/41-201.jpg,
2026-02-09T20:05:00.145297,raw/41 - Body/41-202.jpg,image_validate,success,raw/41 - Body/41-202.jpg,
2026-02-09T20:05:00.150397,raw/41 - Body/41-203.jpg,image_validate,success,raw/41 - Body/41-203.jpg,
2026-02-09T20:05:00.154569,raw/41 - Body/41-204.jpg,image_validate,success,raw/41 - Body/41-204.jpg,
2026-02-09T20:05:00.160087,raw/41 - Body/41-205.jpg,image_validate,success,raw/41 - Body/41-205.jpg,
2026-02-09T20:05:00.165073,raw/41 - Body/41-206.jpg,image_validate,success,raw/41 - Body/41-206.jpg,
2026-02-09T20:05:00.168511,raw/41 - Body/41-207.jpg,image_validate,success,raw/41 - Body/41-207.jpg,
2026-02-09T20:05:00.173825,raw/41 - Body/41-208.jpg,image_validate,success,raw/41 - Body/41-208.jpg,
2026-02-09T20:05:00.178820,raw/41 - Body/41-209.jpg,image_validate,success,raw/41 - Body/41-209.jpg,
2026-02-09T20:05:00.184034,raw/41 - Body/41-210.jpg,image_validate,success,raw/41 - Body/41-210.jpg,
2026-02-09T20:05:00.188190,raw/41 - Body/41-211.jpg,image_validate,success,raw/41 - Body/41-211.jpg,
2026-02-09T20:05:00.192850,raw/41 - Body/41-212.jpg,image_validate,success,raw/41 - Body/41-212.jpg,
2026-02-09T20:05:00.198146,raw/41 - Body/41-213.jpg,image_validate,success,raw/41 - Body/41-213.jpg,
2026-02-09T20:05:00.203471,raw/41 - Body/41-214.jpg,image_validate,success,raw/41 - Body/41-214.jpg,
2026-02-09T20:05:00.209150,raw/41 - Body/41-215.jpg,image_validate,success,raw/41 - Body/41-215.jpg,
2026-02-09T20:05:00.214020,raw/41 - Body/41-216.jpg,image_validate,success,raw/41 - Body/41-216.jpg,
2026-02-09T20:05:00.219178,raw/41 - Body/41-217.jpg,image_validate,success,raw/41 - Body/41-217.jpg,
2026-02-09T20:05:00.224032,raw/41 - Body/41-301.jpg,image_validate,success,raw/41 - Body/41-301.jpg,
2026-02-09T20:05:00.228223,raw/41 - Body/41-302.jpg,image_validate,success,raw/41 - Body/41-302.jpg,
2026-02-09T20:05:00.233657,raw/41 - Body/41-303.jpg,image_validate,success,raw/41 - Body/41-303.jpg,
2026-02-09T20:05:00.239341,raw/41 - Body/41-304.jpg,image_validate,success,raw/41 - Body/41-304.jpg,
2026-02-09T20:05:00.244406,raw/41 - Body/41-305.jpg,image_validate,success,raw/41 - Body/41-305.jpg,
2026-02-09T20:05:00.249090,raw/41 - Body/41-306.jpg,image_validate,success,raw/41 - Body/41-306.jpg,
2026-02-09T20:05:00.253963,raw/41 - Body/41-307.jpg,image_validate,success,raw/41 - Body/41-307.jpg,
2026-02-09T20:05:00.258502,raw/41 - Body/41-308.jpg,image_validate,success,raw/41 - Body/41-308.jpg,
2026-02-09T20:05:00.262592,raw/41 - Body/41-309.jpg,image_validate,success,raw/41 - Body/41-309.jpg,
2026-02-09T20:05:00.267398,raw/41 - Body/41-310.jpg,image_validate,success,raw/41 - Body/41-310.jpg,
2026-02-09T20:05:00.272427,raw/41 - Body/41-311.jpg,image_validate,success,raw/41 - Body/41-311.jpg,
2026-02-09T20:05:00.276908,raw/41 - Body/41-312.jpg,image_validate,success,raw/41 - Body/41-312.jpg,
2026-02-09T20:05:00.282111,raw/41 - Body/41-313.jpg,image_validate,success,raw/41 - Body/41-313.jpg,
2026-02-09T20:05:00.287221,raw/41 - Body/41-314.jpg,image_validate,success,raw/41 - Body/41-314.jpg,
2026-02-09T20:05:00.292569,raw/41 - Body/41-315.jpg,image_validate,success,raw/41 - Body/41-315.jpg,
2026-02-09T20:05:00.297455,raw/41 - Body/41-316.jpg,image_validate,success,raw/41 - Body/41-316.jpg,
2026-02-09T20:05:00.302610,raw/41 - Body/41-317.jpg,image_validate,success,raw/41 - Body/41-317.jpg,
2026-02-09T20:05:00.306530,raw/41 - Body/41-318.jpg,image_validate,success,raw/41 - Body/41-318.jpg,
2026-02-09T20:05:00.311258,raw/41 - Body/41-319.jpg,image_validate,success,raw/41 - Body/41-319.jpg,
2026-02-09T20:05:00.316084,raw/41 - Body/41-320.jpg,image_validate,success,raw/41 - Body/41-320.jpg,
2026-02-09T20:05:00.321392,raw/41 - Body/41-321.jpg,image_validate,success,raw/41 - Body/41-321.jpg,
2026-02-09T20:05:00.326457,raw/41 - Body/41-322.jpg,image_validate,success,raw/41 - Body/41-322.jpg,
2026-02-09T20:05:00.331560,raw/41 - Body/41-323.jpg,image_validate,success,raw/41 - Body/41-323.jpg,
2026-02-09T20:05:00.337170,raw/41 - Body/41-324.jpg,image_validate,success,raw/41 - Body/41-324.jpg,
2026-02-09T20:05:00.342410,raw/41 - Body/41-325.jpg,image_validate,success,raw/41 - Body/41-325.jpg,
2026-02-09T20:05:00.347601,raw/41 - Body/41-326.jpg,image_validate,success,raw/41 - Body/41-326.jpg,
2026-02-09T20:05:00.352724,raw/41 - Body/41-327.jpg,image_validate,success,raw/41 - Body/41-327.jpg,
2026-02-09T20:05:00.357491,raw/41 - Body/41-328.jpg,image_validate,success,raw/41 - Body/41-328.jpg,
2026-02-09T20:05:00.362618,raw/41 - Body/41-329.jpg,image_validate,success,raw/41 - Body/41-329.jpg,
2026-02-09T20:05:00.367720,raw/41 - Body/41-330.jpg,image_validate,success,raw/41 - Body/41-330.jpg,
2026-02-09T20:05:00.372267,raw/41 - Body/41-331.jpg,image_validate,success,raw/41 - Body/41-331.jpg,
2026-02-09T20:05:00.377030,raw/41 - Body/41-332.jpg,image_validate,success,raw/41 - Body/41-332.jpg,
2026-02-09T20:05:00.381653,raw/41 - Body/41-333.jpg,image_validate,success,raw/41 - Body/41-333.jpg,
2026-02-09T20:05:00.386150,raw/41 - Body/41-334.jpg,image_validate,success,raw/41 - Body/41-334.jpg,
2026-02-09T20:05:00.391269,raw/41 - Body/41-335.jpg,image_validate,success,raw/41 - Body/41-335.jpg,
2026-02-09T20:05:00.395384,raw/41 - Body/41-500.jpg,image_validate,success,raw/41 - Body/41-500.jpg,
2026-02-09T20:05:00.400180,raw/41 - Body/41-501.jpg,image_validate,success,raw/41 - Body/41-501.jpg,
2026-02-09T20:05:00.404703,raw/41 - Body/41-502.jpg,image_validate,success,raw/41 - Body/41-502.jpg,
2026-02-09T20:05:00.408660,raw/41 - Body/41-503.jpg,image_validate,success,raw/41 - Body/41-503.jpg,
2026-02-09T20:05:00.413054,raw/41 - Body/41-504.jpg,image_validate,success,raw/41 - Body/41-504.jpg,
2026-02-09T20:05:00.417330,raw/41 - Body/41-505.jpg,image_validate,success,raw/41 - Body/41-505.jpg,
2026-02-09T20:05:00.423084,raw/41 - Body/41-506.jpg,image_validate,success,raw/41 - Body/41-506.jpg,
2026-02-09T20:05:00.426985,raw/41 - Body/41-507.jpg,image_validate,success,raw/41 - Body/41-507.jpg,
2026-02-09T20:05:00.431326,raw/41 - Body/41-508.jpg,image_validate,success,raw/41 - Body/41-508.jpg,
2026-02-09T20:05:00.435729,raw/41 - Body/41-601.jpg,image_validate,success,raw/41 - Body/41-601.jpg,
2026-02-09T20:05:00.440989,raw/41 - Body/41-602.jpg,image_validate,success,raw/41 - Body/41-602.jpg,
2026-02-09T20:05:00.445237,raw/41 - Body/index.html,skip,success,raw/41 - Body/index.html,
2026-02-09T20:05:00.445247,raw/51 - Body Equipment/51-00-index-a.jpg,image_validate,success,raw/51 - Body Equipment/51-00-index-a.jpg,
2026-02-09T20:05:00.450217,raw/51 - Body Equipment/51-00-index-b.jpg,image_validate,success,raw/51 - Body Equipment/51-00-index-b.jpg,
2026-02-09T20:05:00.454453,raw/51 - Body Equipment/51-00-index-c.jpg,image_validate,success,raw/51 - Body Equipment/51-00-index-c.jpg,
2026-02-09T20:05:00.458416,raw/51 - Body Equipment/51-00-index-d.jpg,image_validate,success,raw/51 - Body Equipment/51-00-index-d.jpg,
2026-02-09T20:05:00.462404,raw/51 - Body Equipment/51-00-index-e.jpg,image_validate,success,raw/51 - Body Equipment/51-00-index-e.jpg,
2026-02-09T20:05:00.466641,raw/51 - Body Equipment/51-110.jpg,image_validate,success,raw/51 - Body Equipment/51-110.jpg,
2026-02-09T20:05:00.471766,raw/51 - Body Equipment/51-111.jpg,image_validate,success,raw/51 - Body Equipment/51-111.jpg,
2026-02-09T20:05:00.475513,raw/51 - Body Equipment/51-112.jpg,image_validate,success,raw/51 - Body Equipment/51-112.jpg,
2026-02-09T20:05:00.479447,raw/51 - Body Equipment/51-113.jpg,image_validate,success,raw/51 - Body Equipment/51-113.jpg,
2026-02-09T20:05:00.483595,raw/51 - Body Equipment/51-114.jpg,image_validate,success,raw/51 - Body Equipment/51-114.jpg,
2026-02-09T20:05:00.488648,raw/51 - Body Equipment/51-115.jpg,image_validate,success,raw/51 - Body Equipment/51-115.jpg,
2026-02-09T20:05:00.492971,raw/51 - Body Equipment/51-116.jpg,image_validate,success,raw/51 - Body Equipment/51-116.jpg,
2026-02-09T20:05:00.496886,raw/51 - Body Equipment/51-120.jpg,image_validate,success,raw/51 - Body Equipment/51-120.jpg,
2026-02-09T20:05:00.500785,raw/51 - Body Equipment/51-121.jpg,image_validate,success,raw/51 - Body Equipment/51-121.jpg,
2026-02-09T20:05:00.505811,raw/51 - Body Equipment/51-122.jpg,image_validate,success,raw/51 - Body Equipment/51-122.jpg,
2026-02-09T20:05:00.510578,raw/51 - Body Equipment/51-123.jpg,image_validate,success,raw/51 - Body Equipment/51-123.jpg,
2026-02-09T20:05:00.515491,raw/51 - Body Equipment/51-124.jpg,image_validate,success,raw/51 - Body Equipment/51-124.jpg,
2026-02-09T20:05:00.520237,raw/51 - Body Equipment/51-125.jpg,image_validate,success,raw/51 - Body Equipment/51-125.jpg,
2026-02-09T20:05:00.523812,raw/51 - Body Equipment/51-130.jpg,image_validate,success,raw/51 - Body Equipment/51-130.jpg,
2026-02-09T20:05:00.528414,raw/51 - Body Equipment/51-131.jpg,image_validate,success,raw/51 - Body Equipment/51-131.jpg,
2026-02-09T20:05:00.532795,raw/51 - Body Equipment/51-140.jpg,image_validate,success,raw/51 - Body Equipment/51-140.jpg,
2026-02-09T20:05:00.536407,raw/51 - Body Equipment/51-141.jpg,image_validate,success,raw/51 - Body Equipment/51-141.jpg,
2026-02-09T20:05:00.540589,raw/51 - Body Equipment/51-150.jpg,image_validate,success,raw/51 - Body Equipment/51-150.jpg,
2026-02-09T20:05:00.545544,raw/51 - Body Equipment/51-160.jpg,image_validate,success,raw/51 - Body Equipment/51-160.jpg,
2026-02-09T20:05:00.550396,raw/51 - Body Equipment/51-161.jpg,image_validate,success,raw/51 - Body Equipment/51-161.jpg,
2026-02-09T20:05:00.555790,raw/51 - Body Equipment/51-162.jpg,image_validate,success,raw/51 - Body Equipment/51-162.jpg,
2026-02-09T20:05:00.561073,raw/51 - Body Equipment/51-163.jpg,image_validate,success,raw/51 - Body Equipment/51-163.jpg,
2026-02-09T20:05:00.565272,raw/51 - Body Equipment/51-164.jpg,image_validate,success,raw/51 - Body Equipment/51-164.jpg,
2026-02-09T20:05:00.569963,raw/51 - Body Equipment/51-210.jpg,image_validate,success,raw/51 - Body Equipment/51-210.jpg,
2026-02-09T20:05:00.574221,raw/51 - Body Equipment/51-211.jpg,image_validate,success,raw/51 - Body Equipment/51-211.jpg,
2026-02-09T20:05:00.578721,raw/51 - Body Equipment/51-212.jpg,image_validate,success,raw/51 - Body Equipment/51-212.jpg,
2026-02-09T20:05:00.582525,raw/51 - Body Equipment/51-213.jpg,image_validate,success,raw/51 - Body Equipment/51-213.jpg,
2026-02-09T20:05:00.587630,raw/51 - Body Equipment/51-214.jpg,image_validate,success,raw/51 - Body Equipment/51-214.jpg,
2026-02-09T20:05:00.591993,raw/51 - Body Equipment/51-215.jpg,image_validate,success,raw/51 - Body Equipment/51-215.jpg,
2026-02-09T20:05:00.597092,raw/51 - Body Equipment/51-216.jpg,image_validate,success,raw/51 - Body Equipment/51-216.jpg,
2026-02-09T20:05:00.600934,raw/51 - Body Equipment/51-220.jpg,image_validate,success,raw/51 - Body Equipment/51-220.jpg,
2026-02-09T20:05:00.604960,raw/51 - Body Equipment/51-221.jpg,image_validate,success,raw/51 - Body Equipment/51-221.jpg,
2026-02-09T20:05:00.609648,raw/51 - Body Equipment/51-230.jpg,image_validate,success,raw/51 - Body Equipment/51-230.jpg,
2026-02-09T20:05:00.613914,raw/51 - Body Equipment/51-240.jpg,image_validate,success,raw/51 - Body Equipment/51-240.jpg,
2026-02-09T20:05:00.618236,raw/51 - Body Equipment/51-241.jpg,image_validate,success,raw/51 - Body Equipment/51-241.jpg,
2026-02-09T20:05:00.623039,raw/51 - Body Equipment/51-250.jpg,image_validate,success,raw/51 - Body Equipment/51-250.jpg,
2026-02-09T20:05:00.628459,raw/51 - Body Equipment/51-251.jpg,image_validate,success,raw/51 - Body Equipment/51-251.jpg,
2026-02-09T20:05:00.633093,raw/51 - Body Equipment/51-252.jpg,image_validate,success,raw/51 - Body Equipment/51-252.jpg,
2026-02-09T20:05:00.636797,raw/51 - Body Equipment/51-260.jpg,image_validate,success,raw/51 - Body Equipment/51-260.jpg,
2026-02-09T20:05:00.641579,raw/51 - Body Equipment/51-261.jpg,image_validate,success,raw/51 - Body Equipment/51-261.jpg,
2026-02-09T20:05:00.645735,raw/51 - Body Equipment/51-262.jpg,image_validate,success,raw/51 - Body Equipment/51-262.jpg,
2026-02-09T20:05:00.650436,raw/51 - Body Equipment/51-263.jpg,image_validate,success,raw/51 - Body Equipment/51-263.jpg,
2026-02-09T20:05:00.654770,raw/51 - Body Equipment/51-310.jpg,image_validate,success,raw/51 - Body Equipment/51-310.jpg,
2026-02-09T20:05:00.659911,raw/51 - Body Equipment/51-311.jpg,image_validate,success,raw/51 - Body Equipment/51-311.jpg,
2026-02-09T20:05:00.663284,raw/51 - Body Equipment/51-312.jpg,image_validate,success,raw/51 - Body Equipment/51-312.jpg,
2026-02-09T20:05:00.667770,raw/51 - Body Equipment/51-313.jpg,image_validate,success,raw/51 - Body Equipment/51-313.jpg,
2026-02-09T20:05:00.672482,raw/51 - Body Equipment/51-314.jpg,image_validate,success,raw/51 - Body Equipment/51-314.jpg,
2026-02-09T20:05:00.677411,raw/51 - Body Equipment/51-315.jpg,image_validate,success,raw/51 - Body Equipment/51-315.jpg,
2026-02-09T20:05:00.681589,raw/51 - Body Equipment/51-316.jpg,image_validate,success,raw/51 - Body Equipment/51-316.jpg,
2026-02-09T20:05:00.686807,raw/51 - Body Equipment/51-317.jpg,image_validate,success,raw/51 - Body Equipment/51-317.jpg,
2026-02-09T20:05:00.691575,raw/51 - Body Equipment/51-318.jpg,image_validate,success,raw/51 - Body Equipment/51-318.jpg,
2026-02-09T20:05:00.696342,raw/51 - Body Equipment/51-319.jpg,image_validate,success,raw/51 - Body Equipment/51-319.jpg,
2026-02-09T20:05:00.700306,raw/51 - Body Equipment/51-319a.jpg,image_validate,success,raw/51 - Body Equipment/51-319a.jpg,
2026-02-09T20:05:00.704891,raw/51 - Body Equipment/51-320.jpg,image_validate,success,raw/51 - Body Equipment/51-320.jpg,
2026-02-09T20:05:00.710259,raw/51 - Body Equipment/51-321.jpg,image_validate,success,raw/51 - Body Equipment/51-321.jpg,
2026-02-09T20:05:00.715619,raw/51 - Body Equipment/51-322.jpg,image_validate,success,raw/51 - Body Equipment/51-322.jpg,
2026-02-09T20:05:00.720419,raw/51 - Body Equipment/51-323.jpg,image_validate,success,raw/51 - Body Equipment/51-323.jpg,
2026-02-09T20:05:00.725253,raw/51 - Body Equipment/51-324.jpg,image_validate,success,raw/51 - Body Equipment/51-324.jpg,
2026-02-09T20:05:00.730084,raw/51 - Body Equipment/51-325.jpg,image_validate,success,raw/51 - Body Equipment/51-325.jpg,
2026-02-09T20:05:00.734713,raw/51 - Body Equipment/51-330.jpg,image_validate,success,raw/51 - Body Equipment/51-330.jpg,
2026-02-09T20:05:00.739433,raw/51 - Body Equipment/51-340.jpg,image_validate,success,raw/51 - Body Equipment/51-340.jpg,
2026-02-09T20:05:00.745011,raw/51 - Body Equipment/51-341.jpg,image_validate,success,raw/51 - Body Equipment/51-341.jpg,
2026-02-09T20:05:00.749213,raw/51 - Body Equipment/51-342.jpg,image_validate,success,raw/51 - Body Equipment/51-342.jpg,
2026-02-09T20:05:00.754552,raw/51 - Body Equipment/51-343.jpg,image_validate,success,raw/51 - Body Equipment/51-343.jpg,
2026-02-09T20:05:00.759264,raw/51 - Body Equipment/51-344.jpg,image_validate,success,raw/51 - Body Equipment/51-344.jpg,
2026-02-09T20:05:00.764409,raw/51 - Body Equipment/51-345.jpg,image_validate,success,raw/51 - Body Equipment/51-345.jpg,
2026-02-09T20:05:00.767703,raw/51 - Body Equipment/51-360.jpg,image_validate,success,raw/51 - Body Equipment/51-360.jpg,
2026-02-09T20:05:00.772646,raw/51 - Body Equipment/51-361.jpg,image_validate,success,raw/51 - Body Equipment/51-361.jpg,
2026-02-09T20:05:00.776962,raw/51 - Body Equipment/51-370.jpg,image_validate,success,raw/51 - Body Equipment/51-370.jpg,
2026-02-09T20:05:00.781091,raw/51 - Body Equipment/51-371.jpg,image_validate,success,raw/51 - Body Equipment/51-371.jpg,
2026-02-09T20:05:00.785155,raw/51 - Body Equipment/51-372.jpg,image_validate,success,raw/51 - Body Equipment/51-372.jpg,
2026-02-09T20:05:00.789818,raw/51 - Body Equipment/51-410.jpg,image_validate,success,raw/51 - Body Equipment/51-410.jpg,
2026-02-09T20:05:00.794447,raw/51 - Body Equipment/51-411.jpg,image_validate,success,raw/51 - Body Equipment/51-411.jpg,
2026-02-09T20:05:00.797960,raw/51 - Body Equipment/51-420.jpg,image_validate,success,raw/51 - Body Equipment/51-420.jpg,
2026-02-09T20:05:00.802872,raw/51 - Body Equipment/51-431.jpg,image_validate,success,raw/51 - Body Equipment/51-431.jpg,
2026-02-09T20:05:00.807673,raw/51 - Body Equipment/51-432.jpg,image_validate,success,raw/51 - Body Equipment/51-432.jpg,
2026-02-09T20:05:00.811581,raw/51 - Body Equipment/51-440.jpg,image_validate,success,raw/51 - Body Equipment/51-440.jpg,
2026-02-09T20:05:00.815378,raw/51 - Body Equipment/51-450.jpg,image_validate,success,raw/51 - Body Equipment/51-450.jpg,
2026-02-09T20:05:00.819875,raw/51 - Body Equipment/51-451.jpg,image_validate,success,raw/51 - Body Equipment/51-451.jpg,
2026-02-09T20:05:00.824969,raw/51 - Body Equipment/51-452.jpg,image_validate,success,raw/51 - Body Equipment/51-452.jpg,
2026-02-09T20:05:00.830140,raw/51 - Body Equipment/51-453.jpg,image_validate,success,raw/51 - Body Equipment/51-453.jpg,
2026-02-09T20:05:00.835278,raw/51 - Body Equipment/51-454.jpg,image_validate,success,raw/51 - Body Equipment/51-454.jpg,
2026-02-09T20:05:00.840530,raw/51 - Body Equipment/51-455.jpg,image_validate,success,raw/51 - Body Equipment/51-455.jpg,
2026-02-09T20:05:00.845710,raw/51 - Body Equipment/51-456.jpg,image_validate,success,raw/51 - Body Equipment/51-456.jpg,
2026-02-09T20:05:00.850133,raw/51 - Body Equipment/51-460.jpg,image_validate,success,raw/51 - Body Equipment/51-460.jpg,
2026-02-09T20:05:00.854561,raw/51 - Body Equipment/51-470.jpg,image_validate,success,raw/51 - Body Equipment/51-470.jpg,
2026-02-09T20:05:00.859159,raw/51 - Body Equipment/51-471.jpg,image_validate,success,raw/51 - Body Equipment/51-471.jpg,
2026-02-09T20:05:00.863548,raw/51 - Body Equipment/51-472.jpg,image_validate,success,raw/51 - Body Equipment/51-472.jpg,
2026-02-09T20:05:00.867650,raw/51 - Body Equipment/51-473.jpg,image_validate,success,raw/51 - Body Equipment/51-473.jpg,
2026-02-09T20:05:00.871861,raw/51 - Body Equipment/51-475.jpg,image_validate,success,raw/51 - Body Equipment/51-475.jpg,
2026-02-09T20:05:00.875572,raw/51 - Body Equipment/51-710.jpg,image_validate,success,raw/51 - Body Equipment/51-710.jpg,
2026-02-09T20:05:00.879238,raw/51 - Body Equipment/51-711.jpg,image_validate,success,raw/51 - Body Equipment/51-711.jpg,
2026-02-09T20:05:00.883783,raw/51 - Body Equipment/51-712.jpg,image_validate,success,raw/51 - Body Equipment/51-712.jpg,
2026-02-09T20:05:00.888352,raw/51 - Body Equipment/51-713.jpg,image_validate,success,raw/51 - Body Equipment/51-713.jpg,
2026-02-09T20:05:00.891724,raw/51 - Body Equipment/51-714.jpg,image_validate,success,raw/51 - Body Equipment/51-714.jpg,
2026-02-09T20:05:00.896714,raw/51 - Body Equipment/51-715.jpg,image_validate,success,raw/51 - Body Equipment/51-715.jpg,
2026-02-09T20:05:00.900177,raw/51 - Body Equipment/51-716.jpg,image_validate,success,raw/51 - Body Equipment/51-716.jpg,
2026-02-09T20:05:00.904910,raw/51 - Body Equipment/51-717.jpg,image_validate,success,raw/51 - Body Equipment/51-717.jpg,
2026-02-09T20:05:00.908453,raw/51 - Body Equipment/51-756.jpg,image_validate,success,raw/51 - Body Equipment/51-756.jpg,
2026-02-09T20:05:00.911972,raw/51 - Body Equipment/51-757.jpg,image_validate,success,raw/51 - Body Equipment/51-757.jpg,
2026-02-09T20:05:00.916963,raw/51 - Body Equipment/51-758.jpg,image_validate,success,raw/51 - Body Equipment/51-758.jpg,
2026-02-09T20:05:00.920602,raw/51 - Body Equipment/51-769.jpg,image_validate,success,raw/51 - Body Equipment/51-769.jpg,
2026-02-09T20:05:00.925633,raw/51 - Body Equipment/51-770.jpg,image_validate,success,raw/51 - Body Equipment/51-770.jpg,
2026-02-09T20:05:00.930069,raw/51 - Body Equipment/51-800.jpg,image_validate,success,raw/51 - Body Equipment/51-800.jpg,
2026-02-09T20:05:00.934845,raw/51 - Body Equipment/51-801.jpg,image_validate,success,raw/51 - Body Equipment/51-801.jpg,
2026-02-09T20:05:00.938441,raw/51 - Body Equipment/51-802.jpg,image_validate,success,raw/51 - Body Equipment/51-802.jpg,
2026-02-09T20:05:00.942049,raw/51 - Body Equipment/51-803.jpg,image_validate,success,raw/51 - Body Equipment/51-803.jpg,
2026-02-09T20:05:00.946121,raw/51 - Body Equipment/51-804.jpg,image_validate,success,raw/51 - Body Equipment/51-804.jpg,
2026-02-09T20:05:00.950157,raw/51 - Body Equipment/51-805.jpg,image_validate,success,raw/51 - Body Equipment/51-805.jpg,
2026-02-09T20:05:00.953676,raw/51 - Body Equipment/51-806.jpg,image_validate,success,raw/51 - Body Equipment/51-806.jpg,
2026-02-09T20:05:00.957336,raw/51 - Body Equipment/51-807.jpg,image_validate,success,raw/51 - Body Equipment/51-807.jpg,
2026-02-09T20:05:00.960516,raw/51 - Body Equipment/51-808.jpg,image_validate,success,raw/51 - Body Equipment/51-808.jpg,
2026-02-09T20:05:00.964067,raw/51 - Body Equipment/51-810.jpg,image_validate,success,raw/51 - Body Equipment/51-810.jpg,
2026-02-09T20:05:00.968793,raw/51 - Body Equipment/51-811.jpg,image_validate,success,raw/51 - Body Equipment/51-811.jpg,
2026-02-09T20:05:00.972295,raw/51 - Body Equipment/51-812.jpg,image_validate,success,raw/51 - Body Equipment/51-812.jpg,
2026-02-09T20:05:00.976122,raw/51 - Body Equipment/51-813.jpg,image_validate,success,raw/51 - Body Equipment/51-813.jpg,
2026-02-09T20:05:00.979731,raw/51 - Body Equipment/51-814.jpg,image_validate,success,raw/51 - Body Equipment/51-814.jpg,
2026-02-09T20:05:00.983096,raw/51 - Body Equipment/51-815.jpg,image_validate,success,raw/51 - Body Equipment/51-815.jpg,
2026-02-09T20:05:00.986305,raw/51 - Body Equipment/index.html,skip,success,raw/51 - Body Equipment/index.html,
2026-02-09T20:05:00.986313,raw/52 - Seats/52-00-index-a.jpg,image_validate,success,raw/52 - Seats/52-00-index-a.jpg,
2026-02-09T20:05:00.989466,raw/52 - Seats/52-101.jpg,image_validate,success,raw/52 - Seats/52-101.jpg,
2026-02-09T20:05:00.994158,raw/52 - Seats/52-102.jpg,image_validate,success,raw/52 - Seats/52-102.jpg,
2026-02-09T20:05:00.999091,raw/52 - Seats/52-103.jpg,image_validate,success,raw/52 - Seats/52-103.jpg,
2026-02-09T20:05:01.003372,raw/52 - Seats/52-201.jpg,image_validate,success,raw/52 - Seats/52-201.jpg,
2026-02-09T20:05:01.006796,raw/52 - Seats/index.html,skip,success,raw/52 - Seats/index.html,
2026-02-09T20:05:01.006817,"raw/54 - Hood, Sun Roof/54-00-index-a.jpg",image_validate,success,"raw/54 - Hood, Sun Roof/54-00-index-a.jpg",
2026-02-09T20:05:01.011458,"raw/54 - Hood, Sun Roof/54-01.jpg",image_validate,success,"raw/54 - Hood, Sun Roof/54-01.jpg",
2026-02-09T20:05:01.016486,"raw/54 - Hood, Sun Roof/54-02.jpg",image_validate,success,"raw/54 - Hood, Sun Roof/54-02.jpg",
2026-02-09T20:05:01.021257,"raw/54 - Hood, Sun Roof/54-03.jpg",image_validate,success,"raw/54 - Hood, Sun Roof/54-03.jpg",
2026-02-09T20:05:01.026222,"raw/54 - Hood, Sun Roof/54-04.jpg",image_validate,success,"raw/54 - Hood, Sun Roof/54-04.jpg",
2026-02-09T20:05:01.031170,"raw/54 - Hood, Sun Roof/54-05.jpg",image_validate,success,"raw/54 - Hood, Sun Roof/54-05.jpg",
2026-02-09T20:05:01.035610,"raw/54 - Hood, Sun Roof/54-06.jpg",image_validate,success,"raw/54 - Hood, Sun Roof/54-06.jpg",
2026-02-09T20:05:01.039864,"raw/54 - Hood, Sun Roof/54-07.jpg",image_validate,success,"raw/54 - Hood, Sun Roof/54-07.jpg",
2026-02-09T20:05:01.043615,"raw/54 - Hood, Sun Roof/54-08.jpg",image_validate,success,"raw/54 - Hood, Sun Roof/54-08.jpg",
2026-02-09T20:05:01.049143,"raw/54 - Hood, Sun Roof/54-09.jpg",image_validate,success,"raw/54 - Hood, Sun Roof/54-09.jpg",
2026-02-09T20:05:01.053446,"raw/54 - Hood, Sun Roof/54-10.jpg",image_validate,success,"raw/54 - Hood, Sun Roof/54-10.jpg",
2026-02-09T20:05:01.057305,"raw/54 - Hood, Sun Roof/54-14.jpg",image_validate,success,"raw/54 - Hood, Sun Roof/54-14.jpg",
2026-02-09T20:05:01.062092,"raw/54 - Hood, Sun Roof/54-14_1.jpg",image_validate,success,"raw/54 - Hood, Sun Roof/54-14_1.jpg",
2026-02-09T20:05:01.068445,"raw/54 - Hood, Sun Roof/54-14_2.jpg",image_validate,success,"raw/54 - Hood, Sun Roof/54-14_2.jpg",
2026-02-09T20:05:01.073117,"raw/54 - Hood, Sun Roof/54-16.jpg",image_validate,success,"raw/54 - Hood, Sun Roof/54-16.jpg",
2026-02-09T20:05:01.077193,"raw/54 - Hood, Sun Roof/54-17.jpg",image_validate,success,"raw/54 - Hood, Sun Roof/54-17.jpg",
2026-02-09T20:05:01.081782,"raw/54 - Hood, Sun Roof/54-18.jpg",image_validate,success,"raw/54 - Hood, Sun Roof/54-18.jpg",
2026-02-09T20:05:01.086336,"raw/54 - Hood, Sun Roof/54-19.jpg",image_validate,success,"raw/54 - Hood, Sun Roof/54-19.jpg",
2026-02-09T20:05:01.090074,"raw/54 - Hood, Sun Roof/index.html",skip,success,"raw/54 - Hood, Sun Roof/index.html",
2026-02-09T20:05:01.090085,raw/62 - Instruments/62-00-index-a.jpg,image_validate,success,raw/62 - Instruments/62-00-index-a.jpg,
2026-02-09T20:05:01.093594,raw/62 - Instruments/62-00-index-b.jpg,image_validate,success,raw/62 - Instruments/62-00-index-b.jpg,
2026-02-09T20:05:01.096758,raw/62 - Instruments/62-01.jpg,image_validate,success,raw/62 - Instruments/62-01.jpg,
2026-02-09T20:05:01.101464,raw/62 - Instruments/62-02.jpg,image_validate,success,raw/62 - Instruments/62-02.jpg,
2026-02-09T20:05:01.106571,raw/62 - Instruments/62-03.jpg,image_validate,success,raw/62 - Instruments/62-03.jpg,
2026-02-09T20:05:01.110549,raw/62 - Instruments/62-04.jpg,image_validate,success,raw/62 - Instruments/62-04.jpg,
2026-02-09T20:05:01.115314,raw/62 - Instruments/62-53.jpg,image_validate,success,raw/62 - Instruments/62-53.jpg,
2026-02-09T20:05:01.118368,raw/62 - Instruments/62-61.jpg,image_validate,success,raw/62 - Instruments/62-61.jpg,
2026-02-09T20:05:01.122239,raw/62 - Instruments/62-71.jpg,image_validate,success,raw/62 - Instruments/62-71.jpg,
2026-02-09T20:05:01.126323,raw/62 - Instruments/62-72.jpg,image_validate,success,raw/62 - Instruments/62-72.jpg,
2026-02-09T20:05:01.130468,raw/62 - Instruments/62-73.jpg,image_validate,success,raw/62 - Instruments/62-73.jpg,
2026-02-09T20:05:01.134153,raw/62 - Instruments/62-74.jpg,image_validate,success,raw/62 - Instruments/62-74.jpg,
2026-02-09T20:05:01.138205,raw/62 - Instruments/62-75.jpg,image_validate,success,raw/62 - Instruments/62-75.jpg,
2026-02-09T20:05:01.141831,raw/62 - Instruments/62-76.jpg,image_validate,success,raw/62 - Instruments/62-76.jpg,
2026-02-09T20:05:01.145619,raw/62 - Instruments/62-77.jpg,image_validate,success,raw/62 - Instruments/62-77.jpg,
2026-02-09T20:05:01.149368,raw/62 - Instruments/62-78.jpg,image_validate,success,raw/62 - Instruments/62-78.jpg,
2026-02-09T20:05:01.153031,raw/62 - Instruments/62-79.jpg,image_validate,success,raw/62 - Instruments/62-79.jpg,
2026-02-09T20:05:01.157311,raw/62 - Instruments/62-80.jpg,image_validate,success,raw/62 - Instruments/62-80.jpg,
2026-02-09T20:05:01.160776,raw/62 - Instruments/62-81.jpg,image_validate,success,raw/62 - Instruments/62-81.jpg,
2026-02-09T20:05:01.165431,raw/62 - Instruments/62-82.jpg,image_validate,success,raw/62 - Instruments/62-82.jpg,
2026-02-09T20:05:01.170439,raw/62 - Instruments/62-83.jpg,image_validate,success,raw/62 - Instruments/62-83.jpg,
2026-02-09T20:05:01.175680,raw/62 - Instruments/62-84.jpg,image_validate,success,raw/62 - Instruments/62-84.jpg,
2026-02-09T20:05:01.180249,raw/62 - Instruments/62-85.jpg,image_validate,success,raw/62 - Instruments/62-85.jpg,
2026-02-09T20:05:01.184618,raw/62 - Instruments/62-86.jpg,image_validate,success,raw/62 - Instruments/62-86.jpg,
2026-02-09T20:05:01.189362,raw/62 - Instruments/62-87.jpg,image_validate,success,raw/62 - Instruments/62-87.jpg,
2026-02-09T20:05:01.192985,raw/62 - Instruments/index.html,skip,success,raw/62 - Instruments/index.html,
2026-02-09T20:05:01.192994,raw/63 - Lights/63-00-index-a.jpg,image_validate,success,raw/63 - Lights/63-00-index-a.jpg,
2026-02-09T20:05:01.196411,raw/63 - Lights/63-01.jpg,image_validate,success,raw/63 - Lights/63-01.jpg,
2026-02-09T20:05:01.200762,raw/63 - Lights/63-02.jpg,image_validate,success,raw/63 - Lights/63-02.jpg,
2026-02-09T20:05:01.206164,raw/63 - Lights/63-02a.jpg,image_validate,success,raw/63 - Lights/63-02a.jpg,
2026-02-09T20:05:01.210669,raw/63 - Lights/63-03.jpg,image_validate,success,raw/63 - Lights/63-03.jpg,
2026-02-09T20:05:01.214903,raw/63 - Lights/63-04.jpg,image_validate,success,raw/63 - Lights/63-04.jpg,
2026-02-09T20:05:01.218956,raw/63 - Lights/index.html,skip,success,raw/63 - Lights/index.html,
2026-02-09T20:05:01.218966,raw/64 - Heating and Air Conditioning/64-00-index-a.jpg,image_validate,success,raw/64 - Heating and Air Conditioning/64-00-index-a.jpg,
2026-02-09T20:05:01.223245,raw/64 - Heating and Air Conditioning/64-00-index-b.jpg,image_validate,success,raw/64 - Heating and Air Conditioning/64-00-index-b.jpg,
2026-02-09T20:05:01.226533,raw/64 - Heating and Air Conditioning/64-01-operation.jpg,image_validate,success,raw/64 - Heating and Air Conditioning/64-01-operation.jpg,
2026-02-09T20:05:01.231659,raw/64 - Heating and Air Conditioning/64-01.jpg,image_validate,success,raw/64 - Heating and Air Conditioning/64-01.jpg,
2026-02-09T20:05:01.236480,raw/64 - Heating and Air Conditioning/64-02.jpg,image_validate,success,raw/64 - Heating and Air Conditioning/64-02.jpg,
2026-02-09T20:05:01.241061,raw/64 - Heating and Air Conditioning/64-04.jpg,image_validate,success,raw/64 - Heating and Air Conditioning/64-04.jpg,
2026-02-09T20:05:01.246190,raw/64 - Heating and Air Conditioning/64-05.jpg,image_validate,success,raw/64 - Heating and Air Conditioning/64-05.jpg,
2026-02-09T20:05:01.251203,raw/64 - Heating and Air Conditioning/64-06.jpg,image_validate,success,raw/64 - Heating and Air Conditioning/64-06.jpg,
2026-02-09T20:05:01.256125,raw/64 - Heating and Air Conditioning/64-07.jpg,image_validate,success,raw/64 - Heating and Air Conditioning/64-07.jpg,
2026-02-09T20:05:01.262264,raw/64 - Heating and Air Conditioning/64-08.jpg,image_validate,success,raw/64 - Heating and Air Conditioning/64-08.jpg,
2026-02-09T20:05:01.268417,raw/64 - Heating and Air Conditioning/64-09.jpg,image_validate,success,raw/64 - Heating and Air Conditioning/64-09.jpg,
2026-02-09T20:05:01.274030,raw/64 - Heating and Air Conditioning/64-10.jpg,image_validate,success,raw/64 - Heating and Air Conditioning/64-10.jpg,
2026-02-09T20:05:01.278328,raw/64 - Heating and Air Conditioning/64-110.jpg,image_validate,success,raw/64 - Heating and Air Conditioning/64-110.jpg,
2026-02-09T20:05:01.283370,raw/64 - Heating and Air Conditioning/64-111.jpg,image_validate,success,raw/64 - Heating and Air Conditioning/64-111.jpg,
2026-02-09T20:05:01.288890,raw/64 - Heating and Air Conditioning/64-112.jpg,image_validate,success,raw/64 - Heating and Air Conditioning/64-112.jpg,
2026-02-09T20:05:01.294033,raw/64 - Heating and Air Conditioning/64-113.jpg,image_validate,success,raw/64 - Heating and Air Conditioning/64-113.jpg,
2026-02-09T20:05:01.299889,raw/64 - Heating and Air Conditioning/64-114.jpg,image_validate,success,raw/64 - Heating and Air Conditioning/64-114.jpg,
2026-02-09T20:05:01.304657,raw/64 - Heating and Air Conditioning/64-116.jpg,image_validate,success,raw/64 - Heating and Air Conditioning/64-116.jpg,
2026-02-09T20:05:01.309790,raw/64 - Heating and Air Conditioning/64-117.jpg,image_validate,success,raw/64 - Heating and Air Conditioning/64-117.jpg,
2026-02-09T20:05:01.314016,raw/64 - Heating and Air Conditioning/64-118.jpg,image_validate,success,raw/64 - Heating and Air Conditioning/64-118.jpg,
2026-02-09T20:05:01.319169,raw/64 - Heating and Air Conditioning/64-119.jpg,image_validate,success,raw/64 - Heating and Air Conditioning/64-119.jpg,
2026-02-09T20:05:01.323655,raw/64 - Heating and Air Conditioning/64-120.jpg,image_validate,success,raw/64 - Heating and Air Conditioning/64-120.jpg,
2026-02-09T20:05:01.327681,raw/64 - Heating and Air Conditioning/64-121.jpg,image_validate,success,raw/64 - Heating and Air Conditioning/64-121.jpg,
2026-02-09T20:05:01.332162,raw/64 - Heating and Air Conditioning/64-122.jpg,image_validate,success,raw/64 - Heating and Air Conditioning/64-122.jpg,
2026-02-09T20:05:01.335836,raw/64 - Heating and Air Conditioning/64-123.jpg,image_validate,success,raw/64 - Heating and Air Conditioning/64-123.jpg,
2026-02-09T20:05:01.340330,raw/64 - Heating and Air Conditioning/64-124.jpg,image_validate,success,raw/64 - Heating and Air Conditioning/64-124.jpg,
2026-02-09T20:05:01.343490,raw/64 - Heating and Air Conditioning/64-500.jpg,image_validate,success,raw/64 - Heating and Air Conditioning/64-500.jpg,
2026-02-09T20:05:01.348347,raw/64 - Heating and Air Conditioning/64-501.jpg,image_validate,success,raw/64 - Heating and Air Conditioning/64-501.jpg,
2026-02-09T20:05:01.352893,raw/64 - Heating and Air Conditioning/64-502.jpg,image_validate,success,raw/64 - Heating and Air Conditioning/64-502.jpg,
2026-02-09T20:05:01.356720,raw/64 - Heating and Air Conditioning/64-503.jpg,image_validate,success,raw/64 - Heating and Air Conditioning/64-503.jpg,
2026-02-09T20:05:01.361887,raw/64 - Heating and Air Conditioning/64-504.jpg,image_validate,success,raw/64 - Heating and Air Conditioning/64-504.jpg,
2026-02-09T20:05:01.367002,raw/64 - Heating and Air Conditioning/64-505.jpg,image_validate,success,raw/64 - Heating and Air Conditioning/64-505.jpg,
2026-02-09T20:05:01.372260,raw/64 - Heating and Air Conditioning/64-505a.jpg,image_validate,success,raw/64 - Heating and Air Conditioning/64-505a.jpg,
2026-02-09T20:05:01.377486,raw/64 - Heating and Air Conditioning/64-506.jpg,image_validate,success,raw/64 - Heating and Air Conditioning/64-506.jpg,
2026-02-09T20:05:01.382784,raw/64 - Heating and Air Conditioning/64-507.jpg,image_validate,success,raw/64 - Heating and Air Conditioning/64-507.jpg,
2026-02-09T20:05:01.388139,raw/64 - Heating and Air Conditioning/index.html,skip,success,raw/64 - Heating and Air Conditioning/index.html,
2026-02-09T20:05:01.388149,raw/65 - Radio and Special Equipment/65-00-index-a.jpg,image_validate,success,raw/65 - Radio and Special Equipment/65-00-index-a.jpg,
2026-02-09T20:05:01.391425,raw/65 - Radio and Special Equipment/65-00-index-b.jpg,image_validate,success,raw/65 - Radio and Special Equipment/65-00-index-b.jpg,
2026-02-09T20:05:01.394782,raw/65 - Radio and Special Equipment/65-101.jpg,image_validate,success,raw/65 - Radio and Special Equipment/65-101.jpg,
2026-02-09T20:05:01.399281,raw/65 - Radio and Special Equipment/65-101a.jpg,image_validate,success,raw/65 - Radio and Special Equipment/65-101a.jpg,
2026-02-09T20:05:01.403799,raw/65 - Radio and Special Equipment/65-102.jpg,image_validate,success,raw/65 - Radio and Special Equipment/65-102.jpg,
2026-02-09T20:05:01.408877,raw/65 - Radio and Special Equipment/65-103.jpg,image_validate,success,raw/65 - Radio and Special Equipment/65-103.jpg,
2026-02-09T20:05:01.412241,raw/65 - Radio and Special Equipment/65-151.jpg,image_validate,success,raw/65 - Radio and Special Equipment/65-151.jpg,
2026-02-09T20:05:01.416793,raw/65 - Radio and Special Equipment/65-151a.jpg,image_validate,success,raw/65 - Radio and Special Equipment/65-151a.jpg,
2026-02-09T20:05:01.421203,raw/65 - Radio and Special Equipment/65-152.jpg,image_validate,success,raw/65 - Radio and Special Equipment/65-152.jpg,
2026-02-09T20:05:01.426478,raw/65 - Radio and Special Equipment/65-153.jpg,image_validate,success,raw/65 - Radio and Special Equipment/65-153.jpg,
2026-02-09T20:05:01.430327,raw/65 - Radio and Special Equipment/65-191.jpg,image_validate,success,raw/65 - Radio and Special Equipment/65-191.jpg,
2026-02-09T20:05:01.434838,raw/65 - Radio and Special Equipment/65-301.jpg,image_validate,success,raw/65 - Radio and Special Equipment/65-301.jpg,
2026-02-09T20:05:01.439092,raw/65 - Radio and Special Equipment/65-302.jpg,image_validate,success,raw/65 - Radio and Special Equipment/65-302.jpg,
2026-02-09T20:05:01.444675,raw/65 - Radio and Special Equipment/65-303.jpg,image_validate,success,raw/65 - Radio and Special Equipment/65-303.jpg,
2026-02-09T20:05:01.448768,raw/65 - Radio and Special Equipment/65-304.jpg,image_validate,success,raw/65 - Radio and Special Equipment/65-304.jpg,
2026-02-09T20:05:01.454615,raw/65 - Radio and Special Equipment/65-305.jpg,image_validate,success,raw/65 - Radio and Special Equipment/65-305.jpg,
2026-02-09T20:05:01.459431,raw/65 - Radio and Special Equipment/65-306.jpg,image_validate,success,raw/65 - Radio and Special Equipment/65-306.jpg,
2026-02-09T20:05:01.464175,raw/65 - Radio and Special Equipment/65-307.jpg,image_validate,success,raw/65 - Radio and Special Equipment/65-307.jpg,
2026-02-09T20:05:01.469063,raw/65 - Radio and Special Equipment/65-351.jpg,image_validate,success,raw/65 - Radio and Special Equipment/65-351.jpg,
2026-02-09T20:05:01.473130,raw/65 - Radio and Special Equipment/65-352.jpg,image_validate,success,raw/65 - Radio and Special Equipment/65-352.jpg,
2026-02-09T20:05:01.476736,raw/65 - Radio and Special Equipment/65-353.jpg,image_validate,success,raw/65 - Radio and Special Equipment/65-353.jpg,
2026-02-09T20:05:01.480587,raw/65 - Radio and Special Equipment/65-354.jpg,image_validate,success,raw/65 - Radio and Special Equipment/65-354.jpg,
2026-02-09T20:05:01.484920,raw/65 - Radio and Special Equipment/65-355.jpg,image_validate,success,raw/65 - Radio and Special Equipment/65-355.jpg,
2026-02-09T20:05:01.488408,raw/65 - Radio and Special Equipment/65-356.jpg,image_validate,success,raw/65 - Radio and Special Equipment/65-356.jpg,
2026-02-09T20:05:01.492834,raw/65 - Radio and Special Equipment/65-360.jpg,image_validate,success,raw/65 - Radio and Special Equipment/65-360.jpg,
2026-02-09T20:05:01.497873,raw/65 - Radio and Special Equipment/65-361.jpg,image_validate,success,raw/65 - Radio and Special Equipment/65-361.jpg,
2026-02-09T20:05:01.502050,raw/65 - Radio and Special Equipment/65-500.jpg,image_validate,success,raw/65 - Radio and Special Equipment/65-500.jpg,
2026-02-09T20:05:01.507086,raw/65 - Radio and Special Equipment/65-501.jpg,image_validate,success,raw/65 - Radio and Special Equipment/65-501.jpg,
2026-02-09T20:05:01.511432,raw/65 - Radio and Special Equipment/65-502.jpg,image_validate,success,raw/65 - Radio and Special Equipment/65-502.jpg,
2026-02-09T20:05:01.515552,raw/65 - Radio and Special Equipment/65-503.jpg,image_validate,success,raw/65 - Radio and Special Equipment/65-503.jpg,
2026-02-09T20:05:01.519181,raw/65 - Radio and Special Equipment/65-90.jpg,image_validate,success,raw/65 - Radio and Special Equipment/65-90.jpg,
2026-02-09T20:05:01.522670,raw/65 - Radio and Special Equipment/65-91.jpg,image_validate,success,raw/65 - Radio and Special Equipment/65-91.jpg,
2026-02-09T20:05:01.526642,raw/65 - Radio and Special Equipment/65-92.jpg,image_validate,success,raw/65 - Radio and Special Equipment/65-92.jpg,
2026-02-09T20:05:01.530250,raw/65 - Radio and Special Equipment/65-93.jpg,image_validate,success,raw/65 - Radio and Special Equipment/65-93.jpg,
2026-02-09T20:05:01.535106,raw/65 - Radio and Special Equipment/65-94.jpg,image_validate,success,raw/65 - Radio and Special Equipment/65-94.jpg,
2026-02-09T20:05:01.538346,raw/65 - Radio and Special Equipment/index.html,skip,success,raw/65 - Radio and Special Equipment/index.html,
2026-02-09T20:05:01.538356,raw/72 - Equipment and Accessories for Body/72-00-index-a.jpg,image_validate,success,raw/72 - Equipment and Accessories for Body/72-00-index-a.jpg,
2026-02-09T20:05:01.541803,raw/72 - Equipment and Accessories for Body/72-110.jpg,image_validate,success,raw/72 - Equipment and Accessories for Body/72-110.jpg,
2026-02-09T20:05:01.546767,raw/72 - Equipment and Accessories for Body/72-111.jpg,image_validate,success,raw/72 - Equipment and Accessories for Body/72-111.jpg,
2026-02-09T20:05:01.551492,raw/72 - Equipment and Accessories for Body/72-112.jpg,image_validate,success,raw/72 - Equipment and Accessories for Body/72-112.jpg,
2026-02-09T20:05:01.556132,raw/72 - Equipment and Accessories for Body/72-113.jpg,image_validate,success,raw/72 - Equipment and Accessories for Body/72-113.jpg,
2026-02-09T20:05:01.560913,raw/72 - Equipment and Accessories for Body/72-114.jpg,image_validate,success,raw/72 - Equipment and Accessories for Body/72-114.jpg,
2026-02-09T20:05:01.564765,raw/72 - Equipment and Accessories for Body/72-115.jpg,image_validate,success,raw/72 - Equipment and Accessories for Body/72-115.jpg,
2026-02-09T20:05:01.569211,raw/72 - Equipment and Accessories for Body/72-116.jpg,image_validate,success,raw/72 - Equipment and Accessories for Body/72-116.jpg,
2026-02-09T20:05:01.573721,raw/72 - Equipment and Accessories for Body/72-117.jpg,image_validate,success,raw/72 - Equipment and Accessories for Body/72-117.jpg,
2026-02-09T20:05:01.577629,raw/72 - Equipment and Accessories for Body/72-118.jpg,image_validate,success,raw/72 - Equipment and Accessories for Body/72-118.jpg,
2026-02-09T20:05:01.581313,raw/72 - Equipment and Accessories for Body/72-120.jpg,image_validate,success,raw/72 - Equipment and Accessories for Body/72-120.jpg,
2026-02-09T20:05:01.584812,raw/72 - Equipment and Accessories for Body/index.html,skip,success,raw/72 - Equipment and Accessories for Body/index.html,
2026-02-09T20:05:01.584820,raw/97 - Body Cavity Sealing and Undercoating/97-00-index-a.jpg,image_validate,success,raw/97 - Body Cavity Sealing and Undercoating/97-00-index-a.jpg,
2026-02-09T20:05:01.587871,raw/97 - Body Cavity Sealing and Undercoating/97-01.jpg,image_validate,success,raw/97 - Body Cavity Sealing and Undercoating/97-01.jpg,
2026-02-09T20:05:01.592526,raw/97 - Body Cavity Sealing and Undercoating/97-02.jpg,image_validate,success,raw/97 - Body Cavity Sealing and Undercoating/97-02.jpg,
2026-02-09T20:05:01.597524,raw/97 - Body Cavity Sealing and Undercoating/index.html,skip,success,raw/97 - Body Cavity Sealing and Undercoating/index.html,
2026-02-09T20:05:01.597533,raw/Bosch Motronic ML 3-1/01-02.png,image_validate,success,raw/Bosch Motronic ML 3-1/01-02.png,
2026-02-09T20:05:01.639619,raw/Bosch Motronic ML 3-1/03-04.png,image_validate,success,raw/Bosch Motronic ML 3-1/03-04.png,
2026-02-09T20:05:01.684008,raw/Bosch Motronic ML 3-1/05-06.png,image_validate,success,raw/Bosch Motronic ML 3-1/05-06.png,
2026-02-09T20:05:01.734892,raw/Bosch Motronic ML 3-1/07-08.png,image_validate,success,raw/Bosch Motronic ML 3-1/07-08.png,
2026-02-09T20:05:01.780037,raw/Bosch Motronic ML 3-1/09-10.png,image_validate,success,raw/Bosch Motronic ML 3-1/09-10.png,
2026-02-09T20:05:01.816907,raw/Bosch Motronic ML 3-1/11-12.png,image_validate,success,raw/Bosch Motronic ML 3-1/11-12.png,
2026-02-09T20:05:01.860803,raw/Bosch Motronic ML 3-1/13-14.png,image_validate,success,raw/Bosch Motronic ML 3-1/13-14.png,
2026-02-09T20:05:01.914537,raw/Bosch Motronic ML 3-1/15-16.png,image_validate,success,raw/Bosch Motronic ML 3-1/15-16.png,
2026-02-09T20:05:01.957202,raw/Bosch Motronic ML 3-1/17-18.png,image_validate,success,raw/Bosch Motronic ML 3-1/17-18.png,
2026-02-09T20:05:01.990022,raw/Bosch Motronic ML 3-1/19-20.png,image_validate,success,raw/Bosch Motronic ML 3-1/19-20.png,
2026-02-09T20:05:02.033180,raw/Bosch Motronic ML 3-1/index.html,skip,success,raw/Bosch Motronic ML 3-1/index.html,
2026-02-09T20:05:02.033193,raw/Getrag265:5_Rebuild_ShiftBMW.pdf,pdf_convert,skipped,raw/Getrag265:5_Rebuild_ShiftBMW,
2026-02-09T20:05:02.033511,raw/Getrag265:5_Rebuild_ShiftBMW/001.jpg,image_validate,success,raw/Getrag265:5_Rebuild_ShiftBMW/001.jpg,
2026-02-09T20:05:02.045917,raw/Getrag265:5_Rebuild_ShiftBMW/002.jpg,image_validate,success,raw/Getrag265:5_Rebuild_ShiftBMW/002.jpg,
2026-02-09T20:05:02.062580,raw/Getrag265:5_Rebuild_ShiftBMW/003.jpg,image_validate,success,raw/Getrag265:5_Rebuild_ShiftBMW/003.jpg,
2026-02-09T20:05:02.079287,raw/Getrag265:5_Rebuild_ShiftBMW/004.jpg,image_validate,success,raw/Getrag265:5_Rebuild_ShiftBMW/004.jpg,
2026-02-09T20:05:02.095136,raw/Getrag265:5_Rebuild_ShiftBMW/005.jpg,image_validate,success,raw/Getrag265:5_Rebuild_ShiftBMW/005.jpg,
2026-02-09T20:05:02.113047,raw/Getrag265:5_Rebuild_ShiftBMW/006.jpg,image_validate,success,raw/Getrag265:5_Rebuild_ShiftBMW/006.jpg,
2026-02-09T20:05:02.128295,raw/Getrag265:5_Rebuild_ShiftBMW/007.jpg,image_validate,success,raw/Getrag265:5_Rebuild_ShiftBMW/007.jpg,
2026-02-09T20:05:02.142391,raw/Getrag265:5_Rebuild_ShiftBMW/008.jpg,image_validate,success,raw/Getrag265:5_Rebuild_ShiftBMW/008.jpg,
2026-02-09T20:05:02.157930,raw/Getrag265:5_Rebuild_ShiftBMW/009.jpg,image_validate,success,raw/Getrag265:5_Rebuild_ShiftBMW/009.jpg,
2026-02-09T20:05:02.175864,raw/Getrag265:5_Rebuild_ShiftBMW/010.jpg,image_validate,success,raw/Getrag265:5_Rebuild_ShiftBMW/010.jpg,
2026-02-09T20:05:02.189556,raw/Getrag265:5_Rebuild_ShiftBMW/011.jpg,image_validate,success,raw/Getrag265:5_Rebuild_ShiftBMW/011.jpg,
2026-02-09T20:05:02.203437,raw/Getrag265:5_Rebuild_ShiftBMW/012.jpg,image_validate,success,raw/Getrag265:5_Rebuild_ShiftBMW/012.jpg,
2026-02-09T20:05:02.220667,raw/Getrag265:5_Rebuild_ShiftBMW/013.jpg,image_validate,success,raw/Getrag265:5_Rebuild_ShiftBMW/013.jpg,
2026-02-09T20:05:02.234005,raw/Getrag265:5_Rebuild_ShiftBMW/014.jpg,image_validate,success,raw/Getrag265:5_Rebuild_ShiftBMW/014.jpg,
2026-02-09T20:05:02.251653,raw/Getrag265:5_Rebuild_ShiftBMW/015.jpg,image_validate,success,raw/Getrag265:5_Rebuild_ShiftBMW/015.jpg,
2026-02-09T20:05:02.265078,raw/Getrag265:5_Rebuild_ShiftBMW/016.jpg,image_validate,success,raw/Getrag265:5_Rebuild_ShiftBMW/016.jpg,
2026-02-09T20:05:02.278610,raw/Getrag265:5_Rebuild_ShiftBMW/017.jpg,image_validate,success,raw/Getrag265:5_Rebuild_ShiftBMW/017.jpg,
2026-02-09T20:05:02.290787,raw/Getrag265:5_Rebuild_ShiftBMW/018.jpg,image_validate,success,raw/Getrag265:5_Rebuild_ShiftBMW/018.jpg,
2026-02-09T20:05:02.305651,raw/Getrag265:5_Rebuild_ShiftBMW/019.jpg,image_validate,success,raw/Getrag265:5_Rebuild_ShiftBMW/019.jpg,
2026-02-09T20:05:02.325490,raw/Getrag265:5_Rebuild_ShiftBMW/020.jpg,image_validate,success,raw/Getrag265:5_Rebuild_ShiftBMW/020.jpg,
2026-02-09T20:05:02.344020,raw/Getrag265:5_Rebuild_ShiftBMW/021.jpg,image_validate,success,raw/Getrag265:5_Rebuild_ShiftBMW/021.jpg,
2026-02-09T20:05:02.358834,raw/Getrag265:5_Rebuild_ShiftBMW/022.jpg,image_validate,success,raw/Getrag265:5_Rebuild_ShiftBMW/022.jpg,
2026-02-09T20:05:02.373917,raw/Getrag265:5_Rebuild_ShiftBMW/023.jpg,image_validate,success,raw/Getrag265:5_Rebuild_ShiftBMW/023.jpg,
2026-02-09T20:05:02.387169,raw/Getrag265:5_Rebuild_ShiftBMW/024.jpg,image_validate,success,raw/Getrag265:5_Rebuild_ShiftBMW/024.jpg,
2026-02-09T20:05:02.399597,raw/Getrag265:5_Rebuild_ShiftBMW/025.jpg,image_validate,success,raw/Getrag265:5_Rebuild_ShiftBMW/025.jpg,
2026-02-09T20:05:02.407605,raw/M3-techspec.html,skip,success,raw/M3-techspec.html,
2026-02-09T20:05:02.407618,raw/Reference Images/Bosch Motronic system drawing.png,image_validate,success,raw/Reference Images/Bosch Motronic system drawing.png,
2026-02-09T20:05:02.468774,raw/favicon/android-chrome-192x192.png,image_validate,success,raw/favicon/android-chrome-192x192.png,
2026-02-09T20:05:02.469520,raw/favicon/android-chrome-512x512.png,image_validate,success,raw/favicon/android-chrome-512x512.png,
2026-02-09T20:05:02.472376,raw/favicon/apple-touch-icon.png,image_validate,success,raw/favicon/apple-touch-icon.png,
2026-02-09T20:05:02.473258,raw/favicon/favicon-16x16.png,image_validate,success,raw/favicon/favicon-16x16.png,
2026-02-09T20:05:02.473573,raw/favicon/favicon-32x32.png,image_validate,success,raw/favicon/favicon-32x32.png,
2026-02-09T20:05:02.473827,raw/index-all.html,skip,success,raw/index-all.html,
2026-02-09T20:05:02.473834,raw/index-pages.html,skip,success,raw/index-pages.html,
2026-02-09T20:05:02.473841,raw/index.html,skip,success,raw/index.html,
2026-02-09T20:05:02.473847,raw/m.png,image_validate,success,raw/m.png,
