file_path,file_type,section_dir,filename,original_source
raw/00 - Maintenance/00-00-index-a.jpg,jpg,00 - Maintenance,00-00-index-a.jpg,
raw/00 - Maintenance/00-00-intro-01.jpg,jpg,00 - Maintenance,00-00-intro-01.jpg,
raw/00 - Maintenance/00-00-intro-02.jpg,jpg,00 - Maintenance,00-00-intro-02.jpg,
raw/00 - Maintenance/00-00-intro-03.jpg,jpg,00 - Maintenance,00-00-intro-03.jpg,
raw/00 - Maintenance/00-00-intro-04.jpg,jpg,00 - Maintenance,00-00-intro-04.jpg,
raw/00 - Maintenance/00-01.jpg,jpg,00 - Maintenance,00-01.jpg,
raw/00 - Maintenance/00-02.jpg,jpg,00 - Maintenance,00-02.jpg,
raw/00 - Maintenance/00-03.jpg,jpg,00 - Maintenance,00-03.jpg,
raw/00 - Maintenance/00-04.jpg,jpg,00 - Maintenance,00-04.jpg,
raw/00 - Maintenance/00-05.jpg,jpg,00 - Maintenance,00-05.jpg,
raw/00 - Maintenance/00-06.jpg,jpg,00 - Maintenance,00-06.jpg,
raw/00 - Maintenance/00-07.jpg,jpg,00 - Maintenance,00-07.jpg,
raw/00 - Maintenance/00-08.jpg,jpg,00 - Maintenance,00-08.jpg,
raw/00 - Maintenance/00-09.jpg,jpg,00 - Maintenance,00-09.jpg,
raw/00 - Maintenance/00-10.jpg,jpg,00 - Maintenance,00-10.jpg,
raw/00 - Maintenance/00-11.jpg,jpg,00 - Maintenance,00-11.jpg,
raw/00 - Maintenance/00-12.jpg,jpg,00 - Maintenance,00-12.jpg,
raw/00 - Maintenance/00-13.jpg,jpg,00 - Maintenance,00-13.jpg,
raw/00 - Maintenance/00-14.jpg,jpg,00 - Maintenance,00-14.jpg,
raw/00 - Maintenance/00-15.jpg,jpg,00 - Maintenance,00-15.jpg,
raw/00 - Maintenance/00-16.jpg,jpg,00 - Maintenance,00-16.jpg,
raw/00 - Maintenance/00-17.jpg,jpg,00 - Maintenance,00-17.jpg,
raw/00 - Maintenance/00-18.jpg,jpg,00 - Maintenance,00-18.jpg,
raw/00 - Maintenance/index.html,html,00 - Maintenance,index.html,
raw/00 - Torque Specs/00-01.jpg,jpg,00 - Torque Specs,00-01.jpg,
raw/00 - Torque Specs/00-02.jpg,jpg,00 - Torque Specs,00-02.jpg,
raw/00 - Torque Specs/00-03.jpg,jpg,00 - Torque Specs,00-03.jpg,
raw/00 - Torque Specs/00-04.jpg,jpg,00 - Torque Specs,00-04.jpg,
raw/00 - Torque Specs/00-05.jpg,jpg,00 - Torque Specs,00-05.jpg,
raw/00 - Torque Specs/00-06.jpg,jpg,00 - Torque Specs,00-06.jpg,
raw/00 - Torque Specs/00-07.jpg,jpg,00 - Torque Specs,00-07.jpg,
raw/00 - Torque Specs/00-08.jpg,jpg,00 - Torque Specs,00-08.jpg,
raw/00 - Torque Specs/00-09.jpg,jpg,00 - Torque Specs,00-09.jpg,
raw/00 - Torque Specs/11-01.jpg,jpg,00 - Torque Specs,11-01.jpg,
raw/00 - Torque Specs/11-02.jpg,jpg,00 - Torque Specs,11-02.jpg,
raw/00 - Torque Specs/11-04.jpg,jpg,00 - Torque Specs,11-04.jpg,
raw/00 - Torque Specs/11-05.jpg,jpg,00 - Torque Specs,11-05.jpg,
raw/00 - Torque Specs/11-06.jpg,jpg,00 - Torque Specs,11-06.jpg,
raw/00 - Torque Specs/11-07.jpg,jpg,00 - Torque Specs,11-07.jpg,
raw/00 - Torque Specs/11-08.jpg,jpg,00 - Torque Specs,11-08.jpg,
raw/00 - Torque Specs/11-09.jpg,jpg,00 - Torque Specs,11-09.jpg,
raw/00 - Torque Specs/11-10.jpg,jpg,00 - Torque Specs,11-10.jpg,
raw/00 - Torque Specs/11-11.jpg,jpg,00 - Torque Specs,11-11.jpg,
raw/00 - Torque Specs/11-12.jpg,jpg,00 - Torque Specs,11-12.jpg,
raw/00 - Torque Specs/11-13.jpg,jpg,00 - Torque Specs,11-13.jpg,
raw/00 - Torque Specs/11-14.jpg,jpg,00 - Torque Specs,11-14.jpg,
raw/00 - Torque Specs/11-15.jpg,jpg,00 - Torque Specs,11-15.jpg,
raw/00 - Torque Specs/11-16.jpg,jpg,00 - Torque Specs,11-16.jpg,
raw/00 - Torque Specs/11-17.jpg,jpg,00 - Torque Specs,11-17.jpg,
raw/00 - Torque Specs/11-18.jpg,jpg,00 - Torque Specs,11-18.jpg,
raw/00 - Torque Specs/11-19.jpg,jpg,00 - Torque Specs,11-19.jpg,
raw/00 - Torque Specs/11-20.jpg,jpg,00 - Torque Specs,11-20.jpg,
raw/00 - Torque Specs/11-21.jpg,jpg,00 - Torque Specs,11-21.jpg,
raw/00 - Torque Specs/11-22.jpg,jpg,00 - Torque Specs,11-22.jpg,
raw/00 - Torque Specs/11-23.jpg,jpg,00 - Torque Specs,11-23.jpg,
raw/00 - Torque Specs/11-24.jpg,jpg,00 - Torque Specs,11-24.jpg,
raw/00 - Torque Specs/11-25.jpg,jpg,00 - Torque Specs,11-25.jpg,
raw/00 - Torque Specs/11-26.jpg,jpg,00 - Torque Specs,11-26.jpg,
raw/00 - Torque Specs/11-27.jpg,jpg,00 - Torque Specs,11-27.jpg,
raw/00 - Torque Specs/11-28.jpg,jpg,00 - Torque Specs,11-28.jpg,
raw/00 - Torque Specs/11-29.jpg,jpg,00 - Torque Specs,11-29.jpg,
raw/00 - Torque Specs/11-30.jpg,jpg,00 - Torque Specs,11-30.jpg,
raw/00 - Torque Specs/11-31.jpg,jpg,00 - Torque Specs,11-31.jpg,
raw/00 - Torque Specs/11-32.jpg,jpg,00 - Torque Specs,11-32.jpg,
raw/00 - Torque Specs/11-33.jpg,jpg,00 - Torque Specs,11-33.jpg,
raw/00 - Torque Specs/11-34.jpg,jpg,00 - Torque Specs,11-34.jpg,
raw/00 - Torque Specs/11-35.jpg,jpg,00 - Torque Specs,11-35.jpg,
raw/00 - Torque Specs/11-36.jpg,jpg,00 - Torque Specs,11-36.jpg,
raw/00 - Torque Specs/11-37.jpg,jpg,00 - Torque Specs,11-37.jpg,
raw/00 - Torque Specs/11-38.jpg,jpg,00 - Torque Specs,11-38.jpg,
raw/00 - Torque Specs/11-39.jpg,jpg,00 - Torque Specs,11-39.jpg,
raw/00 - Torque Specs/11-40.jpg,jpg,00 - Torque Specs,11-40.jpg,
raw/00 - Torque Specs/12-01.jpg,jpg,00 - Torque Specs,12-01.jpg,
raw/00 - Torque Specs/12-02.jpg,jpg,00 - Torque Specs,12-02.jpg,
raw/00 - Torque Specs/12-03.jpg,jpg,00 - Torque Specs,12-03.jpg,
raw/00 - Torque Specs/12-04.jpg,jpg,00 - Torque Specs,12-04.jpg,
raw/00 - Torque Specs/12-05.jpg,jpg,00 - Torque Specs,12-05.jpg,
raw/00 - Torque Specs/12-06.jpg,jpg,00 - Torque Specs,12-06.jpg,
raw/00 - Torque Specs/12-07.jpg,jpg,00 - Torque Specs,12-07.jpg,
raw/00 - Torque Specs/12-08.jpg,jpg,00 - Torque Specs,12-08.jpg,
raw/00 - Torque Specs/12-09.jpg,jpg,00 - Torque Specs,12-09.jpg,
raw/00 - Torque Specs/12-10.jpg,jpg,00 - Torque Specs,12-10.jpg,
raw/00 - Torque Specs/12-11.jpg,jpg,00 - Torque Specs,12-11.jpg,
raw/00 - Torque Specs/12-12.jpg,jpg,00 - Torque Specs,12-12.jpg,
raw/00 - Torque Specs/12-13.jpg,jpg,00 - Torque Specs,12-13.jpg,
raw/00 - Torque Specs/12-14.jpg,jpg,00 - Torque Specs,12-14.jpg,
raw/00 - Torque Specs/12-15.jpg,jpg,00 - Torque Specs,12-15.jpg,
raw/00 - Torque Specs/12-16.jpg,jpg,00 - Torque Specs,12-16.jpg,
raw/00 - Torque Specs/12-17.jpg,jpg,00 - Torque Specs,12-17.jpg,
raw/00 - Torque Specs/13-01.jpg,jpg,00 - Torque Specs,13-01.jpg,
raw/00 - Torque Specs/13-02.jpg,jpg,00 - Torque Specs,13-02.jpg,
raw/00 - Torque Specs/13-03.jpg,jpg,00 - Torque Specs,13-03.jpg,
raw/00 - Torque Specs/13-04.jpg,jpg,00 - Torque Specs,13-04.jpg,
raw/00 - Torque Specs/13-05.jpg,jpg,00 - Torque Specs,13-05.jpg,
raw/00 - Torque Specs/13-06.jpg,jpg,00 - Torque Specs,13-06.jpg,
raw/00 - Torque Specs/13-07.jpg,jpg,00 - Torque Specs,13-07.jpg,
raw/00 - Torque Specs/13-08.jpg,jpg,00 - Torque Specs,13-08.jpg,
raw/00 - Torque Specs/13-09.jpg,jpg,00 - Torque Specs,13-09.jpg,
raw/00 - Torque Specs/13-10.jpg,jpg,00 - Torque Specs,13-10.jpg,
raw/00 - Torque Specs/13-11.jpg,jpg,00 - Torque Specs,13-11.jpg,
raw/00 - Torque Specs/13-12.jpg,jpg,00 - Torque Specs,13-12.jpg,
raw/00 - Torque Specs/13-13.jpg,jpg,00 - Torque Specs,13-13.jpg,
raw/00 - Torque Specs/16-01.jpg,jpg,00 - Torque Specs,16-01.jpg,
raw/00 - Torque Specs/16-02.jpg,jpg,00 - Torque Specs,16-02.jpg,
raw/00 - Torque Specs/16-03.jpg,jpg,00 - Torque Specs,16-03.jpg,
raw/00 - Torque Specs/16-04.jpg,jpg,00 - Torque Specs,16-04.jpg,
raw/00 - Torque Specs/17-01.jpg,jpg,00 - Torque Specs,17-01.jpg,
raw/00 - Torque Specs/17-02.jpg,jpg,00 - Torque Specs,17-02.jpg,
raw/00 - Torque Specs/17-03.jpg,jpg,00 - Torque Specs,17-03.jpg,
raw/00 - Torque Specs/17-04.jpg,jpg,00 - Torque Specs,17-04.jpg,
raw/00 - Torque Specs/17-05.jpg,jpg,00 - Torque Specs,17-05.jpg,
raw/00 - Torque Specs/18-01.jpg,jpg,00 - Torque Specs,18-01.jpg,
raw/00 - Torque Specs/21-01.jpg,jpg,00 - Torque Specs,21-01.jpg,
raw/00 - Torque Specs/21-02.jpg,jpg,00 - Torque Specs,21-02.jpg,
raw/00 - Torque Specs/21-03.jpg,jpg,00 - Torque Specs,21-03.jpg,
raw/00 - Torque Specs/23-01.jpg,jpg,00 - Torque Specs,23-01.jpg,
raw/00 - Torque Specs/23-02.jpg,jpg,00 - Torque Specs,23-02.jpg,
raw/00 - Torque Specs/23-03.jpg,jpg,00 - Torque Specs,23-03.jpg,
raw/00 - Torque Specs/23-04.jpg,jpg,00 - Torque Specs,23-04.jpg,
raw/00 - Torque Specs/23-05.jpg,jpg,00 - Torque Specs,23-05.jpg,
raw/00 - Torque Specs/23-06.jpg,jpg,00 - Torque Specs,23-06.jpg,
raw/00 - Torque Specs/23-07.jpg,jpg,00 - Torque Specs,23-07.jpg,
raw/00 - Torque Specs/23-08.jpg,jpg,00 - Torque Specs,23-08.jpg,
raw/00 - Torque Specs/23-09.jpg,jpg,00 - Torque Specs,23-09.jpg,
raw/00 - Torque Specs/24-01.jpg,jpg,00 - Torque Specs,24-01.jpg,
raw/00 - Torque Specs/24-02.jpg,jpg,00 - Torque Specs,24-02.jpg,
raw/00 - Torque Specs/24-03.jpg,jpg,00 - Torque Specs,24-03.jpg,
raw/00 - Torque Specs/24-04.jpg,jpg,00 - Torque Specs,24-04.jpg,
raw/00 - Torque Specs/24-05.jpg,jpg,00 - Torque Specs,24-05.jpg,
raw/00 - Torque Specs/24-06.jpg,jpg,00 - Torque Specs,24-06.jpg,
raw/00 - Torque Specs/24-07.jpg,jpg,00 - Torque Specs,24-07.jpg,
raw/00 - Torque Specs/24-08.jpg,jpg,00 - Torque Specs,24-08.jpg,
raw/00 - Torque Specs/24-09.jpg,jpg,00 - Torque Specs,24-09.jpg,
raw/00 - Torque Specs/24-10.jpg,jpg,00 - Torque Specs,24-10.jpg,
raw/00 - Torque Specs/24-11.jpg,jpg,00 - Torque Specs,24-11.jpg,
raw/00 - Torque Specs/24-12.jpg,jpg,00 - Torque Specs,24-12.jpg,
raw/00 - Torque Specs/24-13.jpg,jpg,00 - Torque Specs,24-13.jpg,
raw/00 - Torque Specs/24-14.jpg,jpg,00 - Torque Specs,24-14.jpg,
raw/00 - Torque Specs/24-15.jpg,jpg,00 - Torque Specs,24-15.jpg,
raw/00 - Torque Specs/24-16.jpg,jpg,00 - Torque Specs,24-16.jpg,
raw/00 - Torque Specs/24-17.jpg,jpg,00 - Torque Specs,24-17.jpg,
raw/00 - Torque Specs/25-01.jpg,jpg,00 - Torque Specs,25-01.jpg,
raw/00 - Torque Specs/25-02.jpg,jpg,00 - Torque Specs,25-02.jpg,
raw/00 - Torque Specs/26-01.jpg,jpg,00 - Torque Specs,26-01.jpg,
raw/00 - Torque Specs/26-02.jpg,jpg,00 - Torque Specs,26-02.jpg,
raw/00 - Torque Specs/27-01.jpg,jpg,00 - Torque Specs,27-01.jpg,
raw/00 - Torque Specs/27-02.jpg,jpg,00 - Torque Specs,27-02.jpg,
raw/00 - Torque Specs/61-01.jpg,jpg,00 - Torque Specs,61-01.jpg,
raw/00 - Torque Specs/61-02.jpg,jpg,00 - Torque Specs,61-02.jpg,
raw/00 - Torque Specs/61-03.jpg,jpg,00 - Torque Specs,61-03.jpg,
raw/00 - Torque Specs/61-04.jpg,jpg,00 - Torque Specs,61-04.jpg,
raw/00 - Torque Specs/61-05.jpg,jpg,00 - Torque Specs,61-05.jpg,
raw/00 - Torque Specs/61-06.jpg,jpg,00 - Torque Specs,61-06.jpg,
raw/00 - Torque Specs/61-07.jpg,jpg,00 - Torque Specs,61-07.jpg,
raw/00 - Torque Specs/62-01.jpg,jpg,00 - Torque Specs,62-01.jpg,
raw/00 - Torque Specs/71-01.jpg,jpg,00 - Torque Specs,71-01.jpg,
raw/00 - Torque Specs/72-01.jpg,jpg,00 - Torque Specs,72-01.jpg,
raw/00 - Torque Specs/72-02.jpg,jpg,00 - Torque Specs,72-02.jpg,
raw/00 - Torque Specs/BMW_Torque_Specs/001.jpg,jpg,00 - Torque Specs,001.jpg,raw/00 - Torque Specs/BMW_Torque_Specs.pdf
raw/00 - Torque Specs/BMW_Torque_Specs/001.jpg,jpg,BMW_Torque_Specs,001.jpg,
raw/00 - Torque Specs/BMW_Torque_Specs/002.jpg,jpg,00 - Torque Specs,002.jpg,raw/00 - Torque Specs/BMW_Torque_Specs.pdf
raw/00 - Torque Specs/BMW_Torque_Specs/002.jpg,jpg,BMW_Torque_Specs,002.jpg,
raw/00 - Torque Specs/BMW_Torque_Specs/003.jpg,jpg,00 - Torque Specs,003.jpg,raw/00 - Torque Specs/BMW_Torque_Specs.pdf
raw/00 - Torque Specs/BMW_Torque_Specs/003.jpg,jpg,BMW_Torque_Specs,003.jpg,
raw/00 - Torque Specs/BMW_Torque_Specs/004.jpg,jpg,00 - Torque Specs,004.jpg,raw/00 - Torque Specs/BMW_Torque_Specs.pdf
raw/00 - Torque Specs/BMW_Torque_Specs/004.jpg,jpg,BMW_Torque_Specs,004.jpg,
raw/00 - Torque Specs/BMW_Torque_Specs/005.jpg,jpg,00 - Torque Specs,005.jpg,raw/00 - Torque Specs/BMW_Torque_Specs.pdf
raw/00 - Torque Specs/BMW_Torque_Specs/005.jpg,jpg,BMW_Torque_Specs,005.jpg,
raw/00 - Torque Specs/BMW_Torque_Specs/006.jpg,jpg,00 - Torque Specs,006.jpg,raw/00 - Torque Specs/BMW_Torque_Specs.pdf
raw/00 - Torque Specs/BMW_Torque_Specs/006.jpg,jpg,BMW_Torque_Specs,006.jpg,
raw/00 - Torque Specs/BMW_Torque_Specs/007.jpg,jpg,00 - Torque Specs,007.jpg,raw/00 - Torque Specs/BMW_Torque_Specs.pdf
raw/00 - Torque Specs/BMW_Torque_Specs/007.jpg,jpg,BMW_Torque_Specs,007.jpg,
raw/00 - Torque Specs/BMW_Torque_Specs/008.jpg,jpg,00 - Torque Specs,008.jpg,raw/00 - Torque Specs/BMW_Torque_Specs.pdf
raw/00 - Torque Specs/BMW_Torque_Specs/008.jpg,jpg,BMW_Torque_Specs,008.jpg,
raw/00 - Torque Specs/BMW_Torque_Specs/009.jpg,jpg,00 - Torque Specs,009.jpg,raw/00 - Torque Specs/BMW_Torque_Specs.pdf
raw/00 - Torque Specs/BMW_Torque_Specs/009.jpg,jpg,BMW_Torque_Specs,009.jpg,
raw/00 - Torque Specs/BMW_Torque_Specs/010.jpg,jpg,00 - Torque Specs,010.jpg,raw/00 - Torque Specs/BMW_Torque_Specs.pdf
raw/00 - Torque Specs/BMW_Torque_Specs/010.jpg,jpg,BMW_Torque_Specs,010.jpg,
raw/00 - Torque Specs/BMW_Torque_Specs/011.jpg,jpg,00 - Torque Specs,011.jpg,raw/00 - Torque Specs/BMW_Torque_Specs.pdf
raw/00 - Torque Specs/BMW_Torque_Specs/011.jpg,jpg,BMW_Torque_Specs,011.jpg,
raw/00 - Torque Specs/BMW_Torque_Specs/012.jpg,jpg,00 - Torque Specs,012.jpg,raw/00 - Torque Specs/BMW_Torque_Specs.pdf
raw/00 - Torque Specs/BMW_Torque_Specs/012.jpg,jpg,BMW_Torque_Specs,012.jpg,
raw/00 - Torque Specs/BMW_Torque_Specs/013.jpg,jpg,00 - Torque Specs,013.jpg,raw/00 - Torque Specs/BMW_Torque_Specs.pdf
raw/00 - Torque Specs/BMW_Torque_Specs/013.jpg,jpg,BMW_Torque_Specs,013.jpg,
raw/00 - Torque Specs/BMW_Torque_Specs/014.jpg,jpg,00 - Torque Specs,014.jpg,raw/00 - Torque Specs/BMW_Torque_Specs.pdf
raw/00 - Torque Specs/BMW_Torque_Specs/014.jpg,jpg,BMW_Torque_Specs,014.jpg,
raw/00 - Torque Specs/BMW_Torque_Specs/015.jpg,jpg,00 - Torque Specs,015.jpg,raw/00 - Torque Specs/BMW_Torque_Specs.pdf
raw/00 - Torque Specs/BMW_Torque_Specs/015.jpg,jpg,BMW_Torque_Specs,015.jpg,
raw/00 - Torque Specs/BMW_Torque_Specs/016.jpg,jpg,00 - Torque Specs,016.jpg,raw/00 - Torque Specs/BMW_Torque_Specs.pdf
raw/00 - Torque Specs/BMW_Torque_Specs/016.jpg,jpg,BMW_Torque_Specs,016.jpg,
raw/00 - Torque Specs/BMW_Torque_Specs/017.jpg,jpg,00 - Torque Specs,017.jpg,raw/00 - Torque Specs/BMW_Torque_Specs.pdf
raw/00 - Torque Specs/BMW_Torque_Specs/017.jpg,jpg,BMW_Torque_Specs,017.jpg,
raw/00 - Torque Specs/BMW_Torque_Specs/018.jpg,jpg,00 - Torque Specs,018.jpg,raw/00 - Torque Specs/BMW_Torque_Specs.pdf
raw/00 - Torque Specs/BMW_Torque_Specs/018.jpg,jpg,BMW_Torque_Specs,018.jpg,
raw/00 - Torque Specs/BMW_Torque_Specs/019.jpg,jpg,00 - Torque Specs,019.jpg,raw/00 - Torque Specs/BMW_Torque_Specs.pdf
raw/00 - Torque Specs/BMW_Torque_Specs/019.jpg,jpg,BMW_Torque_Specs,019.jpg,
raw/00 - Torque Specs/BMW_Torque_Specs/020.jpg,jpg,00 - Torque Specs,020.jpg,raw/00 - Torque Specs/BMW_Torque_Specs.pdf
raw/00 - Torque Specs/BMW_Torque_Specs/020.jpg,jpg,BMW_Torque_Specs,020.jpg,
raw/00 - Torque Specs/BMW_Torque_Specs/021.jpg,jpg,00 - Torque Specs,021.jpg,raw/00 - Torque Specs/BMW_Torque_Specs.pdf
raw/00 - Torque Specs/BMW_Torque_Specs/021.jpg,jpg,BMW_Torque_Specs,021.jpg,
raw/00 - Torque Specs/BMW_Torque_Specs/022.jpg,jpg,00 - Torque Specs,022.jpg,raw/00 - Torque Specs/BMW_Torque_Specs.pdf
raw/00 - Torque Specs/BMW_Torque_Specs/022.jpg,jpg,BMW_Torque_Specs,022.jpg,
raw/00 - Torque Specs/BMW_Torque_Specs/023.jpg,jpg,00 - Torque Specs,023.jpg,raw/00 - Torque Specs/BMW_Torque_Specs.pdf
raw/00 - Torque Specs/BMW_Torque_Specs/023.jpg,jpg,BMW_Torque_Specs,023.jpg,
raw/00 - Torque Specs/BMW_Torque_Specs/024.jpg,jpg,00 - Torque Specs,024.jpg,raw/00 - Torque Specs/BMW_Torque_Specs.pdf
raw/00 - Torque Specs/BMW_Torque_Specs/024.jpg,jpg,BMW_Torque_Specs,024.jpg,
raw/00 - Torque Specs/BMW_Torque_Specs/025.jpg,jpg,00 - Torque Specs,025.jpg,raw/00 - Torque Specs/BMW_Torque_Specs.pdf
raw/00 - Torque Specs/BMW_Torque_Specs/025.jpg,jpg,BMW_Torque_Specs,025.jpg,
raw/00 - Torque Specs/BMW_Torque_Specs/026.jpg,jpg,00 - Torque Specs,026.jpg,raw/00 - Torque Specs/BMW_Torque_Specs.pdf
raw/00 - Torque Specs/BMW_Torque_Specs/026.jpg,jpg,BMW_Torque_Specs,026.jpg,
raw/00 - Torque Specs/BMW_Torque_Specs/027.jpg,jpg,00 - Torque Specs,027.jpg,raw/00 - Torque Specs/BMW_Torque_Specs.pdf
raw/00 - Torque Specs/BMW_Torque_Specs/027.jpg,jpg,BMW_Torque_Specs,027.jpg,
raw/00 - Torque Specs/BMW_Torque_Specs/028.jpg,jpg,00 - Torque Specs,028.jpg,raw/00 - Torque Specs/BMW_Torque_Specs.pdf
raw/00 - Torque Specs/BMW_Torque_Specs/028.jpg,jpg,BMW_Torque_Specs,028.jpg,
raw/00 - Torque Specs/BMW_Torque_Specs/029.jpg,jpg,00 - Torque Specs,029.jpg,raw/00 - Torque Specs/BMW_Torque_Specs.pdf
raw/00 - Torque Specs/BMW_Torque_Specs/029.jpg,jpg,BMW_Torque_Specs,029.jpg,
raw/00 - Torque Specs/BMW_Torque_Specs/030.jpg,jpg,00 - Torque Specs,030.jpg,raw/00 - Torque Specs/BMW_Torque_Specs.pdf
raw/00 - Torque Specs/BMW_Torque_Specs/030.jpg,jpg,BMW_Torque_Specs,030.jpg,
raw/00 - Torque Specs/BMW_Torque_Specs/031.jpg,jpg,00 - Torque Specs,031.jpg,raw/00 - Torque Specs/BMW_Torque_Specs.pdf
raw/00 - Torque Specs/BMW_Torque_Specs/031.jpg,jpg,BMW_Torque_Specs,031.jpg,
raw/00 - Torque Specs/BMW_Torque_Specs/032.jpg,jpg,00 - Torque Specs,032.jpg,raw/00 - Torque Specs/BMW_Torque_Specs.pdf
raw/00 - Torque Specs/BMW_Torque_Specs/032.jpg,jpg,BMW_Torque_Specs,032.jpg,
raw/00 - Torque Specs/BMW_Torque_Specs/033.jpg,jpg,00 - Torque Specs,033.jpg,raw/00 - Torque Specs/BMW_Torque_Specs.pdf
raw/00 - Torque Specs/BMW_Torque_Specs/033.jpg,jpg,BMW_Torque_Specs,033.jpg,
raw/00 - Torque Specs/BMW_Torque_Specs/034.jpg,jpg,00 - Torque Specs,034.jpg,raw/00 - Torque Specs/BMW_Torque_Specs.pdf
raw/00 - Torque Specs/BMW_Torque_Specs/034.jpg,jpg,BMW_Torque_Specs,034.jpg,
raw/00 - Torque Specs/BMW_Torque_Specs/035.jpg,jpg,00 - Torque Specs,035.jpg,raw/00 - Torque Specs/BMW_Torque_Specs.pdf
raw/00 - Torque Specs/BMW_Torque_Specs/035.jpg,jpg,BMW_Torque_Specs,035.jpg,
raw/00 - Torque Specs/BMW_Torque_Specs/036.jpg,jpg,00 - Torque Specs,036.jpg,raw/00 - Torque Specs/BMW_Torque_Specs.pdf
raw/00 - Torque Specs/BMW_Torque_Specs/036.jpg,jpg,BMW_Torque_Specs,036.jpg,
raw/00 - Torque Specs/BMW_Torque_Specs/037.jpg,jpg,00 - Torque Specs,037.jpg,raw/00 - Torque Specs/BMW_Torque_Specs.pdf
raw/00 - Torque Specs/BMW_Torque_Specs/037.jpg,jpg,BMW_Torque_Specs,037.jpg,
raw/00 - Torque Specs/BMW_Torque_Specs/038.jpg,jpg,00 - Torque Specs,038.jpg,raw/00 - Torque Specs/BMW_Torque_Specs.pdf
raw/00 - Torque Specs/BMW_Torque_Specs/038.jpg,jpg,BMW_Torque_Specs,038.jpg,
raw/00 - Torque Specs/BMW_Torque_Specs/039.jpg,jpg,00 - Torque Specs,039.jpg,raw/00 - Torque Specs/BMW_Torque_Specs.pdf
raw/00 - Torque Specs/BMW_Torque_Specs/039.jpg,jpg,BMW_Torque_Specs,039.jpg,
raw/00 - Torque Specs/BMW_Torque_Specs/040.jpg,jpg,00 - Torque Specs,040.jpg,raw/00 - Torque Specs/BMW_Torque_Specs.pdf
raw/00 - Torque Specs/BMW_Torque_Specs/040.jpg,jpg,BMW_Torque_Specs,040.jpg,
raw/00 - Torque Specs/BMW_Torque_Specs/041.jpg,jpg,00 - Torque Specs,041.jpg,raw/00 - Torque Specs/BMW_Torque_Specs.pdf
raw/00 - Torque Specs/BMW_Torque_Specs/041.jpg,jpg,BMW_Torque_Specs,041.jpg,
raw/00 - Torque Specs/BMW_Torque_Specs/042.jpg,jpg,00 - Torque Specs,042.jpg,raw/00 - Torque Specs/BMW_Torque_Specs.pdf
raw/00 - Torque Specs/BMW_Torque_Specs/042.jpg,jpg,BMW_Torque_Specs,042.jpg,
raw/00 - Torque Specs/BMW_Torque_Specs/043.jpg,jpg,00 - Torque Specs,043.jpg,raw/00 - Torque Specs/BMW_Torque_Specs.pdf
raw/00 - Torque Specs/BMW_Torque_Specs/043.jpg,jpg,BMW_Torque_Specs,043.jpg,
raw/00 - Torque Specs/BMW_Torque_Specs/044.jpg,jpg,00 - Torque Specs,044.jpg,raw/00 - Torque Specs/BMW_Torque_Specs.pdf
raw/00 - Torque Specs/BMW_Torque_Specs/044.jpg,jpg,BMW_Torque_Specs,044.jpg,
raw/00 - Torque Specs/BMW_Torque_Specs/045.jpg,jpg,00 - Torque Specs,045.jpg,raw/00 - Torque Specs/BMW_Torque_Specs.pdf
raw/00 - Torque Specs/BMW_Torque_Specs/045.jpg,jpg,BMW_Torque_Specs,045.jpg,
raw/00 - Torque Specs/BMW_Torque_Specs/046.jpg,jpg,00 - Torque Specs,046.jpg,raw/00 - Torque Specs/BMW_Torque_Specs.pdf
raw/00 - Torque Specs/BMW_Torque_Specs/046.jpg,jpg,BMW_Torque_Specs,046.jpg,
raw/00 - Torque Specs/BMW_Torque_Specs/047.jpg,jpg,00 - Torque Specs,047.jpg,raw/00 - Torque Specs/BMW_Torque_Specs.pdf
raw/00 - Torque Specs/BMW_Torque_Specs/047.jpg,jpg,BMW_Torque_Specs,047.jpg,
raw/00 - Torque Specs/BMW_Torque_Specs/048.jpg,jpg,00 - Torque Specs,048.jpg,raw/00 - Torque Specs/BMW_Torque_Specs.pdf
raw/00 - Torque Specs/BMW_Torque_Specs/048.jpg,jpg,BMW_Torque_Specs,048.jpg,
raw/00 - Torque Specs/BMW_Torque_Specs/049.jpg,jpg,00 - Torque Specs,049.jpg,raw/00 - Torque Specs/BMW_Torque_Specs.pdf
raw/00 - Torque Specs/BMW_Torque_Specs/049.jpg,jpg,BMW_Torque_Specs,049.jpg,
raw/00 - Torque Specs/BMW_Torque_Specs/050.jpg,jpg,00 - Torque Specs,050.jpg,raw/00 - Torque Specs/BMW_Torque_Specs.pdf
raw/00 - Torque Specs/BMW_Torque_Specs/050.jpg,jpg,BMW_Torque_Specs,050.jpg,
raw/00 - Torque Specs/BMW_Torque_Specs/051.jpg,jpg,00 - Torque Specs,051.jpg,raw/00 - Torque Specs/BMW_Torque_Specs.pdf
raw/00 - Torque Specs/BMW_Torque_Specs/051.jpg,jpg,BMW_Torque_Specs,051.jpg,
raw/00 - Torque Specs/BMW_Torque_Specs/052.jpg,jpg,00 - Torque Specs,052.jpg,raw/00 - Torque Specs/BMW_Torque_Specs.pdf
raw/00 - Torque Specs/BMW_Torque_Specs/052.jpg,jpg,BMW_Torque_Specs,052.jpg,
raw/00 - Torque Specs/BMW_Torque_Specs/053.jpg,jpg,00 - Torque Specs,053.jpg,raw/00 - Torque Specs/BMW_Torque_Specs.pdf
raw/00 - Torque Specs/BMW_Torque_Specs/053.jpg,jpg,BMW_Torque_Specs,053.jpg,
raw/00 - Torque Specs/BMW_Torque_Specs/054.jpg,jpg,00 - Torque Specs,054.jpg,raw/00 - Torque Specs/BMW_Torque_Specs.pdf
raw/00 - Torque Specs/BMW_Torque_Specs/054.jpg,jpg,BMW_Torque_Specs,054.jpg,
raw/00 - Torque Specs/BMW_Torque_Specs/055.jpg,jpg,00 - Torque Specs,055.jpg,raw/00 - Torque Specs/BMW_Torque_Specs.pdf
raw/00 - Torque Specs/BMW_Torque_Specs/055.jpg,jpg,BMW_Torque_Specs,055.jpg,
raw/00 - Torque Specs/BMW_Torque_Specs/056.jpg,jpg,00 - Torque Specs,056.jpg,raw/00 - Torque Specs/BMW_Torque_Specs.pdf
raw/00 - Torque Specs/BMW_Torque_Specs/056.jpg,jpg,BMW_Torque_Specs,056.jpg,
raw/00 - Torque Specs/BMW_Torque_Specs/057.jpg,jpg,00 - Torque Specs,057.jpg,raw/00 - Torque Specs/BMW_Torque_Specs.pdf
raw/00 - Torque Specs/BMW_Torque_Specs/057.jpg,jpg,BMW_Torque_Specs,057.jpg,
raw/00 - Torque Specs/BMW_Torque_Specs/058.jpg,jpg,00 - Torque Specs,058.jpg,raw/00 - Torque Specs/BMW_Torque_Specs.pdf
raw/00 - Torque Specs/BMW_Torque_Specs/058.jpg,jpg,BMW_Torque_Specs,058.jpg,
raw/00 - Torque Specs/BMW_Torque_Specs/059.jpg,jpg,00 - Torque Specs,059.jpg,raw/00 - Torque Specs/BMW_Torque_Specs.pdf
raw/00 - Torque Specs/BMW_Torque_Specs/059.jpg,jpg,BMW_Torque_Specs,059.jpg,
raw/00 - Torque Specs/BMW_Torque_Specs/060.jpg,jpg,00 - Torque Specs,060.jpg,raw/00 - Torque Specs/BMW_Torque_Specs.pdf
raw/00 - Torque Specs/BMW_Torque_Specs/060.jpg,jpg,BMW_Torque_Specs,060.jpg,
raw/00 - Torque Specs/BMW_Torque_Specs/061.jpg,jpg,00 - Torque Specs,061.jpg,raw/00 - Torque Specs/BMW_Torque_Specs.pdf
raw/00 - Torque Specs/BMW_Torque_Specs/061.jpg,jpg,BMW_Torque_Specs,061.jpg,
raw/00 - Torque Specs/BMW_Torque_Specs/062.jpg,jpg,00 - Torque Specs,062.jpg,raw/00 - Torque Specs/BMW_Torque_Specs.pdf
raw/00 - Torque Specs/BMW_Torque_Specs/062.jpg,jpg,BMW_Torque_Specs,062.jpg,
raw/00 - Torque Specs/BMW_Torque_Specs/063.jpg,jpg,00 - Torque Specs,063.jpg,raw/00 - Torque Specs/BMW_Torque_Specs.pdf
raw/00 - Torque Specs/BMW_Torque_Specs/063.jpg,jpg,BMW_Torque_Specs,063.jpg,
raw/00 - Torque Specs/BMW_Torque_Specs/064.jpg,jpg,00 - Torque Specs,064.jpg,raw/00 - Torque Specs/BMW_Torque_Specs.pdf
raw/00 - Torque Specs/BMW_Torque_Specs/064.jpg,jpg,BMW_Torque_Specs,064.jpg,
raw/00 - Torque Specs/BMW_Torque_Specs/065.jpg,jpg,00 - Torque Specs,065.jpg,raw/00 - Torque Specs/BMW_Torque_Specs.pdf
raw/00 - Torque Specs/BMW_Torque_Specs/065.jpg,jpg,BMW_Torque_Specs,065.jpg,
raw/00 - Torque Specs/BMW_Torque_Specs/066.jpg,jpg,00 - Torque Specs,066.jpg,raw/00 - Torque Specs/BMW_Torque_Specs.pdf
raw/00 - Torque Specs/BMW_Torque_Specs/066.jpg,jpg,BMW_Torque_Specs,066.jpg,
raw/00 - Torque Specs/BMW_Torque_Specs/067.jpg,jpg,00 - Torque Specs,067.jpg,raw/00 - Torque Specs/BMW_Torque_Specs.pdf
raw/00 - Torque Specs/BMW_Torque_Specs/067.jpg,jpg,BMW_Torque_Specs,067.jpg,
raw/00 - Torque Specs/BMW_Torque_Specs/068.jpg,jpg,00 - Torque Specs,068.jpg,raw/00 - Torque Specs/BMW_Torque_Specs.pdf
raw/00 - Torque Specs/BMW_Torque_Specs/068.jpg,jpg,BMW_Torque_Specs,068.jpg,
raw/00 - Torque Specs/BMW_Torque_Specs/069.jpg,jpg,00 - Torque Specs,069.jpg,raw/00 - Torque Specs/BMW_Torque_Specs.pdf
raw/00 - Torque Specs/BMW_Torque_Specs/069.jpg,jpg,BMW_Torque_Specs,069.jpg,
raw/00 - Torque Specs/BMW_Torque_Specs/070.jpg,jpg,00 - Torque Specs,070.jpg,raw/00 - Torque Specs/BMW_Torque_Specs.pdf
raw/00 - Torque Specs/BMW_Torque_Specs/070.jpg,jpg,BMW_Torque_Specs,070.jpg,
raw/00 - Torque Specs/BMW_Torque_Specs/071.jpg,jpg,00 - Torque Specs,071.jpg,raw/00 - Torque Specs/BMW_Torque_Specs.pdf
raw/00 - Torque Specs/BMW_Torque_Specs/071.jpg,jpg,BMW_Torque_Specs,071.jpg,
raw/00 - Torque Specs/BMW_Torque_Specs/072.jpg,jpg,00 - Torque Specs,072.jpg,raw/00 - Torque Specs/BMW_Torque_Specs.pdf
raw/00 - Torque Specs/BMW_Torque_Specs/072.jpg,jpg,BMW_Torque_Specs,072.jpg,
raw/00 - Torque Specs/BMW_Torque_Specs/073.jpg,jpg,00 - Torque Specs,073.jpg,raw/00 - Torque Specs/BMW_Torque_Specs.pdf
raw/00 - Torque Specs/BMW_Torque_Specs/073.jpg,jpg,BMW_Torque_Specs,073.jpg,
raw/00 - Torque Specs/BMW_Torque_Specs/074.jpg,jpg,00 - Torque Specs,074.jpg,raw/00 - Torque Specs/BMW_Torque_Specs.pdf
raw/00 - Torque Specs/BMW_Torque_Specs/074.jpg,jpg,BMW_Torque_Specs,074.jpg,
raw/00 - Torque Specs/BMW_Torque_Specs/075.jpg,jpg,00 - Torque Specs,075.jpg,raw/00 - Torque Specs/BMW_Torque_Specs.pdf
raw/00 - Torque Specs/BMW_Torque_Specs/075.jpg,jpg,BMW_Torque_Specs,075.jpg,
raw/00 - Torque Specs/BMW_Torque_Specs/076.jpg,jpg,00 - Torque Specs,076.jpg,raw/00 - Torque Specs/BMW_Torque_Specs.pdf
raw/00 - Torque Specs/BMW_Torque_Specs/076.jpg,jpg,BMW_Torque_Specs,076.jpg,
raw/00 - Torque Specs/BMW_Torque_Specs/077.jpg,jpg,00 - Torque Specs,077.jpg,raw/00 - Torque Specs/BMW_Torque_Specs.pdf
raw/00 - Torque Specs/BMW_Torque_Specs/077.jpg,jpg,BMW_Torque_Specs,077.jpg,
raw/00 - Torque Specs/BMW_Torque_Specs/078.jpg,jpg,00 - Torque Specs,078.jpg,raw/00 - Torque Specs/BMW_Torque_Specs.pdf
raw/00 - Torque Specs/BMW_Torque_Specs/078.jpg,jpg,BMW_Torque_Specs,078.jpg,
raw/00 - Torque Specs/BMW_Torque_Specs/079.jpg,jpg,00 - Torque Specs,079.jpg,raw/00 - Torque Specs/BMW_Torque_Specs.pdf
raw/00 - Torque Specs/BMW_Torque_Specs/079.jpg,jpg,BMW_Torque_Specs,079.jpg,
raw/00 - Torque Specs/BMW_Torque_Specs/080.jpg,jpg,00 - Torque Specs,080.jpg,raw/00 - Torque Specs/BMW_Torque_Specs.pdf
raw/00 - Torque Specs/BMW_Torque_Specs/080.jpg,jpg,BMW_Torque_Specs,080.jpg,
raw/00 - Torque Specs/BMW_Torque_Specs/081.jpg,jpg,00 - Torque Specs,081.jpg,raw/00 - Torque Specs/BMW_Torque_Specs.pdf
raw/00 - Torque Specs/BMW_Torque_Specs/081.jpg,jpg,BMW_Torque_Specs,081.jpg,
raw/00 - Torque Specs/BMW_Torque_Specs/082.jpg,jpg,00 - Torque Specs,082.jpg,raw/00 - Torque Specs/BMW_Torque_Specs.pdf
raw/00 - Torque Specs/BMW_Torque_Specs/082.jpg,jpg,BMW_Torque_Specs,082.jpg,
raw/00 - Torque Specs/BMW_Torque_Specs/083.jpg,jpg,00 - Torque Specs,083.jpg,raw/00 - Torque Specs/BMW_Torque_Specs.pdf
raw/00 - Torque Specs/BMW_Torque_Specs/083.jpg,jpg,BMW_Torque_Specs,083.jpg,
raw/00 - Torque Specs/BMW_Torque_Specs/084.jpg,jpg,00 - Torque Specs,084.jpg,raw/00 - Torque Specs/BMW_Torque_Specs.pdf
raw/00 - Torque Specs/BMW_Torque_Specs/084.jpg,jpg,BMW_Torque_Specs,084.jpg,
raw/00 - Torque Specs/BMW_Torque_Specs/085.jpg,jpg,00 - Torque Specs,085.jpg,raw/00 - Torque Specs/BMW_Torque_Specs.pdf
raw/00 - Torque Specs/BMW_Torque_Specs/085.jpg,jpg,BMW_Torque_Specs,085.jpg,
raw/00 - Torque Specs/BMW_Torque_Specs/086.jpg,jpg,00 - Torque Specs,086.jpg,raw/00 - Torque Specs/BMW_Torque_Specs.pdf
raw/00 - Torque Specs/BMW_Torque_Specs/086.jpg,jpg,BMW_Torque_Specs,086.jpg,
raw/00 - Torque Specs/BMW_Torque_Specs/087.jpg,jpg,00 - Torque Specs,087.jpg,raw/00 - Torque Specs/BMW_Torque_Specs.pdf
raw/00 - Torque Specs/BMW_Torque_Specs/087.jpg,jpg,BMW_Torque_Specs,087.jpg,
raw/00 - Torque Specs/BMW_Torque_Specs/088.jpg,jpg,00 - Torque Specs,088.jpg,raw/00 - Torque Specs/BMW_Torque_Specs.pdf
raw/00 - Torque Specs/BMW_Torque_Specs/088.jpg,jpg,BMW_Torque_Specs,088.jpg,
raw/00 - Torque Specs/BMW_Torque_Specs/089.jpg,jpg,00 - Torque Specs,089.jpg,raw/00 - Torque Specs/BMW_Torque_Specs.pdf
raw/00 - Torque Specs/BMW_Torque_Specs/089.jpg,jpg,BMW_Torque_Specs,089.jpg,
raw/00 - Torque Specs/BMW_Torque_Specs/090.jpg,jpg,00 - Torque Specs,090.jpg,raw/00 - Torque Specs/BMW_Torque_Specs.pdf
raw/00 - Torque Specs/BMW_Torque_Specs/090.jpg,jpg,BMW_Torque_Specs,090.jpg,
raw/00 - Torque Specs/BMW_Torque_Specs/091.jpg,jpg,00 - Torque Specs,091.jpg,raw/00 - Torque Specs/BMW_Torque_Specs.pdf
raw/00 - Torque Specs/BMW_Torque_Specs/091.jpg,jpg,BMW_Torque_Specs,091.jpg,
raw/00 - Torque Specs/BMW_Torque_Specs/092.jpg,jpg,00 - Torque Specs,092.jpg,raw/00 - Torque Specs/BMW_Torque_Specs.pdf
raw/00 - Torque Specs/BMW_Torque_Specs/092.jpg,jpg,BMW_Torque_Specs,092.jpg,
raw/00 - Torque Specs/BMW_Torque_Specs/093.jpg,jpg,00 - Torque Specs,093.jpg,raw/00 - Torque Specs/BMW_Torque_Specs.pdf
raw/00 - Torque Specs/BMW_Torque_Specs/093.jpg,jpg,BMW_Torque_Specs,093.jpg,
raw/00 - Torque Specs/BMW_Torque_Specs/094.jpg,jpg,00 - Torque Specs,094.jpg,raw/00 - Torque Specs/BMW_Torque_Specs.pdf
raw/00 - Torque Specs/BMW_Torque_Specs/094.jpg,jpg,BMW_Torque_Specs,094.jpg,
raw/00 - Torque Specs/BMW_Torque_Specs/095.jpg,jpg,00 - Torque Specs,095.jpg,raw/00 - Torque Specs/BMW_Torque_Specs.pdf
raw/00 - Torque Specs/BMW_Torque_Specs/095.jpg,jpg,BMW_Torque_Specs,095.jpg,
raw/00 - Torque Specs/BMW_Torque_Specs/096.jpg,jpg,00 - Torque Specs,096.jpg,raw/00 - Torque Specs/BMW_Torque_Specs.pdf
raw/00 - Torque Specs/BMW_Torque_Specs/096.jpg,jpg,BMW_Torque_Specs,096.jpg,
raw/00 - Torque Specs/BMW_Torque_Specs/097.jpg,jpg,00 - Torque Specs,097.jpg,raw/00 - Torque Specs/BMW_Torque_Specs.pdf
raw/00 - Torque Specs/BMW_Torque_Specs/097.jpg,jpg,BMW_Torque_Specs,097.jpg,
raw/00 - Torque Specs/BMW_Torque_Specs/098.jpg,jpg,00 - Torque Specs,098.jpg,raw/00 - Torque Specs/BMW_Torque_Specs.pdf
raw/00 - Torque Specs/BMW_Torque_Specs/098.jpg,jpg,BMW_Torque_Specs,098.jpg,
raw/00 - Torque Specs/BMW_Torque_Specs/099.jpg,jpg,00 - Torque Specs,099.jpg,raw/00 - Torque Specs/BMW_Torque_Specs.pdf
raw/00 - Torque Specs/BMW_Torque_Specs/099.jpg,jpg,BMW_Torque_Specs,099.jpg,
raw/00 - Torque Specs/BMW_Torque_Specs/100.jpg,jpg,00 - Torque Specs,100.jpg,raw/00 - Torque Specs/BMW_Torque_Specs.pdf
raw/00 - Torque Specs/BMW_Torque_Specs/100.jpg,jpg,BMW_Torque_Specs,100.jpg,
raw/00 - Torque Specs/BMW_Torque_Specs/101.jpg,jpg,00 - Torque Specs,101.jpg,raw/00 - Torque Specs/BMW_Torque_Specs.pdf
raw/00 - Torque Specs/BMW_Torque_Specs/101.jpg,jpg,BMW_Torque_Specs,101.jpg,
raw/00 - Torque Specs/BMW_Torque_Specs/102.jpg,jpg,00 - Torque Specs,102.jpg,raw/00 - Torque Specs/BMW_Torque_Specs.pdf
raw/00 - Torque Specs/BMW_Torque_Specs/102.jpg,jpg,BMW_Torque_Specs,102.jpg,
raw/00 - Torque Specs/BMW_Torque_Specs/103.jpg,jpg,00 - Torque Specs,103.jpg,raw/00 - Torque Specs/BMW_Torque_Specs.pdf
raw/00 - Torque Specs/BMW_Torque_Specs/103.jpg,jpg,BMW_Torque_Specs,103.jpg,
raw/00 - Torque Specs/BMW_Torque_Specs/104.jpg,jpg,00 - Torque Specs,104.jpg,raw/00 - Torque Specs/BMW_Torque_Specs.pdf
raw/00 - Torque Specs/BMW_Torque_Specs/104.jpg,jpg,BMW_Torque_Specs,104.jpg,
raw/00 - Torque Specs/BMW_Torque_Specs/105.jpg,jpg,00 - Torque Specs,105.jpg,raw/00 - Torque Specs/BMW_Torque_Specs.pdf
raw/00 - Torque Specs/BMW_Torque_Specs/105.jpg,jpg,BMW_Torque_Specs,105.jpg,
raw/00 - Torque Specs/BMW_Torque_Specs/106.jpg,jpg,00 - Torque Specs,106.jpg,raw/00 - Torque Specs/BMW_Torque_Specs.pdf
raw/00 - Torque Specs/BMW_Torque_Specs/106.jpg,jpg,BMW_Torque_Specs,106.jpg,
raw/00 - Torque Specs/BMW_Torque_Specs/107.jpg,jpg,00 - Torque Specs,107.jpg,raw/00 - Torque Specs/BMW_Torque_Specs.pdf
raw/00 - Torque Specs/BMW_Torque_Specs/107.jpg,jpg,BMW_Torque_Specs,107.jpg,
raw/00 - Torque Specs/BMW_Torque_Specs/108.jpg,jpg,00 - Torque Specs,108.jpg,raw/00 - Torque Specs/BMW_Torque_Specs.pdf
raw/00 - Torque Specs/BMW_Torque_Specs/108.jpg,jpg,BMW_Torque_Specs,108.jpg,
raw/00 - Torque Specs/BMW_Torque_Specs/109.jpg,jpg,00 - Torque Specs,109.jpg,raw/00 - Torque Specs/BMW_Torque_Specs.pdf
raw/00 - Torque Specs/BMW_Torque_Specs/109.jpg,jpg,BMW_Torque_Specs,109.jpg,
raw/00 - Torque Specs/BMW_Torque_Specs/110.jpg,jpg,00 - Torque Specs,110.jpg,raw/00 - Torque Specs/BMW_Torque_Specs.pdf
raw/00 - Torque Specs/BMW_Torque_Specs/110.jpg,jpg,BMW_Torque_Specs,110.jpg,
raw/00 - Torque Specs/BMW_Torque_Specs/111.jpg,jpg,00 - Torque Specs,111.jpg,raw/00 - Torque Specs/BMW_Torque_Specs.pdf
raw/00 - Torque Specs/BMW_Torque_Specs/111.jpg,jpg,BMW_Torque_Specs,111.jpg,
raw/00 - Torque Specs/BMW_Torque_Specs/112.jpg,jpg,00 - Torque Specs,112.jpg,raw/00 - Torque Specs/BMW_Torque_Specs.pdf
raw/00 - Torque Specs/BMW_Torque_Specs/112.jpg,jpg,BMW_Torque_Specs,112.jpg,
raw/00 - Torque Specs/BMW_Torque_Specs/113.jpg,jpg,00 - Torque Specs,113.jpg,raw/00 - Torque Specs/BMW_Torque_Specs.pdf
raw/00 - Torque Specs/BMW_Torque_Specs/113.jpg,jpg,BMW_Torque_Specs,113.jpg,
raw/00 - Torque Specs/BMW_Torque_Specs/114.jpg,jpg,00 - Torque Specs,114.jpg,raw/00 - Torque Specs/BMW_Torque_Specs.pdf
raw/00 - Torque Specs/BMW_Torque_Specs/114.jpg,jpg,BMW_Torque_Specs,114.jpg,
raw/00 - Torque Specs/BMW_Torque_Specs/115.jpg,jpg,00 - Torque Specs,115.jpg,raw/00 - Torque Specs/BMW_Torque_Specs.pdf
raw/00 - Torque Specs/BMW_Torque_Specs/115.jpg,jpg,BMW_Torque_Specs,115.jpg,
raw/00 - Torque Specs/BMW_Torque_Specs/116.jpg,jpg,00 - Torque Specs,116.jpg,raw/00 - Torque Specs/BMW_Torque_Specs.pdf
raw/00 - Torque Specs/BMW_Torque_Specs/116.jpg,jpg,BMW_Torque_Specs,116.jpg,
raw/00 - Torque Specs/BMW_Torque_Specs/117.jpg,jpg,00 - Torque Specs,117.jpg,raw/00 - Torque Specs/BMW_Torque_Specs.pdf
raw/00 - Torque Specs/BMW_Torque_Specs/117.jpg,jpg,BMW_Torque_Specs,117.jpg,
raw/00 - Torque Specs/BMW_Torque_Specs/118.jpg,jpg,00 - Torque Specs,118.jpg,raw/00 - Torque Specs/BMW_Torque_Specs.pdf
raw/00 - Torque Specs/BMW_Torque_Specs/118.jpg,jpg,BMW_Torque_Specs,118.jpg,
raw/00 - Torque Specs/BMW_Torque_Specs/119.jpg,jpg,00 - Torque Specs,119.jpg,raw/00 - Torque Specs/BMW_Torque_Specs.pdf
raw/00 - Torque Specs/BMW_Torque_Specs/119.jpg,jpg,BMW_Torque_Specs,119.jpg,
raw/00 - Torque Specs/BMW_Torque_Specs/120.jpg,jpg,00 - Torque Specs,120.jpg,raw/00 - Torque Specs/BMW_Torque_Specs.pdf
raw/00 - Torque Specs/BMW_Torque_Specs/120.jpg,jpg,BMW_Torque_Specs,120.jpg,
raw/00 - Torque Specs/BMW_Torque_Specs/121.jpg,jpg,00 - Torque Specs,121.jpg,raw/00 - Torque Specs/BMW_Torque_Specs.pdf
raw/00 - Torque Specs/BMW_Torque_Specs/121.jpg,jpg,BMW_Torque_Specs,121.jpg,
raw/00 - Torque Specs/BMW_Torque_Specs/122.jpg,jpg,00 - Torque Specs,122.jpg,raw/00 - Torque Specs/BMW_Torque_Specs.pdf
raw/00 - Torque Specs/BMW_Torque_Specs/122.jpg,jpg,BMW_Torque_Specs,122.jpg,
raw/00 - Torque Specs/BMW_Torque_Specs/123.jpg,jpg,00 - Torque Specs,123.jpg,raw/00 - Torque Specs/BMW_Torque_Specs.pdf
raw/00 - Torque Specs/BMW_Torque_Specs/123.jpg,jpg,BMW_Torque_Specs,123.jpg,
raw/00 - Torque Specs/BMW_Torque_Specs/124.jpg,jpg,00 - Torque Specs,124.jpg,raw/00 - Torque Specs/BMW_Torque_Specs.pdf
raw/00 - Torque Specs/BMW_Torque_Specs/124.jpg,jpg,BMW_Torque_Specs,124.jpg,
raw/00 - Torque Specs/BMW_Torque_Specs/125.jpg,jpg,00 - Torque Specs,125.jpg,raw/00 - Torque Specs/BMW_Torque_Specs.pdf
raw/00 - Torque Specs/BMW_Torque_Specs/125.jpg,jpg,BMW_Torque_Specs,125.jpg,
raw/00 - Torque Specs/BMW_Torque_Specs/126.jpg,jpg,00 - Torque Specs,126.jpg,raw/00 - Torque Specs/BMW_Torque_Specs.pdf
raw/00 - Torque Specs/BMW_Torque_Specs/126.jpg,jpg,BMW_Torque_Specs,126.jpg,
raw/00 - Torque Specs/BMW_Torque_Specs/127.jpg,jpg,00 - Torque Specs,127.jpg,raw/00 - Torque Specs/BMW_Torque_Specs.pdf
raw/00 - Torque Specs/BMW_Torque_Specs/127.jpg,jpg,BMW_Torque_Specs,127.jpg,
raw/00 - Torque Specs/BMW_Torque_Specs/128.jpg,jpg,00 - Torque Specs,128.jpg,raw/00 - Torque Specs/BMW_Torque_Specs.pdf
raw/00 - Torque Specs/BMW_Torque_Specs/128.jpg,jpg,BMW_Torque_Specs,128.jpg,
raw/00 - Torque Specs/BMW_Torque_Specs/129.jpg,jpg,00 - Torque Specs,129.jpg,raw/00 - Torque Specs/BMW_Torque_Specs.pdf
raw/00 - Torque Specs/BMW_Torque_Specs/129.jpg,jpg,BMW_Torque_Specs,129.jpg,
raw/00 - Torque Specs/BMW_Torque_Specs/130.jpg,jpg,00 - Torque Specs,130.jpg,raw/00 - Torque Specs/BMW_Torque_Specs.pdf
raw/00 - Torque Specs/BMW_Torque_Specs/130.jpg,jpg,BMW_Torque_Specs,130.jpg,
raw/00 - Torque Specs/BMW_Torque_Specs/131.jpg,jpg,00 - Torque Specs,131.jpg,raw/00 - Torque Specs/BMW_Torque_Specs.pdf
raw/00 - Torque Specs/BMW_Torque_Specs/131.jpg,jpg,BMW_Torque_Specs,131.jpg,
raw/00 - Torque Specs/BMW_Torque_Specs/132.jpg,jpg,00 - Torque Specs,132.jpg,raw/00 - Torque Specs/BMW_Torque_Specs.pdf
raw/00 - Torque Specs/BMW_Torque_Specs/132.jpg,jpg,BMW_Torque_Specs,132.jpg,
raw/00 - Torque Specs/BMW_Torque_Specs/133.jpg,jpg,00 - Torque Specs,133.jpg,raw/00 - Torque Specs/BMW_Torque_Specs.pdf
raw/00 - Torque Specs/BMW_Torque_Specs/133.jpg,jpg,BMW_Torque_Specs,133.jpg,
raw/00 - Torque Specs/BMW_Torque_Specs/134.jpg,jpg,00 - Torque Specs,134.jpg,raw/00 - Torque Specs/BMW_Torque_Specs.pdf
raw/00 - Torque Specs/BMW_Torque_Specs/134.jpg,jpg,BMW_Torque_Specs,134.jpg,
raw/00 - Torque Specs/BMW_Torque_Specs/135.jpg,jpg,00 - Torque Specs,135.jpg,raw/00 - Torque Specs/BMW_Torque_Specs.pdf
raw/00 - Torque Specs/BMW_Torque_Specs/135.jpg,jpg,BMW_Torque_Specs,135.jpg,
raw/00 - Torque Specs/BMW_Torque_Specs/136.jpg,jpg,00 - Torque Specs,136.jpg,raw/00 - Torque Specs/BMW_Torque_Specs.pdf
raw/00 - Torque Specs/BMW_Torque_Specs/136.jpg,jpg,BMW_Torque_Specs,136.jpg,
raw/00 - Torque Specs/index.html,html,00 - Torque Specs,index.html,
raw/11 - Engine/11-00-index-a.jpg,jpg,11 - Engine,11-00-index-a.jpg,
raw/11 - Engine/11-00-index-b.jpg,jpg,11 - Engine,11-00-index-b.jpg,
raw/11 - Engine/11-00-index-c.jpg,jpg,11 - Engine,11-00-index-c.jpg,
raw/11 - Engine/11-100.jpg,jpg,11 - Engine,11-100.jpg,
raw/11 - Engine/11-101.jpg,jpg,11 - Engine,11-101.jpg,
raw/11 - Engine/11-102.jpg,jpg,11 - Engine,11-102.jpg,
raw/11 - Engine/11-103.jpg,jpg,11 - Engine,11-103.jpg,
raw/11 - Engine/11-104.jpg,jpg,11 - Engine,11-104.jpg,
raw/11 - Engine/11-105.jpg,jpg,11 - Engine,11-105.jpg,
raw/11 - Engine/11-106.jpg,jpg,11 - Engine,11-106.jpg,
raw/11 - Engine/11-107.jpg,jpg,11 - Engine,11-107.jpg,
raw/11 - Engine/11-108.jpg,jpg,11 - Engine,11-108.jpg,
raw/11 - Engine/11-109.jpg,jpg,11 - Engine,11-109.jpg,
raw/11 - Engine/11-50.jpg,jpg,11 - Engine,11-50.jpg,
raw/11 - Engine/11-51.jpg,jpg,11 - Engine,11-51.jpg,
raw/11 - Engine/11-52.jpg,jpg,11 - Engine,11-52.jpg,
raw/11 - Engine/11-52a.jpg,jpg,11 - Engine,11-52a.jpg,
raw/11 - Engine/11-52b.jpg,jpg,11 - Engine,11-52b.jpg,
raw/11 - Engine/11-53.jpg,jpg,11 - Engine,11-53.jpg,
raw/11 - Engine/11-53a.jpg,jpg,11 - Engine,11-53a.jpg,
raw/11 - Engine/11-53b.jpg,jpg,11 - Engine,11-53b.jpg,
raw/11 - Engine/11-53c.jpg,jpg,11 - Engine,11-53c.jpg,
raw/11 - Engine/11-54.jpg,jpg,11 - Engine,11-54.jpg,
raw/11 - Engine/11-55.jpg,jpg,11 - Engine,11-55.jpg,
raw/11 - Engine/11-55a.jpg,jpg,11 - Engine,11-55a.jpg,
raw/11 - Engine/11-56.jpg,jpg,11 - Engine,11-56.jpg,
raw/11 - Engine/11-57.jpg,jpg,11 - Engine,11-57.jpg,
raw/11 - Engine/11-58.jpg,jpg,11 - Engine,11-58.jpg,
raw/11 - Engine/11-60.jpg,jpg,11 - Engine,11-60.jpg,
raw/11 - Engine/11-61.jpg,jpg,11 - Engine,11-61.jpg,
raw/11 - Engine/11-61a.jpg,jpg,11 - Engine,11-61a.jpg,
raw/11 - Engine/11-61b.jpg,jpg,11 - Engine,11-61b.jpg,
raw/11 - Engine/11-62.jpg,jpg,11 - Engine,11-62.jpg,
raw/11 - Engine/11-63.jpg,jpg,11 - Engine,11-63.jpg,
raw/11 - Engine/11-64.jpg,jpg,11 - Engine,11-64.jpg,
raw/11 - Engine/11-65.jpg,jpg,11 - Engine,11-65.jpg,
raw/11 - Engine/11-66.jpg,jpg,11 - Engine,11-66.jpg,
raw/11 - Engine/11-67.jpg,jpg,11 - Engine,11-67.jpg,
raw/11 - Engine/11-68.jpg,jpg,11 - Engine,11-68.jpg,
raw/11 - Engine/11-69.jpg,jpg,11 - Engine,11-69.jpg,
raw/11 - Engine/11-70.jpg,jpg,11 - Engine,11-70.jpg,
raw/11 - Engine/11-71.jpg,jpg,11 - Engine,11-71.jpg,
raw/11 - Engine/11-72.jpg,jpg,11 - Engine,11-72.jpg,
raw/11 - Engine/11-73.jpg,jpg,11 - Engine,11-73.jpg,
raw/11 - Engine/11-74.jpg,jpg,11 - Engine,11-74.jpg,
raw/11 - Engine/11-75.jpg,jpg,11 - Engine,11-75.jpg,
raw/11 - Engine/11-76.jpg,jpg,11 - Engine,11-76.jpg,
raw/11 - Engine/11-77.jpg,jpg,11 - Engine,11-77.jpg,
raw/11 - Engine/11-78.jpg,jpg,11 - Engine,11-78.jpg,
raw/11 - Engine/11-78b.jpg,jpg,11 - Engine,11-78b.jpg,
raw/11 - Engine/11-79.jpg,jpg,11 - Engine,11-79.jpg,
raw/11 - Engine/index.html,html,11 - Engine,index.html,
raw/12 - Engine Electrical Equipment/12-00-index-a.jpg,jpg,12 - Engine Electrical Equipment,12-00-index-a.jpg,
raw/12 - Engine Electrical Equipment/12-00-index-b.jpg,jpg,12 - Engine Electrical Equipment,12-00-index-b.jpg,
raw/12 - Engine Electrical Equipment/12-00-index-c.jpg,jpg,12 - Engine Electrical Equipment,12-00-index-c.jpg,
raw/12 - Engine Electrical Equipment/12-00-index-d.jpg,jpg,12 - Engine Electrical Equipment,12-00-index-d.jpg,
raw/12 - Engine Electrical Equipment/12-00-index-e.jpg,jpg,12 - Engine Electrical Equipment,12-00-index-e.jpg,
raw/12 - Engine Electrical Equipment/12-00.jpg,jpg,12 - Engine Electrical Equipment,12-00.jpg,
raw/12 - Engine Electrical Equipment/12-01.jpg,jpg,12 - Engine Electrical Equipment,12-01.jpg,
raw/12 - Engine Electrical Equipment/12-01a.jpg,jpg,12 - Engine Electrical Equipment,12-01a.jpg,
raw/12 - Engine Electrical Equipment/12-02.jpg,jpg,12 - Engine Electrical Equipment,12-02.jpg,
raw/12 - Engine Electrical Equipment/12-03.jpg,jpg,12 - Engine Electrical Equipment,12-03.jpg,
raw/12 - Engine Electrical Equipment/12-04.jpg,jpg,12 - Engine Electrical Equipment,12-04.jpg,
raw/12 - Engine Electrical Equipment/12-05.jpg,jpg,12 - Engine Electrical Equipment,12-05.jpg,
raw/12 - Engine Electrical Equipment/12-06.jpg,jpg,12 - Engine Electrical Equipment,12-06.jpg,
raw/12 - Engine Electrical Equipment/12-07.jpg,jpg,12 - Engine Electrical Equipment,12-07.jpg,
raw/12 - Engine Electrical Equipment/12-08.jpg,jpg,12 - Engine Electrical Equipment,12-08.jpg,
raw/12 - Engine Electrical Equipment/12-09.jpg,jpg,12 - Engine Electrical Equipment,12-09.jpg,
raw/12 - Engine Electrical Equipment/12-10.jpg,jpg,12 - Engine Electrical Equipment,12-10.jpg,
raw/12 - Engine Electrical Equipment/12-100.jpg,jpg,12 - Engine Electrical Equipment,12-100.jpg,
raw/12 - Engine Electrical Equipment/12-101.jpg,jpg,12 - Engine Electrical Equipment,12-101.jpg,
raw/12 - Engine Electrical Equipment/12-102.jpg,jpg,12 - Engine Electrical Equipment,12-102.jpg,
raw/12 - Engine Electrical Equipment/12-103.jpg,jpg,12 - Engine Electrical Equipment,12-103.jpg,
raw/12 - Engine Electrical Equipment/12-104.jpg,jpg,12 - Engine Electrical Equipment,12-104.jpg,
raw/12 - Engine Electrical Equipment/12-105.jpg,jpg,12 - Engine Electrical Equipment,12-105.jpg,
raw/12 - Engine Electrical Equipment/12-106.jpg,jpg,12 - Engine Electrical Equipment,12-106.jpg,
raw/12 - Engine Electrical Equipment/12-107.jpg,jpg,12 - Engine Electrical Equipment,12-107.jpg,
raw/12 - Engine Electrical Equipment/12-107_1.jpg,jpg,12 - Engine Electrical Equipment,12-107_1.jpg,
raw/12 - Engine Electrical Equipment/12-107_2.jpg,jpg,12 - Engine Electrical Equipment,12-107_2.jpg,
raw/12 - Engine Electrical Equipment/12-107_3.jpg,jpg,12 - Engine Electrical Equipment,12-107_3.jpg,
raw/12 - Engine Electrical Equipment/12-107_4.jpg,jpg,12 - Engine Electrical Equipment,12-107_4.jpg,
raw/12 - Engine Electrical Equipment/12-107a.jpg,jpg,12 - Engine Electrical Equipment,12-107a.jpg,
raw/12 - Engine Electrical Equipment/12-108.jpg,jpg,12 - Engine Electrical Equipment,12-108.jpg,
raw/12 - Engine Electrical Equipment/12-108_1.jpg,jpg,12 - Engine Electrical Equipment,12-108_1.jpg,
raw/12 - Engine Electrical Equipment/12-110.jpg,jpg,12 - Engine Electrical Equipment,12-110.jpg,
raw/12 - Engine Electrical Equipment/12-111.jpg,jpg,12 - Engine Electrical Equipment,12-111.jpg,
raw/12 - Engine Electrical Equipment/12-112.jpg,jpg,12 - Engine Electrical Equipment,12-112.jpg,
raw/12 - Engine Electrical Equipment/12-112_2.jpg,jpg,12 - Engine Electrical Equipment,12-112_2.jpg,
raw/12 - Engine Electrical Equipment/12-112_3.jpg,jpg,12 - Engine Electrical Equipment,12-112_3.jpg,
raw/12 - Engine Electrical Equipment/12-113.jpg,jpg,12 - Engine Electrical Equipment,12-113.jpg,
raw/12 - Engine Electrical Equipment/12-114.jpg,jpg,12 - Engine Electrical Equipment,12-114.jpg,
raw/12 - Engine Electrical Equipment/12-114_1.jpg,jpg,12 - Engine Electrical Equipment,12-114_1.jpg,
raw/12 - Engine Electrical Equipment/12-115.jpg,jpg,12 - Engine Electrical Equipment,12-115.jpg,
raw/12 - Engine Electrical Equipment/12-130.jpg,jpg,12 - Engine Electrical Equipment,12-130.jpg,
raw/12 - Engine Electrical Equipment/12-131.jpg,jpg,12 - Engine Electrical Equipment,12-131.jpg,
raw/12 - Engine Electrical Equipment/12-132.jpg,jpg,12 - Engine Electrical Equipment,12-132.jpg,
raw/12 - Engine Electrical Equipment/12-132_1.jpg,jpg,12 - Engine Electrical Equipment,12-132_1.jpg,
raw/12 - Engine Electrical Equipment/12-132_2.jpg,jpg,12 - Engine Electrical Equipment,12-132_2.jpg,
raw/12 - Engine Electrical Equipment/12-133.jpg,jpg,12 - Engine Electrical Equipment,12-133.jpg,
raw/12 - Engine Electrical Equipment/12-134.jpg,jpg,12 - Engine Electrical Equipment,12-134.jpg,
raw/12 - Engine Electrical Equipment/12-135.jpg,jpg,12 - Engine Electrical Equipment,12-135.jpg,
raw/12 - Engine Electrical Equipment/12-140.jpg,jpg,12 - Engine Electrical Equipment,12-140.jpg,
raw/12 - Engine Electrical Equipment/12-141.jpg,jpg,12 - Engine Electrical Equipment,12-141.jpg,
raw/12 - Engine Electrical Equipment/12-142.jpg,jpg,12 - Engine Electrical Equipment,12-142.jpg,
raw/12 - Engine Electrical Equipment/12-142_1.jpg,jpg,12 - Engine Electrical Equipment,12-142_1.jpg,
raw/12 - Engine Electrical Equipment/12-142_2.jpg,jpg,12 - Engine Electrical Equipment,12-142_2.jpg,
raw/12 - Engine Electrical Equipment/12-142_3.jpg,jpg,12 - Engine Electrical Equipment,12-142_3.jpg,
raw/12 - Engine Electrical Equipment/12-143.jpg,jpg,12 - Engine Electrical Equipment,12-143.jpg,
raw/12 - Engine Electrical Equipment/12-143_1.jpg,jpg,12 - Engine Electrical Equipment,12-143_1.jpg,
raw/12 - Engine Electrical Equipment/12-143_2.jpg,jpg,12 - Engine Electrical Equipment,12-143_2.jpg,
raw/12 - Engine Electrical Equipment/12-150.jpg,jpg,12 - Engine Electrical Equipment,12-150.jpg,
raw/12 - Engine Electrical Equipment/12-151.jpg,jpg,12 - Engine Electrical Equipment,12-151.jpg,
raw/12 - Engine Electrical Equipment/12-152.jpg,jpg,12 - Engine Electrical Equipment,12-152.jpg,
raw/12 - Engine Electrical Equipment/12-153.jpg,jpg,12 - Engine Electrical Equipment,12-153.jpg,
raw/12 - Engine Electrical Equipment/12-154.jpg,jpg,12 - Engine Electrical Equipment,12-154.jpg,
raw/12 - Engine Electrical Equipment/12-154_1.jpg,jpg,12 - Engine Electrical Equipment,12-154_1.jpg,
raw/12 - Engine Electrical Equipment/12-155.jpg,jpg,12 - Engine Electrical Equipment,12-155.jpg,
raw/12 - Engine Electrical Equipment/12-160.jpg,jpg,12 - Engine Electrical Equipment,12-160.jpg,
raw/12 - Engine Electrical Equipment/12-20.jpg,jpg,12 - Engine Electrical Equipment,12-20.jpg,
raw/12 - Engine Electrical Equipment/12-200.jpg,jpg,12 - Engine Electrical Equipment,12-200.jpg,
raw/12 - Engine Electrical Equipment/12-21.jpg,jpg,12 - Engine Electrical Equipment,12-21.jpg,
raw/12 - Engine Electrical Equipment/12-22.jpg,jpg,12 - Engine Electrical Equipment,12-22.jpg,
raw/12 - Engine Electrical Equipment/12-23.jpg,jpg,12 - Engine Electrical Equipment,12-23.jpg,
raw/12 - Engine Electrical Equipment/12-24.jpg,jpg,12 - Engine Electrical Equipment,12-24.jpg,
raw/12 - Engine Electrical Equipment/12-40.jpg,jpg,12 - Engine Electrical Equipment,12-40.jpg,
raw/12 - Engine Electrical Equipment/12-41.jpg,jpg,12 - Engine Electrical Equipment,12-41.jpg,
raw/12 - Engine Electrical Equipment/12-42.jpg,jpg,12 - Engine Electrical Equipment,12-42.jpg,
raw/12 - Engine Electrical Equipment/12-43.jpg,jpg,12 - Engine Electrical Equipment,12-43.jpg,
raw/12 - Engine Electrical Equipment/12-44.jpg,jpg,12 - Engine Electrical Equipment,12-44.jpg,
raw/12 - Engine Electrical Equipment/12-45.jpg,jpg,12 - Engine Electrical Equipment,12-45.jpg,
raw/12 - Engine Electrical Equipment/12-46.jpg,jpg,12 - Engine Electrical Equipment,12-46.jpg,
raw/12 - Engine Electrical Equipment/12-50.jpg,jpg,12 - Engine Electrical Equipment,12-50.jpg,
raw/12 - Engine Electrical Equipment/12-51.jpg,jpg,12 - Engine Electrical Equipment,12-51.jpg,
raw/12 - Engine Electrical Equipment/12-52.jpg,jpg,12 - Engine Electrical Equipment,12-52.jpg,
raw/12 - Engine Electrical Equipment/12-53.jpg,jpg,12 - Engine Electrical Equipment,12-53.jpg,
raw/12 - Engine Electrical Equipment/index.html,html,12 - Engine Electrical Equipment,index.html,
raw/13 - Fuel System/13-00-index-a.jpg,jpg,13 - Fuel System,13-00-index-a.jpg,
raw/13 - Fuel System/13-613.jpg,jpg,13 - Fuel System,13-613.jpg,
raw/13 - Fuel System/13-620.jpg,jpg,13 - Fuel System,13-620.jpg,
raw/13 - Fuel System/13-621.jpg,jpg,13 - Fuel System,13-621.jpg,
raw/13 - Fuel System/13-622.jpg,jpg,13 - Fuel System,13-622.jpg,
raw/13 - Fuel System/13-626.jpg,jpg,13 - Fuel System,13-626.jpg,
raw/13 - Fuel System/13-627.jpg,jpg,13 - Fuel System,13-627.jpg,
raw/13 - Fuel System/13-629.jpg,jpg,13 - Fuel System,13-629.jpg,
raw/13 - Fuel System/13-630.jpg,jpg,13 - Fuel System,13-630.jpg,
raw/13 - Fuel System/13-631.jpg,jpg,13 - Fuel System,13-631.jpg,
raw/13 - Fuel System/13-632.jpg,jpg,13 - Fuel System,13-632.jpg,
raw/13 - Fuel System/13-640.jpg,jpg,13 - Fuel System,13-640.jpg,
raw/13 - Fuel System/13-641.jpg,jpg,13 - Fuel System,13-641.jpg,
raw/13 - Fuel System/13-642.jpg,jpg,13 - Fuel System,13-642.jpg,
raw/13 - Fuel System/13-643.jpg,jpg,13 - Fuel System,13-643.jpg,
raw/13 - Fuel System/13-700.jpg,jpg,13 - Fuel System,13-700.jpg,
raw/13 - Fuel System/13-700a.jpg,jpg,13 - Fuel System,13-700a.jpg,
raw/13 - Fuel System/13-701.jpg,jpg,13 - Fuel System,13-701.jpg,
raw/13 - Fuel System/13-702.jpg,jpg,13 - Fuel System,13-702.jpg,
raw/13 - Fuel System/13-703.jpg,jpg,13 - Fuel System,13-703.jpg,
raw/13 - Fuel System/13-710.jpg,jpg,13 - Fuel System,13-710.jpg,
raw/13 - Fuel System/13-713.jpg,jpg,13 - Fuel System,13-713.jpg,
raw/13 - Fuel System/13-720.jpg,jpg,13 - Fuel System,13-720.jpg,
raw/13 - Fuel System/13-730.jpg,jpg,13 - Fuel System,13-730.jpg,
raw/13 - Fuel System/13-731.jpg,jpg,13 - Fuel System,13-731.jpg,
raw/13 - Fuel System/13-732.jpg,jpg,13 - Fuel System,13-732.jpg,
raw/13 - Fuel System/13-750.jpg,jpg,13 - Fuel System,13-750.jpg,
raw/13 - Fuel System/13-760.jpg,jpg,13 - Fuel System,13-760.jpg,
raw/13 - Fuel System/13-762.jpg,jpg,13 - Fuel System,13-762.jpg,
raw/13 - Fuel System/13-771.jpg,jpg,13 - Fuel System,13-771.jpg,
raw/13 - Fuel System/13-781.jpg,jpg,13 - Fuel System,13-781.jpg,
raw/13 - Fuel System/13-800.jpg,jpg,13 - Fuel System,13-800.jpg,
raw/13 - Fuel System/13-801.jpg,jpg,13 - Fuel System,13-801.jpg,
raw/13 - Fuel System/13-802.jpg,jpg,13 - Fuel System,13-802.jpg,
raw/13 - Fuel System/13-803.jpg,jpg,13 - Fuel System,13-803.jpg,
raw/13 - Fuel System/13-804.jpg,jpg,13 - Fuel System,13-804.jpg,
raw/13 - Fuel System/13-805.jpg,jpg,13 - Fuel System,13-805.jpg,
raw/13 - Fuel System/13-806.jpg,jpg,13 - Fuel System,13-806.jpg,
raw/13 - Fuel System/13-810.jpg,jpg,13 - Fuel System,13-810.jpg,
raw/13 - Fuel System/13-811.jpg,jpg,13 - Fuel System,13-811.jpg,
raw/13 - Fuel System/13-812.jpg,jpg,13 - Fuel System,13-812.jpg,
raw/13 - Fuel System/13-813.jpg,jpg,13 - Fuel System,13-813.jpg,
raw/13 - Fuel System/13-814.jpg,jpg,13 - Fuel System,13-814.jpg,
raw/13 - Fuel System/13-815.jpg,jpg,13 - Fuel System,13-815.jpg,
raw/13 - Fuel System/13-816.jpg,jpg,13 - Fuel System,13-816.jpg,
raw/13 - Fuel System/13-850.jpg,jpg,13 - Fuel System,13-850.jpg,
raw/13 - Fuel System/13-851.jpg,jpg,13 - Fuel System,13-851.jpg,
raw/13 - Fuel System/13-852.jpg,jpg,13 - Fuel System,13-852.jpg,
raw/13 - Fuel System/13-853.jpg,jpg,13 - Fuel System,13-853.jpg,
raw/13 - Fuel System/13-854.jpg,jpg,13 - Fuel System,13-854.jpg,
raw/13 - Fuel System/13-855.jpg,jpg,13 - Fuel System,13-855.jpg,
raw/13 - Fuel System/13-856.jpg,jpg,13 - Fuel System,13-856.jpg,
raw/13 - Fuel System/13-900.jpg,jpg,13 - Fuel System,13-900.jpg,
raw/13 - Fuel System/13-901.jpg,jpg,13 - Fuel System,13-901.jpg,
raw/13 - Fuel System/13-902.jpg,jpg,13 - Fuel System,13-902.jpg,
raw/13 - Fuel System/13-903.jpg,jpg,13 - Fuel System,13-903.jpg,
raw/13 - Fuel System/13-904.jpg,jpg,13 - Fuel System,13-904.jpg,
raw/13 - Fuel System/13-906.jpg,jpg,13 - Fuel System,13-906.jpg,
raw/13 - Fuel System/13-907.jpg,jpg,13 - Fuel System,13-907.jpg,
raw/13 - Fuel System/13-908.jpg,jpg,13 - Fuel System,13-908.jpg,
raw/13 - Fuel System/13-909.jpg,jpg,13 - Fuel System,13-909.jpg,
raw/13 - Fuel System/13-910.jpg,jpg,13 - Fuel System,13-910.jpg,
raw/13 - Fuel System/13-911.jpg,jpg,13 - Fuel System,13-911.jpg,
raw/13 - Fuel System/13-912.jpg,jpg,13 - Fuel System,13-912.jpg,
raw/13 - Fuel System/13-932.jpg,jpg,13 - Fuel System,13-932.jpg,
raw/13 - Fuel System/index.html,html,13 - Fuel System,index.html,
raw/16 - Fuel Tank and Lines/16-00-index-a.jpg,jpg,16 - Fuel Tank and Lines,16-00-index-a.jpg,
raw/16 - Fuel Tank and Lines/16-00.jpg,jpg,16 - Fuel Tank and Lines,16-00.jpg,
raw/16 - Fuel Tank and Lines/16-01.jpg,jpg,16 - Fuel Tank and Lines,16-01.jpg,
raw/16 - Fuel Tank and Lines/16-02.jpg,jpg,16 - Fuel Tank and Lines,16-02.jpg,
raw/16 - Fuel Tank and Lines/16-03.jpg,jpg,16 - Fuel Tank and Lines,16-03.jpg,
raw/16 - Fuel Tank and Lines/16-04.jpg,jpg,16 - Fuel Tank and Lines,16-04.jpg,
raw/16 - Fuel Tank and Lines/16-05.jpg,jpg,16 - Fuel Tank and Lines,16-05.jpg,
raw/16 - Fuel Tank and Lines/16-06.jpg,jpg,16 - Fuel Tank and Lines,16-06.jpg,
raw/16 - Fuel Tank and Lines/16-07.jpg,jpg,16 - Fuel Tank and Lines,16-07.jpg,
raw/16 - Fuel Tank and Lines/16-08.jpg,jpg,16 - Fuel Tank and Lines,16-08.jpg,
raw/16 - Fuel Tank and Lines/16-09.jpg,jpg,16 - Fuel Tank and Lines,16-09.jpg,
raw/16 - Fuel Tank and Lines/16-10.jpg,jpg,16 - Fuel Tank and Lines,16-10.jpg,
raw/16 - Fuel Tank and Lines/16-11.jpg,jpg,16 - Fuel Tank and Lines,16-11.jpg,
raw/16 - Fuel Tank and Lines/index.html,html,16 - Fuel Tank and Lines,index.html,
raw/17 - Radiator/17-00-index-a.jpg,jpg,17 - Radiator,17-00-index-a.jpg,
raw/17 - Radiator/17-01.jpg,jpg,17 - Radiator,17-01.jpg,
raw/17 - Radiator/17-02.jpg,jpg,17 - Radiator,17-02.jpg,
raw/17 - Radiator/17-03.jpg,jpg,17 - Radiator,17-03.jpg,
raw/17 - Radiator/17-04.jpg,jpg,17 - Radiator,17-04.jpg,
raw/17 - Radiator/17-04_1.jpg,jpg,17 - Radiator,17-04_1.jpg,
raw/17 - Radiator/17-05.jpg,jpg,17 - Radiator,17-05.jpg,
raw/17 - Radiator/17-06.jpg,jpg,17 - Radiator,17-06.jpg,
raw/17 - Radiator/17-06_1.jpg,jpg,17 - Radiator,17-06_1.jpg,
raw/17 - Radiator/17-07.jpg,jpg,17 - Radiator,17-07.jpg,
raw/17 - Radiator/index.html,html,17 - Radiator,index.html,
raw/18 - Exhaust System/18-00-index-a.jpg,jpg,18 - Exhaust System,18-00-index-a.jpg,
raw/18 - Exhaust System/18-01.jpg,jpg,18 - Exhaust System,18-01.jpg,
raw/18 - Exhaust System/18-02.jpg,jpg,18 - Exhaust System,18-02.jpg,
raw/18 - Exhaust System/18-03.jpg,jpg,18 - Exhaust System,18-03.jpg,
raw/18 - Exhaust System/18-04.jpg,jpg,18 - Exhaust System,18-04.jpg,
raw/18 - Exhaust System/18-05.jpg,jpg,18 - Exhaust System,18-05.jpg,
raw/18 - Exhaust System/18-06.jpg,jpg,18 - Exhaust System,18-06.jpg,
raw/18 - Exhaust System/18-07.jpg,jpg,18 - Exhaust System,18-07.jpg,
raw/18 - Exhaust System/18-08.jpg,jpg,18 - Exhaust System,18-08.jpg,
raw/18 - Exhaust System/18-09.jpg,jpg,18 - Exhaust System,18-09.jpg,
raw/18 - Exhaust System/index.html,html,18 - Exhaust System,index.html,
raw/1990 BMW M3 Electrical Troubleshooting Manual/00-00-cover.jpg,jpg,1990 BMW M3 Electrical Troubleshooting Manual,00-00-cover.jpg,
raw/1990 BMW M3 Electrical Troubleshooting Manual/00-00-foreword.jpg,jpg,1990 BMW M3 Electrical Troubleshooting Manual,00-00-foreword.jpg,
raw/1990 BMW M3 Electrical Troubleshooting Manual/00-01-index-a.jpg,jpg,1990 BMW M3 Electrical Troubleshooting Manual,00-01-index-a.jpg,
raw/1990 BMW M3 Electrical Troubleshooting Manual/00-02-index-b.jpg,jpg,1990 BMW M3 Electrical Troubleshooting Manual,00-02-index-b.jpg,
raw/1990 BMW M3 Electrical Troubleshooting Manual/00-03.jpg,jpg,1990 BMW M3 Electrical Troubleshooting Manual,00-03.jpg,
raw/1990 BMW M3 Electrical Troubleshooting Manual/00-04.jpg,jpg,1990 BMW M3 Electrical Troubleshooting Manual,00-04.jpg,
raw/1990 BMW M3 Electrical Troubleshooting Manual/00-05.jpg,jpg,1990 BMW M3 Electrical Troubleshooting Manual,00-05.jpg,
raw/1990 BMW M3 Electrical Troubleshooting Manual/00-06.jpg,jpg,1990 BMW M3 Electrical Troubleshooting Manual,00-06.jpg,
raw/1990 BMW M3 Electrical Troubleshooting Manual/00-07.jpg,jpg,1990 BMW M3 Electrical Troubleshooting Manual,00-07.jpg,
raw/1990 BMW M3 Electrical Troubleshooting Manual/00-08.jpg,jpg,1990 BMW M3 Electrical Troubleshooting Manual,00-08.jpg,
raw/1990 BMW M3 Electrical Troubleshooting Manual/0670-00.jpg,jpg,1990 BMW M3 Electrical Troubleshooting Manual,0670-00.jpg,
raw/1990 BMW M3 Electrical Troubleshooting Manual/0670-01.jpg,jpg,1990 BMW M3 Electrical Troubleshooting Manual,0670-01.jpg,
raw/1990 BMW M3 Electrical Troubleshooting Manual/0670-02.jpg,jpg,1990 BMW M3 Electrical Troubleshooting Manual,0670-02.jpg,
raw/1990 BMW M3 Electrical Troubleshooting Manual/0670-03.jpg,jpg,1990 BMW M3 Electrical Troubleshooting Manual,0670-03.jpg,
raw/1990 BMW M3 Electrical Troubleshooting Manual/0670-04.jpg,jpg,1990 BMW M3 Electrical Troubleshooting Manual,0670-04.jpg,
raw/1990 BMW M3 Electrical Troubleshooting Manual/0670-05.jpg,jpg,1990 BMW M3 Electrical Troubleshooting Manual,0670-05.jpg,
raw/1990 BMW M3 Electrical Troubleshooting Manual/0670-06.jpg,jpg,1990 BMW M3 Electrical Troubleshooting Manual,0670-06.jpg,
raw/1990 BMW M3 Electrical Troubleshooting Manual/0670-07.jpg,jpg,1990 BMW M3 Electrical Troubleshooting Manual,0670-07.jpg,
raw/1990 BMW M3 Electrical Troubleshooting Manual/0670-08.jpg,jpg,1990 BMW M3 Electrical Troubleshooting Manual,0670-08.jpg,
raw/1990 BMW M3 Electrical Troubleshooting Manual/0670-09.jpg,jpg,1990 BMW M3 Electrical Troubleshooting Manual,0670-09.jpg,
raw/1990 BMW M3 Electrical Troubleshooting Manual/0670-10.jpg,jpg,1990 BMW M3 Electrical Troubleshooting Manual,0670-10.jpg,
raw/1990 BMW M3 Electrical Troubleshooting Manual/0670-11.jpg,jpg,1990 BMW M3 Electrical Troubleshooting Manual,0670-11.jpg,
raw/1990 BMW M3 Electrical Troubleshooting Manual/0670-12.jpg,jpg,1990 BMW M3 Electrical Troubleshooting Manual,0670-12.jpg,
raw/1990 BMW M3 Electrical Troubleshooting Manual/0670-13.jpg,jpg,1990 BMW M3 Electrical Troubleshooting Manual,0670-13.jpg,
raw/1990 BMW M3 Electrical Troubleshooting Manual/0670-14.jpg,jpg,1990 BMW M3 Electrical Troubleshooting Manual,0670-14.jpg,
raw/1990 BMW M3 Electrical Troubleshooting Manual/0670-15.jpg,jpg,1990 BMW M3 Electrical Troubleshooting Manual,0670-15.jpg,
raw/1990 BMW M3 Electrical Troubleshooting Manual/0670-16.jpg,jpg,1990 BMW M3 Electrical Troubleshooting Manual,0670-16.jpg,
raw/1990 BMW M3 Electrical Troubleshooting Manual/1230-00.jpg,jpg,1990 BMW M3 Electrical Troubleshooting Manual,1230-00.jpg,
raw/1990 BMW M3 Electrical Troubleshooting Manual/1240-00.jpg,jpg,1990 BMW M3 Electrical Troubleshooting Manual,1240-00.jpg,
raw/1990 BMW M3 Electrical Troubleshooting Manual/1364-00.jpg,jpg,1990 BMW M3 Electrical Troubleshooting Manual,1364-00.jpg,
raw/1990 BMW M3 Electrical Troubleshooting Manual/1364-01.jpg,jpg,1990 BMW M3 Electrical Troubleshooting Manual,1364-01.jpg,
raw/1990 BMW M3 Electrical Troubleshooting Manual/1364-02.jpg,jpg,1990 BMW M3 Electrical Troubleshooting Manual,1364-02.jpg,
raw/1990 BMW M3 Electrical Troubleshooting Manual/1364-03.jpg,jpg,1990 BMW M3 Electrical Troubleshooting Manual,1364-03.jpg,
raw/1990 BMW M3 Electrical Troubleshooting Manual/1364-04.jpg,jpg,1990 BMW M3 Electrical Troubleshooting Manual,1364-04.jpg,
raw/1990 BMW M3 Electrical Troubleshooting Manual/1364-05.jpg,jpg,1990 BMW M3 Electrical Troubleshooting Manual,1364-05.jpg,
raw/1990 BMW M3 Electrical Troubleshooting Manual/1364-06.jpg,jpg,1990 BMW M3 Electrical Troubleshooting Manual,1364-06.jpg,
raw/1990 BMW M3 Electrical Troubleshooting Manual/3243-00.jpg,jpg,1990 BMW M3 Electrical Troubleshooting Manual,3243-00.jpg,
raw/1990 BMW M3 Electrical Troubleshooting Manual/3435-00.jpg,jpg,1990 BMW M3 Electrical Troubleshooting Manual,3435-00.jpg,
raw/1990 BMW M3 Electrical Troubleshooting Manual/3450-00.jpg,jpg,1990 BMW M3 Electrical Troubleshooting Manual,3450-00.jpg,
raw/1990 BMW M3 Electrical Troubleshooting Manual/3450-01.jpg,jpg,1990 BMW M3 Electrical Troubleshooting Manual,3450-01.jpg,
raw/1990 BMW M3 Electrical Troubleshooting Manual/5116-00.jpg,jpg,1990 BMW M3 Electrical Troubleshooting Manual,5116-00.jpg,
raw/1990 BMW M3 Electrical Troubleshooting Manual/5126-00.jpg,jpg,1990 BMW M3 Electrical Troubleshooting Manual,5126-00.jpg,
raw/1990 BMW M3 Electrical Troubleshooting Manual/5126-01.jpg,jpg,1990 BMW M3 Electrical Troubleshooting Manual,5126-01.jpg,
raw/1990 BMW M3 Electrical Troubleshooting Manual/5126A-00.jpg,jpg,1990 BMW M3 Electrical Troubleshooting Manual,5126A-00.jpg,
raw/1990 BMW M3 Electrical Troubleshooting Manual/5126A-01.jpg,jpg,1990 BMW M3 Electrical Troubleshooting Manual,5126A-01.jpg,
raw/1990 BMW M3 Electrical Troubleshooting Manual/5126A-02.jpg,jpg,1990 BMW M3 Electrical Troubleshooting Manual,5126A-02.jpg,
raw/1990 BMW M3 Electrical Troubleshooting Manual/5126A-03.jpg,jpg,1990 BMW M3 Electrical Troubleshooting Manual,5126A-03.jpg,
raw/1990 BMW M3 Electrical Troubleshooting Manual/5133-00.jpg,jpg,1990 BMW M3 Electrical Troubleshooting Manual,5133-00.jpg,
raw/1990 BMW M3 Electrical Troubleshooting Manual/5200-00.jpg,jpg,1990 BMW M3 Electrical Troubleshooting Manual,5200-00.jpg,
raw/1990 BMW M3 Electrical Troubleshooting Manual/5413-00.jpg,jpg,1990 BMW M3 Electrical Troubleshooting Manual,5413-00.jpg,
raw/1990 BMW M3 Electrical Troubleshooting Manual/6100-00.jpg,jpg,1990 BMW M3 Electrical Troubleshooting Manual,6100-00.jpg,
raw/1990 BMW M3 Electrical Troubleshooting Manual/6100-01.jpg,jpg,1990 BMW M3 Electrical Troubleshooting Manual,6100-01.jpg,
raw/1990 BMW M3 Electrical Troubleshooting Manual/6100-02.jpg,jpg,1990 BMW M3 Electrical Troubleshooting Manual,6100-02.jpg,
raw/1990 BMW M3 Electrical Troubleshooting Manual/6131-00.jpg,jpg,1990 BMW M3 Electrical Troubleshooting Manual,6131-00.jpg,
raw/1990 BMW M3 Electrical Troubleshooting Manual/6160-00.jpg,jpg,1990 BMW M3 Electrical Troubleshooting Manual,6160-00.jpg,
raw/1990 BMW M3 Electrical Troubleshooting Manual/6160-01.jpg,jpg,1990 BMW M3 Electrical Troubleshooting Manual,6160-01.jpg,
raw/1990 BMW M3 Electrical Troubleshooting Manual/6210-00.jpg,jpg,1990 BMW M3 Electrical Troubleshooting Manual,6210-00.jpg,
raw/1990 BMW M3 Electrical Troubleshooting Manual/6210-01.jpg,jpg,1990 BMW M3 Electrical Troubleshooting Manual,6210-01.jpg,
raw/1990 BMW M3 Electrical Troubleshooting Manual/6210-02.jpg,jpg,1990 BMW M3 Electrical Troubleshooting Manual,6210-02.jpg,
raw/1990 BMW M3 Electrical Troubleshooting Manual/6210-03.jpg,jpg,1990 BMW M3 Electrical Troubleshooting Manual,6210-03.jpg,
raw/1990 BMW M3 Electrical Troubleshooting Manual/6210-04.jpg,jpg,1990 BMW M3 Electrical Troubleshooting Manual,6210-04.jpg,
raw/1990 BMW M3 Electrical Troubleshooting Manual/6216-00.jpg,jpg,1990 BMW M3 Electrical Troubleshooting Manual,6216-00.jpg,
raw/1990 BMW M3 Electrical Troubleshooting Manual/6216-01.jpg,jpg,1990 BMW M3 Electrical Troubleshooting Manual,6216-01.jpg,
raw/1990 BMW M3 Electrical Troubleshooting Manual/6216-02.jpg,jpg,1990 BMW M3 Electrical Troubleshooting Manual,6216-02.jpg,
raw/1990 BMW M3 Electrical Troubleshooting Manual/6216-03.jpg,jpg,1990 BMW M3 Electrical Troubleshooting Manual,6216-03.jpg,
raw/1990 BMW M3 Electrical Troubleshooting Manual/6300-00.jpg,jpg,1990 BMW M3 Electrical Troubleshooting Manual,6300-00.jpg,
raw/1990 BMW M3 Electrical Troubleshooting Manual/6300-01.jpg,jpg,1990 BMW M3 Electrical Troubleshooting Manual,6300-01.jpg,
raw/1990 BMW M3 Electrical Troubleshooting Manual/6312-00.jpg,jpg,1990 BMW M3 Electrical Troubleshooting Manual,6312-00.jpg,
raw/1990 BMW M3 Electrical Troubleshooting Manual/6312-01.jpg,jpg,1990 BMW M3 Electrical Troubleshooting Manual,6312-01.jpg,
raw/1990 BMW M3 Electrical Troubleshooting Manual/6313-00.jpg,jpg,1990 BMW M3 Electrical Troubleshooting Manual,6313-00.jpg,
raw/1990 BMW M3 Electrical Troubleshooting Manual/6313-01.jpg,jpg,1990 BMW M3 Electrical Troubleshooting Manual,6313-01.jpg,
raw/1990 BMW M3 Electrical Troubleshooting Manual/6314-00.jpg,jpg,1990 BMW M3 Electrical Troubleshooting Manual,6314-00.jpg,
raw/1990 BMW M3 Electrical Troubleshooting Manual/6320-00.jpg,jpg,1990 BMW M3 Electrical Troubleshooting Manual,6320-00.jpg,
raw/1990 BMW M3 Electrical Troubleshooting Manual/6322-00.jpg,jpg,1990 BMW M3 Electrical Troubleshooting Manual,6322-00.jpg,
raw/1990 BMW M3 Electrical Troubleshooting Manual/6325-00.jpg,jpg,1990 BMW M3 Electrical Troubleshooting Manual,6325-00.jpg,
raw/1990 BMW M3 Electrical Troubleshooting Manual/6330-00.jpg,jpg,1990 BMW M3 Electrical Troubleshooting Manual,6330-00.jpg,
raw/1990 BMW M3 Electrical Troubleshooting Manual/6410-00.jpg,jpg,1990 BMW M3 Electrical Troubleshooting Manual,6410-00.jpg,
raw/1990 BMW M3 Electrical Troubleshooting Manual/6411-00.jpg,jpg,1990 BMW M3 Electrical Troubleshooting Manual,6411-00.jpg,
raw/1990 BMW M3 Electrical Troubleshooting Manual/6411-01.jpg,jpg,1990 BMW M3 Electrical Troubleshooting Manual,6411-01.jpg,
raw/1990 BMW M3 Electrical Troubleshooting Manual/6412-02.jpg,jpg,1990 BMW M3 Electrical Troubleshooting Manual,6412-02.jpg,
raw/1990 BMW M3 Electrical Troubleshooting Manual/6413-00.jpg,jpg,1990 BMW M3 Electrical Troubleshooting Manual,6413-00.jpg,
raw/1990 BMW M3 Electrical Troubleshooting Manual/6413-01.jpg,jpg,1990 BMW M3 Electrical Troubleshooting Manual,6413-01.jpg,
raw/1990 BMW M3 Electrical Troubleshooting Manual/6413-02.jpg,jpg,1990 BMW M3 Electrical Troubleshooting Manual,6413-02.jpg,
raw/1990 BMW M3 Electrical Troubleshooting Manual/6421-00.jpg,jpg,1990 BMW M3 Electrical Troubleshooting Manual,6421-00.jpg,
raw/1990 BMW M3 Electrical Troubleshooting Manual/6421-01.jpg,jpg,1990 BMW M3 Electrical Troubleshooting Manual,6421-01.jpg,
raw/1990 BMW M3 Electrical Troubleshooting Manual/6452-00.jpg,jpg,1990 BMW M3 Electrical Troubleshooting Manual,6452-00.jpg,
raw/1990 BMW M3 Electrical Troubleshooting Manual/6452-01.jpg,jpg,1990 BMW M3 Electrical Troubleshooting Manual,6452-01.jpg,
raw/1990 BMW M3 Electrical Troubleshooting Manual/6452-02.jpg,jpg,1990 BMW M3 Electrical Troubleshooting Manual,6452-02.jpg,
raw/1990 BMW M3 Electrical Troubleshooting Manual/6452-03.jpg,jpg,1990 BMW M3 Electrical Troubleshooting Manual,6452-03.jpg,
raw/1990 BMW M3 Electrical Troubleshooting Manual/6452-04.jpg,jpg,1990 BMW M3 Electrical Troubleshooting Manual,6452-04.jpg,
raw/1990 BMW M3 Electrical Troubleshooting Manual/6454-00.jpg,jpg,1990 BMW M3 Electrical Troubleshooting Manual,6454-00.jpg,
raw/1990 BMW M3 Electrical Troubleshooting Manual/6500-00.jpg,jpg,1990 BMW M3 Electrical Troubleshooting Manual,6500-00.jpg,
raw/1990 BMW M3 Electrical Troubleshooting Manual/6500-01.jpg,jpg,1990 BMW M3 Electrical Troubleshooting Manual,6500-01.jpg,
raw/1990 BMW M3 Electrical Troubleshooting Manual/6500A-00.jpg,jpg,1990 BMW M3 Electrical Troubleshooting Manual,6500A-00.jpg,
raw/1990 BMW M3 Electrical Troubleshooting Manual/6500A-01.jpg,jpg,1990 BMW M3 Electrical Troubleshooting Manual,6500A-01.jpg,
raw/1990 BMW M3 Electrical Troubleshooting Manual/6500A-02.jpg,jpg,1990 BMW M3 Electrical Troubleshooting Manual,6500A-02.jpg,
raw/1990 BMW M3 Electrical Troubleshooting Manual/6500A-03.jpg,jpg,1990 BMW M3 Electrical Troubleshooting Manual,6500A-03.jpg,
raw/1990 BMW M3 Electrical Troubleshooting Manual/6571-00.jpg,jpg,1990 BMW M3 Electrical Troubleshooting Manual,6571-00.jpg,
raw/1990 BMW M3 Electrical Troubleshooting Manual/6581-00.jpg,jpg,1990 BMW M3 Electrical Troubleshooting Manual,6581-00.jpg,
raw/1990 BMW M3 Electrical Troubleshooting Manual/6581-01.jpg,jpg,1990 BMW M3 Electrical Troubleshooting Manual,6581-01.jpg,
raw/1990 BMW M3 Electrical Troubleshooting Manual/7000-00.jpg,jpg,1990 BMW M3 Electrical Troubleshooting Manual,7000-00.jpg,
raw/1990 BMW M3 Electrical Troubleshooting Manual/7000-01.jpg,jpg,1990 BMW M3 Electrical Troubleshooting Manual,7000-01.jpg,
raw/1990 BMW M3 Electrical Troubleshooting Manual/7000-02.jpg,jpg,1990 BMW M3 Electrical Troubleshooting Manual,7000-02.jpg,
raw/1990 BMW M3 Electrical Troubleshooting Manual/7000-03.jpg,jpg,1990 BMW M3 Electrical Troubleshooting Manual,7000-03.jpg,
raw/1990 BMW M3 Electrical Troubleshooting Manual/7000-04.jpg,jpg,1990 BMW M3 Electrical Troubleshooting Manual,7000-04.jpg,
raw/1990 BMW M3 Electrical Troubleshooting Manual/7000-05.jpg,jpg,1990 BMW M3 Electrical Troubleshooting Manual,7000-05.jpg,
raw/1990 BMW M3 Electrical Troubleshooting Manual/7000-06.jpg,jpg,1990 BMW M3 Electrical Troubleshooting Manual,7000-06.jpg,
raw/1990 BMW M3 Electrical Troubleshooting Manual/7000-07.jpg,jpg,1990 BMW M3 Electrical Troubleshooting Manual,7000-07.jpg,
raw/1990 BMW M3 Electrical Troubleshooting Manual/7000-08.jpg,jpg,1990 BMW M3 Electrical Troubleshooting Manual,7000-08.jpg,
raw/1990 BMW M3 Electrical Troubleshooting Manual/7000-09.jpg,jpg,1990 BMW M3 Electrical Troubleshooting Manual,7000-09.jpg,
raw/1990 BMW M3 Electrical Troubleshooting Manual/7000-10.jpg,jpg,1990 BMW M3 Electrical Troubleshooting Manual,7000-10.jpg,
raw/1990 BMW M3 Electrical Troubleshooting Manual/7000-11.jpg,jpg,1990 BMW M3 Electrical Troubleshooting Manual,7000-11.jpg,
raw/1990 BMW M3 Electrical Troubleshooting Manual/7000-12.jpg,jpg,1990 BMW M3 Electrical Troubleshooting Manual,7000-12.jpg,
raw/1990 BMW M3 Electrical Troubleshooting Manual/8000-00.jpg,jpg,1990 BMW M3 Electrical Troubleshooting Manual,8000-00.jpg,
raw/1990 BMW M3 Electrical Troubleshooting Manual/8000-01.jpg,jpg,1990 BMW M3 Electrical Troubleshooting Manual,8000-01.jpg,
raw/1990 BMW M3 Electrical Troubleshooting Manual/8000-02.jpg,jpg,1990 BMW M3 Electrical Troubleshooting Manual,8000-02.jpg,
raw/1990 BMW M3 Electrical Troubleshooting Manual/8000-03.jpg,jpg,1990 BMW M3 Electrical Troubleshooting Manual,8000-03.jpg,
raw/1990 BMW M3 Electrical Troubleshooting Manual/8000-04.jpg,jpg,1990 BMW M3 Electrical Troubleshooting Manual,8000-04.jpg,
raw/1990 BMW M3 Electrical Troubleshooting Manual/8000-05.jpg,jpg,1990 BMW M3 Electrical Troubleshooting Manual,8000-05.jpg,
raw/1990 BMW M3 Electrical Troubleshooting Manual/8000-06.jpg,jpg,1990 BMW M3 Electrical Troubleshooting Manual,8000-06.jpg,
raw/1990 BMW M3 Electrical Troubleshooting Manual/8500-00.jpg,jpg,1990 BMW M3 Electrical Troubleshooting Manual,8500-00.jpg,
raw/1990 BMW M3 Electrical Troubleshooting Manual/8500-01.jpg,jpg,1990 BMW M3 Electrical Troubleshooting Manual,8500-01.jpg,
raw/1990 BMW M3 Electrical Troubleshooting Manual/8500-02.jpg,jpg,1990 BMW M3 Electrical Troubleshooting Manual,8500-02.jpg,
raw/1990 BMW M3 Electrical Troubleshooting Manual/8500-03.jpg,jpg,1990 BMW M3 Electrical Troubleshooting Manual,8500-03.jpg,
raw/1990 BMW M3 Electrical Troubleshooting Manual/8500-04.jpg,jpg,1990 BMW M3 Electrical Troubleshooting Manual,8500-04.jpg,
raw/1990 BMW M3 Electrical Troubleshooting Manual/8500-05.jpg,jpg,1990 BMW M3 Electrical Troubleshooting Manual,8500-05.jpg,
raw/1990 BMW M3 Electrical Troubleshooting Manual/8500-06.jpg,jpg,1990 BMW M3 Electrical Troubleshooting Manual,8500-06.jpg,
raw/1990 BMW M3 Electrical Troubleshooting Manual/8500-07.jpg,jpg,1990 BMW M3 Electrical Troubleshooting Manual,8500-07.jpg,
raw/1990 BMW M3 Electrical Troubleshooting Manual/8500-08.jpg,jpg,1990 BMW M3 Electrical Troubleshooting Manual,8500-08.jpg,
raw/1990 BMW M3 Electrical Troubleshooting Manual/8500-09.jpg,jpg,1990 BMW M3 Electrical Troubleshooting Manual,8500-09.jpg,
raw/1990 BMW M3 Electrical Troubleshooting Manual/8500-10.jpg,jpg,1990 BMW M3 Electrical Troubleshooting Manual,8500-10.jpg,
raw/1990 BMW M3 Electrical Troubleshooting Manual/8500-11.jpg,jpg,1990 BMW M3 Electrical Troubleshooting Manual,8500-11.jpg,
raw/1990 BMW M3 Electrical Troubleshooting Manual/9005-00.jpg,jpg,1990 BMW M3 Electrical Troubleshooting Manual,9005-00.jpg,
raw/1990 BMW M3 Electrical Troubleshooting Manual/9005-01.jpg,jpg,1990 BMW M3 Electrical Troubleshooting Manual,9005-01.jpg,
raw/1990 BMW M3 Electrical Troubleshooting Manual/9005-02.jpg,jpg,1990 BMW M3 Electrical Troubleshooting Manual,9005-02.jpg,
raw/1990 BMW M3 Electrical Troubleshooting Manual/9005-03.jpg,jpg,1990 BMW M3 Electrical Troubleshooting Manual,9005-03.jpg,
raw/1990 BMW M3 Electrical Troubleshooting Manual/9005-04.jpg,jpg,1990 BMW M3 Electrical Troubleshooting Manual,9005-04.jpg,
raw/1990 BMW M3 Electrical Troubleshooting Manual/9005-05.jpg,jpg,1990 BMW M3 Electrical Troubleshooting Manual,9005-05.jpg,
raw/1990 BMW M3 Electrical Troubleshooting Manual/index.html,html,1990 BMW M3 Electrical Troubleshooting Manual,index.html,
raw/21 - Clutch/21-00-index-a.jpg,jpg,21 - Clutch,21-00-index-a.jpg,
raw/21 - Clutch/21-01.jpg,jpg,21 - Clutch,21-01.jpg,
raw/21 - Clutch/21-02.jpg,jpg,21 - Clutch,21-02.jpg,
raw/21 - Clutch/21-03.jpg,jpg,21 - Clutch,21-03.jpg,
raw/21 - Clutch/21-04.jpg,jpg,21 - Clutch,21-04.jpg,
raw/21 - Clutch/21-05.jpg,jpg,21 - Clutch,21-05.jpg,
raw/21 - Clutch/21-06.jpg,jpg,21 - Clutch,21-06.jpg,
raw/21 - Clutch/21-07.jpg,jpg,21 - Clutch,21-07.jpg,
raw/21 - Clutch/index.html,html,21 - Clutch,index.html,
raw/23 - Manual Transmission/23-00-index-a.jpg,jpg,23 - Manual Transmission,23-00-index-a.jpg,
raw/23 - Manual Transmission/23-00-index-b.jpg,jpg,23 - Manual Transmission,23-00-index-b.jpg,
raw/23 - Manual Transmission/23-00-index-c.jpg,jpg,23 - Manual Transmission,23-00-index-c.jpg,
raw/23 - Manual Transmission/23-00-index-d.jpg,jpg,23 - Manual Transmission,23-00-index-d.jpg,
raw/23 - Manual Transmission/23-00-index-e.jpg,jpg,23 - Manual Transmission,23-00-index-e.jpg,
raw/23 - Manual Transmission/23-00-index-f.jpg,jpg,23 - Manual Transmission,23-00-index-f.jpg,
raw/23 - Manual Transmission/23-01.jpg,jpg,23 - Manual Transmission,23-01.jpg,
raw/23 - Manual Transmission/23-02.jpg,jpg,23 - Manual Transmission,23-02.jpg,
raw/23 - Manual Transmission/23-03.jpg,jpg,23 - Manual Transmission,23-03.jpg,
raw/23 - Manual Transmission/23-03a.jpg,jpg,23 - Manual Transmission,23-03a.jpg,
raw/23 - Manual Transmission/23-03b.jpg,jpg,23 - Manual Transmission,23-03b.jpg,
raw/23 - Manual Transmission/23-04.jpg,jpg,23 - Manual Transmission,23-04.jpg,
raw/23 - Manual Transmission/23-05.jpg,jpg,23 - Manual Transmission,23-05.jpg,
raw/23 - Manual Transmission/23-06.jpg,jpg,23 - Manual Transmission,23-06.jpg,
raw/23 - Manual Transmission/23-07.jpg,jpg,23 - Manual Transmission,23-07.jpg,
raw/23 - Manual Transmission/23-08.jpg,jpg,23 - Manual Transmission,23-08.jpg,
raw/23 - Manual Transmission/23-09.jpg,jpg,23 - Manual Transmission,23-09.jpg,
raw/23 - Manual Transmission/23-10.jpg,jpg,23 - Manual Transmission,23-10.jpg,
raw/23 - Manual Transmission/23-101.jpg,jpg,23 - Manual Transmission,23-101.jpg,
raw/23 - Manual Transmission/23-102.jpg,jpg,23 - Manual Transmission,23-102.jpg,
raw/23 - Manual Transmission/23-103.jpg,jpg,23 - Manual Transmission,23-103.jpg,
raw/23 - Manual Transmission/23-104.jpg,jpg,23 - Manual Transmission,23-104.jpg,
raw/23 - Manual Transmission/23-105.jpg,jpg,23 - Manual Transmission,23-105.jpg,
raw/23 - Manual Transmission/23-106.jpg,jpg,23 - Manual Transmission,23-106.jpg,
raw/23 - Manual Transmission/23-107.jpg,jpg,23 - Manual Transmission,23-107.jpg,
raw/23 - Manual Transmission/23-108.jpg,jpg,23 - Manual Transmission,23-108.jpg,
raw/23 - Manual Transmission/23-109.jpg,jpg,23 - Manual Transmission,23-109.jpg,
raw/23 - Manual Transmission/23-11.jpg,jpg,23 - Manual Transmission,23-11.jpg,
raw/23 - Manual Transmission/23-110.jpg,jpg,23 - Manual Transmission,23-110.jpg,
raw/23 - Manual Transmission/23-111.jpg,jpg,23 - Manual Transmission,23-111.jpg,
raw/23 - Manual Transmission/23-112.jpg,jpg,23 - Manual Transmission,23-112.jpg,
raw/23 - Manual Transmission/23-113.jpg,jpg,23 - Manual Transmission,23-113.jpg,
raw/23 - Manual Transmission/23-114.jpg,jpg,23 - Manual Transmission,23-114.jpg,
raw/23 - Manual Transmission/23-115.jpg,jpg,23 - Manual Transmission,23-115.jpg,
raw/23 - Manual Transmission/23-116.jpg,jpg,23 - Manual Transmission,23-116.jpg,
raw/23 - Manual Transmission/23-117.jpg,jpg,23 - Manual Transmission,23-117.jpg,
raw/23 - Manual Transmission/23-118.jpg,jpg,23 - Manual Transmission,23-118.jpg,
raw/23 - Manual Transmission/23-119.jpg,jpg,23 - Manual Transmission,23-119.jpg,
raw/23 - Manual Transmission/23-12.jpg,jpg,23 - Manual Transmission,23-12.jpg,
raw/23 - Manual Transmission/23-120.jpg,jpg,23 - Manual Transmission,23-120.jpg,
raw/23 - Manual Transmission/23-121.jpg,jpg,23 - Manual Transmission,23-121.jpg,
raw/23 - Manual Transmission/23-122.jpg,jpg,23 - Manual Transmission,23-122.jpg,
raw/23 - Manual Transmission/23-13.jpg,jpg,23 - Manual Transmission,23-13.jpg,
raw/23 - Manual Transmission/23-14.jpg,jpg,23 - Manual Transmission,23-14.jpg,
raw/23 - Manual Transmission/23-15.jpg,jpg,23 - Manual Transmission,23-15.jpg,
raw/23 - Manual Transmission/23-16.jpg,jpg,23 - Manual Transmission,23-16.jpg,
raw/23 - Manual Transmission/23-165.jpg,jpg,23 - Manual Transmission,23-165.jpg,
raw/23 - Manual Transmission/23-166.jpg,jpg,23 - Manual Transmission,23-166.jpg,
raw/23 - Manual Transmission/23-167.jpg,jpg,23 - Manual Transmission,23-167.jpg,
raw/23 - Manual Transmission/23-168.jpg,jpg,23 - Manual Transmission,23-168.jpg,
raw/23 - Manual Transmission/23-168a.jpg,jpg,23 - Manual Transmission,23-168a.jpg,
raw/23 - Manual Transmission/23-169.jpg,jpg,23 - Manual Transmission,23-169.jpg,
raw/23 - Manual Transmission/23-17.jpg,jpg,23 - Manual Transmission,23-17.jpg,
raw/23 - Manual Transmission/23-170.jpg,jpg,23 - Manual Transmission,23-170.jpg,
raw/23 - Manual Transmission/23-171.jpg,jpg,23 - Manual Transmission,23-171.jpg,
raw/23 - Manual Transmission/23-172.jpg,jpg,23 - Manual Transmission,23-172.jpg,
raw/23 - Manual Transmission/23-173.jpg,jpg,23 - Manual Transmission,23-173.jpg,
raw/23 - Manual Transmission/23-173a.jpg,jpg,23 - Manual Transmission,23-173a.jpg,
raw/23 - Manual Transmission/23-174.jpg,jpg,23 - Manual Transmission,23-174.jpg,
raw/23 - Manual Transmission/23-175.jpg,jpg,23 - Manual Transmission,23-175.jpg,
raw/23 - Manual Transmission/23-176.jpg,jpg,23 - Manual Transmission,23-176.jpg,
raw/23 - Manual Transmission/23-177.jpg,jpg,23 - Manual Transmission,23-177.jpg,
raw/23 - Manual Transmission/23-178.jpg,jpg,23 - Manual Transmission,23-178.jpg,
raw/23 - Manual Transmission/23-179.jpg,jpg,23 - Manual Transmission,23-179.jpg,
raw/23 - Manual Transmission/23-18.jpg,jpg,23 - Manual Transmission,23-18.jpg,
raw/23 - Manual Transmission/23-180.jpg,jpg,23 - Manual Transmission,23-180.jpg,
raw/23 - Manual Transmission/23-181.jpg,jpg,23 - Manual Transmission,23-181.jpg,
raw/23 - Manual Transmission/23-182.jpg,jpg,23 - Manual Transmission,23-182.jpg,
raw/23 - Manual Transmission/23-183.jpg,jpg,23 - Manual Transmission,23-183.jpg,
raw/23 - Manual Transmission/23-184.jpg,jpg,23 - Manual Transmission,23-184.jpg,
raw/23 - Manual Transmission/23-185.jpg,jpg,23 - Manual Transmission,23-185.jpg,
raw/23 - Manual Transmission/23-186.jpg,jpg,23 - Manual Transmission,23-186.jpg,
raw/23 - Manual Transmission/23-187.jpg,jpg,23 - Manual Transmission,23-187.jpg,
raw/23 - Manual Transmission/23-188.jpg,jpg,23 - Manual Transmission,23-188.jpg,
raw/23 - Manual Transmission/23-19.jpg,jpg,23 - Manual Transmission,23-19.jpg,
raw/23 - Manual Transmission/23-20.jpg,jpg,23 - Manual Transmission,23-20.jpg,
raw/23 - Manual Transmission/23-21.jpg,jpg,23 - Manual Transmission,23-21.jpg,
raw/23 - Manual Transmission/23-22.jpg,jpg,23 - Manual Transmission,23-22.jpg,
raw/23 - Manual Transmission/23-300.jpg,jpg,23 - Manual Transmission,23-300.jpg,
raw/23 - Manual Transmission/23-301.jpg,jpg,23 - Manual Transmission,23-301.jpg,
raw/23 - Manual Transmission/23-302.jpg,jpg,23 - Manual Transmission,23-302.jpg,
raw/23 - Manual Transmission/23-303.jpg,jpg,23 - Manual Transmission,23-303.jpg,
raw/23 - Manual Transmission/23-304.jpg,jpg,23 - Manual Transmission,23-304.jpg,
raw/23 - Manual Transmission/23-305.jpg,jpg,23 - Manual Transmission,23-305.jpg,
raw/23 - Manual Transmission/23-306.jpg,jpg,23 - Manual Transmission,23-306.jpg,
raw/23 - Manual Transmission/23-307.jpg,jpg,23 - Manual Transmission,23-307.jpg,
raw/23 - Manual Transmission/23-308.jpg,jpg,23 - Manual Transmission,23-308.jpg,
raw/23 - Manual Transmission/23-309.jpg,jpg,23 - Manual Transmission,23-309.jpg,
raw/23 - Manual Transmission/23-310.jpg,jpg,23 - Manual Transmission,23-310.jpg,
raw/23 - Manual Transmission/23-311.jpg,jpg,23 - Manual Transmission,23-311.jpg,
raw/23 - Manual Transmission/23-312.jpg,jpg,23 - Manual Transmission,23-312.jpg,
raw/23 - Manual Transmission/23-313.jpg,jpg,23 - Manual Transmission,23-313.jpg,
raw/23 - Manual Transmission/23-314.jpg,jpg,23 - Manual Transmission,23-314.jpg,
raw/23 - Manual Transmission/23-315.jpg,jpg,23 - Manual Transmission,23-315.jpg,
raw/23 - Manual Transmission/23-316.jpg,jpg,23 - Manual Transmission,23-316.jpg,
raw/23 - Manual Transmission/23-317.jpg,jpg,23 - Manual Transmission,23-317.jpg,
raw/23 - Manual Transmission/23-318.jpg,jpg,23 - Manual Transmission,23-318.jpg,
raw/23 - Manual Transmission/23-319.jpg,jpg,23 - Manual Transmission,23-319.jpg,
raw/23 - Manual Transmission/23-320.jpg,jpg,23 - Manual Transmission,23-320.jpg,
raw/23 - Manual Transmission/23-321.jpg,jpg,23 - Manual Transmission,23-321.jpg,
raw/23 - Manual Transmission/23-322.jpg,jpg,23 - Manual Transmission,23-322.jpg,
raw/23 - Manual Transmission/23-323.jpg,jpg,23 - Manual Transmission,23-323.jpg,
raw/23 - Manual Transmission/23-324.jpg,jpg,23 - Manual Transmission,23-324.jpg,
raw/23 - Manual Transmission/index.html,html,23 - Manual Transmission,index.html,
raw/25 - Gear Shift Mechanism/25-00-index-a.jpg,jpg,25 - Gear Shift Mechanism,25-00-index-a.jpg,
raw/25 - Gear Shift Mechanism/25-01.jpg,jpg,25 - Gear Shift Mechanism,25-01.jpg,
raw/25 - Gear Shift Mechanism/25-02.jpg,jpg,25 - Gear Shift Mechanism,25-02.jpg,
raw/25 - Gear Shift Mechanism/25-03.jpg,jpg,25 - Gear Shift Mechanism,25-03.jpg,
raw/25 - Gear Shift Mechanism/25-04.jpg,jpg,25 - Gear Shift Mechanism,25-04.jpg,
raw/25 - Gear Shift Mechanism/25-05.jpg,jpg,25 - Gear Shift Mechanism,25-05.jpg,
raw/25 - Gear Shift Mechanism/25-06.jpg,jpg,25 - Gear Shift Mechanism,25-06.jpg,
raw/25 - Gear Shift Mechanism/25-07.jpg,jpg,25 - Gear Shift Mechanism,25-07.jpg,
raw/25 - Gear Shift Mechanism/25-08.jpg,jpg,25 - Gear Shift Mechanism,25-08.jpg,
raw/25 - Gear Shift Mechanism/25-09.jpg,jpg,25 - Gear Shift Mechanism,25-09.jpg,
raw/25 - Gear Shift Mechanism/25-10.jpg,jpg,25 - Gear Shift Mechanism,25-10.jpg,
raw/25 - Gear Shift Mechanism/25-11.jpg,jpg,25 - Gear Shift Mechanism,25-11.jpg,
raw/25 - Gear Shift Mechanism/25-12.jpg,jpg,25 - Gear Shift Mechanism,25-12.jpg,
raw/25 - Gear Shift Mechanism/25-13.jpg,jpg,25 - Gear Shift Mechanism,25-13.jpg,
raw/25 - Gear Shift Mechanism/25-14.jpg,jpg,25 - Gear Shift Mechanism,25-14.jpg,
raw/25 - Gear Shift Mechanism/25-15.jpg,jpg,25 - Gear Shift Mechanism,25-15.jpg,
raw/25 - Gear Shift Mechanism/25-16.jpg,jpg,25 - Gear Shift Mechanism,25-16.jpg,
raw/25 - Gear Shift Mechanism/25-17.jpg,jpg,25 - Gear Shift Mechanism,25-17.jpg,
raw/25 - Gear Shift Mechanism/25-18.jpg,jpg,25 - Gear Shift Mechanism,25-18.jpg,
raw/25 - Gear Shift Mechanism/25-19.jpg,jpg,25 - Gear Shift Mechanism,25-19.jpg,
raw/25 - Gear Shift Mechanism/25-20.jpg,jpg,25 - Gear Shift Mechanism,25-20.jpg,
raw/25 - Gear Shift Mechanism/25-21.jpg,jpg,25 - Gear Shift Mechanism,25-21.jpg,
raw/25 - Gear Shift Mechanism/25-22.jpg,jpg,25 - Gear Shift Mechanism,25-22.jpg,
raw/25 - Gear Shift Mechanism/index.html,html,25 - Gear Shift Mechanism,index.html,
raw/26 - Propellor Shaft/26-00-index-a.jpg,jpg,26 - Propellor Shaft,26-00-index-a.jpg,
raw/26 - Propellor Shaft/26-01.jpg,jpg,26 - Propellor Shaft,26-01.jpg,
raw/26 - Propellor Shaft/26-01a.jpg,jpg,26 - Propellor Shaft,26-01a.jpg,
raw/26 - Propellor Shaft/26-02.jpg,jpg,26 - Propellor Shaft,26-02.jpg,
raw/26 - Propellor Shaft/26-03.jpg,jpg,26 - Propellor Shaft,26-03.jpg,
raw/26 - Propellor Shaft/26-04.jpg,jpg,26 - Propellor Shaft,26-04.jpg,
raw/26 - Propellor Shaft/26-05.jpg,jpg,26 - Propellor Shaft,26-05.jpg,
raw/26 - Propellor Shaft/26-06.jpg,jpg,26 - Propellor Shaft,26-06.jpg,
raw/26 - Propellor Shaft/26-07.jpg,jpg,26 - Propellor Shaft,26-07.jpg,
raw/26 - Propellor Shaft/26-08.jpg,jpg,26 - Propellor Shaft,26-08.jpg,
raw/26 - Propellor Shaft/26-09.jpg,jpg,26 - Propellor Shaft,26-09.jpg,
raw/26 - Propellor Shaft/26-10.jpg,jpg,26 - Propellor Shaft,26-10.jpg,
raw/26 - Propellor Shaft/26-11.jpg,jpg,26 - Propellor Shaft,26-11.jpg,
raw/26 - Propellor Shaft/26-12.jpg,jpg,26 - Propellor Shaft,26-12.jpg,
raw/26 - Propellor Shaft/26-13.jpg,jpg,26 - Propellor Shaft,26-13.jpg,
raw/26 - Propellor Shaft/26-14.jpg,jpg,26 - Propellor Shaft,26-14.jpg,
raw/26 - Propellor Shaft/26-15.jpg,jpg,26 - Propellor Shaft,26-15.jpg,
raw/26 - Propellor Shaft/26-16.jpg,jpg,26 - Propellor Shaft,26-16.jpg,
raw/26 - Propellor Shaft/index.html,html,26 - Propellor Shaft,index.html,
raw/31 - Front Axle/31-00-index-a.jpg,jpg,31 - Front Axle,31-00-index-a.jpg,
raw/31 - Front Axle/31-00-index-b.jpg,jpg,31 - Front Axle,31-00-index-b.jpg,
raw/31 - Front Axle/31-00-index-c.jpg,jpg,31 - Front Axle,31-00-index-c.jpg,
raw/31 - Front Axle/31-01.jpg,jpg,31 - Front Axle,31-01.jpg,
raw/31 - Front Axle/31-02.jpg,jpg,31 - Front Axle,31-02.jpg,
raw/31 - Front Axle/31-03.jpg,jpg,31 - Front Axle,31-03.jpg,
raw/31 - Front Axle/31-04.jpg,jpg,31 - Front Axle,31-04.jpg,
raw/31 - Front Axle/31-05.jpg,jpg,31 - Front Axle,31-05.jpg,
raw/31 - Front Axle/31-05_1.jpg,jpg,31 - Front Axle,31-05_1.jpg,
raw/31 - Front Axle/31-05_2.jpg,jpg,31 - Front Axle,31-05_2.jpg,
raw/31 - Front Axle/31-06.jpg,jpg,31 - Front Axle,31-06.jpg,
raw/31 - Front Axle/31-06_1.jpg,jpg,31 - Front Axle,31-06_1.jpg,
raw/31 - Front Axle/31-07.jpg,jpg,31 - Front Axle,31-07.jpg,
raw/31 - Front Axle/31-08.jpg,jpg,31 - Front Axle,31-08.jpg,
raw/31 - Front Axle/31-09.jpg,jpg,31 - Front Axle,31-09.jpg,
raw/31 - Front Axle/31-09_1.jpg,jpg,31 - Front Axle,31-09_1.jpg,
raw/31 - Front Axle/31-09_2.jpg,jpg,31 - Front Axle,31-09_2.jpg,
raw/31 - Front Axle/31-10.jpg,jpg,31 - Front Axle,31-10.jpg,
raw/31 - Front Axle/31-10_1.jpg,jpg,31 - Front Axle,31-10_1.jpg,
raw/31 - Front Axle/31-11.jpg,jpg,31 - Front Axle,31-11.jpg,
raw/31 - Front Axle/31-11_1.jpg,jpg,31 - Front Axle,31-11_1.jpg,
raw/31 - Front Axle/31-11_2.jpg,jpg,31 - Front Axle,31-11_2.jpg,
raw/31 - Front Axle/31-12.jpg,jpg,31 - Front Axle,31-12.jpg,
raw/31 - Front Axle/31-13.jpg,jpg,31 - Front Axle,31-13.jpg,
raw/31 - Front Axle/31-14.jpg,jpg,31 - Front Axle,31-14.jpg,
raw/31 - Front Axle/31-15.jpg,jpg,31 - Front Axle,31-15.jpg,
raw/31 - Front Axle/31-16.jpg,jpg,31 - Front Axle,31-16.jpg,
raw/31 - Front Axle/31-16_1.jpg,jpg,31 - Front Axle,31-16_1.jpg,
raw/31 - Front Axle/31-16_2.jpg,jpg,31 - Front Axle,31-16_2.jpg,
raw/31 - Front Axle/31-16_3.jpg,jpg,31 - Front Axle,31-16_3.jpg,
raw/31 - Front Axle/31-16_4.jpg,jpg,31 - Front Axle,31-16_4.jpg,
raw/31 - Front Axle/31-17.jpg,jpg,31 - Front Axle,31-17.jpg,
raw/31 - Front Axle/31-18.jpg,jpg,31 - Front Axle,31-18.jpg,
raw/31 - Front Axle/31-19.jpg,jpg,31 - Front Axle,31-19.jpg,
raw/31 - Front Axle/31-20.jpg,jpg,31 - Front Axle,31-20.jpg,
raw/31 - Front Axle/31-21.jpg,jpg,31 - Front Axle,31-21.jpg,
raw/31 - Front Axle/31-22.jpg,jpg,31 - Front Axle,31-22.jpg,
raw/31 - Front Axle/31-23.jpg,jpg,31 - Front Axle,31-23.jpg,
raw/31 - Front Axle/31-24.jpg,jpg,31 - Front Axle,31-24.jpg,
raw/31 - Front Axle/31-25.jpg,jpg,31 - Front Axle,31-25.jpg,
raw/31 - Front Axle/31-26.jpg,jpg,31 - Front Axle,31-26.jpg,
raw/31 - Front Axle/31-27.jpg,jpg,31 - Front Axle,31-27.jpg,
raw/31 - Front Axle/31-28.jpg,jpg,31 - Front Axle,31-28.jpg,
raw/31 - Front Axle/31-29.jpg,jpg,31 - Front Axle,31-29.jpg,
raw/31 - Front Axle/31-30.jpg,jpg,31 - Front Axle,31-30.jpg,
raw/31 - Front Axle/31-31.jpg,jpg,31 - Front Axle,31-31.jpg,
raw/31 - Front Axle/31-32.jpg,jpg,31 - Front Axle,31-32.jpg,
raw/31 - Front Axle/31-33.jpg,jpg,31 - Front Axle,31-33.jpg,
raw/31 - Front Axle/31-34.jpg,jpg,31 - Front Axle,31-34.jpg,
raw/31 - Front Axle/31-35.jpg,jpg,31 - Front Axle,31-35.jpg,
raw/31 - Front Axle/31-36.jpg,jpg,31 - Front Axle,31-36.jpg,
raw/31 - Front Axle/31-37.jpg,jpg,31 - Front Axle,31-37.jpg,
raw/31 - Front Axle/31-38.jpg,jpg,31 - Front Axle,31-38.jpg,
raw/31 - Front Axle/31-39.jpg,jpg,31 - Front Axle,31-39.jpg,
raw/31 - Front Axle/31-40.jpg,jpg,31 - Front Axle,31-40.jpg,
raw/31 - Front Axle/31-41.jpg,jpg,31 - Front Axle,31-41.jpg,
raw/31 - Front Axle/31-42.jpg,jpg,31 - Front Axle,31-42.jpg,
raw/31 - Front Axle/31-43.jpg,jpg,31 - Front Axle,31-43.jpg,
raw/31 - Front Axle/31-44.jpg,jpg,31 - Front Axle,31-44.jpg,
raw/31 - Front Axle/31-45.jpg,jpg,31 - Front Axle,31-45.jpg,
raw/31 - Front Axle/31-46.jpg,jpg,31 - Front Axle,31-46.jpg,
raw/31 - Front Axle/31-47.jpg,jpg,31 - Front Axle,31-47.jpg,
raw/31 - Front Axle/31-48.jpg,jpg,31 - Front Axle,31-48.jpg,
raw/31 - Front Axle/index.html,html,31 - Front Axle,index.html,
raw/320is-techspec.html,html,,320is-techspec.html,
raw/33 - Rear Axle/33-00-index-a.jpg,jpg,33 - Rear Axle,33-00-index-a.jpg,
raw/33 - Rear Axle/33-00.jpg,jpg,33 - Rear Axle,33-00.jpg,
raw/33 - Rear Axle/33-00_1.jpg,jpg,33 - Rear Axle,33-00_1.jpg,
raw/33 - Rear Axle/33-00_2.jpg,jpg,33 - Rear Axle,33-00_2.jpg,
raw/33 - Rear Axle/33-01.jpg,jpg,33 - Rear Axle,33-01.jpg,
raw/33 - Rear Axle/33-01_1.jpg,jpg,33 - Rear Axle,33-01_1.jpg,
raw/33 - Rear Axle/33-02.jpg,jpg,33 - Rear Axle,33-02.jpg,
raw/33 - Rear Axle/33-03.jpg,jpg,33 - Rear Axle,33-03.jpg,
raw/33 - Rear Axle/33-04.jpg,jpg,33 - Rear Axle,33-04.jpg,
raw/33 - Rear Axle/33-05.jpg,jpg,33 - Rear Axle,33-05.jpg,
raw/33 - Rear Axle/33-06.jpg,jpg,33 - Rear Axle,33-06.jpg,
raw/33 - Rear Axle/33-07.jpg,jpg,33 - Rear Axle,33-07.jpg,
raw/33 - Rear Axle/33-08.jpg,jpg,33 - Rear Axle,33-08.jpg,
raw/33 - Rear Axle/33-09.jpg,jpg,33 - Rear Axle,33-09.jpg,
raw/33 - Rear Axle/33-10.jpg,jpg,33 - Rear Axle,33-10.jpg,
raw/33 - Rear Axle/33-11.jpg,jpg,33 - Rear Axle,33-11.jpg,
raw/33 - Rear Axle/33-13.jpg,jpg,33 - Rear Axle,33-13.jpg,
raw/33 - Rear Axle/33-14.jpg,jpg,33 - Rear Axle,33-14.jpg,
raw/33 - Rear Axle/33-15.jpg,jpg,33 - Rear Axle,33-15.jpg,
raw/33 - Rear Axle/33-16.jpg,jpg,33 - Rear Axle,33-16.jpg,
raw/33 - Rear Axle/33-17.jpg,jpg,33 - Rear Axle,33-17.jpg,
raw/33 - Rear Axle/33-18.jpg,jpg,33 - Rear Axle,33-18.jpg,
raw/33 - Rear Axle/index.html,html,33 - Rear Axle,index.html,
raw/34 - Brakes/34-00-index-a.jpg,jpg,34 - Brakes,34-00-index-a.jpg,
raw/34 - Brakes/34-00-index-b.jpg,jpg,34 - Brakes,34-00-index-b.jpg,
raw/34 - Brakes/34-00-index-c.jpg,jpg,34 - Brakes,34-00-index-c.jpg,
raw/34 - Brakes/34-01.jpg,jpg,34 - Brakes,34-01.jpg,
raw/34 - Brakes/34-02.jpg,jpg,34 - Brakes,34-02.jpg,
raw/34 - Brakes/34-03.jpg,jpg,34 - Brakes,34-03.jpg,
raw/34 - Brakes/34-04.jpg,jpg,34 - Brakes,34-04.jpg,
raw/34 - Brakes/34-05.jpg,jpg,34 - Brakes,34-05.jpg,
raw/34 - Brakes/34-06.jpg,jpg,34 - Brakes,34-06.jpg,
raw/34 - Brakes/34-07.jpg,jpg,34 - Brakes,34-07.jpg,
raw/34 - Brakes/34-08.jpg,jpg,34 - Brakes,34-08.jpg,
raw/34 - Brakes/34-09.jpg,jpg,34 - Brakes,34-09.jpg,
raw/34 - Brakes/34-10.jpg,jpg,34 - Brakes,34-10.jpg,
raw/34 - Brakes/34-10a.jpg,jpg,34 - Brakes,34-10a.jpg,
raw/34 - Brakes/34-11.jpg,jpg,34 - Brakes,34-11.jpg,
raw/34 - Brakes/34-12.jpg,jpg,34 - Brakes,34-12.jpg,
raw/34 - Brakes/34-13.jpg,jpg,34 - Brakes,34-13.jpg,
raw/34 - Brakes/34-14.jpg,jpg,34 - Brakes,34-14.jpg,
raw/34 - Brakes/34-15.jpg,jpg,34 - Brakes,34-15.jpg,
raw/34 - Brakes/34-16.jpg,jpg,34 - Brakes,34-16.jpg,
raw/34 - Brakes/34-17.jpg,jpg,34 - Brakes,34-17.jpg,
raw/34 - Brakes/34-18.jpg,jpg,34 - Brakes,34-18.jpg,
raw/34 - Brakes/34-19.jpg,jpg,34 - Brakes,34-19.jpg,
raw/34 - Brakes/34-20.jpg,jpg,34 - Brakes,34-20.jpg,
raw/34 - Brakes/34-21.jpg,jpg,34 - Brakes,34-21.jpg,
raw/34 - Brakes/34-22.jpg,jpg,34 - Brakes,34-22.jpg,
raw/34 - Brakes/34-23.jpg,jpg,34 - Brakes,34-23.jpg,
raw/34 - Brakes/34-24.jpg,jpg,34 - Brakes,34-24.jpg,
raw/34 - Brakes/34-25.jpg,jpg,34 - Brakes,34-25.jpg,
raw/34 - Brakes/34-26.jpg,jpg,34 - Brakes,34-26.jpg,
raw/34 - Brakes/34-27.jpg,jpg,34 - Brakes,34-27.jpg,
raw/34 - Brakes/34-28.jpg,jpg,34 - Brakes,34-28.jpg,
raw/34 - Brakes/34-29.jpg,jpg,34 - Brakes,34-29.jpg,
raw/34 - Brakes/34-30.jpg,jpg,34 - Brakes,34-30.jpg,
raw/34 - Brakes/34-31.jpg,jpg,34 - Brakes,34-31.jpg,
raw/34 - Brakes/34-31a.jpg,jpg,34 - Brakes,34-31a.jpg,
raw/34 - Brakes/34-31b.jpg,jpg,34 - Brakes,34-31b.jpg,
raw/34 - Brakes/34-31c.jpg,jpg,34 - Brakes,34-31c.jpg,
raw/34 - Brakes/34-32.jpg,jpg,34 - Brakes,34-32.jpg,
raw/34 - Brakes/34-33.jpg,jpg,34 - Brakes,34-33.jpg,
raw/34 - Brakes/34-34.jpg,jpg,34 - Brakes,34-34.jpg,
raw/34 - Brakes/34-34a.jpg,jpg,34 - Brakes,34-34a.jpg,
raw/34 - Brakes/34-34b.jpg,jpg,34 - Brakes,34-34b.jpg,
raw/34 - Brakes/34-34c.jpg,jpg,34 - Brakes,34-34c.jpg,
raw/34 - Brakes/34-35.jpg,jpg,34 - Brakes,34-35.jpg,
raw/34 - Brakes/34-36.jpg,jpg,34 - Brakes,34-36.jpg,
raw/34 - Brakes/34-37.jpg,jpg,34 - Brakes,34-37.jpg,
raw/34 - Brakes/34-38.jpg,jpg,34 - Brakes,34-38.jpg,
raw/34 - Brakes/34-39.jpg,jpg,34 - Brakes,34-39.jpg,
raw/34 - Brakes/34-40.jpg,jpg,34 - Brakes,34-40.jpg,
raw/34 - Brakes/34-41.jpg,jpg,34 - Brakes,34-41.jpg,
raw/34 - Brakes/34-42.jpg,jpg,34 - Brakes,34-42.jpg,
raw/34 - Brakes/34-43.jpg,jpg,34 - Brakes,34-43.jpg,
raw/34 - Brakes/34-44.jpg,jpg,34 - Brakes,34-44.jpg,
raw/34 - Brakes/34-45.jpg,jpg,34 - Brakes,34-45.jpg,
raw/34 - Brakes/index.html,html,34 - Brakes,index.html,
raw/35 - Pedals/35-00-index-a.jpg,jpg,35 - Pedals,35-00-index-a.jpg,
raw/35 - Pedals/35-01.jpg,jpg,35 - Pedals,35-01.jpg,
raw/35 - Pedals/35-02.jpg,jpg,35 - Pedals,35-02.jpg,
raw/35 - Pedals/35-03.jpg,jpg,35 - Pedals,35-03.jpg,
raw/35 - Pedals/35-04.jpg,jpg,35 - Pedals,35-04.jpg,
raw/35 - Pedals/35-05.jpg,jpg,35 - Pedals,35-05.jpg,
raw/35 - Pedals/35-05_1.jpg,jpg,35 - Pedals,35-05_1.jpg,
raw/35 - Pedals/35-06.jpg,jpg,35 - Pedals,35-06.jpg,
raw/35 - Pedals/35-07.jpg,jpg,35 - Pedals,35-07.jpg,
raw/35 - Pedals/35-08.jpg,jpg,35 - Pedals,35-08.jpg,
raw/35 - Pedals/35-09.jpg,jpg,35 - Pedals,35-09.jpg,
raw/35 - Pedals/35-10.jpg,jpg,35 - Pedals,35-10.jpg,
raw/35 - Pedals/index.html,html,35 - Pedals,index.html,
raw/36 - Wheels and Tires/36-00-index-a.jpg,jpg,36 - Wheels and Tires,36-00-index-a.jpg,
raw/36 - Wheels and Tires/36-01.jpg,jpg,36 - Wheels and Tires,36-01.jpg,
raw/36 - Wheels and Tires/36-02.jpg,jpg,36 - Wheels and Tires,36-02.jpg,
raw/36 - Wheels and Tires/36-03.jpg,jpg,36 - Wheels and Tires,36-03.jpg,
raw/36 - Wheels and Tires/36-04.jpg,jpg,36 - Wheels and Tires,36-04.jpg,
raw/36 - Wheels and Tires/36-05.jpg,jpg,36 - Wheels and Tires,36-05.jpg,
raw/36 - Wheels and Tires/36-06.jpg,jpg,36 - Wheels and Tires,36-06.jpg,
raw/36 - Wheels and Tires/36-07.jpg,jpg,36 - Wheels and Tires,36-07.jpg,
raw/36 - Wheels and Tires/36-08.jpg,jpg,36 - Wheels and Tires,36-08.jpg,
raw/36 - Wheels and Tires/36-09.jpg,jpg,36 - Wheels and Tires,36-09.jpg,
raw/36 - Wheels and Tires/36-10.jpg,jpg,36 - Wheels and Tires,36-10.jpg,
raw/36 - Wheels and Tires/36-11.jpg,jpg,36 - Wheels and Tires,36-11.jpg,
raw/36 - Wheels and Tires/index.html,html,36 - Wheels and Tires,index.html,
raw/41 - Body (Convertibles)/41-00-index-f.jpg,jpg,41 - Body (Convertibles),41-00-index-f.jpg,
raw/41 - Body (Convertibles)/41-00-index-g.jpg,jpg,41 - Body (Convertibles),41-00-index-g.jpg,
raw/41 - Body (Convertibles)/41-101c.jpg,jpg,41 - Body (Convertibles),41-101c.jpg,
raw/41 - Body (Convertibles)/41-102c.jpg,jpg,41 - Body (Convertibles),41-102c.jpg,
raw/41 - Body (Convertibles)/41-103c.jpg,jpg,41 - Body (Convertibles),41-103c.jpg,
raw/41 - Body (Convertibles)/41-104c.jpg,jpg,41 - Body (Convertibles),41-104c.jpg,
raw/41 - Body (Convertibles)/41-105c.jpg,jpg,41 - Body (Convertibles),41-105c.jpg,
raw/41 - Body (Convertibles)/41-106c.jpg,jpg,41 - Body (Convertibles),41-106c.jpg,
raw/41 - Body (Convertibles)/41-107c.jpg,jpg,41 - Body (Convertibles),41-107c.jpg,
raw/41 - Body (Convertibles)/41-108c.jpg,jpg,41 - Body (Convertibles),41-108c.jpg,
raw/41 - Body (Convertibles)/41-109c.jpg,jpg,41 - Body (Convertibles),41-109c.jpg,
raw/41 - Body (Convertibles)/41-110c.jpg,jpg,41 - Body (Convertibles),41-110c.jpg,
raw/41 - Body (Convertibles)/41-111c.jpg,jpg,41 - Body (Convertibles),41-111c.jpg,
raw/41 - Body (Convertibles)/41-112c.jpg,jpg,41 - Body (Convertibles),41-112c.jpg,
raw/41 - Body (Convertibles)/41-113c.jpg,jpg,41 - Body (Convertibles),41-113c.jpg,
raw/41 - Body (Convertibles)/41-114c.jpg,jpg,41 - Body (Convertibles),41-114c.jpg,
raw/41 - Body (Convertibles)/41-115c.jpg,jpg,41 - Body (Convertibles),41-115c.jpg,
raw/41 - Body (Convertibles)/41-116c.jpg,jpg,41 - Body (Convertibles),41-116c.jpg,
raw/41 - Body (Convertibles)/41-117c.jpg,jpg,41 - Body (Convertibles),41-117c.jpg,
raw/41 - Body (Convertibles)/41-201c.jpg,jpg,41 - Body (Convertibles),41-201c.jpg,
raw/41 - Body (Convertibles)/41-202c.jpg,jpg,41 - Body (Convertibles),41-202c.jpg,
raw/41 - Body (Convertibles)/41-203c.jpg,jpg,41 - Body (Convertibles),41-203c.jpg,
raw/41 - Body (Convertibles)/41-204c.jpg,jpg,41 - Body (Convertibles),41-204c.jpg,
raw/41 - Body (Convertibles)/41-301c.jpg,jpg,41 - Body (Convertibles),41-301c.jpg,
raw/41 - Body (Convertibles)/41-302c.jpg,jpg,41 - Body (Convertibles),41-302c.jpg,
raw/41 - Body (Convertibles)/41-303c.jpg,jpg,41 - Body (Convertibles),41-303c.jpg,
raw/41 - Body (Convertibles)/41-304c.jpg,jpg,41 - Body (Convertibles),41-304c.jpg,
raw/41 - Body (Convertibles)/41-305c.jpg,jpg,41 - Body (Convertibles),41-305c.jpg,
raw/41 - Body (Convertibles)/index.html,html,41 - Body (Convertibles),index.html,
raw/41 - Body/41-00-index-a.jpg,jpg,41 - Body,41-00-index-a.jpg,
raw/41 - Body/41-00-index-b.jpg,jpg,41 - Body,41-00-index-b.jpg,
raw/41 - Body/41-00-index-c.jpg,jpg,41 - Body,41-00-index-c.jpg,
raw/41 - Body/41-00-index-d.jpg,jpg,41 - Body,41-00-index-d.jpg,
raw/41 - Body/41-00-index-e.jpg,jpg,41 - Body,41-00-index-e.jpg,
raw/41 - Body/41-001.jpg,jpg,41 - Body,41-001.jpg,
raw/41 - Body/41-002.jpg,jpg,41 - Body,41-002.jpg,
raw/41 - Body/41-002_1.jpg,jpg,41 - Body,41-002_1.jpg,
raw/41 - Body/41-003.jpg,jpg,41 - Body,41-003.jpg,
raw/41 - Body/41-004.jpg,jpg,41 - Body,41-004.jpg,
raw/41 - Body/41-005.jpg,jpg,41 - Body,41-005.jpg,
raw/41 - Body/41-006.jpg,jpg,41 - Body,41-006.jpg,
raw/41 - Body/41-010.jpg,jpg,41 - Body,41-010.jpg,
raw/41 - Body/41-011.jpg,jpg,41 - Body,41-011.jpg,
raw/41 - Body/41-012.jpg,jpg,41 - Body,41-012.jpg,
raw/41 - Body/41-013.jpg,jpg,41 - Body,41-013.jpg,
raw/41 - Body/41-014.jpg,jpg,41 - Body,41-014.jpg,
raw/41 - Body/41-015.jpg,jpg,41 - Body,41-015.jpg,
raw/41 - Body/41-101.jpg,jpg,41 - Body,41-101.jpg,
raw/41 - Body/41-102.jpg,jpg,41 - Body,41-102.jpg,
raw/41 - Body/41-103.jpg,jpg,41 - Body,41-103.jpg,
raw/41 - Body/41-104.jpg,jpg,41 - Body,41-104.jpg,
raw/41 - Body/41-105.jpg,jpg,41 - Body,41-105.jpg,
raw/41 - Body/41-106.jpg,jpg,41 - Body,41-106.jpg,
raw/41 - Body/41-107.jpg,jpg,41 - Body,41-107.jpg,
raw/41 - Body/41-108.jpg,jpg,41 - Body,41-108.jpg,
raw/41 - Body/41-109.jpg,jpg,41 - Body,41-109.jpg,
raw/41 - Body/41-110.jpg,jpg,41 - Body,41-110.jpg,
raw/41 - Body/41-111.jpg,jpg,41 - Body,41-111.jpg,
raw/41 - Body/41-112.jpg,jpg,41 - Body,41-112.jpg,
raw/41 - Body/41-113.jpg,jpg,41 - Body,41-113.jpg,
raw/41 - Body/41-114.jpg,jpg,41 - Body,41-114.jpg,
raw/41 - Body/41-115.jpg,jpg,41 - Body,41-115.jpg,
raw/41 - Body/41-116.jpg,jpg,41 - Body,41-116.jpg,
raw/41 - Body/41-117.jpg,jpg,41 - Body,41-117.jpg,
raw/41 - Body/41-118.jpg,jpg,41 - Body,41-118.jpg,
raw/41 - Body/41-119.jpg,jpg,41 - Body,41-119.jpg,
raw/41 - Body/41-120.jpg,jpg,41 - Body,41-120.jpg,
raw/41 - Body/41-121.jpg,jpg,41 - Body,41-121.jpg,
raw/41 - Body/41-122.jpg,jpg,41 - Body,41-122.jpg,
raw/41 - Body/41-123.jpg,jpg,41 - Body,41-123.jpg,
raw/41 - Body/41-124.jpg,jpg,41 - Body,41-124.jpg,
raw/41 - Body/41-125.jpg,jpg,41 - Body,41-125.jpg,
raw/41 - Body/41-126.jpg,jpg,41 - Body,41-126.jpg,
raw/41 - Body/41-127.jpg,jpg,41 - Body,41-127.jpg,
raw/41 - Body/41-128.jpg,jpg,41 - Body,41-128.jpg,
raw/41 - Body/41-129.jpg,jpg,41 - Body,41-129.jpg,
raw/41 - Body/41-130.jpg,jpg,41 - Body,41-130.jpg,
raw/41 - Body/41-201.jpg,jpg,41 - Body,41-201.jpg,
raw/41 - Body/41-202.jpg,jpg,41 - Body,41-202.jpg,
raw/41 - Body/41-203.jpg,jpg,41 - Body,41-203.jpg,
raw/41 - Body/41-204.jpg,jpg,41 - Body,41-204.jpg,
raw/41 - Body/41-205.jpg,jpg,41 - Body,41-205.jpg,
raw/41 - Body/41-206.jpg,jpg,41 - Body,41-206.jpg,
raw/41 - Body/41-207.jpg,jpg,41 - Body,41-207.jpg,
raw/41 - Body/41-208.jpg,jpg,41 - Body,41-208.jpg,
raw/41 - Body/41-209.jpg,jpg,41 - Body,41-209.jpg,
raw/41 - Body/41-210.jpg,jpg,41 - Body,41-210.jpg,
raw/41 - Body/41-211.jpg,jpg,41 - Body,41-211.jpg,
raw/41 - Body/41-212.jpg,jpg,41 - Body,41-212.jpg,
raw/41 - Body/41-213.jpg,jpg,41 - Body,41-213.jpg,
raw/41 - Body/41-214.jpg,jpg,41 - Body,41-214.jpg,
raw/41 - Body/41-215.jpg,jpg,41 - Body,41-215.jpg,
raw/41 - Body/41-216.jpg,jpg,41 - Body,41-216.jpg,
raw/41 - Body/41-217.jpg,jpg,41 - Body,41-217.jpg,
raw/41 - Body/41-301.jpg,jpg,41 - Body,41-301.jpg,
raw/41 - Body/41-302.jpg,jpg,41 - Body,41-302.jpg,
raw/41 - Body/41-303.jpg,jpg,41 - Body,41-303.jpg,
raw/41 - Body/41-304.jpg,jpg,41 - Body,41-304.jpg,
raw/41 - Body/41-305.jpg,jpg,41 - Body,41-305.jpg,
raw/41 - Body/41-306.jpg,jpg,41 - Body,41-306.jpg,
raw/41 - Body/41-307.jpg,jpg,41 - Body,41-307.jpg,
raw/41 - Body/41-308.jpg,jpg,41 - Body,41-308.jpg,
raw/41 - Body/41-309.jpg,jpg,41 - Body,41-309.jpg,
raw/41 - Body/41-310.jpg,jpg,41 - Body,41-310.jpg,
raw/41 - Body/41-311.jpg,jpg,41 - Body,41-311.jpg,
raw/41 - Body/41-312.jpg,jpg,41 - Body,41-312.jpg,
raw/41 - Body/41-313.jpg,jpg,41 - Body,41-313.jpg,
raw/41 - Body/41-314.jpg,jpg,41 - Body,41-314.jpg,
raw/41 - Body/41-315.jpg,jpg,41 - Body,41-315.jpg,
raw/41 - Body/41-316.jpg,jpg,41 - Body,41-316.jpg,
raw/41 - Body/41-317.jpg,jpg,41 - Body,41-317.jpg,
raw/41 - Body/41-318.jpg,jpg,41 - Body,41-318.jpg,
raw/41 - Body/41-319.jpg,jpg,41 - Body,41-319.jpg,
raw/41 - Body/41-320.jpg,jpg,41 - Body,41-320.jpg,
raw/41 - Body/41-321.jpg,jpg,41 - Body,41-321.jpg,
raw/41 - Body/41-322.jpg,jpg,41 - Body,41-322.jpg,
raw/41 - Body/41-323.jpg,jpg,41 - Body,41-323.jpg,
raw/41 - Body/41-324.jpg,jpg,41 - Body,41-324.jpg,
raw/41 - Body/41-325.jpg,jpg,41 - Body,41-325.jpg,
raw/41 - Body/41-326.jpg,jpg,41 - Body,41-326.jpg,
raw/41 - Body/41-327.jpg,jpg,41 - Body,41-327.jpg,
raw/41 - Body/41-328.jpg,jpg,41 - Body,41-328.jpg,
raw/41 - Body/41-329.jpg,jpg,41 - Body,41-329.jpg,
raw/41 - Body/41-330.jpg,jpg,41 - Body,41-330.jpg,
raw/41 - Body/41-331.jpg,jpg,41 - Body,41-331.jpg,
raw/41 - Body/41-332.jpg,jpg,41 - Body,41-332.jpg,
raw/41 - Body/41-333.jpg,jpg,41 - Body,41-333.jpg,
raw/41 - Body/41-334.jpg,jpg,41 - Body,41-334.jpg,
raw/41 - Body/41-335.jpg,jpg,41 - Body,41-335.jpg,
raw/41 - Body/41-500.jpg,jpg,41 - Body,41-500.jpg,
raw/41 - Body/41-501.jpg,jpg,41 - Body,41-501.jpg,
raw/41 - Body/41-502.jpg,jpg,41 - Body,41-502.jpg,
raw/41 - Body/41-503.jpg,jpg,41 - Body,41-503.jpg,
raw/41 - Body/41-504.jpg,jpg,41 - Body,41-504.jpg,
raw/41 - Body/41-505.jpg,jpg,41 - Body,41-505.jpg,
raw/41 - Body/41-506.jpg,jpg,41 - Body,41-506.jpg,
raw/41 - Body/41-507.jpg,jpg,41 - Body,41-507.jpg,
raw/41 - Body/41-508.jpg,jpg,41 - Body,41-508.jpg,
raw/41 - Body/41-601.jpg,jpg,41 - Body,41-601.jpg,
raw/41 - Body/41-602.jpg,jpg,41 - Body,41-602.jpg,
raw/41 - Body/index.html,html,41 - Body,index.html,
raw/51 - Body Equipment/51-00-index-a.jpg,jpg,51 - Body Equipment,51-00-index-a.jpg,
raw/51 - Body Equipment/51-00-index-b.jpg,jpg,51 - Body Equipment,51-00-index-b.jpg,
raw/51 - Body Equipment/51-00-index-c.jpg,jpg,51 - Body Equipment,51-00-index-c.jpg,
raw/51 - Body Equipment/51-00-index-d.jpg,jpg,51 - Body Equipment,51-00-index-d.jpg,
raw/51 - Body Equipment/51-00-index-e.jpg,jpg,51 - Body Equipment,51-00-index-e.jpg,
raw/51 - Body Equipment/51-110.jpg,jpg,51 - Body Equipment,51-110.jpg,
raw/51 - Body Equipment/51-111.jpg,jpg,51 - Body Equipment,51-111.jpg,
raw/51 - Body Equipment/51-112.jpg,jpg,51 - Body Equipment,51-112.jpg,
raw/51 - Body Equipment/51-113.jpg,jpg,51 - Body Equipment,51-113.jpg,
raw/51 - Body Equipment/51-114.jpg,jpg,51 - Body Equipment,51-114.jpg,
raw/51 - Body Equipment/51-115.jpg,jpg,51 - Body Equipment,51-115.jpg,
raw/51 - Body Equipment/51-116.jpg,jpg,51 - Body Equipment,51-116.jpg,
raw/51 - Body Equipment/51-120.jpg,jpg,51 - Body Equipment,51-120.jpg,
raw/51 - Body Equipment/51-121.jpg,jpg,51 - Body Equipment,51-121.jpg,
raw/51 - Body Equipment/51-122.jpg,jpg,51 - Body Equipment,51-122.jpg,
raw/51 - Body Equipment/51-123.jpg,jpg,51 - Body Equipment,51-123.jpg,
raw/51 - Body Equipment/51-124.jpg,jpg,51 - Body Equipment,51-124.jpg,
raw/51 - Body Equipment/51-125.jpg,jpg,51 - Body Equipment,51-125.jpg,
raw/51 - Body Equipment/51-130.jpg,jpg,51 - Body Equipment,51-130.jpg,
raw/51 - Body Equipment/51-131.jpg,jpg,51 - Body Equipment,51-131.jpg,
raw/51 - Body Equipment/51-140.jpg,jpg,51 - Body Equipment,51-140.jpg,
raw/51 - Body Equipment/51-141.jpg,jpg,51 - Body Equipment,51-141.jpg,
raw/51 - Body Equipment/51-150.jpg,jpg,51 - Body Equipment,51-150.jpg,
raw/51 - Body Equipment/51-160.jpg,jpg,51 - Body Equipment,51-160.jpg,
raw/51 - Body Equipment/51-161.jpg,jpg,51 - Body Equipment,51-161.jpg,
raw/51 - Body Equipment/51-162.jpg,jpg,51 - Body Equipment,51-162.jpg,
raw/51 - Body Equipment/51-163.jpg,jpg,51 - Body Equipment,51-163.jpg,
raw/51 - Body Equipment/51-164.jpg,jpg,51 - Body Equipment,51-164.jpg,
raw/51 - Body Equipment/51-210.jpg,jpg,51 - Body Equipment,51-210.jpg,
raw/51 - Body Equipment/51-211.jpg,jpg,51 - Body Equipment,51-211.jpg,
raw/51 - Body Equipment/51-212.jpg,jpg,51 - Body Equipment,51-212.jpg,
raw/51 - Body Equipment/51-213.jpg,jpg,51 - Body Equipment,51-213.jpg,
raw/51 - Body Equipment/51-214.jpg,jpg,51 - Body Equipment,51-214.jpg,
raw/51 - Body Equipment/51-215.jpg,jpg,51 - Body Equipment,51-215.jpg,
raw/51 - Body Equipment/51-216.jpg,jpg,51 - Body Equipment,51-216.jpg,
raw/51 - Body Equipment/51-220.jpg,jpg,51 - Body Equipment,51-220.jpg,
raw/51 - Body Equipment/51-221.jpg,jpg,51 - Body Equipment,51-221.jpg,
raw/51 - Body Equipment/51-230.jpg,jpg,51 - Body Equipment,51-230.jpg,
raw/51 - Body Equipment/51-240.jpg,jpg,51 - Body Equipment,51-240.jpg,
raw/51 - Body Equipment/51-241.jpg,jpg,51 - Body Equipment,51-241.jpg,
raw/51 - Body Equipment/51-250.jpg,jpg,51 - Body Equipment,51-250.jpg,
raw/51 - Body Equipment/51-251.jpg,jpg,51 - Body Equipment,51-251.jpg,
raw/51 - Body Equipment/51-252.jpg,jpg,51 - Body Equipment,51-252.jpg,
raw/51 - Body Equipment/51-260.jpg,jpg,51 - Body Equipment,51-260.jpg,
raw/51 - Body Equipment/51-261.jpg,jpg,51 - Body Equipment,51-261.jpg,
raw/51 - Body Equipment/51-262.jpg,jpg,51 - Body Equipment,51-262.jpg,
raw/51 - Body Equipment/51-263.jpg,jpg,51 - Body Equipment,51-263.jpg,
raw/51 - Body Equipment/51-310.jpg,jpg,51 - Body Equipment,51-310.jpg,
raw/51 - Body Equipment/51-311.jpg,jpg,51 - Body Equipment,51-311.jpg,
raw/51 - Body Equipment/51-312.jpg,jpg,51 - Body Equipment,51-312.jpg,
raw/51 - Body Equipment/51-313.jpg,jpg,51 - Body Equipment,51-313.jpg,
raw/51 - Body Equipment/51-314.jpg,jpg,51 - Body Equipment,51-314.jpg,
raw/51 - Body Equipment/51-315.jpg,jpg,51 - Body Equipment,51-315.jpg,
raw/51 - Body Equipment/51-316.jpg,jpg,51 - Body Equipment,51-316.jpg,
raw/51 - Body Equipment/51-317.jpg,jpg,51 - Body Equipment,51-317.jpg,
raw/51 - Body Equipment/51-318.jpg,jpg,51 - Body Equipment,51-318.jpg,
raw/51 - Body Equipment/51-319.jpg,jpg,51 - Body Equipment,51-319.jpg,
raw/51 - Body Equipment/51-319a.jpg,jpg,51 - Body Equipment,51-319a.jpg,
raw/51 - Body Equipment/51-320.jpg,jpg,51 - Body Equipment,51-320.jpg,
raw/51 - Body Equipment/51-321.jpg,jpg,51 - Body Equipment,51-321.jpg,
raw/51 - Body Equipment/51-322.jpg,jpg,51 - Body Equipment,51-322.jpg,
raw/51 - Body Equipment/51-323.jpg,jpg,51 - Body Equipment,51-323.jpg,
raw/51 - Body Equipment/51-324.jpg,jpg,51 - Body Equipment,51-324.jpg,
raw/51 - Body Equipment/51-325.jpg,jpg,51 - Body Equipment,51-325.jpg,
raw/51 - Body Equipment/51-330.jpg,jpg,51 - Body Equipment,51-330.jpg,
raw/51 - Body Equipment/51-340.jpg,jpg,51 - Body Equipment,51-340.jpg,
raw/51 - Body Equipment/51-341.jpg,jpg,51 - Body Equipment,51-341.jpg,
raw/51 - Body Equipment/51-342.jpg,jpg,51 - Body Equipment,51-342.jpg,
raw/51 - Body Equipment/51-343.jpg,jpg,51 - Body Equipment,51-343.jpg,
raw/51 - Body Equipment/51-344.jpg,jpg,51 - Body Equipment,51-344.jpg,
raw/51 - Body Equipment/51-345.jpg,jpg,51 - Body Equipment,51-345.jpg,
raw/51 - Body Equipment/51-360.jpg,jpg,51 - Body Equipment,51-360.jpg,
raw/51 - Body Equipment/51-361.jpg,jpg,51 - Body Equipment,51-361.jpg,
raw/51 - Body Equipment/51-370.jpg,jpg,51 - Body Equipment,51-370.jpg,
raw/51 - Body Equipment/51-371.jpg,jpg,51 - Body Equipment,51-371.jpg,
raw/51 - Body Equipment/51-372.jpg,jpg,51 - Body Equipment,51-372.jpg,
raw/51 - Body Equipment/51-410.jpg,jpg,51 - Body Equipment,51-410.jpg,
raw/51 - Body Equipment/51-411.jpg,jpg,51 - Body Equipment,51-411.jpg,
raw/51 - Body Equipment/51-420.jpg,jpg,51 - Body Equipment,51-420.jpg,
raw/51 - Body Equipment/51-431.jpg,jpg,51 - Body Equipment,51-431.jpg,
raw/51 - Body Equipment/51-432.jpg,jpg,51 - Body Equipment,51-432.jpg,
raw/51 - Body Equipment/51-440.jpg,jpg,51 - Body Equipment,51-440.jpg,
raw/51 - Body Equipment/51-450.jpg,jpg,51 - Body Equipment,51-450.jpg,
raw/51 - Body Equipment/51-451.jpg,jpg,51 - Body Equipment,51-451.jpg,
raw/51 - Body Equipment/51-452.jpg,jpg,51 - Body Equipment,51-452.jpg,
raw/51 - Body Equipment/51-453.jpg,jpg,51 - Body Equipment,51-453.jpg,
raw/51 - Body Equipment/51-454.jpg,jpg,51 - Body Equipment,51-454.jpg,
raw/51 - Body Equipment/51-455.jpg,jpg,51 - Body Equipment,51-455.jpg,
raw/51 - Body Equipment/51-456.jpg,jpg,51 - Body Equipment,51-456.jpg,
raw/51 - Body Equipment/51-460.jpg,jpg,51 - Body Equipment,51-460.jpg,
raw/51 - Body Equipment/51-470.jpg,jpg,51 - Body Equipment,51-470.jpg,
raw/51 - Body Equipment/51-471.jpg,jpg,51 - Body Equipment,51-471.jpg,
raw/51 - Body Equipment/51-472.jpg,jpg,51 - Body Equipment,51-472.jpg,
raw/51 - Body Equipment/51-473.jpg,jpg,51 - Body Equipment,51-473.jpg,
raw/51 - Body Equipment/51-475.jpg,jpg,51 - Body Equipment,51-475.jpg,
raw/51 - Body Equipment/51-710.jpg,jpg,51 - Body Equipment,51-710.jpg,
raw/51 - Body Equipment/51-711.jpg,jpg,51 - Body Equipment,51-711.jpg,
raw/51 - Body Equipment/51-712.jpg,jpg,51 - Body Equipment,51-712.jpg,
raw/51 - Body Equipment/51-713.jpg,jpg,51 - Body Equipment,51-713.jpg,
raw/51 - Body Equipment/51-714.jpg,jpg,51 - Body Equipment,51-714.jpg,
raw/51 - Body Equipment/51-715.jpg,jpg,51 - Body Equipment,51-715.jpg,
raw/51 - Body Equipment/51-716.jpg,jpg,51 - Body Equipment,51-716.jpg,
raw/51 - Body Equipment/51-717.jpg,jpg,51 - Body Equipment,51-717.jpg,
raw/51 - Body Equipment/51-756.jpg,jpg,51 - Body Equipment,51-756.jpg,
raw/51 - Body Equipment/51-757.jpg,jpg,51 - Body Equipment,51-757.jpg,
raw/51 - Body Equipment/51-758.jpg,jpg,51 - Body Equipment,51-758.jpg,
raw/51 - Body Equipment/51-769.jpg,jpg,51 - Body Equipment,51-769.jpg,
raw/51 - Body Equipment/51-770.jpg,jpg,51 - Body Equipment,51-770.jpg,
raw/51 - Body Equipment/51-800.jpg,jpg,51 - Body Equipment,51-800.jpg,
raw/51 - Body Equipment/51-801.jpg,jpg,51 - Body Equipment,51-801.jpg,
raw/51 - Body Equipment/51-802.jpg,jpg,51 - Body Equipment,51-802.jpg,
raw/51 - Body Equipment/51-803.jpg,jpg,51 - Body Equipment,51-803.jpg,
raw/51 - Body Equipment/51-804.jpg,jpg,51 - Body Equipment,51-804.jpg,
raw/51 - Body Equipment/51-805.jpg,jpg,51 - Body Equipment,51-805.jpg,
raw/51 - Body Equipment/51-806.jpg,jpg,51 - Body Equipment,51-806.jpg,
raw/51 - Body Equipment/51-807.jpg,jpg,51 - Body Equipment,51-807.jpg,
raw/51 - Body Equipment/51-808.jpg,jpg,51 - Body Equipment,51-808.jpg,
raw/51 - Body Equipment/51-810.jpg,jpg,51 - Body Equipment,51-810.jpg,
raw/51 - Body Equipment/51-811.jpg,jpg,51 - Body Equipment,51-811.jpg,
raw/51 - Body Equipment/51-812.jpg,jpg,51 - Body Equipment,51-812.jpg,
raw/51 - Body Equipment/51-813.jpg,jpg,51 - Body Equipment,51-813.jpg,
raw/51 - Body Equipment/51-814.jpg,jpg,51 - Body Equipment,51-814.jpg,
raw/51 - Body Equipment/51-815.jpg,jpg,51 - Body Equipment,51-815.jpg,
raw/51 - Body Equipment/index.html,html,51 - Body Equipment,index.html,
raw/52 - Seats/52-00-index-a.jpg,jpg,52 - Seats,52-00-index-a.jpg,
raw/52 - Seats/52-101.jpg,jpg,52 - Seats,52-101.jpg,
raw/52 - Seats/52-102.jpg,jpg,52 - Seats,52-102.jpg,
raw/52 - Seats/52-103.jpg,jpg,52 - Seats,52-103.jpg,
raw/52 - Seats/52-201.jpg,jpg,52 - Seats,52-201.jpg,
raw/52 - Seats/index.html,html,52 - Seats,index.html,
"raw/54 - Hood, Sun Roof/54-00-index-a.jpg",jpg,"54 - Hood, Sun Roof",54-00-index-a.jpg,
"raw/54 - Hood, Sun Roof/54-01.jpg",jpg,"54 - Hood, Sun Roof",54-01.jpg,
"raw/54 - Hood, Sun Roof/54-02.jpg",jpg,"54 - Hood, Sun Roof",54-02.jpg,
"raw/54 - Hood, Sun Roof/54-03.jpg",jpg,"54 - Hood, Sun Roof",54-03.jpg,
"raw/54 - Hood, Sun Roof/54-04.jpg",jpg,"54 - Hood, Sun Roof",54-04.jpg,
"raw/54 - Hood, Sun Roof/54-05.jpg",jpg,"54 - Hood, Sun Roof",54-05.jpg,
"raw/54 - Hood, Sun Roof/54-06.jpg",jpg,"54 - Hood, Sun Roof",54-06.jpg,
"raw/54 - Hood, Sun Roof/54-07.jpg",jpg,"54 - Hood, Sun Roof",54-07.jpg,
"raw/54 - Hood, Sun Roof/54-08.jpg",jpg,"54 - Hood, Sun Roof",54-08.jpg,
"raw/54 - Hood, Sun Roof/54-09.jpg",jpg,"54 - Hood, Sun Roof",54-09.jpg,
"raw/54 - Hood, Sun Roof/54-10.jpg",jpg,"54 - Hood, Sun Roof",54-10.jpg,
"raw/54 - Hood, Sun Roof/54-14.jpg",jpg,"54 - Hood, Sun Roof",54-14.jpg,
"raw/54 - Hood, Sun Roof/54-14_1.jpg",jpg,"54 - Hood, Sun Roof",54-14_1.jpg,
"raw/54 - Hood, Sun Roof/54-14_2.jpg",jpg,"54 - Hood, Sun Roof",54-14_2.jpg,
"raw/54 - Hood, Sun Roof/54-16.jpg",jpg,"54 - Hood, Sun Roof",54-16.jpg,
"raw/54 - Hood, Sun Roof/54-17.jpg",jpg,"54 - Hood, Sun Roof",54-17.jpg,
"raw/54 - Hood, Sun Roof/54-18.jpg",jpg,"54 - Hood, Sun Roof",54-18.jpg,
"raw/54 - Hood, Sun Roof/54-19.jpg",jpg,"54 - Hood, Sun Roof",54-19.jpg,
"raw/54 - Hood, Sun Roof/index.html",html,"54 - Hood, Sun Roof",index.html,
raw/62 - Instruments/62-00-index-a.jpg,jpg,62 - Instruments,62-00-index-a.jpg,
raw/62 - Instruments/62-00-index-b.jpg,jpg,62 - Instruments,62-00-index-b.jpg,
raw/62 - Instruments/62-01.jpg,jpg,62 - Instruments,62-01.jpg,
raw/62 - Instruments/62-02.jpg,jpg,62 - Instruments,62-02.jpg,
raw/62 - Instruments/62-03.jpg,jpg,62 - Instruments,62-03.jpg,
raw/62 - Instruments/62-04.jpg,jpg,62 - Instruments,62-04.jpg,
raw/62 - Instruments/62-53.jpg,jpg,62 - Instruments,62-53.jpg,
raw/62 - Instruments/62-61.jpg,jpg,62 - Instruments,62-61.jpg,
raw/62 - Instruments/62-71.jpg,jpg,62 - Instruments,62-71.jpg,
raw/62 - Instruments/62-72.jpg,jpg,62 - Instruments,62-72.jpg,
raw/62 - Instruments/62-73.jpg,jpg,62 - Instruments,62-73.jpg,
raw/62 - Instruments/62-74.jpg,jpg,62 - Instruments,62-74.jpg,
raw/62 - Instruments/62-75.jpg,jpg,62 - Instruments,62-75.jpg,
raw/62 - Instruments/62-76.jpg,jpg,62 - Instruments,62-76.jpg,
raw/62 - Instruments/62-77.jpg,jpg,62 - Instruments,62-77.jpg,
raw/62 - Instruments/62-78.jpg,jpg,62 - Instruments,62-78.jpg,
raw/62 - Instruments/62-79.jpg,jpg,62 - Instruments,62-79.jpg,
raw/62 - Instruments/62-80.jpg,jpg,62 - Instruments,62-80.jpg,
raw/62 - Instruments/62-81.jpg,jpg,62 - Instruments,62-81.jpg,
raw/62 - Instruments/62-82.jpg,jpg,62 - Instruments,62-82.jpg,
raw/62 - Instruments/62-83.jpg,jpg,62 - Instruments,62-83.jpg,
raw/62 - Instruments/62-84.jpg,jpg,62 - Instruments,62-84.jpg,
raw/62 - Instruments/62-85.jpg,jpg,62 - Instruments,62-85.jpg,
raw/62 - Instruments/62-86.jpg,jpg,62 - Instruments,62-86.jpg,
raw/62 - Instruments/62-87.jpg,jpg,62 - Instruments,62-87.jpg,
raw/62 - Instruments/index.html,html,62 - Instruments,index.html,
raw/63 - Lights/63-00-index-a.jpg,jpg,63 - Lights,63-00-index-a.jpg,
raw/63 - Lights/63-01.jpg,jpg,63 - Lights,63-01.jpg,
raw/63 - Lights/63-02.jpg,jpg,63 - Lights,63-02.jpg,
raw/63 - Lights/63-02a.jpg,jpg,63 - Lights,63-02a.jpg,
raw/63 - Lights/63-03.jpg,jpg,63 - Lights,63-03.jpg,
raw/63 - Lights/63-04.jpg,jpg,63 - Lights,63-04.jpg,
raw/63 - Lights/index.html,html,63 - Lights,index.html,
raw/64 - Heating and Air Conditioning/64-00-index-a.jpg,jpg,64 - Heating and Air Conditioning,64-00-index-a.jpg,
raw/64 - Heating and Air Conditioning/64-00-index-b.jpg,jpg,64 - Heating and Air Conditioning,64-00-index-b.jpg,
raw/64 - Heating and Air Conditioning/64-01-operation.jpg,jpg,64 - Heating and Air Conditioning,64-01-operation.jpg,
raw/64 - Heating and Air Conditioning/64-01.jpg,jpg,64 - Heating and Air Conditioning,64-01.jpg,
raw/64 - Heating and Air Conditioning/64-02.jpg,jpg,64 - Heating and Air Conditioning,64-02.jpg,
raw/64 - Heating and Air Conditioning/64-04.jpg,jpg,64 - Heating and Air Conditioning,64-04.jpg,
raw/64 - Heating and Air Conditioning/64-05.jpg,jpg,64 - Heating and Air Conditioning,64-05.jpg,
raw/64 - Heating and Air Conditioning/64-06.jpg,jpg,64 - Heating and Air Conditioning,64-06.jpg,
raw/64 - Heating and Air Conditioning/64-07.jpg,jpg,64 - Heating and Air Conditioning,64-07.jpg,
raw/64 - Heating and Air Conditioning/64-08.jpg,jpg,64 - Heating and Air Conditioning,64-08.jpg,
raw/64 - Heating and Air Conditioning/64-09.jpg,jpg,64 - Heating and Air Conditioning,64-09.jpg,
raw/64 - Heating and Air Conditioning/64-10.jpg,jpg,64 - Heating and Air Conditioning,64-10.jpg,
raw/64 - Heating and Air Conditioning/64-110.jpg,jpg,64 - Heating and Air Conditioning,64-110.jpg,
raw/64 - Heating and Air Conditioning/64-111.jpg,jpg,64 - Heating and Air Conditioning,64-111.jpg,
raw/64 - Heating and Air Conditioning/64-112.jpg,jpg,64 - Heating and Air Conditioning,64-112.jpg,
raw/64 - Heating and Air Conditioning/64-113.jpg,jpg,64 - Heating and Air Conditioning,64-113.jpg,
raw/64 - Heating and Air Conditioning/64-114.jpg,jpg,64 - Heating and Air Conditioning,64-114.jpg,
raw/64 - Heating and Air Conditioning/64-116.jpg,jpg,64 - Heating and Air Conditioning,64-116.jpg,
raw/64 - Heating and Air Conditioning/64-117.jpg,jpg,64 - Heating and Air Conditioning,64-117.jpg,
raw/64 - Heating and Air Conditioning/64-118.jpg,jpg,64 - Heating and Air Conditioning,64-118.jpg,
raw/64 - Heating and Air Conditioning/64-119.jpg,jpg,64 - Heating and Air Conditioning,64-119.jpg,
raw/64 - Heating and Air Conditioning/64-120.jpg,jpg,64 - Heating and Air Conditioning,64-120.jpg,
raw/64 - Heating and Air Conditioning/64-121.jpg,jpg,64 - Heating and Air Conditioning,64-121.jpg,
raw/64 - Heating and Air Conditioning/64-122.jpg,jpg,64 - Heating and Air Conditioning,64-122.jpg,
raw/64 - Heating and Air Conditioning/64-123.jpg,jpg,64 - Heating and Air Conditioning,64-123.jpg,
raw/64 - Heating and Air Conditioning/64-124.jpg,jpg,64 - Heating and Air Conditioning,64-124.jpg,
raw/64 - Heating and Air Conditioning/64-500.jpg,jpg,64 - Heating and Air Conditioning,64-500.jpg,
raw/64 - Heating and Air Conditioning/64-501.jpg,jpg,64 - Heating and Air Conditioning,64-501.jpg,
raw/64 - Heating and Air Conditioning/64-502.jpg,jpg,64 - Heating and Air Conditioning,64-502.jpg,
raw/64 - Heating and Air Conditioning/64-503.jpg,jpg,64 - Heating and Air Conditioning,64-503.jpg,
raw/64 - Heating and Air Conditioning/64-504.jpg,jpg,64 - Heating and Air Conditioning,64-504.jpg,
raw/64 - Heating and Air Conditioning/64-505.jpg,jpg,64 - Heating and Air Conditioning,64-505.jpg,
raw/64 - Heating and Air Conditioning/64-505a.jpg,jpg,64 - Heating and Air Conditioning,64-505a.jpg,
raw/64 - Heating and Air Conditioning/64-506.jpg,jpg,64 - Heating and Air Conditioning,64-506.jpg,
raw/64 - Heating and Air Conditioning/64-507.jpg,jpg,64 - Heating and Air Conditioning,64-507.jpg,
raw/64 - Heating and Air Conditioning/index.html,html,64 - Heating and Air Conditioning,index.html,
raw/65 - Radio and Special Equipment/65-00-index-a.jpg,jpg,65 - Radio and Special Equipment,65-00-index-a.jpg,
raw/65 - Radio and Special Equipment/65-00-index-b.jpg,jpg,65 - Radio and Special Equipment,65-00-index-b.jpg,
raw/65 - Radio and Special Equipment/65-101.jpg,jpg,65 - Radio and Special Equipment,65-101.jpg,
raw/65 - Radio and Special Equipment/65-101a.jpg,jpg,65 - Radio and Special Equipment,65-101a.jpg,
raw/65 - Radio and Special Equipment/65-102.jpg,jpg,65 - Radio and Special Equipment,65-102.jpg,
raw/65 - Radio and Special Equipment/65-103.jpg,jpg,65 - Radio and Special Equipment,65-103.jpg,
raw/65 - Radio and Special Equipment/65-151.jpg,jpg,65 - Radio and Special Equipment,65-151.jpg,
raw/65 - Radio and Special Equipment/65-151a.jpg,jpg,65 - Radio and Special Equipment,65-151a.jpg,
raw/65 - Radio and Special Equipment/65-152.jpg,jpg,65 - Radio and Special Equipment,65-152.jpg,
raw/65 - Radio and Special Equipment/65-153.jpg,jpg,65 - Radio and Special Equipment,65-153.jpg,
raw/65 - Radio and Special Equipment/65-191.jpg,jpg,65 - Radio and Special Equipment,65-191.jpg,
raw/65 - Radio and Special Equipment/65-301.jpg,jpg,65 - Radio and Special Equipment,65-301.jpg,
raw/65 - Radio and Special Equipment/65-302.jpg,jpg,65 - Radio and Special Equipment,65-302.jpg,
raw/65 - Radio and Special Equipment/65-303.jpg,jpg,65 - Radio and Special Equipment,65-303.jpg,
raw/65 - Radio and Special Equipment/65-304.jpg,jpg,65 - Radio and Special Equipment,65-304.jpg,
raw/65 - Radio and Special Equipment/65-305.jpg,jpg,65 - Radio and Special Equipment,65-305.jpg,
raw/65 - Radio and Special Equipment/65-306.jpg,jpg,65 - Radio and Special Equipment,65-306.jpg,
raw/65 - Radio and Special Equipment/65-307.jpg,jpg,65 - Radio and Special Equipment,65-307.jpg,
raw/65 - Radio and Special Equipment/65-351.jpg,jpg,65 - Radio and Special Equipment,65-351.jpg,
raw/65 - Radio and Special Equipment/65-352.jpg,jpg,65 - Radio and Special Equipment,65-352.jpg,
raw/65 - Radio and Special Equipment/65-353.jpg,jpg,65 - Radio and Special Equipment,65-353.jpg,
raw/65 - Radio and Special Equipment/65-354.jpg,jpg,65 - Radio and Special Equipment,65-354.jpg,
raw/65 - Radio and Special Equipment/65-355.jpg,jpg,65 - Radio and Special Equipment,65-355.jpg,
raw/65 - Radio and Special Equipment/65-356.jpg,jpg,65 - Radio and Special Equipment,65-356.jpg,
raw/65 - Radio and Special Equipment/65-360.jpg,jpg,65 - Radio and Special Equipment,65-360.jpg,
raw/65 - Radio and Special Equipment/65-361.jpg,jpg,65 - Radio and Special Equipment,65-361.jpg,
raw/65 - Radio and Special Equipment/65-500.jpg,jpg,65 - Radio and Special Equipment,65-500.jpg,
raw/65 - Radio and Special Equipment/65-501.jpg,jpg,65 - Radio and Special Equipment,65-501.jpg,
raw/65 - Radio and Special Equipment/65-502.jpg,jpg,65 - Radio and Special Equipment,65-502.jpg,
raw/65 - Radio and Special Equipment/65-503.jpg,jpg,65 - Radio and Special Equipment,65-503.jpg,
raw/65 - Radio and Special Equipment/65-90.jpg,jpg,65 - Radio and Special Equipment,65-90.jpg,
raw/65 - Radio and Special Equipment/65-91.jpg,jpg,65 - Radio and Special Equipment,65-91.jpg,
raw/65 - Radio and Special Equipment/65-92.jpg,jpg,65 - Radio and Special Equipment,65-92.jpg,
raw/65 - Radio and Special Equipment/65-93.jpg,jpg,65 - Radio and Special Equipment,65-93.jpg,
raw/65 - Radio and Special Equipment/65-94.jpg,jpg,65 - Radio and Special Equipment,65-94.jpg,
raw/65 - Radio and Special Equipment/index.html,html,65 - Radio and Special Equipment,index.html,
raw/72 - Equipment and Accessories for Body/72-00-index-a.jpg,jpg,72 - Equipment and Accessories for Body,72-00-index-a.jpg,
raw/72 - Equipment and Accessories for Body/72-110.jpg,jpg,72 - Equipment and Accessories for Body,72-110.jpg,
raw/72 - Equipment and Accessories for Body/72-111.jpg,jpg,72 - Equipment and Accessories for Body,72-111.jpg,
raw/72 - Equipment and Accessories for Body/72-112.jpg,jpg,72 - Equipment and Accessories for Body,72-112.jpg,
raw/72 - Equipment and Accessories for Body/72-113.jpg,jpg,72 - Equipment and Accessories for Body,72-113.jpg,
raw/72 - Equipment and Accessories for Body/72-114.jpg,jpg,72 - Equipment and Accessories for Body,72-114.jpg,
raw/72 - Equipment and Accessories for Body/72-115.jpg,jpg,72 - Equipment and Accessories for Body,72-115.jpg,
raw/72 - Equipment and Accessories for Body/72-116.jpg,jpg,72 - Equipment and Accessories for Body,72-116.jpg,
raw/72 - Equipment and Accessories for Body/72-117.jpg,jpg,72 - Equipment and Accessories for Body,72-117.jpg,
raw/72 - Equipment and Accessories for Body/72-118.jpg,jpg,72 - Equipment and Accessories for Body,72-118.jpg,
raw/72 - Equipment and Accessories for Body/72-120.jpg,jpg,72 - Equipment and Accessories for Body,72-120.jpg,
raw/72 - Equipment and Accessories for Body/index.html,html,72 - Equipment and Accessories for Body,index.html,
raw/97 - Body Cavity Sealing and Undercoating/97-00-index-a.jpg,jpg,97 - Body Cavity Sealing and Undercoating,97-00-index-a.jpg,
raw/97 - Body Cavity Sealing and Undercoating/97-01.jpg,jpg,97 - Body Cavity Sealing and Undercoating,97-01.jpg,
raw/97 - Body Cavity Sealing and Undercoating/97-02.jpg,jpg,97 - Body Cavity Sealing and Undercoating,97-02.jpg,
raw/97 - Body Cavity Sealing and Undercoating/index.html,html,97 - Body Cavity Sealing and Undercoating,index.html,
raw/Bosch Motronic ML 3-1/01-02.png,png,Bosch Motronic ML 3-1,01-02.png,
raw/Bosch Motronic ML 3-1/03-04.png,png,Bosch Motronic ML 3-1,03-04.png,
raw/Bosch Motronic ML 3-1/05-06.png,png,Bosch Motronic ML 3-1,05-06.png,
raw/Bosch Motronic ML 3-1/07-08.png,png,Bosch Motronic ML 3-1,07-08.png,
raw/Bosch Motronic ML 3-1/09-10.png,png,Bosch Motronic ML 3-1,09-10.png,
raw/Bosch Motronic ML 3-1/11-12.png,png,Bosch Motronic ML 3-1,11-12.png,
raw/Bosch Motronic ML 3-1/13-14.png,png,Bosch Motronic ML 3-1,13-14.png,
raw/Bosch Motronic ML 3-1/15-16.png,png,Bosch Motronic ML 3-1,15-16.png,
raw/Bosch Motronic ML 3-1/17-18.png,png,Bosch Motronic ML 3-1,17-18.png,
raw/Bosch Motronic ML 3-1/19-20.png,png,Bosch Motronic ML 3-1,19-20.png,
raw/Bosch Motronic ML 3-1/index.html,html,Bosch Motronic ML 3-1,index.html,
raw/Getrag265:5_Rebuild_ShiftBMW/001.jpg,jpg,,001.jpg,raw/Getrag265:5_Rebuild_ShiftBMW.pdf
raw/Getrag265:5_Rebuild_ShiftBMW/001.jpg,jpg,Getrag265:5_Rebuild_ShiftBMW,001.jpg,
raw/Getrag265:5_Rebuild_ShiftBMW/002.jpg,jpg,,002.jpg,raw/Getrag265:5_Rebuild_ShiftBMW.pdf
raw/Getrag265:5_Rebuild_ShiftBMW/002.jpg,jpg,Getrag265:5_Rebuild_ShiftBMW,002.jpg,
raw/Getrag265:5_Rebuild_ShiftBMW/003.jpg,jpg,,003.jpg,raw/Getrag265:5_Rebuild_ShiftBMW.pdf
raw/Getrag265:5_Rebuild_ShiftBMW/003.jpg,jpg,Getrag265:5_Rebuild_ShiftBMW,003.jpg,
raw/Getrag265:5_Rebuild_ShiftBMW/004.jpg,jpg,,004.jpg,raw/Getrag265:5_Rebuild_ShiftBMW.pdf
raw/Getrag265:5_Rebuild_ShiftBMW/004.jpg,jpg,Getrag265:5_Rebuild_ShiftBMW,004.jpg,
raw/Getrag265:5_Rebuild_ShiftBMW/005.jpg,jpg,,005.jpg,raw/Getrag265:5_Rebuild_ShiftBMW.pdf
raw/Getrag265:5_Rebuild_ShiftBMW/005.jpg,jpg,Getrag265:5_Rebuild_ShiftBMW,005.jpg,
raw/Getrag265:5_Rebuild_ShiftBMW/006.jpg,jpg,,006.jpg,raw/Getrag265:5_Rebuild_ShiftBMW.pdf
raw/Getrag265:5_Rebuild_ShiftBMW/006.jpg,jpg,Getrag265:5_Rebuild_ShiftBMW,006.jpg,
raw/Getrag265:5_Rebuild_ShiftBMW/007.jpg,jpg,,007.jpg,raw/Getrag265:5_Rebuild_ShiftBMW.pdf
raw/Getrag265:5_Rebuild_ShiftBMW/007.jpg,jpg,Getrag265:5_Rebuild_ShiftBMW,007.jpg,
raw/Getrag265:5_Rebuild_ShiftBMW/008.jpg,jpg,,008.jpg,raw/Getrag265:5_Rebuild_ShiftBMW.pdf
raw/Getrag265:5_Rebuild_ShiftBMW/008.jpg,jpg,Getrag265:5_Rebuild_ShiftBMW,008.jpg,
raw/Getrag265:5_Rebuild_ShiftBMW/009.jpg,jpg,,009.jpg,raw/Getrag265:5_Rebuild_ShiftBMW.pdf
raw/Getrag265:5_Rebuild_ShiftBMW/009.jpg,jpg,Getrag265:5_Rebuild_ShiftBMW,009.jpg,
raw/Getrag265:5_Rebuild_ShiftBMW/010.jpg,jpg,,010.jpg,raw/Getrag265:5_Rebuild_ShiftBMW.pdf
raw/Getrag265:5_Rebuild_ShiftBMW/010.jpg,jpg,Getrag265:5_Rebuild_ShiftBMW,010.jpg,
raw/Getrag265:5_Rebuild_ShiftBMW/011.jpg,jpg,,011.jpg,raw/Getrag265:5_Rebuild_ShiftBMW.pdf
raw/Getrag265:5_Rebuild_ShiftBMW/011.jpg,jpg,Getrag265:5_Rebuild_ShiftBMW,011.jpg,
raw/Getrag265:5_Rebuild_ShiftBMW/012.jpg,jpg,,012.jpg,raw/Getrag265:5_Rebuild_ShiftBMW.pdf
raw/Getrag265:5_Rebuild_ShiftBMW/012.jpg,jpg,Getrag265:5_Rebuild_ShiftBMW,012.jpg,
raw/Getrag265:5_Rebuild_ShiftBMW/013.jpg,jpg,,013.jpg,raw/Getrag265:5_Rebuild_ShiftBMW.pdf
raw/Getrag265:5_Rebuild_ShiftBMW/013.jpg,jpg,Getrag265:5_Rebuild_ShiftBMW,013.jpg,
raw/Getrag265:5_Rebuild_ShiftBMW/014.jpg,jpg,,014.jpg,raw/Getrag265:5_Rebuild_ShiftBMW.pdf
raw/Getrag265:5_Rebuild_ShiftBMW/014.jpg,jpg,Getrag265:5_Rebuild_ShiftBMW,014.jpg,
raw/Getrag265:5_Rebuild_ShiftBMW/015.jpg,jpg,,015.jpg,raw/Getrag265:5_Rebuild_ShiftBMW.pdf
raw/Getrag265:5_Rebuild_ShiftBMW/015.jpg,jpg,Getrag265:5_Rebuild_ShiftBMW,015.jpg,
raw/Getrag265:5_Rebuild_ShiftBMW/016.jpg,jpg,,016.jpg,raw/Getrag265:5_Rebuild_ShiftBMW.pdf
raw/Getrag265:5_Rebuild_ShiftBMW/016.jpg,jpg,Getrag265:5_Rebuild_ShiftBMW,016.jpg,
raw/Getrag265:5_Rebuild_ShiftBMW/017.jpg,jpg,,017.jpg,raw/Getrag265:5_Rebuild_ShiftBMW.pdf
raw/Getrag265:5_Rebuild_ShiftBMW/017.jpg,jpg,Getrag265:5_Rebuild_ShiftBMW,017.jpg,
raw/Getrag265:5_Rebuild_ShiftBMW/018.jpg,jpg,,018.jpg,raw/Getrag265:5_Rebuild_ShiftBMW.pdf
raw/Getrag265:5_Rebuild_ShiftBMW/018.jpg,jpg,Getrag265:5_Rebuild_ShiftBMW,018.jpg,
raw/Getrag265:5_Rebuild_ShiftBMW/019.jpg,jpg,,019.jpg,raw/Getrag265:5_Rebuild_ShiftBMW.pdf
raw/Getrag265:5_Rebuild_ShiftBMW/019.jpg,jpg,Getrag265:5_Rebuild_ShiftBMW,019.jpg,
raw/Getrag265:5_Rebuild_ShiftBMW/020.jpg,jpg,,020.jpg,raw/Getrag265:5_Rebuild_ShiftBMW.pdf
raw/Getrag265:5_Rebuild_ShiftBMW/020.jpg,jpg,Getrag265:5_Rebuild_ShiftBMW,020.jpg,
raw/Getrag265:5_Rebuild_ShiftBMW/021.jpg,jpg,,021.jpg,raw/Getrag265:5_Rebuild_ShiftBMW.pdf
raw/Getrag265:5_Rebuild_ShiftBMW/021.jpg,jpg,Getrag265:5_Rebuild_ShiftBMW,021.jpg,
raw/Getrag265:5_Rebuild_ShiftBMW/022.jpg,jpg,,022.jpg,raw/Getrag265:5_Rebuild_ShiftBMW.pdf
raw/Getrag265:5_Rebuild_ShiftBMW/022.jpg,jpg,Getrag265:5_Rebuild_ShiftBMW,022.jpg,
raw/Getrag265:5_Rebuild_ShiftBMW/023.jpg,jpg,,023.jpg,raw/Getrag265:5_Rebuild_ShiftBMW.pdf
raw/Getrag265:5_Rebuild_ShiftBMW/023.jpg,jpg,Getrag265:5_Rebuild_ShiftBMW,023.jpg,
raw/Getrag265:5_Rebuild_ShiftBMW/024.jpg,jpg,,024.jpg,raw/Getrag265:5_Rebuild_ShiftBMW.pdf
raw/Getrag265:5_Rebuild_ShiftBMW/024.jpg,jpg,Getrag265:5_Rebuild_ShiftBMW,024.jpg,
raw/Getrag265:5_Rebuild_ShiftBMW/025.jpg,jpg,,025.jpg,raw/Getrag265:5_Rebuild_ShiftBMW.pdf
raw/Getrag265:5_Rebuild_ShiftBMW/025.jpg,jpg,Getrag265:5_Rebuild_ShiftBMW,025.jpg,
raw/M3-techspec.html,html,,M3-techspec.html,
raw/Reference Images/Bosch Motronic system drawing.png,png,Reference Images,Bosch Motronic system drawing.png,
raw/favicon/android-chrome-192x192.png,png,favicon,android-chrome-192x192.png,
raw/favicon/android-chrome-512x512.png,png,favicon,android-chrome-512x512.png,
raw/favicon/apple-touch-icon.png,png,favicon,apple-touch-icon.png,
raw/favicon/favicon-16x16.png,png,favicon,favicon-16x16.png,
raw/favicon/favicon-32x32.png,png,favicon,favicon-32x32.png,
raw/index-all.html,html,,index-all.html,
raw/index-pages.html,html,,index-pages.html,
raw/index.html,html,,index.html,
raw/m.png,png,,m.png,
